From_Date,To_Date,PM2_5,PM10,RH,WS,WD,SR,Year,Month,Day,Hour,Minute,DayOfWeek,WD_sin,WD_cos,WS_lag_1,WS_lag_4,WS_lag_8,WS_lag_96,WS_rolling_1hr,WS_rolling_3hr,WS_rolling_24hr
12-11-2025 00:00,12-11-2025 00:15,82,108,78.94,0.27,164.09,6.85,2025,12,11,0,0,3,0.27412707,-0.96169348,0.27,0.27,0.27,0.27,0.27,0.27,0.27
12-11-2025 00:15,12-11-2025 00:30,82,108,78.42,0.27,144.81,6.91,2025,12,11,0,15,3,0.576289689,-0.817245492,0.27,0.27,0.27,0.27,0.27,0.27,0.27
12-11-2025 00:30,12-11-2025 00:45,82,108,78.65,0.27,207.37,6.91,2025,12,11,0,30,3,-0.459734863,-0.888056223,0.27,0.27,0.27,0.27,0.27,0.27,0.27
12-11-2025 00:45,12-11-2025 01:00,82,108,78.06,0.27,84.67,6.83,2025,12,11,0,45,3,0.995676197,0.092891935,0.27,0.27,0.27,0.27,0.27,0.27,0.27
12-11-2025 01:00,12-11-2025 01:15,82,108,76.62,0.27,279.66,6.86,2025,12,11,1,0,3,-0.985820857,0.167801188,0.27,0.27,0.27,0.27,0.27,0.27,0.27
12-11-2025 01:15,12-11-2025 01:30,82,108,76.77,0.27,278.96,6.96,2025,12,11,1,15,3,-0.987797312,0.15574489,0.27,0.27,0.27,0.27,0.27,0.27,0.27
12-11-2025 01:30,12-11-2025 01:45,82,108,77.83,0.27,176.11,6.84,2025,12,11,1,30,3,0.067841161,-0.997696135,0.27,0.27,0.27,0.27,0.27,0.27,0.27
12-11-2025 01:45,12-11-2025 02:00,82,108,78.05,0.27,199.93,6.82,2025,12,11,1,45,3,-0.340871837,-0.940109776,0.27,0.27,0.27,0.27,0.27,0.27,0.27
12-11-2025 02:00,12-11-2025 02:15,82,108,78.36,0.3,231.05,6.85,2025,12,11,2,0,3,-0.777694851,-0.628641964,0.27,0.27,0.27,0.27,0.2775,0.2725,0.2703125
12-11-2025 02:15,12-11-2025 02:30,82,108,78.76,0.49,261.41,6.8,2025,12,11,2,15,3,-0.988782465,-0.149362771,0.3,0.27,0.27,0.27,0.3325,0.290833333,0.272604167
12-11-2025 02:30,12-11-2025 02:45,82,108,79.43,0.45,287.23,6.83,2025,12,11,2,30,3,-0.955123399,0.296208192,0.49,0.27,0.27,0.27,0.3775,0.305833333,0.274479167
12-11-2025 02:45,12-11-2025 03:00,82,108,80.35,0.58,311.32,6.9,2025,12,11,2,45,3,-0.751033704,0.660263868,0.45,0.27,0.27,0.27,0.455,0.331666667,0.277708333
12-11-2025 03:00,12-11-2025 03:15,82,108,78.79,0.48,91.86,6.86,2025,12,11,3,0,3,0.999473119,-0.032457422,0.58,0.3,0.27,0.27,0.5,0.349166667,0.279895833
12-11-2025 03:15,12-11-2025 03:30,82,108,78.31,0.53,264.45,6.76,2025,12,11,3,15,3,-0.995312178,-0.096714363,0.48,0.49,0.27,0.27,0.51,0.370833333,0.282604167
12-11-2025 03:30,12-11-2025 03:45,82,108,78.61,0.65,126.16,6.75,2025,12,11,3,30,3,0.807372436,-0.590042159,0.53,0.45,0.27,0.27,0.56,0.4025,0.2865625
12-11-2025 03:45,12-11-2025 04:00,82,108,78.49,0.88,187.8,6.74,2025,12,11,3,45,3,-0.135715572,-0.99074784,0.65,0.58,0.27,0.27,0.635,0.453333333,0.292916667
12-11-2025 04:00,12-11-2025 04:15,82,108,78.82,0.43,263.32,6.75,2025,12,11,4,0,3,-0.993211315,-0.116324048,0.88,0.48,0.3,0.27,0.6225,0.466666667,0.294583333
12-11-2025 04:15,12-11-2025 04:30,82,108,78.92,0.52,329.11,6.99,2025,12,11,4,15,3,-0.513391484,0.858154523,0.43,0.53,0.49,0.27,0.62,0.4875,0.2971875
12-11-2025 04:30,12-11-2025 04:45,82,108,78.78,0.5,256.12,6.9,2025,12,11,4,30,3,-0.970800278,-0.239889184,0.52,0.65,0.45,0.27,0.5825,0.506666667,0.299583333
12-11-2025 04:45,12-11-2025 05:00,82,108,79.69,0.72,308.51,6.77,2025,12,11,4,45,3,-0.782499496,0.622651218,0.5,0.88,0.58,0.27,0.5425,0.544166667,0.304270833
12-11-2025 05:00,12-11-2025 05:15,82,108,79.52,0.71,267.15,6.78,2025,12,11,5,0,3,-0.998763128,-0.049721374,0.72,0.43,0.48,0.27,0.6125,0.578333333,0.308854167
12-11-2025 05:15,12-11-2025 05:30,82,108,78.77,1.58,162.17,6.78,2025,12,11,5,15,3,0.306193797,-0.951969201,0.71,0.52,0.53,0.27,0.8775,0.669166667,0.3225
12-11-2025 05:30,12-11-2025 05:45,82,108,78.83,1.66,323.41,6.8,2025,12,11,5,30,3,-0.596084748,0.802921524,1.58,0.5,0.65,0.27,1.1675,0.77,0.336979167
12-11-2025 05:45,12-11-2025 06:00,82,108,78.24,1.42,280.62,6.81,2025,12,11,5,45,3,-0.982871078,0.184294449,1.66,0.72,0.88,0.27,1.3425,0.84,0.348958333
12-11-2025 06:00,12-11-2025 06:15,82,108,77.6,1.06,283.63,7.01,2025,12,11,6,0,3,-0.971837747,0.235650998,1.42,0.71,0.43,0.27,1.43,0.888333333,0.3571875
12-11-2025 06:15,12-11-2025 06:30,82,108,77.45,1.17,180.27,8.4,2025,12,11,6,15,3,-0.004712372,-0.999988897,1.06,1.58,0.52,0.27,1.3275,0.941666667,0.3665625
12-11-2025 06:30,12-11-2025 06:45,82,108,77.91,1.26,182.41,12.13,2025,12,11,6,30,3,-0.042050033,-0.999115506,1.17,1.66,0.5,0.27,1.2275,0.9925,0.376875
12-11-2025 06:45,12-11-2025 07:00,82,108,77.41,1.04,225.77,16.31,2025,12,11,6,45,3,-0.716545475,-0.697540381,1.26,1.42,0.72,0.27,1.1325,1.005833333,0.384895833
12-11-2025 07:00,12-11-2025 07:15,82,108,76.62,1.45,226.35,21.25,2025,12,11,7,0,3,-0.723569779,-0.69025124,1.04,1.06,0.71,0.27,1.23,1.090833333,0.3971875
12-11-2025 07:15,12-11-2025 07:30,82,108,76.81,0.89,208.9,26.66,2025,12,11,7,15,3,-0.483282383,-0.875464527,1.45,1.17,1.58,0.27,1.16,1.121666667,0.403645833
12-11-2025 07:30,12-11-2025 07:45,82,108,79.7,0.92,80.75,32.78,2025,12,11,7,30,3,0.986996367,0.160742566,0.89,1.26,1.66,0.27,1.075,1.156666667,0.410416667
12-11-2025 07:45,12-11-2025 08:00,82,108,84.12,0.47,320.12,39.23,2025,12,11,7,45,3,-0.641181801,0.767389013,0.92,1.04,1.42,0.27,0.9325,1.135833333,0.4125
12-11-2025 08:00,12-11-2025 08:15,82,108,84.12,0.61,248.22,45.18,2025,12,11,8,0,3,-0.928615402,-0.37104371,0.47,1.45,1.06,0.27,0.7225,1.1275,0.416041667
12-11-2025 08:15,12-11-2025 08:30,82,108,84.07,0.61,188.03,46.99,2025,12,11,8,15,3,-0.139691585,-0.990195062,0.61,0.89,1.17,0.27,0.6525,1.046666667,0.419583333
12-11-2025 08:30,12-11-2025 08:45,82,108,82.3,0.87,210.03,52.41,2025,12,11,8,30,3,-0.500453381,-0.865763486,0.61,0.92,1.26,0.27,0.64,0.980833333,0.425833333
12-11-2025 08:45,12-11-2025 09:00,82,108,79.56,0.57,151.94,56.67,2025,12,11,8,45,3,0.470395926,-0.882455479,0.87,0.47,1.04,0.27,0.665,0.91,0.428958333
12-11-2025 09:00,12-11-2025 09:15,82,108,76.58,1.29,205.67,57.43,2025,12,11,9,0,3,-0.433187222,-0.901303961,0.57,0.61,1.45,0.27,0.835,0.929166667,0.439583333
12-11-2025 09:15,12-11-2025 09:30,82,108,73.94,0.59,252.9,53.88,2025,12,11,9,15,3,-0.955793015,-0.294040325,1.29,0.61,0.89,0.27,0.83,0.880833333,0.442916667
12-11-2025 09:30,12-11-2025 09:45,82,108,74.27,0.54,321.52,57.41,2025,12,11,9,30,3,-0.622241417,0.782825408,0.59,0.87,0.92,0.27,0.7475,0.820833333,0.445729167
12-11-2025 09:45,12-11-2025 10:00,82,108,73.64,0.49,280.29,56.56,2025,12,11,9,45,3,-0.98391623,0.178630492,0.54,0.57,0.47,0.27,0.7275,0.775,0.448020833
12-11-2025 10:00,12-11-2025 10:15,82,108,72.97,0.67,196.24,59.01,2025,12,11,10,0,3,-0.279661449,-0.960098679,0.49,1.29,0.61,0.27,0.5725,0.71,0.4521875
12-11-2025 10:15,12-11-2025 10:30,82,108,73.22,0.28,261.15,57.12,2025,12,11,10,15,3,-0.9880945,-0.15384817,0.67,0.59,0.61,0.27,0.495,0.659166667,0.452291667
12-11-2025 10:30,12-11-2025 10:45,82,108,71.05,0.31,236.14,57.61,2025,12,11,10,30,3,-0.830401462,-0.557165515,0.28,0.54,0.87,0.27,0.4375,0.608333333,0.452708333
12-11-2025 10:45,12-11-2025 11:00,82,108,70.44,0.46,170.94,61.94,2025,12,11,10,45,3,0.157468684,-0.987523981,0.31,0.49,0.57,0.27,0.43,0.6075,0.4546875
12-11-2025 11:00,12-11-2025 11:15,82,108,71.07,0.3,28.93,63.67,2025,12,11,11,0,3,0.483740709,0.875211361,0.46,0.67,1.29,0.27,0.3375,0.581666667,0.455
12-11-2025 11:15,12-11-2025 11:30,82,108,70.43,1.02,26.5,67.13,2025,12,11,11,15,3,0.446197813,0.894934362,0.3,0.28,0.59,0.27,0.5225,0.615833333,0.4628125
12-11-2025 11:30,12-11-2025 11:45,82,108,70.04,0.79,163.93,72.68,2025,12,11,11,30,3,0.276811553,-0.960924224,1.02,0.31,0.54,0.27,0.6425,0.609166667,0.468229167
12-11-2025 11:45,12-11-2025 12:00,82,108,69.99,0.49,233.32,116.31,2025,12,11,11,45,3,-0.801984206,-0.597345238,0.79,0.46,0.49,0.27,0.65,0.6025,0.470520833
12-11-2025 16:15,12-11-2025 16:30,81.66666667,105.8285714,73.65,0.51,151.21,30.56,2025,12,11,16,15,3,0.481600722,-0.876390749,1.05,1.51,0.48,0.27,1.1475,0.94,0.603854167
12-11-2025 16:30,12-11-2025 16:45,80,102.9428571,74.98,0.36,200.97,23.29,2025,12,11,16,30,3,-0.357879079,-0.93376794,0.51,1.7,0.52,0.27,0.8125,0.82,0.604791667
12-11-2025 16:45,12-11-2025 17:00,78.33333333,100.0571429,77.42,0.95,124.38,14.81,2025,12,11,16,45,3,0.825310659,-0.56467895,0.36,1.33,0.39,0.27,0.7175,0.8375,0.611875
12-11-2025 17:00,12-11-2025 17:15,76.66666667,97.17142857,79.57,2.08,180.26,11.97,2025,12,11,17,0,3,-0.00453784,-0.999989704,0.95,1.05,0.79,0.27,0.975,0.9725,0.630729167
12-11-2025 17:15,12-11-2025 17:30,75,94.28571429,80.99,1.84,165.04,9.76,2025,12,11,17,15,3,0.258144639,-0.966106281,2.08,0.51,1.51,0.27,1.3075,1.085833333,0.647083333
12-11-2025 17:30,12-11-2025 17:45,73.33333333,91.4,81.75,2.59,88.54,8.34,2025,12,11,17,30,3,0.999675356,0.02547905,1.84,0.36,1.7,0.27,1.865,1.258333333,0.67125
12-11-2025 17:45,12-11-2025 18:00,71.66666667,88.51428571,83.3,1.54,292.48,7.21,2025,12,11,17,45,3,-0.924013058,0.382360914,2.59,0.95,1.33,0.27,2.0125,1.354166667,0.684479167
12-11-2025 18:00,12-11-2025 18:15,70,85.62857143,84.49,1.81,179.11,7.31,2025,12,11,18,0,3,0.015532806,-0.999879359,1.54,2.08,1.05,0.27,1.945,1.439166667,0.700520833
12-11-2025 18:15,12-11-2025 18:30,68.33333333,82.74285714,84.77,1.54,344.68,7.01,2025,12,11,18,15,3,-0.264209728,0.964465251,1.81,1.84,0.51,0.27,1.87,1.441666667,0.71375
12-11-2025 18:30,12-11-2025 18:45,66.66666667,79.85714286,80.89,1.17,235.24,7.13,2025,12,11,18,30,3,-0.821547442,-0.570140158,1.54,2.59,0.36,0.27,1.515,1.3975,0.723125
12-11-2025 18:45,12-11-2025 19:00,65,76.97142857,78.06,1.11,264.3,6.93,2025,12,11,18,45,3,-0.99505557,-0.09931975,1.17,1.54,0.95,0.27,1.4075,1.379166667,0.731875
12-11-2025 19:00,12-11-2025 19:15,63.33333333,74.08571429,76.92,2.39,184.92,7.04,2025,12,11,19,0,3,-0.085764708,-0.996315419,1.11,1.81,2.08,0.27,1.5525,1.490833333,0.753958333
12-11-2025 19:15,12-11-2025 19:30,61.66666667,71.2,75.72,1.42,192.52,6.88,2025,12,11,19,15,3,-0.216780392,-0.976220396,2.39,1.54,1.84,0.27,1.5225,1.566666667,0.7659375
12-11-2025 19:30,12-11-2025 19:45,60,68.31428571,74.13,0.91,145.71,7.06,2025,12,11,19,30,3,0.563381859,-0.826196636,1.42,1.17,2.59,0.27,1.4575,1.6125,0.772604167
12-11-2025 19:45,12-11-2025 20:00,58.33333333,65.42857143,74.18,1.59,107.88,7.03,2025,12,11,19,45,3,0.951701634,-0.30702443,0.91,1.11,1.54,0.27,1.5775,1.665833333,0.786354167
12-11-2025 20:00,12-11-2025 20:15,56.66666667,62.54285714,74.97,1.17,220.85,7.2,2025,12,11,20,0,3,-0.654080958,-0.75642455,1.59,2.39,1.81,0.27,1.2725,1.59,0.795729167
12-11-2025 20:15,12-11-2025 20:30,55,59.65714286,74.1,0.95,266.84,7.4,2025,12,11,20,15,3,-0.998479492,-0.055124448,1.17,1.42,1.54,0.27,1.155,1.515833333,0.8028125
12-11-2025 20:30,12-11-2025 20:45,53.33333333,56.77142857,72.73,0.8,151.1,7.33,2025,12,11,20,30,3,0.483282383,-0.875464527,0.95,0.91,1.17,0.27,1.1275,1.366666667,0.808333333
12-11-2025 20:45,12-11-2025 21:00,51.66666667,53.88571429,75.04,0.6,287.43,7.12,2025,12,11,20,45,3,-0.95408362,0.29954039,0.8,1.59,1.11,0.27,0.88,1.288333333,0.811770833
12-11-2025 21:00,12-11-2025 21:15,50,51,75.28,1.75,113.83,7.38,2025,12,11,21,0,3,0.914748247,-0.404024313,0.6,1.17,2.39,0.27,1.025,1.283333333,0.8271875
12-11-2025 21:15,12-11-2025 21:30,50,51,75.15,1.44,258.4,7.24,2025,12,11,21,15,3,-0.97957525,-0.201077921,1.75,0.95,1.42,0.27,1.1475,1.275,0.839375
12-11-2025 21:30,12-11-2025 21:45,50,51,75.26,1.24,148.78,7.24,2025,12,11,21,30,3,0.518325556,-0.855183383,1.44,0.8,0.91,0.27,1.2575,1.280833333,0.849479167
12-11-2025 21:45,12-11-2025 22:00,49.6,51,75.2,0.77,269.6,7.08,2025,12,11,21,45,3,-0.999975631,-0.00698126,1.24,0.6,1.59,0.27,1.3,1.2525,0.8546875
12-11-2025 22:00,12-11-2025 22:15,49.2,51,75.89,0.76,131.27,7.13,2025,12,11,22,0,3,0.751609607,-0.659608217,0.77,1.75,1.17,0.27,1.0525,1.116666667,0.859791667
12-11-2025 22:15,12-11-2025 22:30,48.8,51,75.73,1.28,233.43,7.06,2025,12,11,22,15,3,-0.803129548,-0.595804439,0.76,1.44,0.95,0.27,1.0125,1.105,0.8703125
12-11-2025 22:30,12-11-2025 22:45,48.4,51,76.02,0.54,289.15,7.26,2025,12,11,22,30,3,-0.944663001,0.328042398,1.28,1.24,0.8,0.27,0.8375,1.074166667,0.873125
12-11-2025 22:45,12-11-2025 23:00,48,51,75.66,1.13,137.8,7.14,2025,12,11,22,45,3,0.671720589,-0.740804596,0.54,0.77,0.6,0.27,0.9275,1.035833333,0.882083333
12-11-2025 23:00,12-11-2025 23:15,47.6,51,76.19,1.12,224.96,7.24,2025,12,11,23,0,3,-0.706612955,-0.707600262,1.13,0.76,1.75,0.27,1.0175,1.031666667,0.8909375
12-11-2025 23:15,12-11-2025 23:30,47.2,51,76.42,1.01,320,7.33,2025,12,11,23,15,3,-0.64278761,0.766044443,1.12,1.28,1.44,0.27,0.95,1.036666667,0.898645833
12-11-2025 23:30,12-11-2025 23:45,46.8,51,76.45,0.92,289.35,7.24,2025,12,11,23,30,3,-0.943512164,0.331337888,1.01,0.54,1.24,0.27,1.045,1.046666667,0.905416667
12-11-2025 23:45,12-12-2025 00:00,46.4,51,76.55,0.61,269.42,7.3,2025,12,11,23,45,3,-0.999948764,-0.010122737,0.92,1.13,0.77,0.27,0.915,1.0475,0.908958333
12-12-2025 00:00,12-12-2025 00:15,46,51,76.93,0.41,230.14,7.38,2025,12,12,0,0,4,-0.767612781,-0.640913893,0.61,1.12,0.76,0.27,0.7375,0.935833333,0.910416667
12-12-2025 00:15,12-12-2025 00:30,46,51,76.99,0.41,101.69,7.31,2025,12,12,0,15,4,0.979258189,-0.202616386,0.41,1.01,1.28,0.27,0.5875,0.85,0.911875
12-12-2025 00:30,12-12-2025 00:45,46,51,77.25,0.78,316.29,7.34,2025,12,12,0,30,4,-0.691008582,0.722846553,0.41,0.92,0.54,0.27,0.5525,0.811666667,0.9171875
12-12-2025 00:45,12-12-2025 01:00,46.4,48.4,77,0.54,209.94,7.3,2025,12,12,0,45,4,-0.499092826,-0.866548528,0.78,0.61,1.13,0.27,0.535,0.7925,0.92
12-12-2025 01:00,12-12-2025 01:15,46.31764706,48.37647059,77.12,0.68,271.44,7.16,2025,12,12,1,0,4,-0.999684189,0.025130095,0.54,0.41,1.12,0.27,0.6025,0.785833333,0.924270833
12-12-2025 01:15,12-12-2025 01:30,46.23529412,48.35294118,76.98,0.63,128.98,7.45,2025,12,12,1,15,4,0.777365588,-0.629049078,0.68,0.41,1.01,0.27,0.6575,0.731666667,0.928020833
12-12-2025 01:30,12-12-2025 01:45,46.15294118,48.32941176,76.75,0.96,269.06,7.24,2025,12,12,1,30,4,-0.999865423,-0.016405359,0.63,0.78,0.92,0.27,0.7025,0.766666667,0.935208333
12-12-2025 01:45,12-12-2025 02:00,46.07058824,48.30588235,77.14,0.65,258.79,7.06,2025,12,12,1,45,4,-0.98092124,-0.194405557,0.96,0.54,0.61,0.27,0.73,0.726666667,0.939166667
12-12-2025 02:00,12-12-2025 02:15,45.98823529,48.28235294,77.45,0.68,245.46,7.38,2025,12,12,2,0,4,-0.909671539,-0.415328414,0.65,0.68,0.41,0.3,0.73,0.69,0.943125
12-12-2025 02:15,12-12-2025 02:30,45.90588235,48.25882353,77.23,0.64,175.36,7.38,2025,12,12,2,15,4,0.080894788,-0.996722646,0.68,0.63,0.41,0.49,0.7325,0.659166667,0.9446875
12-12-2025 02:30,12-12-2025 02:45,45.82352941,48.23529412,77.4,0.31,257.48,7.34,2025,12,12,2,30,4,-0.976220396,-0.216780392,0.64,0.96,0.78,0.45,0.57,0.608333333,0.943229167
12-12-2025 02:45,12-12-2025 03:00,45.74117647,48.21176471,76.78,0.87,159.32,7.28,2025,12,12,2,45,4,0.353148291,-0.93556736,0.31,0.65,0.54,0.58,0.625,0.63,0.94625
12-12-2025 03:00,12-12-2025 03:15,45.65882353,48.18823529,76.92,0.51,203.3,7.31,2025,12,12,3,0,4,-0.395545503,-0.918446381,0.87,0.68,0.68,0.48,0.5825,0.638333333,0.9465625
12-12-2025 03:15,12-12-2025 03:30,45.57647059,48.16470588,77.44,0.76,272.15,7.16,2025,12,12,3,15,4,-0.999296036,0.037515773,0.51,0.64,0.63,0.53,0.6125,0.6675,0.948958333
12-12-2025 03:30,12-12-2025 03:45,45.49411765,48.14117647,77.44,0.85,209.97,7.35,2025,12,12,3,30,4,-0.499546482,-0.866287084,0.76,0.31,0.96,0.65,0.7475,0.673333333,0.951041667
12-12-2025 03:45,12-12-2025 04:00,45.41176471,48.11764706,76.91,0.69,272.97,7.2,2025,12,12,3,45,4,-0.998656801,0.051813068,0.85,0.87,0.65,0.88,0.7025,0.685833333,0.9490625
12-12-2025 04:00,12-12-2025 04:15,45.32941176,48.09411765,76.89,1.29,182.39,7.38,2025,12,12,4,0,4,-0.041701273,-0.999130124,0.69,0.51,0.68,0.43,0.8975,0.736666667,0.958020833
12-12-2025 04:15,12-12-2025 04:30,45.24705882,48.07058824,76.66,0.8,115.02,7.32,2025,12,12,4,15,4,0.90616021,-0.422934597,1.29,0.76,0.64,0.52,0.9075,0.750833333,0.9609375
12-12-2025 04:30,12-12-2025 04:45,45.16470588,48.04705882,77.85,0.38,269.35,7.34,2025,12,12,4,30,4,-0.99993565,-0.011344397,0.8,0.85,0.31,0.5,0.79,0.7025,0.9596875
12-12-2025 04:45,12-12-2025 05:00,45.08235294,48.02352941,77.82,0.77,131.06,7.28,2025,12,12,4,45,4,0.754022143,-0.656848999,0.38,0.69,0.87,0.72,0.81,0.7125,0.960208333
12-12-2025 05:00,12-12-2025 05:15,45,48,76.64,0.75,272.98,7.34,2025,12,12,5,0,4,-0.998647743,0.051987366,0.77,1.29,0.51,0.71,0.675,0.718333333,0.960625
12-12-2025 05:15,12-12-2025 05:30,45,48,76.5,1.17,204.88,7.38,2025,12,12,5,15,4,-0.42071917,-0.907190928,0.75,0.8,0.76,1.58,0.7675,0.7625,0.956354167
12-12-2025 05:30,12-12-2025 05:45,45,48,76.76,0.83,248.74,7.46,2025,12,12,5,30,4,-0.931944598,-0.362600699,1.17,0.38,0.85,1.66,0.88,0.805833333,0.947708333
12-12-2025 05:45,12-12-2025 06:00,45.4,48,76.26,1.36,147.11,7.26,2025,12,12,5,45,4,0.5430279,-0.839714654,0.83,0.77,0.69,1.42,1.0275,0.846666667,0.947083333
12-12-2025 06:00,12-12-2025 06:15,46,48,75.85,0.87,201.47,7.93,2025,12,12,6,0,4,-0.366014011,-0.93060934,1.36,0.75,1.29,1.06,1.0575,0.876666667,0.945104167
12-12-2025 06:15,12-12-2025 06:30,46,48,75.81,1.21,168.45,9.11,2025,12,12,6,15,4,0.200223004,-0.97975035,0.87,1.17,0.8,1.17,1.0675,0.914166667,0.945520833
12-12-2025 06:30,12-12-2025 06:45,46,48,75.36,0.92,280.65,11.65,2025,12,12,6,30,4,-0.982774447,0.184809053,1.21,0.83,0.38,1.26,1.09,0.92,0.941979167
12-12-2025 06:45,12-12-2025 07:00,46.03941176,47.94117647,75.03,1.1,277.83,15.01,2025,12,12,6,45,4,-0.990676644,0.136234308,0.92,1.36,0.77,1.04,1.025,0.954166667,0.942604167
12-12-2025 07:00,12-12-2025 07:15,46.07882353,47.88235294,76.64,0.96,281.36,20.24,2025,12,12,7,0,4,-0.980408927,0.196972934,1.1,0.87,0.75,1.45,1.0475,0.926666667,0.9375
12-12-2025 07:15,12-12-2025 07:30,46.11823529,47.82352941,75.82,1.3,203.93,22.25,2025,12,12,7,15,4,-0.405620233,-0.914041698,0.96,1.21,1.17,0.89,1.07,0.968333333,0.941770833
12-12-2025 07:30,12-12-2025 07:45,46.15764706,47.76470588,77.55,0.32,341.3,31.14,2025,12,12,7,30,4,-0.320612991,0.947210278,1.3,0.92,0.83,0.92,0.92,0.963333333,0.935520833
12-12-2025 07:45,12-12-2025 08:00,46.19705882,47.70588235,76.33,1.1,284.86,40.52,2025,12,12,7,45,4,-0.966555356,0.256458073,0.32,1.1,1.36,0.47,0.92,0.990833333,0.942083333
12-12-2025 08:00,12-12-2025 08:15,46.23647059,47.64705882,74.91,1,267.26,38.02,2025,12,12,8,0,4,-0.998856745,-0.047803796,1.1,0.96,0.87,0.61,0.93,1.011666667,0.946145833
12-12-2025 08:15,12-12-2025 08:30,46.27588235,47.58823529,72.44,1.36,192.89,36.16,2025,12,12,8,15,4,-0.223079985,-0.974800144,1,1.3,1.21,0.61,0.945,1.0275,0.953958333
12-12-2025 08:30,12-12-2025 08:45,46.31529412,47.52941176,72.68,1.35,312.83,40.12,2025,12,12,8,30,4,-0.733374009,0.679825391,1.36,0.32,0.92,0.87,1.2025,1.070833333,0.958958333
12-12-2025 08:45,12-12-2025 09:00,46.35470588,47.47058824,72.65,1.49,270.04,56.05,2025,12,12,8,45,4,-0.999999756,0.000698132,1.35,1.1,1.1,0.57,1.3,1.081666667,0.968541667
12-12-2025 09:00,12-12-2025 09:15,46.39411765,47.41176471,71.24,0.78,232.48,45.81,2025,12,12,9,0,4,-0.793140794,-0.609038324,1.49,1,0.96,1.29,1.245,1.074166667,0.963229167
12-12-2025 09:15,12-12-2025 09:30,46.43352941,47.35294118,70.65,1.52,137.52,56.71,2025,12,12,9,15,4,0.675332808,-0.737513117,0.78,1.36,1.3,0.59,1.285,1.1,0.972916667
12-12-2025 09:30,12-12-2025 09:45,46.47294118,47.29411765,70.6,1.34,75.37,61.32,2025,12,12,9,30,4,0.967577055,0.252576015,1.52,1.35,0.32,0.54,1.2825,1.135,0.98125
12-12-2025 09:45,12-12-2025 10:00,46.51235294,47.23529412,69.98,2.31,117.91,58.99,2025,12,12,9,45,4,0.883683947,-0.468084053,1.34,1.49,1.1,0.49,1.4875,1.235833333,1.000208333
12-12-2025 10:00,12-12-2025 10:15,46.55176471,47.17647059,69.47,2.18,155.82,58.64,2025,12,12,10,0,4,0.409604619,-0.912263151,2.31,0.78,1,0.67,1.8375,1.3375,1.0159375
12-12-2025 10:15,12-12-2025 10:30,46.59117647,47.11764706,69.44,1.59,26.5,62.72,2025,12,12,10,15,4,0.446197813,0.894934362,2.18,1.52,1.36,0.28,1.855,1.361666667,1.029583333
12-12-2025 10:30,12-12-2025 10:45,46.63058824,47.05882353,69.06,2.47,139.07,69.39,2025,12,12,10,30,4,0.655136488,-0.755510544,1.59,1.34,1.35,0.31,2.1375,1.540833333,1.052083333
12-12-2025 10:45,12-12-2025 11:00,46.67,47,69.17,1.42,148.25,77.95,2025,12,12,10,45,4,0.526213924,-0.850352225,2.47,2.31,1.49,0.46,1.915,1.5675,1.062083333
12-12-2025 11:00,12-12-2025 11:15,44,45,68.76,2.07,190.35,76.6,2025,12,12,11,0,4,-0.179660749,-0.983728629,1.42,2.18,0.78,0.3,1.8875,1.656666667,1.080520833
12-12-2025 11:15,12-12-2025 11:30,44,45,68.33,1.49,211.57,74.09,2025,12,12,11,15,4,-0.523539871,-0.852001176,2.07,1.59,1.52,1.02,1.8625,1.6675,1.085416667
12-12-2025 11:30,12-12-2025 11:45,44,45,67.65,1.39,245.17,79.29,2025,12,12,11,30,4,-0.90755773,-0.419927336,1.49,2.47,1.34,0.79,1.5925,1.670833333,1.091666667
12-12-2025 11:45,12-12-2025 12:00,44,46.4,67.47,2.47,220.65,110.63,2025,12,12,11,45,4,-0.651436559,-0.758703111,1.39,1.42,2.31,0.49,1.855,1.7525,1.112291667
12-12-2025 14:30,12-12-2025 14:45,46.5,48.35,66.68,1.8,207.67,164.12,2025,12,12,14,30,4,-0.464378391,-0.885636895,1.44,2.28,1.72,0.52,1.7025,2.0075,1.229375
12-12-2025 14:45,12-12-2025 15:00,48,49.8,67.1,1.08,34.57,156.03,2025,12,12,14,45,4,0.567412674,0.823433578,1.8,2.04,2.56,0.39,1.4625,1.891666667,1.2365625
12-12-2025 15:00,12-12-2025 15:15,32,57,65.71,1.58,141.01,147.15,2025,12,12,15,0,4,0.629184744,-0.777255787,1.08,1.53,2.57,0.79,1.475,1.878333333,1.244791667
12-12-2025 15:15,12-12-2025 15:30,32,57,65.53,1.53,262.32,127,2025,12,12,15,15,4,-0.991029909,-0.133640259,1.58,1.44,1.94,1.51,1.4975,1.839166667,1.245
12-12-2025 15:30,12-12-2025 15:45,32,57,65.84,1.57,146.03,107.18,2025,12,12,15,30,4,0.558758744,-0.829330252,1.53,1.8,2.28,1.7,1.44,1.826666667,1.243645833
12-12-2025 15:45,12-12-2025 16:00,32,55,66.89,1.43,253.11,79.79,2025,12,12,15,45,4,-0.956864307,-0.290535194,1.57,1.08,2.04,1.33,1.5275,1.7325,1.2446875
12-12-2025 16:30,12-12-2025 16:45,41,47,67.67,1.65,97.3,43,2025,12,12,16,30,4,0.991894443,-0.127064609,0.97,1.57,1.8,0.36,1.085,1.409166667,1.255
12-12-2025 16:45,12-12-2025 17:00,45.97666667,105.3333333,68.14666667,1.42,83.82333333,33.03,2025,12,12,16,45,4,0.994194864,0.107594485,1.65,1.43,1.08,0.95,1.0825,1.3575,1.259895833
12-12-2025 18:15,12-12-2025 18:30,56.14,132.7,70.11,1.11,145.42,7.57,2025,12,12,18,15,4,0.567556382,-0.823334533,1.33,0.96,0.97,1.54,1.18,1.183333333,1.212708333
12-12-2025 18:30,12-12-2025 18:45,57.07,105.15,70.53,1.68,298.56,7.52,2025,12,12,18,30,4,-0.878316951,0.478078794,1.11,1.16,1.65,1.17,1.31,1.1925,1.218020833
12-12-2025 18:45,12-12-2025 19:00,58,77.6,70.33,1.21,26.59,7.52,2025,12,12,18,45,4,0.447603022,0.894232372,1.68,1.12,1.42,1.11,1.3325,1.174166667,1.2190625
12-12-2025 19:00,12-12-2025 19:15,57.3,73.3,69.9,1.13,168.29,7.48,2025,12,12,19,0,4,0.202958199,-0.979187403,1.21,1.33,1.19,2.39,1.2825,1.244166667,1.2059375
12-12-2025 19:15,12-12-2025 19:30,56.6,69,69.67,1.47,149.5,7.52,2025,12,12,19,15,4,0.507538363,-0.86162916,1.13,1.11,0.96,1.42,1.3725,1.285833333,1.206458333
12-12-2025 19:30,12-12-2025 19:45,55.9,64.7,70.22,1.61,201.86,7.58,2025,12,12,19,30,4,-0.37233994,-0.928096422,1.47,1.68,1.16,0.91,1.355,1.2825,1.21375
12-12-2025 19:45,12-12-2025 20:00,55.2,60.4,71.17,1.21,143.25,7.55,2025,12,12,19,45,4,0.598324601,-0.801253813,1.61,1.21,1.12,1.59,1.355,1.265,1.209791667
12-12-2025 20:00,12-12-2025 20:15,53.6,61.25,71.68,1.2,207.22,7.26,2025,12,12,20,0,4,-0.457408364,-0.889256762,1.21,1.13,1.33,1.17,1.3725,1.265833333,1.210104167
12-12-2025 20:15,12-12-2025 20:30,52,62.1,71.35,1.37,145.36,7.56,2025,12,12,20,15,4,0.568418264,-0.822739738,1.2,1.47,1.11,0.95,1.3475,1.3,1.214479167
12-12-2025 20:30,12-12-2025 20:45,50.4,62.95,71.7,1.65,151.6,7.38,2025,12,12,20,30,4,0.475624209,-0.879648573,1.37,1.61,1.68,0.8,1.3575,1.340833333,1.223333333
12-12-2025 20:45,12-12-2025 21:00,48.8,63.8,71.8,0.95,214.06,7.49,2025,12,12,20,45,4,-0.560060763,-0.828451533,1.65,1.21,1.21,0.6,1.2925,1.326666667,1.226979167
12-12-2025 21:00,12-12-2025 21:15,38,40,71.24,1.3,138.79,7.56,2025,12,12,21,0,4,0.658820771,-0.752299934,0.95,1.2,1.13,1.75,1.3175,1.324166667,1.222291667
12-12-2025 21:15,12-12-2025 21:30,38,40,71.74,1.21,88.21,7.44,2025,12,12,21,15,4,0.999512027,0.031236312,1.3,1.37,1.47,1.44,1.2775,1.3325,1.219895833
12-12-2025 21:30,12-12-2025 21:45,38,40,71.33,0.91,272.11,7.58,2025,12,12,21,30,4,-0.999321983,0.036818124,1.21,1.65,1.61,1.24,1.0925,1.268333333,1.216458333
12-12-2025 21:45,12-12-2025 22:00,33.43,39.4,70.71,0.64,82.51,7.38,2025,12,12,21,45,4,0.991467627,0.13035315,0.91,0.95,1.21,0.77,1.015,1.220833333,1.215104167
12-12-2025 22:00,12-12-2025 22:15,15.17,37,70.67,0.87,201.49,7.47,2025,12,12,22,0,4,-0.366338833,-0.93048152,0.64,1.3,1.2,0.76,0.9075,1.199166667,1.21625
12-12-2025 22:15,12-12-2025 22:30,15.17,37,70.49,0.63,196.79,7.41,2025,12,12,22,15,4,-0.288864709,-0.957369929,0.87,1.21,1.37,1.28,0.7625,1.129166667,1.209479167
12-12-2025 22:30,12-12-2025 22:45,15.17,37,70.57,0.74,115.16,7.41,2025,12,12,22,30,4,0.905124082,-0.425147499,0.63,0.91,1.65,0.54,0.72,1.056666667,1.2115625
12-12-2025 22:45,12-12-2025 23:00,26.16,63.8,70.43,0.57,204.21,7.41,2025,12,12,22,45,4,-0.410082223,-0.912048557,0.74,0.64,0.95,1.13,0.7025,1.003333333,1.205729167
12-12-2025 23:00,12-12-2025 23:15,11.89,29,70.51,0.63,165.99,7.45,2025,12,12,23,0,4,0.24209124,-0.970253488,0.57,0.87,1.3,1.12,0.6425,0.955833333,1.200625
12-12-2025 23:15,12-12-2025 23:30,11.89,29,70.82,0.32,267.9,7.31,2025,12,12,23,15,4,-0.999328394,-0.036643709,0.63,0.63,1.21,1.01,0.565,0.868333333,1.1934375
12-12-2025 23:30,12-12-2025 23:45,11.89,29,70.64,0.55,159.35,7.44,2025,12,12,23,30,4,0.35265838,-0.93575214,0.32,0.74,0.91,0.92,0.5175,0.776666667,1.189583333
01-01-2026 00:00,01-01-2026 00:15,9.84,24,92.37,0.4,74.15,6.06,2026,1,1,0,0,3,0.961980018,0.273119837,0.59,0.51,1,1.02,0.45,0.768333333,1.048333333
01-01-2026 00:15,01-01-2026 00:30,9.84,24,92.63,0.27,87.93,6.1,2026,1,1,0,15,3,0.999347443,0.036120457,0.4,0.38,0.75,0.45,0.4225,0.651666667,1.046458333
01-01-2026 00:30,01-01-2026 00:45,9.84,24,92.67,0.66,73.99,6.1,2026,1,1,0,30,3,0.961213574,0.275805123,0.27,0.43,0.6,0.95,0.48,0.6075,1.0434375
01-01-2026 00:45,01-01-2026 01:00,9.51,23.2,93.15,0.75,82.91,6.04,2026,1,1,0,45,3,0.992353495,0.12342828,0.66,0.59,0.68,0.87,0.52,0.585,1.0421875
01-01-2026 01:00,01-01-2026 01:15,8.2,20,93.77,0.42,67.59,6.15,2026,1,1,1,0,3,0.92447951,0.381231734,0.75,0.4,0.51,0.46,0.525,0.536666667,1.041770833
01-01-2026 01:15,01-01-2026 01:30,8.2,20,93.72,0.7,53.66,6.11,2026,1,1,1,15,3,0.805514783,0.592575679,0.42,0.27,0.38,0.52,0.6325,0.5325,1.043645833
01-01-2026 01:30,01-01-2026 01:45,8.2,20,94.54,0.37,86.36,6.2,2026,1,1,1,30,3,0.997982649,0.063487258,0.7,0.66,0.43,0.59,0.56,0.513333333,1.041354167
01-01-2026 01:45,01-01-2026 02:00,28.21,68.8,95,0.31,80.97,6.03,2026,1,1,1,45,3,0.987606296,0.156951596,0.37,0.75,0.59,0.83,0.45,0.4825,1.0359375
01-01-2026 02:00,01-01-2026 02:15,5.33,13,95,0.47,130.95,6.18,2026,1,1,2,0,3,0.755281812,-0.655400171,0.31,0.42,0.4,1.34,0.4625,0.479166667,1.026875
01-01-2026 02:15,01-01-2026 02:30,5.33,13,95,0.31,26.5,6.48,2026,1,1,2,15,3,0.446197813,0.894934362,0.47,0.7,0.27,0.6,0.365,0.473333333,1.023854167
01-01-2026 02:30,01-01-2026 02:45,5.33,13,95,0.31,124.49,7.4,2026,1,1,2,30,3,0.824225033,-0.566262391,0.31,0.37,0.66,0.93,0.35,0.463333333,1.017395833
01-01-2026 02:45,01-01-2026 03:00,5,12.2,95,0.39,26.5,8.67,2026,1,1,2,45,3,0.446197813,0.894934362,0.31,0.31,0.75,1.03,0.37,0.446666667,1.010729167
01-01-2026 03:00,01-01-2026 03:15,3.69,9,95,0.3,64.52,8.98,2026,1,1,3,0,3,0.902735506,0.430196009,0.39,0.47,0.42,1.05,0.3275,0.438333333,1.002916667
01-01-2026 03:15,01-01-2026 03:30,3.69,9,95,0.32,122.19,9.26,2026,1,1,3,15,3,0.846286158,-0.532728579,0.3,0.31,0.7,0.58,0.33,0.4425,1.000208333
01-01-2026 03:30,01-01-2026 03:45,3.69,9,95,0.29,26.5,9.08,2026,1,1,3,30,3,0.446197813,0.894934362,0.32,0.31,0.37,0.5,0.325,0.411666667,0.998020833
01-01-2026 03:45,01-01-2026 04:00,4.26,10.4,95,0.27,304.83,9.08,2026,1,1,3,45,3,-0.820850272,0.571143442,0.29,0.39,0.31,0.42,0.295,0.371666667,0.996458333
01-01-2026 04:00,01-01-2026 04:15,6.56,16,95,0.41,249.76,8.95,2026,1,1,4,0,3,-0.93825173,-0.345953307,0.27,0.3,0.47,0.27,0.3225,0.370833333,0.997916667
01-01-2026 04:15,01-01-2026 04:30,6.56,16,95,0.4,240.91,8.92,2026,1,1,4,15,3,-0.873857091,-0.486182871,0.41,0.32,0.31,0.27,0.3425,0.345833333,0.999270833
01-01-2026 04:30,01-01-2026 04:45,6.56,16,95,0.27,303.2,8.88,2026,1,1,4,30,3,-0.836764313,0.547563223,0.4,0.29,0.31,0.27,0.3375,0.3375,0.999270833
01-01-2026 04:45,01-01-2026 05:00,6.81,16.6,95,0.27,286.53,8.95,2026,1,1,4,45,3,-0.958670893,0.284517343,0.27,0.27,0.39,0.31,0.3375,0.334166667,0.998854167
01-01-2026 05:00,01-01-2026 05:15,7.79,19,95,0.27,288.8,9.16,2026,1,1,5,0,3,-0.94664926,0.322265695,0.27,0.41,0.3,0.27,0.3025,0.3175,0.998854167
01-01-2026 05:15,01-01-2026 05:30,7.79,19,95,0.27,299.14,9.4,2026,1,1,5,15,3,-0.873432484,0.48694527,0.27,0.4,0.32,0.27,0.27,0.314166667,0.998854167
01-01-2026 05:30,01-01-2026 05:45,7.79,19,95,0.27,308.37,9.74,2026,1,1,5,30,3,-0.784018582,0.620737354,0.27,0.27,0.29,0.27,0.27,0.310833333,0.998854167
01-01-2026 05:45,01-01-2026 06:00,28.78,70.2,95,0.56,255.73,11.76,2026,1,1,5,45,3,-0.969144927,-0.246491603,0.27,0.27,0.27,0.27,0.3425,0.325,1.001875
01-01-2026 06:00,01-01-2026 06:15,11.89,29,95,0.41,86.72,11.18,2026,1,1,6,0,3,0.998361849,0.057215536,0.56,0.27,0.41,0.41,0.3775,0.334166667,1.001875
01-01-2026 06:15,01-01-2026 06:30,11.89,29,95,0.32,26.5,11.79,2026,1,1,6,15,3,0.446197813,0.894934362,0.41,0.27,0.4,0.37,0.39,0.334166667,1.001354167
01-01-2026 06:30,01-01-2026 06:45,11.89,29,95,0.27,26.5,12.03,2026,1,1,6,30,3,0.446197813,0.894934362,0.32,0.27,0.27,0.64,0.39,0.3325,0.9975
01-01-2026 06:45,01-01-2026 07:00,20.91,51,95,0.39,72.31,12.51,2026,1,1,6,45,3,0.952714531,0.303866786,0.27,0.56,0.27,0.47,0.3475,0.3425,0.996666667
01-01-2026 07:00,01-01-2026 07:15,3.28,8,95,0.37,88.89,14.29,2026,1,1,7,0,3,0.999812346,0.019371943,0.39,0.41,0.27,0.43,0.3375,0.339166667,0.996041667
01-01-2026 07:15,01-01-2026 07:30,3.28,8,95,0.4,88.94,18.41,2026,1,1,7,15,3,0.999828871,0.018499435,0.37,0.32,0.27,1.11,0.3575,0.339166667,0.988645833
01-01-2026 07:30,01-01-2026 07:45,3.28,8,95,0.32,63.95,23.43,2026,1,1,7,30,3,0.898411153,0.439155326,0.4,0.27,0.27,0.7,0.37,0.343333333,0.9846875
01-01-2026 07:45,01-01-2026 08:00,3.69,9,95,0.41,91.68,28.63,2026,1,1,7,45,3,0.999570155,-0.02931733,0.32,0.39,0.56,0.99,0.375,0.355,0.978645833
01-01-2026 08:00,01-01-2026 08:15,7,13,95,0.9,114.75,34.57,2026,1,1,8,0,3,0.908143174,-0.418659738,0.41,0.37,0.41,0.7,0.5075,0.4075,0.980729167
01-01-2026 08:15,01-01-2026 08:30,7,13,95,0.39,76.37,38.63,2026,1,1,8,15,3,0.971837747,0.235650998,0.9,0.4,0.32,0.82,0.505,0.4175,0.97625
01-01-2026 08:30,01-01-2026 08:45,7,13,95,0.49,96.77,42.78,2026,1,1,8,30,3,0.993027368,-0.117884037,0.39,0.32,0.27,0.52,0.5475,0.435833333,0.9759375
01-01-2026 08:45,01-01-2026 09:00,14.78,32.8,95,0.36,77.01,45.78,2026,1,1,8,45,3,0.974409311,0.224780991,0.49,0.41,0.39,1.04,0.535,0.419166667,0.968854167
01-01-2026 09:00,01-01-2026 09:15,13,14,95,0.27,112.36,58.12,2026,1,1,9,0,3,0.924811846,-0.380424829,0.36,0.9,0.37,1.04,0.3775,0.4075,0.960833333
01-01-2026 09:15,01-01-2026 09:30,13,14,95,0.4,133.71,72.11,2026,1,1,9,15,3,0.722846553,-0.691008582,0.27,0.39,0.4,1.92,0.38,0.414166667,0.945
01-01-2026 09:30,01-01-2026 09:45,13,14,95,0.3,158.9,82.97,2026,1,1,9,30,3,0.359996808,-0.932953535,0.4,0.49,0.32,2.61,0.3325,0.416666667,0.9209375
01-01-2026 09:45,01-01-2026 10:00,30.92,64.8,94.61,0.27,181.29,81.21,2026,1,1,9,45,3,-0.022512845,-0.999746554,0.3,0.36,0.41,1.8,0.31,0.406666667,0.905
01-01-2026 10:00,01-01-2026 10:15,5.33,13,93.76,0.49,123.18,69.57,2026,1,1,10,0,3,0.836955398,-0.547271104,0.27,0.27,0.9,2.12,0.365,0.416666667,0.888020833
01-01-2026 10:15,01-01-2026 10:30,5.33,13,93.44,0.47,254.56,79.49,2026,1,1,10,15,3,-0.963909776,-0.266229118,0.49,0.4,0.39,1.7,0.3825,0.4225,0.875208333
01-01-2026 10:30,01-01-2026 10:45,5.33,13,92.94,0.28,43.66,111.12,2026,1,1,10,30,3,0.690377516,0.723449297,0.47,0.3,0.49,2.23,0.3775,0.419166667,0.854895833
01-01-2026 10:45,01-01-2026 11:00,16.81,41,91.86,0.85,89.63,131.8,2026,1,1,10,45,3,0.999979149,0.006457673,0.28,0.27,0.36,2.22,0.5225,0.455833333,0.840625
01-01-2026 11:00,01-01-2026 11:15,6.15,15,90.76,0.52,60.07,130.93,2026,1,1,11,0,3,0.866635623,0.498941577,0.85,0.49,0.27,2.47,0.53,0.424166667,0.8203125
01-01-2026 11:15,01-01-2026 11:30,6.15,15,89.43,0.28,70.42,71.99,2026,1,1,11,15,3,0.94217449,0.335122709,0.52,0.47,0.4,2.29,0.4825,0.415,0.799375
01-01-2026 11:30,01-01-2026 11:45,6.15,15,89.01,0.38,106,52.24,2026,1,1,11,30,3,0.961261696,-0.275637356,0.28,0.28,0.3,1.49,0.5075,0.405833333,0.7878125
01-01-2026 11:45,01-01-2026 12:00,8.12,19,89.15,0.44,86.51,41.96,2026,1,1,11,45,3,0.998145438,0.060874331,0.38,0.85,0.27,1.06,0.405,0.4125,0.781354167
01-01-2026 12:00,01-01-2026 12:15,17,35,88.94,0.29,55.29,47.96,2026,1,1,12,0,3,0.82204467,0.569423006,0.44,0.52,0.49,1.06,0.3475,0.414166667,0.773333333
01-01-2026 12:15,01-01-2026 12:30,17,35,88.88,0.27,49.06,63.77,2026,1,1,12,15,3,0.75539619,0.655268339,0.29,0.28,0.47,0.94,0.345,0.403333333,0.766354167
01-01-2026 12:30,01-01-2026 12:45,17,35,88.47,0.44,52.83,106.57,2026,1,1,12,30,3,0.796846376,0.60418197,0.27,0.38,0.28,1.08,0.36,0.415,0.7596875
01-01-2026 12:45,01-01-2026 13:00,27.05,60.8,87.34,0.72,52.12,151.69,2026,1,1,12,45,3,0.789298463,0.61400972,0.44,0.44,0.85,1.27,0.43,0.4525,0.753958333
01-01-2026 13:30,01-01-2026 13:45,13,14,86.04,0.43,58.74,129.29,2026,1,1,13,30,3,0.854821315,0.518922461,0.52,0.44,0.38,1.82,0.7125,0.526666667,0.716145833
01-01-2026 13:45,01-01-2026 14:00,24.26,45,85.39,0.78,140.26,144.97,2026,1,1,13,45,3,0.639304804,-0.768953424,0.43,0.72,0.44,1.24,0.7275,0.520833333,0.711354167
01-01-2026 14:00,01-01-2026 14:15,13,25,84.85,0.79,124.94,131.89,2026,1,1,14,0,3,0.819752243,-0.572718308,0.78,1.18,0.29,2.01,0.63,0.543333333,0.698645833
01-01-2026 14:15,01-01-2026 14:30,13,25,84.52,0.74,119.72,122.89,2026,1,1,14,15,3,0.868458514,-0.495761848,0.79,0.52,0.27,0.91,0.685,0.581666667,0.696875
01-01-2026 14:30,01-01-2026 14:45,13,25,85.38,0.57,215.06,94.62,2026,1,1,14,30,3,-0.574433936,-0.818550947,0.74,0.43,0.44,1.86,0.72,0.5975,0.6834375
01-01-2026 14:45,01-01-2026 15:00,13,25.2,85.87,0.55,113.12,118.29,2026,1,1,14,45,3,0.91968449,-0.392658171,0.57,0.78,0.72,1.22,0.6625,0.606666667,0.676458333
01-01-2026 15:00,01-01-2026 15:15,20,26,85.81,0.6,233.31,115.31,2026,1,1,15,0,3,-0.801879937,-0.597485202,0.55,0.79,1.18,0.99,0.615,0.6325,0.672395833
01-01-2026 15:15,01-01-2026 15:30,20,26,85.53,0.3,85.01,106.19,2026,1,1,15,15,3,0.996209894,0.086981873,0.6,0.74,0.52,0.77,0.505,0.635,0.6675
01-01-2026 15:30,01-01-2026 15:45,20,26,84.47,0.44,321.75,119.87,2026,1,1,15,30,3,-0.619093949,0.785316931,0.3,0.57,0.43,1.07,0.4725,0.635,0.6609375
01-01-2026 15:45,01-01-2026 16:00,25.1,43,84.46,0.44,265.6,78.45,2026,1,1,15,45,3,-0.997052752,-0.076719028,0.44,0.55,0.78,1.7,0.445,0.611666667,0.6478125
01-01-2026 16:00,01-01-2026 16:15,7.38,18,85.8,0.42,26.5,48.74,2026,1,1,16,0,3,0.446197813,0.894934362,0.44,0.6,0.79,1.11,0.4,0.548333333,0.640625
01-01-2026 16:15,01-01-2026 16:30,7.38,18,86.89,0.55,321.35,58.01,2026,1,1,16,15,3,-0.624561364,0.780975737,0.42,0.3,0.74,1.37,0.4625,0.550833333,0.632083333
01-01-2026 16:30,01-01-2026 16:45,7.38,18,86.95,0.5,149.87,58.26,2026,1,1,16,30,3,0.501963661,-0.864888712,0.55,0.44,0.57,1.2,0.4775,0.556666667,0.624791667
01-01-2026 16:45,01-01-2026 17:00,15.58,38,86.87,0.87,31.3,37.06,2026,1,1,16,45,3,0.519519112,0.85445883,0.5,0.44,0.55,0.96,0.585,0.564166667,0.623854167
01-01-2026 17:00,01-01-2026 17:15,8.2,20,87.44,0.32,83.11,19.55,2026,1,1,17,0,3,0.992778295,0.119963568,0.87,0.42,0.6,0.77,0.56,0.525,0.619166667
01-01-2026 17:15,01-01-2026 17:30,8.2,20,87.93,0.27,115.97,12.8,2026,1,1,17,15,3,0.899023454,-0.437900479,0.32,0.55,0.3,1.46,0.49,0.485833333,0.606770833
01-01-2026 17:30,01-01-2026 17:45,8.2,20,88.33,0.55,210.14,8.6,2026,1,1,17,30,3,-0.502114605,-0.864801089,0.27,0.5,0.44,1.23,0.5025,0.484166667,0.5996875
01-01-2026 17:45,01-01-2026 18:00,17.47,42.6,88.72,0.44,26.5,6.73,2026,1,1,17,45,3,0.446197813,0.894934362,0.55,0.87,0.44,1.91,0.395,0.475,0.584375
01-01-2026 18:00,01-01-2026 18:15,7.79,19,88.89,0.71,26.5,6.08,2026,1,1,18,0,3,0.446197813,0.894934362,0.44,0.32,0.42,1.92,0.4925,0.484166667,0.571770833
01-01-2026 18:15,01-01-2026 18:30,7.79,19,88.93,0.48,207.78,6.06,2026,1,1,18,15,3,-0.466077835,-0.884743721,0.71,0.27,0.55,1.62,0.545,0.499166667,0.559895833
01-01-2026 18:30,01-01-2026 18:45,7.79,19,89.08,0.34,93.36,6.21,2026,1,1,18,30,3,0.998280988,-0.058609456,0.48,0.55,0.5,1.38,0.4925,0.490833333,0.5490625
01-01-2026 18:45,01-01-2026 19:00,16.73,40.8,89.2,0.55,271.08,6.1,2026,1,1,18,45,3,-0.999822352,0.01884844,0.34,0.44,0.87,1.06,0.52,0.5,0.54375
01-01-2026 19:00,01-01-2026 19:15,10.66,26,88.84,0.5,87.7,5.99,2026,1,1,19,0,3,0.999194395,0.040131793,0.55,0.71,0.32,1.02,0.4675,0.506666667,0.538333333
01-01-2026 19:15,01-01-2026 19:30,10.66,26,88.73,0.27,335.45,6.13,2026,1,1,19,15,3,-0.415487176,0.909599036,0.5,0.48,0.27,1.01,0.415,0.483333333,0.530625
01-01-2026 19:30,01-01-2026 19:45,10.66,26,88.98,0.38,26.5,6.17,2026,1,1,19,30,3,0.446197813,0.894934362,0.27,0.34,0.55,1.2,0.425,0.473333333,0.522083333
01-01-2026 19:45,01-01-2026 20:00,20.75,50.6,88.72,0.71,152.5,6.01,2026,1,1,19,45,3,0.461748613,-0.887010833,0.38,0.55,0.44,0.49,0.465,0.46,0.524375
01-01-2026 20:00,01-01-2026 20:15,17.22,42,88.78,0.37,91.45,6.17,2026,1,1,20,0,3,0.999679788,-0.025304573,0.71,0.5,0.71,0.46,0.4325,0.464166667,0.5234375
01-01-2026 20:15,01-01-2026 20:30,17.22,42,89.04,0.33,88.57,6.2,2026,1,1,20,15,3,0.99968856,0.024955617,0.37,0.27,0.48,1.4,0.4475,0.469166667,0.512291667
01-01-2026 20:30,01-01-2026 20:45,17.22,42,88.84,0.7,140.92,6.18,2026,1,1,20,30,3,0.630404878,-0.776266507,0.33,0.38,0.34,0.94,0.5275,0.481666667,0.509791667
01-01-2026 20:45,01-01-2026 21:00,26.24,64,88.57,0.69,233.35,6.04,2026,1,1,20,45,3,-0.802296865,-0.596925238,0.7,0.71,0.55,0.95,0.5225,0.5025,0.507083333
01-01-2026 21:00,01-01-2026 21:15,19.68,48,88.52,0.64,202.95,6.1,2026,1,1,21,0,3,-0.389927688,-0.92084548,0.69,0.37,0.5,1.61,0.59,0.496666667,0.496979167
01-01-2026 21:15,01-01-2026 21:30,19.68,48,88.57,0.45,89.83,6.17,2026,1,1,21,15,3,0.999995598,0.002967055,0.64,0.33,0.27,1.67,0.62,0.494166667,0.484270833
01-01-2026 21:30,01-01-2026 21:45,19.68,48,88.28,0.39,273.23,6.14,2026,1,1,21,30,3,-0.998411399,0.05634428,0.45,0.7,0.38,1.19,0.5425,0.498333333,0.4759375
01-01-2026 21:45,01-01-2026 22:00,20.01,48.8,88.02,0.46,201.79,6.08,2026,1,1,21,45,3,-0.371205779,-0.928550629,0.39,0.69,0.71,1.02,0.485,0.490833333,0.470104167
01-01-2026 22:00,01-01-2026 22:15,21.32,52,87.85,0.78,150.23,6.29,2026,1,1,22,0,3,0.496519532,-0.868025549,0.46,0.64,0.37,1,0.52,0.514166667,0.4678125
01-01-2026 22:15,01-01-2026 22:30,21.32,52,88.04,0.27,26.5,6.2,2026,1,1,22,15,3,0.446197813,0.894934362,0.78,0.45,0.33,0.75,0.475,0.514166667,0.4628125
01-01-2026 22:30,01-01-2026 22:45,21.32,52,88.14,0.64,147.92,6.18,2026,1,1,22,30,3,0.531102846,-0.847307363,0.27,0.39,0.7,0.6,0.5375,0.535833333,0.463229167
01-01-2026 22:45,01-01-2026 23:00,20.99,51.2,88.2,0.38,335.78,6.2,2026,1,1,22,45,3,-0.410241399,0.91197697,0.64,0.46,0.69,0.68,0.5175,0.508333333,0.460104167
01-01-2026 23:00,01-01-2026 23:15,19.68,48,88.27,0.27,270.63,6.18,2026,1,1,23,0,3,-0.999939549,0.010995353,0.38,0.78,0.64,0.51,0.39,0.5,0.457604167
01-01-2026 23:15,01-01-2026 23:30,19.68,48,88.19,0.27,331.64,6.22,2026,1,1,23,15,3,-0.475009983,0.879980407,0.27,0.27,0.45,0.38,0.39,0.495,0.456458333
01-01-2026 23:30,01-01-2026 23:45,19.68,48,88.22,0.44,79.28,6.17,2026,1,1,23,30,3,0.982547927,0.186009601,0.27,0.64,0.39,0.43,0.34,0.473333333,0.4565625
01-01-2026 23:45,01-02-2026 00:00,28.21,68.8,88.2,0.27,330.04,6.1,2026,1,1,23,45,3,-0.499395278,0.866374259,0.44,0.38,0.46,0.59,0.3125,0.438333333,0.453229167
02-01-2026 01:00,02-01-2026 01:15,52,84,75.1,1.19,255.66,6.51,2026,2,1,1,0,6,-0.968843057,-0.247675453,1.27,0.5,0.65,0.69,0.975,0.813333333,1.042083333
02-01-2026 01:15,02-01-2026 01:30,52,84,75.66,0.53,254.43,6.52,2026,2,1,1,15,6,-0.963303241,-0.268415473,1.19,0.87,0.81,0.69,0.89,0.775,1.040416667
02-01-2026 01:30,02-01-2026 01:45,52,84,75.77,0.69,276.28,6.36,2026,2,1,1,30,6,-0.993999199,0.109387347,0.53,0.57,0.71,0.71,0.92,0.771666667,1.040208333
02-01-2026 01:45,02-01-2026 02:00,58.48,93,75.19,1.3,189.92,6.28,2026,2,1,1,45,6,-0.172272958,-0.985049252,0.69,1.27,0.8,0.7,0.9275,0.824166667,1.046458333
02-01-2026 02:00,02-01-2026 02:15,48,80,75.06,0.69,212.97,6.2,2026,2,1,2,0,6,-0.544199833,-0.838955625,1.3,1.19,0.5,0.64,0.8025,0.8275,1.046979167
02-01-2026 02:15,02-01-2026 02:30,48,80,75.08,1.24,26.5,6.28,2026,2,1,2,15,6,0.446197813,0.894934362,0.69,0.53,0.87,0.77,0.98,0.863333333,1.051875
02-01-2026 02:30,02-01-2026 02:45,48,80,74.92,1.62,162.74,6.14,2026,2,1,2,30,6,0.296708253,-0.954968174,1.24,0.69,0.57,0.54,1.2125,0.939166667,1.063125
02-01-2026 02:45,02-01-2026 03:00,47.59,85.4,74.93,1.19,126.43,6.07,2026,2,1,2,45,6,0.804582974,-0.593840247,1.62,1.3,1.27,0.67,1.185,0.971666667,1.068541667
02-01-2026 03:00,02-01-2026 03:15,49,68,74.84,0.72,194.78,5.98,2026,2,1,3,0,6,-0.255108257,-0.966912497,1.19,0.69,1.19,0.74,1.1925,0.99,1.068333333
02-01-2026 03:15,02-01-2026 03:30,49,68,74.77,0.68,235.81,6.14,2026,2,1,3,15,6,-0.827178664,-0.561939016,0.72,1.24,0.53,0.68,1.0525,0.974166667,1.068333333
02-01-2026 03:30,02-01-2026 03:45,49,68,74.67,0.77,177.44,6.11,2026,2,1,3,30,6,0.044665564,-0.999001996,0.68,1.62,0.69,0.56,0.84,0.990833333,1.070520833
02-01-2026 03:45,02-01-2026 04:00,49,73,74.98,0.73,75.47,6.11,2026,2,1,3,45,6,0.968016409,0.250886891,0.77,1.19,1.3,0.68,0.725,0.945833333,1.071041667
02-01-2026 04:00,02-01-2026 04:15,49,78,75.02,1.34,176.96,6.11,2026,2,1,4,0,6,0.053033118,-0.998592754,0.73,0.72,0.69,0.64,0.88,0.958333333,1.078333333
02-01-2026 04:15,02-01-2026 04:30,49,78,74.58,0.86,123.84,6.06,2026,2,1,4,15,6,0.830595899,-0.556875616,1.34,0.68,1.24,0.42,0.925,0.985833333,1.082916667
02-01-2026 04:30,02-01-2026 04:45,49,78,75.32,0.95,226.23,6.16,2026,2,1,4,30,6,-0.722122534,-0.691765166,0.86,0.77,1.62,0.52,0.97,1.0075,1.087395833
02-01-2026 04:45,02-01-2026 05:00,49.33,73.5,75.81,0.74,304.27,6.06,2026,2,1,4,45,6,-0.826393243,0.563093428,0.95,0.73,1.19,0.67,0.9725,0.960833333,1.088125
02-01-2026 05:00,02-01-2026 05:15,50,69,76.14,0.61,326.11,6.26,2026,2,1,5,0,6,-0.557600236,0.830109617,0.74,1.34,0.72,0.69,0.79,0.954166667,1.087291667
02-01-2026 05:15,02-01-2026 05:30,50,69,76.07,1.07,151.58,6.42,2026,2,1,5,15,6,0.475931235,-0.879482495,0.61,0.86,0.68,0.58,0.8425,0.94,1.092395833
02-01-2026 05:30,02-01-2026 05:45,50,69,75.7,0.61,272.13,6.28,2026,2,1,5,30,6,-0.99930907,0.037166951,1.07,0.95,0.77,0.67,0.7575,0.855833333,1.091770833
02-01-2026 05:45,02-01-2026 06:00,50,74.5,75.23,0.9,276.88,6.36,2026,2,1,5,45,6,-0.992799217,0.119790294,0.61,0.74,0.73,0.27,0.7975,0.831666667,1.098333333
02-01-2026 06:00,02-01-2026 06:15,50,80,75.2,0.73,308.62,6.55,2026,2,1,6,0,6,-0.78130265,0.624152361,0.9,0.61,1.34,0.3,0.8275,0.8325,1.1028125
02-01-2026 06:15,02-01-2026 06:30,50,80,74.85,0.52,120.56,7.41,2026,2,1,6,15,6,0.861097195,-0.50844038,0.73,1.07,0.86,0.28,0.69,0.819166667,1.1053125
02-01-2026 06:30,02-01-2026 06:45,50,80,74.97,0.91,203.4,9.71,2026,2,1,6,30,6,-0.397147891,-0.917754626,0.52,0.61,0.95,0.71,0.765,0.830833333,1.107395833
02-01-2026 06:45,02-01-2026 07:00,55.58,88.33,75.21,1.12,221.92,15.46,2026,2,1,6,45,6,-0.668092329,-0.744078383,0.91,0.9,0.74,1.23,0.82,0.863333333,1.10625
02-01-2026 07:00,02-01-2026 07:15,49,80,75.6,1.38,30.42,20.42,2026,2,1,7,0,6,0.506334807,0.862336978,1.12,0.73,0.61,0.94,0.9825,0.866666667,1.110833333
02-01-2026 07:15,02-01-2026 07:30,49,80,75.43,0.93,248.5,24.36,2026,2,1,7,15,6,-0.930417568,-0.366501227,1.38,0.52,1.07,0.31,1.085,0.8725,1.117291667
02-01-2026 07:30,02-01-2026 07:45,49,80,75.84,1.04,250.15,27.66,2026,2,1,7,30,6,-0.940584806,-0.339558865,0.93,0.91,0.61,0.61,1.1175,0.88,1.121770833
02-01-2026 07:45,02-01-2026 08:00,52.87,97.4,76.06,1.52,256.47,30.63,2026,2,1,7,45,6,-0.972247555,-0.233954464,1.04,1.12,0.9,0.37,1.2175,0.945,1.13375
02-01-2026 08:00,02-01-2026 08:15,50,76,75.73,1.23,164.27,43.55,2026,2,1,8,0,6,0.271104473,-0.962549928,1.52,1.38,0.73,0.67,1.18,0.996666667,1.139583333
02-01-2026 08:15,02-01-2026 08:30,50,76,75.67,0.8,186.48,29.27,2026,2,1,8,15,6,-0.112856385,-0.993611311,1.23,0.93,0.52,0.87,1.1475,0.974166667,1.138854167
02-01-2026 08:30,02-01-2026 08:45,50,76,76.21,0.6,155.21,64.15,2026,2,1,8,30,6,0.419293639,-0.907850673,0.8,1.04,0.91,0.72,1.0375,0.973333333,1.137604167
02-01-2026 08:45,02-01-2026 09:00,53,80.5,72.75,1.12,192.46,88.05,2026,2,1,8,45,6,-0.215757978,-0.976446873,0.6,1.52,1.12,1.16,0.9375,0.991666667,1.1371875
02-01-2026 09:00,02-01-2026 09:15,59,85,70.58,0.86,103.05,82.25,2026,2,1,9,0,6,0.974173387,-0.225801267,1.12,1.23,1.38,1.67,0.845,1.0025,1.12875
02-01-2026 09:15,02-01-2026 09:30,59,85,71.6,1.41,152.82,69.35,2026,2,1,9,15,6,0.456787434,-0.889575876,0.86,0.8,0.93,2.1,0.9975,1.076666667,1.1215625
02-01-2026 09:30,02-01-2026 09:45,59,85,71.56,1.36,117.4,60.85,2026,2,1,9,30,6,0.887815385,-0.460199785,1.41,0.6,1.04,0.68,1.1875,1.114166667,1.128645833
02-01-2026 09:45,02-01-2026 10:00,59.27,98.5,71.34,1.63,267.68,69.14,2026,2,1,9,45,6,-0.999180326,-0.040480575,1.36,1.12,1.52,1.04,1.315,1.156666667,1.134791667
02-01-2026 10:00,02-01-2026 10:15,56,76,70.84,2.12,134.42,72.25,2026,2,1,10,0,6,0.714228408,-0.699912696,1.63,0.86,1.23,1.47,1.63,1.218333333,1.1415625
02-01-2026 10:15,02-01-2026 10:30,56,76,70.26,2.21,98.36,64.68,2026,2,1,10,15,6,0.989374077,-0.145392351,2.12,1.41,0.8,0.68,1.83,1.325,1.1575
02-01-2026 10:30,02-01-2026 10:45,56,76,70.3,1.77,67.8,58.67,2026,2,1,10,30,6,0.925870585,0.377840787,2.21,1.36,0.6,1.42,1.9325,1.385833333,1.161145833
02-01-2026 10:45,02-01-2026 11:00,59.36,82,70.36,2.52,211.25,59.17,2026,2,1,10,45,6,-0.518773258,-0.854911871,1.77,1.63,1.12,2.01,2.155,1.469166667,1.166458333
02-01-2026 11:00,02-01-2026 11:15,35,70,69.46,2.3,164.42,60.25,2026,2,1,11,0,6,0.268583597,-0.963256379,2.52,2.12,0.86,1.6,2.2,1.558333333,1.17375
02-01-2026 11:15,02-01-2026 11:30,42,70,68.49,1.83,56.67,60.49,2026,2,1,11,15,6,0.835519779,0.54946037,2.3,2.21,1.41,1.18,2.105,1.644166667,1.180520833
02-01-2026 11:30,02-01-2026 11:45,33.6,70,67.42,1.37,208.08,67.65,2026,2,1,11,30,6,-0.470703932,-0.882291226,1.83,1.77,1.36,1.92,2.005,1.708333333,1.174791667
02-01-2026 11:45,02-01-2026 12:00,67.49,112.6,67.47,1.45,145,122.23,2026,2,1,11,45,6,0.573576436,-0.819152044,1.37,2.52,1.63,1.48,1.7375,1.735833333,1.174479167
02-01-2026 15:30,02-01-2026 15:45,45,79,68.11,2,63.8,153.76,2026,2,1,15,30,6,0.89725837,0.441505853,1.14,1.81,1.93,1.68,1.4325,1.72,1.190208333
02-01-2026 15:45,02-01-2026 16:00,52.13,86.33,69.19,1.77,74,87.41,2026,2,1,15,45,6,0.961261696,0.275637356,2,1.38,2.76,1.64,1.53,1.738333333,1.1915625
02-01-2026 16:00,02-01-2026 16:15,58,83,70.45,1.5,127.68,75.33,2026,2,1,16,0,6,0.791436948,-0.611250814,1.77,1.21,1.93,1.02,1.6025,1.736666667,1.1965625
02-01-2026 16:15,02-01-2026 16:30,58,83,70.8,2.47,209.96,100.96,2026,2,1,16,15,6,-0.499395278,-0.866374259,1.5,1.14,1.54,1.2,1.935,1.786666667,1.209791667
02-01-2026 16:30,02-01-2026 16:45,58.45454545,83.72727273,71.40272727,2.388181818,200.3145455,92.37181818,2026,2,1,16,30,6,-0.347173739,-0.937800829,2.47,2,1.81,1.16,2.032045455,1.824848485,1.222585227
02-01-2026 16:45,02-01-2026 17:00,58.90909091,84.45454545,72.00545455,2.306363636,190.6690909,83.78363636,2026,2,1,16,45,6,-0.185136503,-0.982712814,2.388181818,1.77,1.38,1.09,2.166136364,1.787045455,1.235255682
02-01-2026 17:00,02-01-2026 17:15,59.36363636,85.18181818,72.60818182,2.224545455,181.0236364,75.19545455,2026,2,1,17,0,6,-0.017864874,-0.99984041,2.306363636,1.5,1.21,1.21,2.347272727,1.811590909,1.245823864
02-01-2026 17:15,02-01-2026 17:30,59.81818182,85.90909091,73.21090909,2.142727273,171.3781818,66.60727273,2026,2,1,17,15,6,0.14991185,-0.988699366,2.224545455,2.47,1.14,1.26,2.265454545,1.861818182,1.255018939
02-01-2026 17:30,02-01-2026 17:45,60.27272727,86.63636364,73.81363636,2.060909091,161.7327273,58.01909091,2026,2,1,17,30,6,0.313450094,-0.949604675,2.142727273,2.388181818,2,0.87,2.183636364,1.882727273,1.267424242
02-01-2026 17:45,02-01-2026 18:00,60.72727273,87.36363636,74.41636364,1.979090909,152.0872727,49.43090909,2026,2,1,17,45,6,0.468126116,-0.883661666,2.060909091,2.306363636,1.77,1.43,2.101818182,1.932651515,1.273143939
02-01-2026 18:00,02-01-2026 18:15,61.18181818,88.09090909,75.01909091,1.897272727,142.4418182,40.84272727,2026,2,1,18,0,6,0.609566737,-0.792734756,1.979090909,2.224545455,1.5,1.86,2.02,1.989924242,1.273532197
02-01-2026 18:15,02-01-2026 18:30,61.63636364,88.81818182,75.62181818,1.815454545,132.7963636,32.25454545,2026,2,1,18,15,6,0.733772985,-0.679394736,1.897272727,2.142727273,2.47,1.51,1.938181818,2.046212121,1.276714015
02-01-2026 18:30,02-01-2026 18:45,62.09090909,89.54545455,76.22454545,1.733636364,123.1509091,23.66636364,2026,2,1,18,30,6,0.837233157,-0.546846085,1.815454545,2.060909091,2.388181818,0.83,1.856363636,2.024015152,1.286126894
02-01-2026 18:45,02-01-2026 19:00,62.54545455,90.27272727,76.82727273,1.651818182,113.5054545,15.07818182,2026,2,1,18,45,6,0.917022109,-0.398836371,1.733636364,1.979090909,2.306363636,1.22,1.774545455,2.014166667,1.290625
02-01-2026 19:00,02-01-2026 19:15,63,91,77.43,1.57,103.86,6.49,2026,2,1,19,0,6,0.970883956,-0.239550296,1.651818182,1.897272727,2.224545455,0.58,1.692727273,2.02,1.3009375
02-01-2026 19:15,02-01-2026 19:30,63,91,77.33,1.49,91.56,6.42,2026,2,1,19,15,6,0.999629364,-0.027223772,1.57,1.815454545,2.142727273,0.79,1.611363636,1.938333333,1.308229167
02-01-2026 19:30,02-01-2026 19:45,63,91,76.99,1.19,150.44,6.28,2026,2,1,19,30,6,0.493334724,-0.869839554,1.49,1.733636364,2.060909091,0.38,1.475454545,1.838484848,1.316666667
02-01-2026 19:45,02-01-2026 20:00,62.4,95,77.13,1.39,155.34,6.22,2026,2,1,19,45,6,0.417232714,-0.908799682,1.19,1.651818182,1.979090909,1.45,1.41,1.762121212,1.316041667
02-01-2026 20:00,02-01-2026 20:15,62,96,76.58,1.09,147.4,6.2,2026,2,1,20,0,6,0.538770785,-0.842452397,1.39,1.57,1.897272727,1.01,1.29,1.667575758,1.316875
02-01-2026 20:15,02-01-2026 20:30,62,96,76.67,1.22,139.03,6.17,2026,2,1,20,15,6,0.655663774,-0.755052988,1.09,1.49,1.815454545,0.6,1.2225,1.590681818,1.323333333
02-01-2026 20:30,02-01-2026 20:45,62,96,77.32,1.25,210.5,6.14,2026,2,1,20,30,6,-0.507538363,-0.86162916,1.22,1.19,1.733636364,0.99,1.2375,1.523106061,1.326041667
02-01-2026 20:45,02-01-2026 21:00,63.2,101.6,77.66,1.4,140.68,6.18,2026,2,1,20,45,6,0.633650955,-0.773619071,1.25,1.39,1.651818182,1.07,1.24,1.474848485,1.329479167
02-01-2026 21:00,02-01-2026 21:15,64,103,76.95,1.22,50.88,6.07,2026,2,1,21,0,6,0.775826212,0.63094666,1.4,1.09,1.57,1.03,1.2725,1.418409091,1.331458333
02-01-2026 21:15,02-01-2026 21:30,64,103,77.08,1.26,85.07,6.08,2026,2,1,21,15,6,0.996300435,0.085938597,1.22,1.22,1.49,1.27,1.2825,1.372121212,1.331354167
02-01-2026 21:30,02-01-2026 21:45,64,103,76.79,0.84,91.31,6.13,2026,2,1,21,30,6,0.999738634,-0.022861821,1.26,1.25,1.19,0.79,1.18,1.297651515,1.331875
02-01-2026 21:45,02-01-2026 22:00,67.6,107.8,76.83,0.88,112.52,5.99,2026,2,1,21,45,6,0.923745895,-0.383005904,0.84,1.4,1.39,1.17,1.05,1.233333333,1.328854167
02-01-2026 22:00,02-01-2026 22:15,70,109,76.73,0.92,193.15,6.1,2026,2,1,22,0,6,-0.227501175,-0.973777806,0.88,1.22,1.09,1.19,0.975,1.179166667,1.326041667
02-01-2026 22:15,02-01-2026 22:30,70,109,76.99,0.74,201.78,6.13,2026,2,1,22,15,6,-0.37104371,-0.928615402,0.92,1.26,1.22,0.99,0.845,1.116666667,1.3234375
02-01-2026 22:30,02-01-2026 22:45,70,109,77.52,0.68,192.14,6.29,2026,2,1,22,30,6,-0.210301133,-0.977636657,0.74,0.84,1.25,0.73,0.805,1.074166667,1.322916667
02-01-2026 22:45,02-01-2026 23:00,69.4,111.4,77.64,0.59,206.29,6.31,2026,2,1,22,45,6,-0.442914718,-0.896563747,0.68,0.88,1.4,0.67,0.7325,1.0075,1.322083333
02-01-2026 23:00,02-01-2026 23:15,69,112,77.87,0.57,27.49,6.55,2026,2,1,23,0,6,0.461593794,0.88709141,0.59,0.92,1.22,0.65,0.645,0.964166667,1.32125
02-01-2026 23:15,02-01-2026 23:30,69,112,78,0.48,273.44,6.48,2026,2,1,23,15,6,-0.998198181,0.060003262,0.57,0.74,1.26,0.81,0.58,0.9025,1.3178125
02-01-2026 23:30,02-01-2026 23:45,69,112,78.36,0.45,26.5,6.68,2026,2,1,23,30,6,0.446197813,0.894934362,0.48,0.68,0.84,0.71,0.5225,0.835833333,1.315104167
02-01-2026 23:45,02-02-2026 00:00,73.2,104,78.33,0.83,152.35,6.56,2026,2,1,23,45,6,0.464069217,-0.88579894,0.45,0.59,0.88,0.8,0.5825,0.788333333,1.315416667
03-01-2026 00:00,03-01-2026 00:15,76.4,83,82.01,0.27,220.18,6.17,2026,3,1,0,0,6,-0.645191033,-0.764021289,0.39,0.89,0.8,0.36,0.5525,0.7025,1.0628125
03-01-2026 00:15,03-01-2026 00:30,75.4,83,82.11,0.77,54.5,6.03,2026,3,1,0,15,6,0.814115518,0.580702956,0.27,0.87,0.68,0.33,0.5275,0.691666667,1.067395833
03-01-2026 00:30,03-01-2026 00:45,74.6,83,82.04,0.42,141.67,6.1,2026,3,1,0,30,6,0.620189855,-0.784451747,0.77,0.68,0.88,0.27,0.4625,0.661666667,1.068958333
03-01-2026 00:45,03-01-2026 01:00,78,85.8,82.15,0.49,166.14,6,2026,3,1,0,45,6,0.239550296,-0.970883956,0.42,0.39,0.32,0.45,0.4875,0.621666667,1.069375
03-01-2026 01:00,03-01-2026 01:15,55,90,82.31,0.36,125.33,5.96,2026,3,1,1,0,6,0.815834913,-0.578284874,0.49,0.27,0.89,0.27,0.51,0.585,1.0703125
03-01-2026 01:15,03-01-2026 01:30,55,90,82.64,0.37,91.05,6,2026,3,1,1,15,6,0.999832084,-0.018324931,0.36,0.77,0.87,0.5,0.41,0.559166667,1.068958333
03-01-2026 01:30,03-01-2026 01:45,55,90,82.94,0.98,99.63,6.04,2026,3,1,1,30,6,0.985908582,-0.16728499,0.37,0.42,0.68,0.27,0.55,0.5675,1.076354167
03-01-2026 01:45,03-01-2026 02:00,61.81,98.6,83.06,0.82,143.98,5.93,2026,3,1,1,45,6,0.588067617,-0.808811769,0.98,0.49,0.39,0.27,0.6325,0.609166667,1.082083333
03-01-2026 02:00,03-01-2026 02:15,52,88,83.13,0.35,78.82,6.06,2026,3,1,2,0,6,0.981022896,0.193891921,0.82,0.36,0.27,0.27,0.63,0.564166667,1.082916667
03-01-2026 02:15,03-01-2026 02:30,52,88,83.36,0.73,70.58,6.03,2026,3,1,2,15,6,0.943106654,0.332490358,0.35,0.37,0.77,0.27,0.72,0.5525,1.087708333
03-01-2026 02:30,03-01-2026 02:45,52,88,83.52,0.71,101.03,6.18,2026,3,1,2,30,6,0.981527142,-0.191322948,0.73,0.98,0.42,0.27,0.6525,0.555,1.092291667
03-01-2026 02:45,03-01-2026 03:00,57.98,94.4,84.1,0.36,184.03,6.38,2026,3,1,2,45,6,-0.070278787,-0.997527389,0.71,0.82,0.49,0.27,0.5375,0.5525,1.093229167
03-01-2026 03:00,03-01-2026 03:15,53,85,84.54,0.42,97.56,6.32,2026,3,1,3,0,6,0.991307631,-0.131564359,0.36,0.35,0.36,0.27,0.555,0.565,1.094791667
03-01-2026 03:15,03-01-2026 03:30,53,85,84.73,0.39,26.5,6.35,2026,3,1,3,15,6,0.446197813,0.894934362,0.42,0.73,0.37,0.27,0.47,0.533333333,1.096041667
03-01-2026 03:30,03-01-2026 03:45,53,85,85.05,0.46,108.95,6.21,2026,3,1,3,30,6,0.945802327,-0.32474291,0.39,0.71,0.98,0.27,0.4075,0.536666667,1.098020833
03-01-2026 03:45,03-01-2026 04:00,66.06,103.6,85.26,0.55,90.63,6.24,2026,3,1,3,45,6,0.999939549,-0.010995353,0.46,0.36,0.82,0.27,0.455,0.541666667,1.1009375
03-01-2026 04:00,03-01-2026 04:15,49,83,85.54,0.54,169.33,6.42,2026,3,1,4,0,6,0.185152095,-0.982709877,0.55,0.42,0.35,0.27,0.485,0.556666667,1.10375
03-01-2026 04:15,03-01-2026 04:30,49,83,85.59,0.32,57.47,6.38,2026,3,1,4,15,6,0.843110001,0.537741133,0.54,0.39,0.73,0.39,0.4675,0.5525,1.103020833
03-01-2026 04:30,03-01-2026 04:45,49,83,85.68,0.65,126.27,6.34,2026,3,1,4,30,6,0.806238149,-0.591591115,0.32,0.46,0.71,0.62,0.515,0.525,1.103333333
03-01-2026 04:45,03-01-2026 05:00,54.93,89.4,85.75,0.27,114.35,6.22,2026,3,1,4,45,6,0.911043816,-0.412309551,0.65,0.55,0.36,0.73,0.445,0.479166667,1.098541667
03-01-2026 05:00,03-01-2026 05:15,54,80,86.06,0.27,250.14,6.22,2026,3,1,5,0,6,-0.940525528,-0.339723022,0.27,0.54,0.42,0.4,0.3775,0.4725,1.0971875
03-01-2026 05:15,03-01-2026 05:30,54,80,86.28,0.3,238.34,6.32,2026,3,1,5,15,6,-0.85117775,-0.524877545,0.27,0.32,0.39,0.43,0.3725,0.436666667,1.095833333
03-01-2026 05:30,03-01-2026 05:45,54,80,86.59,0.27,199.46,6.28,2026,3,1,5,30,6,-0.33314869,-0.942874303,0.3,0.65,0.46,0.37,0.2775,0.4,1.094791667
03-01-2026 05:45,03-01-2026 06:00,58.67,100.2,86.72,0.43,262.25,6.29,2026,3,1,5,45,6,-0.990865897,-0.13485093,0.27,0.27,0.55,0.46,0.3175,0.405833333,1.094479167
03-01-2026 06:00,03-01-2026 06:15,57,111,87.14,0.46,150.58,6.55,2026,3,1,6,0,6,0.491207835,-0.8710424,0.43,0.27,0.54,0.8,0.365,0.409166667,1.0909375
03-01-2026 06:15,03-01-2026 06:30,57,111,87.35,0.46,169.59,7.4,2026,3,1,6,15,6,0.180690808,-0.983539949,0.46,0.3,0.32,0.45,0.405,0.415,1.091041667
03-01-2026 06:30,03-01-2026 06:45,57,111,87.68,0.58,187.51,8.68,2026,3,1,6,30,6,-0.13069923,-0.991422065,0.46,0.27,0.65,1.17,0.4825,0.425,1.084895833
03-01-2026 06:45,03-01-2026 07:00,63.41,125.8,87.73,0.78,238.31,9.02,2026,3,1,6,45,6,-0.850902809,-0.525323149,0.58,0.43,0.27,0.69,0.57,0.444166667,1.085833333
03-01-2026 07:00,03-01-2026 07:15,72,135,87.82,0.41,163.06,9.14,2026,3,1,7,0,6,0.291370105,-0.956610402,0.78,0.46,0.27,0.38,0.5575,0.433333333,1.086145833
03-01-2026 07:15,03-01-2026 07:30,72,135,87.86,0.55,304.76,9.45,2026,3,1,7,15,6,-0.821547442,0.570140158,0.41,0.46,0.3,0.85,0.58,0.4525,1.083020833
03-01-2026 07:30,03-01-2026 07:45,72,135,87.81,0.64,278.79,9.4,2026,3,1,7,30,6,-0.988255067,0.152813356,0.55,0.58,0.27,0.52,0.595,0.451666667,1.084270833
03-01-2026 10:00,03-01-2026 10:15,67,121,67.62,0.82,77.98,9.81,2026,3,1,10,0,6,0.978074966,0.208253116,0.88,0.6,0.69,1.65,0.905,0.914166667,1.067291667
03-01-2026 10:15,03-01-2026 10:30,67,121,70.84,0.64,53.19,9.88,2026,3,1,10,15,6,0.800626809,0.599163343,0.82,0.89,0.84,2.91,0.8425,0.921666667,1.043645833
03-01-2026 10:30,03-01-2026 10:45,67,121,73.03,0.97,62.1,10.01,2026,3,1,10,30,6,0.88376563,0.467929814,0.64,1.03,1.13,2.27,0.8275,0.949166667,1.030104167
03-01-2026 10:45,03-01-2026 11:00,68.42,115.6,73.75,0.91,64.83,9.94,2026,3,1,10,45,6,0.905049866,0.425305467,0.97,0.88,1.14,2.37,0.835,0.878333333,1.014895833
03-01-2026 11:00,03-01-2026 11:15,70,111,72.98,0.82,62.3,10.32,2026,3,1,11,0,6,0.885393626,0.464842046,0.91,0.82,0.6,2.73,0.835,0.889166667,0.995
03-01-2026 11:15,03-01-2026 11:30,70,111,70.46,0.87,77.14,10.12,2026,3,1,11,15,6,0.974916815,0.22256955,0.82,0.64,0.89,1.48,0.8925,0.891666667,0.988645833
03-01-2026 11:30,03-01-2026 11:45,70,111,69.89,1.41,98.33,9.92,2026,3,1,11,30,6,0.989450069,-0.144874296,0.87,0.97,1.03,2,1.0025,0.915,0.9825
03-01-2026 11:45,03-01-2026 12:00,74.46,107.6,70.54,1.2,92.18,10.41,2026,3,1,11,45,6,0.999276255,-0.038038998,1.41,0.91,0.88,1.98,1.075,0.92,0.974375
03-01-2026 12:00,03-01-2026 12:15,55,87,70.45,0.88,65.98,10.28,2026,3,1,12,0,6,0.913403424,0.407055506,1.2,0.82,0.82,1.86,1.09,0.943333333,0.964166667
03-01-2026 12:15,03-01-2026 12:30,55,87,71.23,0.97,69.16,10.26,2026,3,1,12,15,6,0.934577537,0.355759507,0.88,0.87,0.64,2.66,1.115,0.95,0.9465625
03-01-2026 12:30,03-01-2026 12:45,55,87,71.98,1.2,57.9,10.46,2026,3,1,12,30,6,0.847121921,0.53139858,0.97,1.41,0.97,1.28,1.0625,0.964166667,0.945729167
03-01-2026 12:45,03-01-2026 13:00,65.97,98.2,72.26,1.44,52.58,10.29,2026,3,1,12,45,6,0.794202558,0.607653106,1.2,1.2,0.91,1.72,1.1225,1.010833333,0.9428125
03-01-2026 13:00,03-01-2026 13:15,52,74,72.94,1.06,97.72,10.22,2026,3,1,13,0,6,0.990936369,-0.134332096,1.44,0.88,0.82,1.51,1.1675,1.030833333,0.938125
03-01-2026 13:15,03-01-2026 13:30,52,74,72.22,1.23,73.66,10.24,2026,3,1,13,15,6,0.959609116,0.281336711,1.06,0.97,0.87,1.36,1.2325,1.08,0.936770833
03-01-2026 13:30,03-01-2026 13:45,52,74,71.95,1.24,52.98,10.18,2026,3,1,13,30,6,0.798425388,0.602093763,1.23,1.2,1.41,1.18,1.2425,1.1025,0.937395833
03-01-2026 13:45,03-01-2026 14:00,60.06,86.8,72.18,1.21,63.71,10.12,2026,3,1,13,45,6,0.896563747,0.442914718,1.24,1.44,1.2,1.13,1.185,1.1275,0.938229167
03-01-2026 14:00,03-01-2026 14:15,41.6,72,71.95,0.89,63.07,10.15,2026,3,1,14,0,6,0.891560513,0.452901591,1.21,1.06,0.88,2.14,1.1425,1.133333333,0.925208333
03-01-2026 14:15,03-01-2026 14:30,52,72,72.29,1.6,85.72,10.15,2026,3,1,14,15,6,0.997211245,0.074630639,0.89,1.23,0.97,1.62,1.235,1.194166667,0.925
03-01-2026 14:30,03-01-2026 14:45,52,72,72.97,0.93,116.26,10.18,2026,3,1,14,30,6,0.896795534,-0.442445217,1.6,1.24,1.2,1.28,1.1575,1.154166667,0.921354167
03-01-2026 14:45,03-01-2026 15:00,63.98,98,73.07,1.14,92.69,10.12,2026,3,1,14,45,6,0.998898081,-0.046932111,0.93,1.21,1.44,2.03,1.14,1.149166667,0.912083333
03-01-2026 15:00,03-01-2026 15:15,44.8,90,73.27,1.22,41.36,10.29,2026,3,1,15,0,6,0.660788028,0.75057257,1.14,0.89,1.06,1.32,1.2225,1.1775,0.911041667
03-01-2026 15:15,03-01-2026 15:30,56,90,73.9,1.25,114.52,10.04,2026,3,1,15,15,6,0.90981646,-0.415010854,1.22,1.6,1.23,1.58,1.135,1.200833333,0.907604167
03-01-2026 15:30,03-01-2026 15:45,56,90,73.05,1.33,39.68,9.95,2026,3,1,15,30,6,0.638499207,0.76962248,1.25,0.93,1.24,1.04,1.235,1.211666667,0.910625
03-01-2026 15:45,03-01-2026 16:00,65.54,100,73.3,0.76,120.17,9.64,2026,3,1,15,45,6,0.864538064,-0.502567344,1.33,1.14,1.21,1.62,1.14,1.155,0.901666667
03-01-2026 16:00,03-01-2026 16:15,35.2,71,73.72,1.24,45.68,9.63,2026,3,1,16,0,6,0.715448897,0.698665067,0.76,1.22,0.89,2.13,1.145,1.17,0.892395833
03-01-2026 16:15,03-01-2026 16:30,44,71,73.88,1.53,34.7,9.54,2026,3,1,16,15,6,0.569279523,0.822144041,1.24,1.25,1.6,2.28,1.215,1.195,0.884583333
03-01-2026 16:30,03-01-2026 16:45,44,71,73.41,1.12,124.47,9.5,2026,3,1,16,30,6,0.824422645,-0.565974648,1.53,1.33,0.93,1.64,1.1625,1.185,0.879166667
03-01-2026 16:45,03-01-2026 17:00,44.6,71,73.85,1.46,36.85,9.35,2026,3,1,16,45,6,0.59972214,0.800208319,1.12,0.76,1.14,1.51,1.3375,1.205833333,0.878645833
03-01-2026 17:00,03-01-2026 17:15,47,71,74.11,1.29,72.31,9.26,2026,3,1,17,0,6,0.952714531,0.303866786,1.46,1.24,1.22,1.21,1.35,1.239166667,0.879479167
03-01-2026 17:15,03-01-2026 17:30,47,71,74.9,1.44,88.94,9.15,2026,3,1,17,15,6,0.999828871,0.018499435,1.29,1.53,1.25,1.94,1.3275,1.225833333,0.874270833
03-01-2026 17:30,03-01-2026 17:45,47,71,75.7,0.73,45.73,9.05,2026,3,1,17,30,6,0.716058325,0.698040454,1.44,1.12,1.33,1.05,1.23,1.209166667,0.8709375
03-01-2026 17:45,03-01-2026 18:00,47,77,76.57,1.16,74.87,8.71,2026,3,1,17,45,6,0.965336099,0.261009993,0.73,1.46,0.76,1.47,1.155,1.210833333,0.867708333
03-01-2026 18:00,03-01-2026 18:15,52,86,77.89,0.88,95.3,7.91,2026,3,1,18,0,6,0.995724698,-0.092370587,1.16,1.29,1.24,1.6,1.0525,1.1825,0.860208333
03-01-2026 18:15,03-01-2026 18:30,52,86,78.04,0.82,84.22,6.61,2026,3,1,18,15,6,0.994915924,0.100709012,0.88,1.44,1.53,1.63,0.8975,1.146666667,0.851770833
03-01-2026 18:30,03-01-2026 18:45,52,86,78.35,1.1,137.48,6.25,2026,3,1,18,30,6,0.675847525,-0.737041466,0.82,0.73,1.12,1.01,0.99,1.1275,0.852708333
03-01-2026 18:45,03-01-2026 19:00,52,82.8,78.08,1.01,52.89,6.22,2026,3,1,18,45,6,0.797478637,0.603347183,1.1,1.16,1.46,1.05,0.9525,1.148333333,0.852291667
03-01-2026 19:00,03-01-2026 19:15,48,78,76.95,1.13,74.21,6.15,2026,3,1,19,0,6,0.962265501,0.272112304,1.01,0.88,1.29,1.34,1.015,1.139166667,0.850104167
03-01-2026 19:15,03-01-2026 19:30,48,78,77.37,0.58,135.08,6.21,2026,3,1,19,15,6,0.706118785,-0.708093399,1.13,0.82,1.44,0.81,0.955,1.06,0.847708333
03-01-2026 19:30,03-01-2026 19:45,48,78,77.73,1.19,65.63,6.25,2026,3,1,19,30,6,0.910899837,0.41262754,0.58,1.1,0.73,1.19,0.9775,1.065833333,0.847708333
03-01-2026 19:45,03-01-2026 20:00,48.4,78.8,78.4,0.89,83.23,6.39,2026,3,1,19,45,6,0.993027368,0.117884037,1.19,1.01,1.16,0.94,0.9475,1.018333333,0.8471875
03-01-2026 20:00,03-01-2026 20:15,50,80,78.88,0.41,61.17,6.47,2026,3,1,20,0,6,0.876054314,0.482212441,0.89,1.13,0.88,1.16,0.7675,0.945,0.839375
03-01-2026 20:15,03-01-2026 20:30,50,80,79.84,0.84,80.71,6.42,2026,3,1,20,15,6,0.986883907,0.16143158,0.41,0.58,0.82,0.93,0.8325,0.895,0.8384375
03-01-2026 20:30,03-01-2026 20:45,50,80,80.13,0.94,46.64,6.51,2026,3,1,20,30,6,0.727054171,0.686580099,0.84,1.19,1.1,0.59,0.77,0.9125,0.842083333
03-01-2026 20:45,03-01-2026 21:00,55.47,88.6,79.78,0.98,71.11,6.36,2026,3,1,20,45,6,0.946141879,0.32375229,0.94,0.89,1.01,0.99,0.7925,0.8975,0.841979167
03-01-2026 21:00,03-01-2026 21:15,50,82,80.17,1.09,92.39,6.51,2026,3,1,21,0,6,0.999130124,-0.041701273,0.98,0.41,1.13,1.6,0.9625,0.915,0.836666667
03-01-2026 21:15,03-01-2026 21:30,50,82,80.61,0.44,62.35,6.52,2026,3,1,21,15,6,0.88579894,0.464069217,1.09,0.84,0.58,0.9,0.8625,0.883333333,0.831875
03-01-2026 21:30,03-01-2026 21:45,50,82,81.33,0.7,80.47,6.55,2026,3,1,21,30,6,0.986199048,0.165564001,0.44,0.94,1.19,0.78,0.8025,0.85,0.831041667
03-01-2026 23:00,03-01-2026 23:15,39,74,81.49,0.51,106.2,6.34,2026,3,1,23,0,6,0.960293686,-0.278991106,0.92,0.52,1.09,0.89,0.8225,0.759166667,0.826666667
03-01-2026 23:15,03-01-2026 23:30,39,74,81.27,0.27,154.97,6.38,2026,3,1,23,15,6,0.423092745,-0.90608638,0.51,1.07,0.44,0.87,0.6225,0.711666667,0.820416667
03-01-2026 23:30,03-01-2026 23:45,39,74,81.15,0.37,83.96,6.39,2026,3,1,23,30,6,0.994448678,0.105222745,0.27,0.79,0.7,0.68,0.5175,0.664166667,0.8171875
03-01-2026 23:45,03-02-2026 00:00,39,78,81.26,0.43,67.17,6.27,2026,3,1,23,45,6,0.921660123,0.38799822,0.37,0.92,0.31,0.39,0.395,0.618333333,0.817604167
04-01-2026 00:45,04-01-2026 01:00,14.5,115.75,77.84,0.44,41.28,6.19,2026,4,1,0,45,2,0.659739387,0.751494472,0.41,0.59,0.41,0.65,0.3825,0.48,0.887604167
04-01-2026 01:00,04-01-2026 01:15,16,21,77.91,0.57,52.67,6.33,2026,4,1,1,0,2,0.795156077,0.606404826,0.44,0.38,0.42,0.51,0.43,0.485,0.888229167
04-01-2026 01:15,04-01-2026 01:30,16,21,77.71,1.19,49.27,6.39,2026,4,1,1,15,2,0.757792794,0.652495273,0.57,0.3,0.63,0.92,0.6525,0.540833333,0.891041667
04-01-2026 01:30,04-01-2026 01:45,16,21,77.96,0.61,78.96,6.32,2026,4,1,1,30,2,0.981493734,0.191494254,1.19,0.41,0.75,0.51,0.7025,0.558333333,0.892083333
04-01-2026 01:45,04-01-2026 02:00,17,26.25,77.91,0.92,64.27,6.37,2026,4,1,1,45,2,0.900849834,0.434130828,0.61,0.44,0.59,0.44,0.8225,0.600833333,0.897083333
04-01-2026 02:00,04-01-2026 02:15,18,28,77.78,0.65,61.41,6.33,2026,4,1,2,0,2,0.87806651,0.478538614,0.92,0.57,0.38,0.78,0.8425,0.62,0.895729167
04-01-2026 02:15,04-01-2026 02:30,18,28,77.16,0.44,94.52,6.33,2026,4,1,2,15,2,0.996889886,-0.078807081,0.65,1.19,0.3,0.51,0.655,0.604166667,0.895
04-01-2026 02:30,04-01-2026 02:45,18,28,77.54,0.39,85.84,6.28,2026,4,1,2,30,2,0.997365364,0.072541922,0.44,0.61,0.41,0.27,0.6,0.574166667,0.89625
04-01-2026 02:45,04-01-2026 03:00,15.5,27.25,77.62,0.57,63.55,6.28,2026,4,1,2,45,2,0.895323402,0.445416666,0.39,0.92,0.44,0.74,0.5125,0.5725,0.894479167
04-01-2026 03:00,04-01-2026 03:15,26,27,77.66,0.56,37.66,6.4,2026,4,1,3,0,2,0.610974513,0.791650267,0.57,0.65,0.57,0.93,0.49,0.5875,0.890625
04-01-2026 03:15,04-01-2026 03:30,26,27,77.56,0.27,63.77,6.49,2026,4,1,3,15,2,0.897027075,0.441975596,0.56,0.44,1.19,0.78,0.4475,0.585,0.8853125
04-01-2026 03:30,04-01-2026 03:45,26,27,77.93,0.27,31.67,6.37,2026,4,1,3,30,2,0.525026095,0.851086129,0.27,0.39,0.61,0.53,0.4175,0.573333333,0.882604167
04-01-2026 03:45,04-01-2026 04:00,12,21.4,77.71,0.59,61.73,6.34,2026,4,1,3,45,2,0.880725465,0.473627127,0.27,0.57,0.92,0.95,0.4225,0.585833333,0.878854167
04-01-2026 04:00,04-01-2026 04:15,11,20,77.87,0.37,65.97,6.42,2026,4,1,4,0,2,0.913332366,0.407214919,0.59,0.56,0.65,0.27,0.375,0.569166667,0.879895833
04-01-2026 04:15,04-01-2026 04:30,11,20,77.76,0.27,26.5,6.41,2026,4,1,4,15,2,0.446197813,0.894934362,0.37,0.27,0.44,0.81,0.375,0.4925,0.874270833
04-01-2026 04:30,04-01-2026 04:45,11,20,77.83,0.36,29.85,6.34,2026,4,1,4,30,2,0.49773104,0.867331431,0.27,0.27,0.39,0.45,0.3975,0.471666667,0.873333333
04-01-2026 04:45,04-01-2026 05:00,23.93,41.33,77.86,0.64,26.5,6.2,2026,4,1,4,45,2,0.446197813,0.894934362,0.36,0.59,0.57,0.28,0.41,0.448333333,0.877083333
04-01-2026 05:00,04-01-2026 05:15,15,28,78,0.27,26.5,6.23,2026,4,1,5,0,2,0.446197813,0.894934362,0.64,0.37,0.56,0.77,0.385,0.416666667,0.871875
04-01-2026 05:15,04-01-2026 05:30,15,28,77.75,0.31,55.26,6.15,2026,4,1,5,15,2,0.821746409,0.569853349,0.27,0.27,0.27,0.63,0.395,0.405833333,0.868541667
04-01-2026 05:30,04-01-2026 05:45,15,28,77.68,0.42,88.99,6.09,2026,4,1,5,30,2,0.999844634,0.017626913,0.31,0.36,0.27,0.88,0.41,0.408333333,0.86375
04-01-2026 05:45,04-01-2026 06:00,40.23,67.5,77.68,0.27,73.6,6.74,2026,4,1,5,45,2,0.959313975,0.282341457,0.42,0.64,0.59,0.79,0.3175,0.383333333,0.858333333
04-01-2026 06:00,04-01-2026 06:15,10,28,78.01,0.27,224.86,9.72,2026,4,1,6,0,2,-0.705376884,-0.708832456,0.27,0.27,0.37,0.78,0.3175,0.359166667,0.853020833
04-01-2026 06:15,04-01-2026 06:30,10,28,78.24,0.27,215.67,13.91,2026,4,1,6,15,2,-0.583115925,-0.812388957,0.27,0.31,0.27,0.7,0.3075,0.359166667,0.848541667
04-01-2026 06:30,04-01-2026 06:45,10,28,77.63,0.27,87.34,21.48,2026,4,1,6,30,2,0.998922518,0.046409083,0.27,0.42,0.36,0.51,0.27,0.359166667,0.846041667
04-01-2026 06:45,04-01-2026 07:00,10.25,37,77.51,0.27,103.37,26.47,2026,4,1,6,45,2,0.972897088,-0.231238527,0.27,0.27,0.64,0.69,0.27,0.3325,0.841666667
04-01-2026 07:00,04-01-2026 07:15,21,40,79.19,0.27,115.54,27.94,2026,4,1,7,0,2,0.902284511,-0.431141115,0.27,0.27,0.27,0.8,0.27,0.324166667,0.836145833
04-01-2026 07:15,04-01-2026 07:30,21,40,78.75,0.27,104.54,37.18,2026,4,1,7,15,2,0.967972606,-0.251055838,0.27,0.27,0.31,1.07,0.27,0.324166667,0.8278125
04-01-2026 07:30,04-01-2026 07:45,21,40,77.72,0.36,138.36,103.53,2026,4,1,7,30,2,0.664448112,-0.7473344,0.27,0.27,0.42,0.83,0.2925,0.324166667,0.822916667
04-01-2026 07:45,04-01-2026 08:00,21,97,75.31,0.65,73.83,128.58,2026,4,1,7,45,2,0.960439633,0.278488259,0.36,0.27,0.27,0.92,0.3875,0.325,0.820104167
04-01-2026 08:00,04-01-2026 08:15,42,116,72.42,1.17,91.76,152.63,2026,4,1,8,0,2,0.999528246,-0.030712964,0.65,0.27,0.27,1.75,0.6125,0.4,0.8140625
04-01-2026 15:45,04-01-2026 16:00,27.71,45.6,64.83,1.09,74.85,164.37,2026,4,1,15,45,2,0.96524493,0.261346943,0.71,0.86,1.39,1.42,0.8375,0.950833333,0.711041667
04-01-2026 16:00,04-01-2026 16:15,11,17,65.34,0.72,36.88,143.9,2026,4,1,16,0,2,0.600141046,0.799894196,1.09,0.75,1.02,1.4,0.83,0.896666667,0.703958333
04-01-2026 16:15,04-01-2026 16:30,11,17,65.43,0.7,63.2,122.92,2026,4,1,16,15,2,0.892585818,0.450877541,0.72,0.8,0.63,0.86,0.805,0.884166667,0.702291667
04-01-2026 16:30,04-01-2026 16:45,11,17,65.76,0.85,45.91,102.37,2026,4,1,16,30,2,0.718247747,0.695787449,0.7,0.71,0.93,0.95,0.84,0.870833333,0.70125
04-01-2026 16:45,04-01-2026 17:00,9.2,17,66.32,0.46,50.79,81.09,2026,4,1,16,45,2,0.774834167,0.632164546,0.85,1.09,0.86,0.74,0.6825,0.793333333,0.698333333
04-01-2026 17:00,04-01-2026 17:15,8,17,67,1.01,54.76,61.24,2026,4,1,17,0,2,0.816742274,0.57700265,0.46,0.72,0.75,0.85,0.755,0.7925,0.7
04-01-2026 17:15,04-01-2026 17:30,8,17,67.94,1,55.4,39.13,2026,4,1,17,15,2,0.823136369,0.567843745,1.01,0.7,0.8,0.83,0.83,0.823333333,0.701770833
04-01-2026 17:30,04-01-2026 17:45,8,17,68.94,0.45,59.94,16.83,2026,4,1,17,30,2,0.86550133,0.500906625,1,0.85,0.71,0.54,0.73,0.783333333,0.700833333
04-01-2026 17:45,04-01-2026 18:00,26,48.6,70.32,0.58,79.01,11.59,2026,4,1,17,45,2,0.981660471,0.190637666,0.45,0.46,1.09,0.72,0.76,0.76,0.699375
04-01-2026 18:00,04-01-2026 18:15,5,22,71.79,0.71,64.07,7.74,2026,4,1,18,0,2,0.899328947,0.437272736,0.58,1.01,0.72,0.76,0.685,0.756666667,0.698854167
04-01-2026 18:15,04-01-2026 18:30,5,22,72.46,0.56,75.47,6.35,2026,4,1,18,15,2,0.968016409,0.250886891,0.71,1,0.7,0.33,0.575,0.736666667,0.70125
04-01-2026 18:30,04-01-2026 18:45,5,22,73.33,0.76,83.79,6.15,2026,4,1,18,30,2,0.994132099,0.108172866,0.56,0.45,0.85,0.47,0.6525,0.740833333,0.704270833
04-01-2026 18:45,04-01-2026 19:00,35.93,55.25,72.85,0.41,95.88,6.32,2026,4,1,18,45,2,0.994738638,-0.102445314,0.76,0.58,0.46,0.66,0.61,0.684166667,0.701666667
04-01-2026 19:00,04-01-2026 19:15,18,21,73.02,0.57,105.82,6.31,2026,4,1,19,0,2,0.962122891,-0.272616108,0.41,0.71,1.01,0.47,0.575,0.671666667,0.702708333
04-01-2026 19:15,04-01-2026 19:30,18,21,73,0.93,65.28,6.23,2026,4,1,19,15,2,0.908362259,0.418184178,0.57,0.56,1,0.34,0.6675,0.690833333,0.708854167
04-01-2026 19:30,04-01-2026 19:45,18,21,73.62,0.53,77.67,6.42,2026,4,1,19,30,2,0.976933898,0.213541937,0.93,0.76,0.45,0.43,0.61,0.664166667,0.709895833
04-01-2026 19:45,04-01-2026 20:00,9,24,73.74,0.61,86.09,6.36,2026,4,1,19,45,2,0.997672393,0.068189418,0.53,0.41,0.58,0.74,0.66,0.676666667,0.708541667
04-01-2026 20:00,04-01-2026 20:15,9,24,74,0.41,88.08,6.46,2026,4,1,20,0,2,0.999438582,0.03350405,0.61,0.57,0.71,0.47,0.62,0.626666667,0.707916667
04-01-2026 20:15,04-01-2026 20:30,9,24,73.44,0.73,50.44,6.39,2026,4,1,20,15,2,0.770958061,0.636885915,0.41,0.93,0.56,0.36,0.57,0.604166667,0.711770833
04-01-2026 20:30,04-01-2026 20:45,9,24,73.23,0.79,93.45,6.55,2026,4,1,20,30,2,0.998187693,-0.060177479,0.73,0.53,0.76,0.53,0.635,0.6325,0.714479167
04-01-2026 20:45,04-01-2026 21:00,6,20,73.12,0.51,64.85,6.38,2026,4,1,20,45,2,0.90519827,0.424989519,0.79,0.61,0.41,0.96,0.61,0.626666667,0.709791667
04-01-2026 21:00,04-01-2026 21:15,7,20,73.35,0.52,68.86,6.44,2026,4,1,21,0,2,0.932701982,0.360648045,0.51,0.41,0.57,0.63,0.6375,0.610833333,0.708645833
04-01-2026 21:15,04-01-2026 21:30,7,20,73.87,0.51,42.11,6.41,2026,4,1,21,15,2,0.670556108,0.741858818,0.52,0.73,0.93,0.32,0.5825,0.606666667,0.710625
04-01-2026 21:30,04-01-2026 21:45,7,20,73.88,0.32,88.01,6.38,2026,4,1,21,30,2,0.999396903,0.03472507,0.51,0.79,0.53,0.37,0.465,0.57,0.710104167
04-01-2026 21:45,04-01-2026 22:00,4,13,73.57,0.34,65.33,6.39,2026,4,1,21,45,2,0.908726848,0.417391323,0.32,0.51,0.61,0.46,0.4225,0.564166667,0.708854167
04-01-2026 22:00,04-01-2026 22:15,5.2,13,74.06,0.57,93.63,6.46,2026,4,1,22,0,2,0.997993715,-0.063313076,0.34,0.52,0.41,0.51,0.435,0.564166667,0.709479167
04-01-2026 22:15,04-01-2026 22:30,6,13,74.4,0.76,80.01,6.38,2026,4,1,22,15,2,0.984838045,0.173476294,0.57,0.51,0.73,0.52,0.4975,0.55,0.711979167
04-01-2026 22:30,04-01-2026 22:45,5,13,73.77,0.72,40.73,6.21,2026,4,1,22,30,2,0.652495273,0.757792794,0.76,0.32,0.79,0.4,0.5975,0.565833333,0.7153125
04-01-2026 22:45,04-01-2026 23:00,25.06,38.8,74.12,0.29,78.37,6.15,2026,4,1,22,45,2,0.979469831,0.201590798,0.72,0.34,0.51,0.41,0.585,0.539166667,0.7140625
04-01-2026 23:00,04-01-2026 23:15,10,13,74.2,0.55,33.65,6.15,2026,4,1,23,0,2,0.554118199,0.832437998,0.29,0.57,0.52,0.42,0.58,0.550833333,0.715416667
04-01-2026 23:15,04-01-2026 23:30,10,13,74.73,0.28,30.46,6.22,2026,4,1,23,15,2,0.506936709,0.861983279,0.55,0.76,0.51,0.63,0.46,0.513333333,0.711770833
04-01-2026 23:30,04-01-2026 23:45,10,13,74.78,0.52,83.16,6.18,2026,4,1,23,30,2,0.992882605,0.11909716,0.28,0.72,0.32,0.75,0.41,0.490833333,0.709375
04-01-2026 23:45,04-02-2026 00:00,8.6,20,75.45,0.44,68.86,6.24,2026,4,1,23,45,2,0.932701982,0.360648045,0.52,0.29,0.34,0.59,0.4475,0.485,0.7078125
05-01-2026 00:00,05-01-2026 00:15,2,39,86.63,1.94,155.44,6.46,2026,5,1,0,0,4,0.415645924,-0.909526506,1.45,1.23,1.1,1.53,1.4075,1.233333333,1.305833333
05-01-2026 00:15,05-01-2026 00:30,2,39,86.31,1.53,80.67,6.41,2026,5,1,0,15,4,0.986770966,0.162120515,1.94,1.12,1,1.36,1.51,1.2525,1.307604167
05-01-2026 00:30,05-01-2026 00:45,1.6,39,85.77,1.77,81.33,6.53,2026,5,1,0,30,4,0.988572951,0.150743225,1.53,1.12,1.33,1.07,1.6725,1.315,1.314895833
05-01-2026 00:45,05-01-2026 01:00,17.33,45,84.05,1.44,138.97,6.29,2026,5,1,0,45,4,0.656454104,-0.754365965,1.77,1.45,1.29,1.66,1.67,1.36,1.312604167
05-01-2026 01:00,05-01-2026 01:15,3,26,81.49,1.53,152.9,6.43,2026,5,1,1,0,4,0.455544907,-0.890212805,1.44,1.94,1.23,1.05,1.5675,1.395833333,1.317604167
05-01-2026 01:15,05-01-2026 01:30,3,26,80.14,1.47,171.1,6.45,2026,5,1,1,15,4,0.154710386,-0.987959866,1.53,1.53,1.12,1.03,1.5525,1.435,1.3221875
05-01-2026 01:30,05-01-2026 01:45,2.4,26,80.16,1.18,120.6,6.34,2026,5,1,1,30,4,0.860742027,-0.509041416,1.47,1.77,1.12,1.33,1.405,1.4225,1.320625
05-01-2026 01:45,05-01-2026 02:00,22.85,55.4,80.49,2.17,206.13,6.36,2026,5,1,1,45,4,-0.440409316,-0.897797101,1.18,1.44,1.45,1.26,1.5875,1.495833333,1.330104167
05-01-2026 02:00,05-01-2026 02:15,0.7,27,80.5,1.57,192.99,6.38,2026,5,1,2,0,4,-0.224780991,-0.974409311,2.17,1.53,1.94,0.91,1.5975,1.524166667,1.336979167
05-01-2026 02:15,05-01-2026 02:30,0.7,27,80.24,1.82,162.35,6.38,2026,5,1,2,15,4,0.303201591,-0.952926437,1.57,1.47,1.53,1.52,1.685,1.5825,1.340104167
05-01-2026 02:30,05-01-2026 02:45,0.56,27,80.2,1.05,214.99,6.42,2026,5,1,2,30,4,-0.573433459,-0.81925214,1.82,1.18,1.77,0.96,1.6525,1.576666667,1.341041667
05-01-2026 02:45,05-01-2026 03:00,0.7,19,80.34,1.5,200.25,6.44,2026,5,1,2,45,4,-0.346117057,-0.938191336,1.05,2.17,1.44,0.42,1.485,1.580833333,1.352291667
05-01-2026 03:00,05-01-2026 03:15,0.7,19,80.32,1.57,109.79,6.41,2026,5,1,3,0,4,0.940939876,-0.3385737,1.5,1.57,1.53,1.12,1.485,1.55,1.356979167
05-01-2026 03:15,05-01-2026 03:30,0.7,19,80.25,1.26,154.36,6.22,2026,5,1,3,15,4,0.432715241,-0.901530654,1.57,1.82,1.47,0.55,1.345,1.5275,1.364375
05-01-2026 03:30,05-01-2026 03:45,0.56,19,80.1,1.31,158.93,6.18,2026,5,1,3,30,4,0.359508265,-0.933141901,1.26,1.05,1.18,1.29,1.41,1.489166667,1.364583333
05-01-2026 03:45,05-01-2026 04:00,7.48,14,80.1,1.28,120.16,6.03,2026,5,1,3,45,4,0.864625765,-0.502416446,1.31,1.5,2.17,0.35,1.355,1.475833333,1.374270833
05-01-2026 04:00,05-01-2026 04:15,12,14,79.83,0.95,215.5,6.06,2026,5,1,4,0,4,-0.580702956,-0.814115518,1.28,1.57,1.57,0.69,1.2,1.4275,1.376979167
05-01-2026 04:15,05-01-2026 04:30,12,14,78.84,1.48,162.3,6.21,2026,5,1,4,15,4,0.304033061,-0.952661481,0.95,1.26,1.82,1.12,1.255,1.428333333,1.380729167
05-01-2026 04:30,05-01-2026 04:45,9.6,14,78.46,1.32,171.73,6,2026,5,1,4,30,4,0.143838067,-0.989601238,1.48,1.31,1.05,0.68,1.2575,1.44,1.387395833
05-01-2026 04:45,05-01-2026 05:00,11.4,15,78.52,1.91,171.64,5.9,2026,5,1,4,45,4,0.145392351,-0.989374077,1.32,1.28,1.5,1.31,1.415,1.418333333,1.393645833
05-01-2026 05:00,05-01-2026 05:15,11,15,79.16,1.26,125.24,6.15,2026,5,1,5,0,4,0.816742274,-0.57700265,1.91,0.95,1.57,0.88,1.4925,1.3925,1.397604167
05-01-2026 05:15,05-01-2026 05:30,11,15,78.4,1.4,208.87,6.51,2026,5,1,5,15,4,-0.482823925,-0.875717453,1.26,1.48,1.26,0.87,1.4725,1.3575,1.403125
05-01-2026 05:30,05-01-2026 05:45,8.8,15,77.7,0.79,181.55,11.43,2026,5,1,5,30,4,-0.027049304,-0.999634101,1.4,1.32,1.31,0.96,1.34,1.335833333,1.401354167
05-01-2026 05:45,05-01-2026 06:00,9.2,36,77.04,0.84,147.02,15.1,2026,5,1,5,45,4,0.544346251,-0.838860632,0.79,1.91,1.28,1.08,1.0725,1.280833333,1.398854167
05-01-2026 06:00,05-01-2026 06:15,8,36,75.71,0.9,84.25,16.14,2026,5,1,6,0,4,0.994968518,0.100188062,0.84,1.26,0.95,1.12,0.9825,1.225,1.3965625
05-01-2026 06:15,05-01-2026 06:30,8,36,72.2,1.68,164.16,16.49,2026,5,1,6,15,4,0.272951936,-0.962027672,0.9,1.4,1.48,1.29,1.0525,1.26,1.400625
05-01-2026 06:30,05-01-2026 06:45,6.4,36,71.38,1.47,73.66,19.33,2026,5,1,6,30,4,0.959609116,0.281336711,1.68,0.79,1.32,1.36,1.2225,1.273333333,1.401770833
05-01-2026 06:45,05-01-2026 07:00,11,52,71.44,1.53,76.5,24.96,2026,5,1,6,45,4,0.97236992,0.233445364,1.47,0.84,1.91,1.38,1.395,1.294166667,1.403333333
05-01-2026 07:00,05-01-2026 07:15,13,52,70.87,0.78,180.52,29.38,2026,5,1,7,0,4,-0.009075588,-0.999958816,1.53,0.9,1.26,1.03,1.365,1.28,1.400729167
05-01-2026 07:15,05-01-2026 07:30,13,52,70.28,0.62,252.12,31.69,2026,5,1,7,15,4,-0.951701634,-0.30702443,0.78,1.68,1.4,1.66,1.1,1.208333333,1.389895833
05-01-2026 07:30,05-01-2026 07:45,13,52,69.59,1,161.9,41.01,2026,5,1,7,30,4,0.31067643,-0.950515732,0.62,1.47,0.79,1.75,0.9825,1.181666667,1.382083333
05-01-2026 07:45,05-01-2026 08:00,23.2,78,69.68,0.64,218.88,52.77,2026,5,1,7,45,4,-0.627691361,-0.778462302,1,1.53,0.84,1.15,0.76,1.075833333,1.376770833
05-01-2026 08:00,05-01-2026 08:15,30,78,69.66,0.72,242.29,65.83,2026,5,1,8,0,4,-0.885312482,-0.464996569,0.64,0.78,0.9,1.31,0.745,1.030833333,1.370625
05-01-2026 08:15,05-01-2026 08:30,30,78,69.3,0.78,238.95,94.37,2026,5,1,8,15,4,-0.856717519,-0.515785898,0.72,0.62,1.68,1.1,0.785,0.979166667,1.367291667
05-01-2026 08:30,05-01-2026 08:45,30,78,68.2,1.17,196.94,155.42,2026,5,1,8,30,4,-0.291370105,-0.956610402,0.78,1,1.47,1.72,0.8275,1.010833333,1.3615625
05-01-2026 14:15,05-01-2026 14:30,20,54,70.22,1.65,142.58,148.58,2026,5,1,14,15,4,0.607653106,-0.794202558,1.62,2.66,1.78,1.58,1.745,1.695,1.232916667
05-01-2026 14:45,05-01-2026 15:00,20.6,39,74.44,2.43,120.41,150,2026,5,1,14,45,4,0.862425337,-0.506184293,1.92,1.77,1.9,1.54,1.905,1.836666667,1.2484375
05-01-2026 15:00,05-01-2026 15:15,21,39,75.43,2.45,117.16,131.44,2026,5,1,15,0,4,0.889735271,-0.456476886,2.43,1.62,1.63,0.74,2.1125,1.9475,1.26625
05-01-2026 15:30,05-01-2026 15:45,16.8,39,75.45,1.46,74.39,144.57,2026,5,1,15,30,4,0.963115617,0.26908792,2.23,1.92,1.94,0.86,2.1425,1.971666667,1.283854167
05-01-2026 15:45,05-01-2026 16:00,27.9,60.4,76.12,1.99,97.38,125.18,2026,5,1,15,45,4,0.99171606,-0.12844943,1.46,2.43,1.77,0.94,2.0325,1.979166667,1.294791667
05-01-2026 16:00,05-01-2026 16:15,17,43,77.4,2.02,65.09,108.03,2026,5,1,16,0,4,0.906970516,0.421194116,1.99,2.45,1.62,1.2,1.925,2.011666667,1.303333333
05-01-2026 16:15,05-01-2026 16:30,17,43,78.51,2.25,156.02,86.75,2026,5,1,16,15,4,0.406417731,-0.91368738,2.02,2.23,1.65,1.45,1.93,1.9775,1.311666667
05-01-2026 16:30,05-01-2026 16:45,17,43,79.34,1.79,107.86,68.63,2026,5,1,16,30,4,0.951808747,-0.306692205,2.25,1.46,1.92,1.67,2.0125,1.965,1.312916667
05-01-2026 16:45,05-01-2026 17:00,24.72,61.6,80.21,1.57,148.63,51.87,2026,5,1,16,45,4,0.520562642,-0.85382348,1.79,1.99,2.43,1,1.9075,1.948333333,1.318854167
05-01-2026 17:00,05-01-2026 17:15,13,46,80.35,1.01,45.02,35.74,2026,5,1,17,0,4,0.707353565,0.706859911,1.57,2.02,2.45,1.11,1.655,1.8975,1.3178125
05-01-2026 17:15,05-01-2026 17:30,13,46,80.4,1.33,120.98,24.17,2026,5,1,17,15,4,0.857347031,-0.514738836,1.01,2.25,2.23,1.11,1.425,1.870833333,1.320104167
05-01-2026 17:30,05-01-2026 17:45,13,46,81.95,1.76,135.83,17.58,2026,5,1,17,30,4,0.696789634,-0.717275544,1.33,1.79,1.46,1.29,1.4175,1.8575,1.325
05-01-2026 17:45,05-01-2026 18:00,31.86,70,82.92,1.18,142.02,11.93,2026,5,1,17,45,4,0.61538637,-0.788225612,1.76,1.57,1.99,0.6,1.32,1.753333333,1.331041667
05-01-2026 18:00,05-01-2026 18:15,27,52,83.19,1.56,158.45,8.06,2026,5,1,18,0,4,0.36731303,-0.930097381,1.18,1.01,2.02,0.64,1.4575,1.679166667,1.340625
05-01-2026 18:15,05-01-2026 18:30,27,52,84.06,1.69,85.72,6.74,2026,5,1,18,15,4,0.997211245,0.074630639,1.56,1.33,2.25,0.89,1.5475,1.634166667,1.348958333
05-01-2026 18:30,05-01-2026 18:45,27,52,85.04,1.23,127.54,6.49,2026,5,1,18,30,4,0.792928151,-0.609315146,1.69,1.76,1.79,1.2,1.415,1.615,1.349270833
05-01-2026 18:45,05-01-2026 19:00,39.45,76.2,85.54,1.73,137.49,6.39,2026,5,1,18,45,4,0.675718876,-0.737159413,1.23,1.18,1.57,1.12,1.5525,1.593333333,1.355625
05-01-2026 19:00,05-01-2026 19:15,25,49,86.09,1.42,102.79,6.36,2026,5,1,19,0,4,0.975188007,-0.221378299,1.73,1.56,1.01,0.9,1.5175,1.543333333,1.361041667
05-01-2026 19:15,05-01-2026 19:30,25,49,86.27,0.97,185.82,6.39,2026,5,1,19,15,4,-0.10140357,-0.994845373,1.42,1.69,1.33,0.72,1.3375,1.436666667,1.363645833
05-01-2026 19:30,05-01-2026 19:45,25,49,86.27,1.28,93.36,6.36,2026,5,1,19,30,4,0.998280988,-0.058609456,0.97,1.23,1.76,0.92,1.35,1.394166667,1.367395833
05-01-2026 19:45,05-01-2026 20:00,28.39,57.4,86.33,1.67,182.66,6.36,2026,5,1,19,45,4,-0.046409083,-0.998922518,1.28,1.73,1.18,0.73,1.335,1.4025,1.3771875
05-01-2026 20:00,05-01-2026 20:15,12,36,86.21,1.29,61.37,6.34,2026,5,1,20,0,4,0.877732213,0.479151503,1.67,1.42,1.56,1.16,1.3025,1.425833333,1.378541667
05-01-2026 20:15,05-01-2026 20:30,12,36,86.1,1.26,97.5,6.14,2026,5,1,20,15,4,0.991444861,-0.130526192,1.29,0.97,1.69,1.04,1.375,1.42,1.380833333
05-01-2026 20:30,05-01-2026 20:45,25.93,54.5,85.75,1.57,148.38,6.14,2026,5,1,20,30,4,0.524283183,-0.851543977,1.26,1.28,1.23,1,1.4475,1.404166667,1.386770833
05-01-2026 20:45,05-01-2026 21:00,12.6,27,85.59,1.34,98.19,6.27,2026,5,1,20,45,4,0.989801109,-0.142456183,1.57,1.67,1.73,1.51,1.365,1.4175,1.385
05-01-2026 21:00,05-01-2026 21:15,17,27,85.64,1.28,64.71,6.11,2026,5,1,21,0,4,0.904157124,0.427200065,1.34,1.29,1.42,1.07,1.3625,1.394166667,1.3871875
05-01-2026 21:15,05-01-2026 21:30,17,27,85.73,0.99,97.43,6.01,2026,5,1,21,15,4,0.991603589,-0.129314817,1.28,1.26,0.97,1.3,1.295,1.335833333,1.383958333
05-01-2026 21:30,05-01-2026 21:45,35.44,55.2,85.79,1.46,157.84,6.1,2026,5,1,21,30,4,0.377194315,-0.926134142,0.99,1.57,1.28,1.02,1.2675,1.355,1.388541667
05-01-2026 21:45,05-01-2026 22:00,10.25,29,85.56,1.24,162.09,6.11,2026,5,1,21,45,4,0.307522698,-0.951540746,1.46,1.34,1.67,0.9,1.2425,1.314166667,1.392083333
05-01-2026 22:00,05-01-2026 22:15,12,29,85.06,1.4,107.39,6.07,2026,5,1,22,0,4,0.954292506,-0.298874241,1.24,1.28,1.29,1.1,1.2725,1.3125,1.395208333
05-01-2026 22:15,05-01-2026 22:30,12,29,84.47,1.14,146.09,6,2026,5,1,22,15,4,0.557889965,-0.829914928,1.4,0.99,1.26,1,1.31,1.326666667,1.396666667
05-01-2026 22:30,05-01-2026 22:45,28.71,52.6,83.37,1.22,174.9,6.04,2026,5,1,22,30,4,0.088894297,-0.996041065,1.14,1.46,1.57,1.33,1.25,1.321666667,1.395520833
05-01-2026 22:45,05-01-2026 23:00,7.8,32,82.46,1.46,170.52,5.93,2026,5,1,22,45,4,0.164703317,-0.986343154,1.22,1.24,1.34,1.29,1.305,1.304166667,1.397291667
05-01-2026 23:00,05-01-2026 23:15,9,32,82.27,1.05,132.78,6.04,2026,5,1,23,0,4,0.73396699,-0.679185143,1.46,1.4,1.28,1.23,1.2175,1.284166667,1.395416667
05-01-2026 23:15,05-01-2026 23:30,9,32,82.01,1.03,115.36,6.01,2026,5,1,23,15,4,0.903634526,-0.428304382,1.05,1.14,0.99,1.12,1.19,1.265,1.394479167
05-01-2026 23:30,05-01-2026 23:45,31.38,62.8,82.32,1.22,133.85,6,2026,5,1,23,30,4,0.721155944,-0.692772765,1.03,1.22,1.46,1.12,1.19,1.235833333,1.395520833
05-01-2026 23:45,05-02-2026 00:00,10.2,44,82.59,0.96,142.96,5.99,2026,5,1,23,45,4,0.602372429,-0.798215169,1.22,1.46,1.24,1.45,1.065,1.204166667,1.390416667
01-02-2026 00:00,01-02-2026 00:15,11.89,29,88.42,0.27,151.08,6.14,2026,1,2,0,0,4,0.483587949,-0.875295776,0.27,0.27,0.78,0.4,0.3125,0.4075,0.451875
01-02-2026 00:15,01-02-2026 00:30,11.89,29,88.66,0.27,208.2,6.11,2026,1,2,0,15,4,-0.472550765,-0.881303452,0.27,0.27,0.27,0.27,0.3125,0.3925,0.451875
01-02-2026 00:30,01-02-2026 00:45,11.89,29,89.2,0.27,266.63,6.14,2026,1,2,0,30,4,-0.998270744,-0.058783688,0.27,0.44,0.64,0.66,0.27,0.3825,0.4478125
01-02-2026 00:45,01-02-2026 01:00,12.22,29.8,89.41,0.4,153.99,6.13,2026,1,2,0,45,4,0.438528009,-0.898717522,0.27,0.27,0.38,0.75,0.3025,0.3775,0.444166667
01-02-2026 01:00,01-02-2026 01:15,13.53,33,89.39,0.44,26.5,6.14,2026,1,2,1,0,4,0.446197813,0.894934362,0.4,0.27,0.27,0.42,0.345,0.349166667,0.444375
01-02-2026 01:15,01-02-2026 01:30,13.53,33,89.31,0.27,152.04,5.96,2026,1,2,1,15,4,0.468855035,-0.883275131,0.44,0.27,0.27,0.7,0.345,0.349166667,0.439895833
01-02-2026 01:30,01-02-2026 01:45,13.53,33,89.16,0.36,213.36,6.04,2026,1,2,1,30,4,-0.549897772,-0.835231968,0.27,0.27,0.44,0.37,0.3675,0.325833333,0.439791667
01-02-2026 01:45,01-02-2026 02:00,24.19,59,89.18,0.37,26.5,6.06,2026,1,2,1,45,4,0.446197813,0.894934362,0.36,0.4,0.27,0.31,0.36,0.325,0.440416667
01-02-2026 02:00,01-02-2026 02:15,14.35,35,89.33,0.27,215.68,6.08,2026,1,2,2,0,4,-0.583257705,-0.812287172,0.37,0.44,0.27,0.47,0.3175,0.325,0.438333333
01-02-2026 02:15,01-02-2026 02:30,14.35,35,89.58,0.45,208.34,6.14,2026,1,2,2,15,4,-0.474702783,-0.880146163,0.27,0.27,0.27,0.31,0.3625,0.34,0.439791667
01-02-2026 02:30,01-02-2026 02:45,14.35,35,89.95,0.27,26.5,6.21,2026,1,2,2,30,4,0.446197813,0.894934362,0.45,0.36,0.27,0.31,0.34,0.325833333,0.439375
01-02-2026 02:45,01-02-2026 03:00,21.32,52,90.54,0.27,152.74,6.14,2026,1,2,2,45,4,0.458029071,-0.888937214,0.27,0.37,0.4,0.39,0.315,0.325833333,0.438125
01-02-2026 03:00,01-02-2026 03:15,14.35,35,91.03,0.27,344.69,6.14,2026,1,2,3,0,4,-0.264041393,0.964511349,0.27,0.27,0.44,0.3,0.315,0.325833333,0.4378125
01-02-2026 03:15,01-02-2026 03:30,14.35,35,91.42,0.27,151.81,6.18,2026,1,2,3,15,4,0.472396941,-0.881385914,0.27,0.45,0.27,0.32,0.27,0.325833333,0.437291667
01-02-2026 03:30,01-02-2026 03:45,14.35,35,91.69,0.35,339.43,6.14,2026,1,2,3,30,4,-0.351351481,0.936243631,0.27,0.27,0.36,0.29,0.29,0.3325,0.437916667
01-02-2026 03:45,01-02-2026 04:00,20.75,50.6,91.83,0.27,26.5,6.08,2026,1,2,3,45,4,0.446197813,0.894934362,0.35,0.27,0.37,0.27,0.29,0.321666667,0.437916667
01-02-2026 04:00,01-02-2026 04:15,15.99,39,91.96,0.27,26.5,6.17,2026,1,2,4,0,4,0.446197813,0.894934362,0.27,0.27,0.27,0.41,0.29,0.3075,0.436458333
01-02-2026 04:15,01-02-2026 04:30,15.99,39,92.34,0.27,118.54,6.08,2026,1,2,4,15,4,0.878483779,-0.477772174,0.27,0.27,0.45,0.4,0.29,0.3075,0.435104167
01-02-2026 04:30,01-02-2026 04:45,15.99,39,92.86,0.27,251.12,6.04,2026,1,2,4,30,4,-0.94619837,-0.323587152,0.27,0.35,0.27,0.27,0.27,0.3,0.435104167
01-02-2026 04:45,01-02-2026 05:00,27.06,66,93.07,0.27,251.75,6.11,2026,1,2,4,45,4,-0.949699126,-0.313163806,0.27,0.27,0.27,0.27,0.27,0.291666667,0.435104167
01-02-2026 05:00,01-02-2026 05:15,19.27,47,93.18,0.27,285.62,6.14,2026,1,2,5,0,4,-0.963068637,0.269256011,0.27,0.27,0.27,0.27,0.27,0.291666667,0.435104167
01-02-2026 05:15,01-02-2026 05:30,19.27,47,93.19,0.27,315.3,6.2,2026,1,2,5,15,4,-0.703394703,0.710799474,0.27,0.27,0.27,0.27,0.27,0.276666667,0.435104167
01-02-2026 05:30,01-02-2026 05:45,19.27,47,93.1,0.27,202.53,6.36,2026,1,2,5,30,4,-0.383167122,-0.923679033,0.27,0.27,0.35,0.27,0.27,0.276666667,0.435104167
01-02-2026 05:45,01-02-2026 06:00,24.44,59.6,93.05,0.27,26.5,6.22,2026,1,2,5,45,4,0.446197813,0.894934362,0.27,0.27,0.27,0.56,0.27,0.276666667,0.432083333
01-02-2026 06:00,01-02-2026 06:15,17.63,43,93.17,0.27,324.64,6.32,2026,1,2,6,0,4,-0.578711965,0.815532012,0.27,0.27,0.27,0.41,0.27,0.276666667,0.430625
01-02-2026 06:15,01-02-2026 06:30,17.63,43,93.27,0.27,324.48,6.41,2026,1,2,6,15,4,-0.5809871,0.813912765,0.27,0.27,0.27,0.32,0.27,0.276666667,0.430104167
01-02-2026 06:30,01-02-2026 06:45,17.63,43,93.19,0.27,324.56,7.78,2026,1,2,6,30,4,-0.579850098,0.814723183,0.27,0.27,0.27,0.27,0.27,0.27,0.430104167
01-02-2026 06:45,01-02-2026 07:00,19.19,46.8,92.9,0.27,208.07,11.87,2026,1,2,6,45,4,-0.470549936,-0.882373366,0.27,0.27,0.27,0.39,0.27,0.27,0.428854167
01-02-2026 07:00,01-02-2026 07:15,25.42,62,92.78,0.27,83.76,13.99,2026,1,2,7,0,4,0.994075324,0.108693378,0.27,0.27,0.27,0.37,0.27,0.27,0.4278125
01-02-2026 07:15,01-02-2026 07:30,25.42,62,92.83,0.27,348.6,17.31,2026,1,2,7,15,4,-0.19765734,0.980271175,0.27,0.27,0.27,0.4,0.27,0.27,0.426458333
01-02-2026 07:30,01-02-2026 07:45,25.42,62,92.85,0.27,292.93,23.14,2026,1,2,7,30,4,-0.920981534,0.389606228,0.27,0.27,0.27,0.32,0.27,0.27,0.4259375
01-02-2026 07:45,01-02-2026 08:00,31.32,76.4,92.7,0.35,299.41,24.78,2026,1,2,7,45,4,-0.871128119,0.491055802,0.27,0.27,0.27,0.41,0.29,0.276666667,0.4253125
01-02-2026 08:00,01-02-2026 08:15,22.14,54,92.59,0.27,247.48,28.73,2026,1,2,8,0,4,-0.923745895,-0.383005904,0.35,0.27,0.27,0.9,0.29,0.276666667,0.41875
01-02-2026 08:15,01-02-2026 08:30,22.14,54,92.27,0.27,152.97,37.85,2026,1,2,8,15,4,0.454456967,-0.890768693,0.27,0.27,0.27,0.39,0.29,0.276666667,0.4175
01-02-2026 08:30,01-02-2026 08:45,22.14,54,91.66,0.32,203.2,40.53,2026,1,2,8,30,4,-0.39394191,-0.919135339,0.27,0.27,0.27,0.49,0.3025,0.280833333,0.415729167
01-02-2026 08:45,01-02-2026 09:00,21.07,51.4,90.39,0.89,91.21,48.45,2026,1,2,8,45,4,0.999777013,-0.021116914,0.32,0.35,0.27,0.36,0.4375,0.3325,0.42125
01-02-2026 09:00,01-02-2026 09:15,16.81,41,87.43,1.1,208.7,54.72,2026,1,2,9,0,4,-0.480223497,-0.877146164,0.89,0.27,0.27,0.27,0.645,0.401666667,0.429895833
01-02-2026 09:15,01-02-2026 09:30,16.81,41,85.28,0.78,89.11,52.74,2026,1,2,9,15,4,0.999879359,0.015532806,1.1,0.27,0.27,0.4,0.7725,0.444166667,0.433854167
01-02-2026 09:30,01-02-2026 09:45,16.81,41,83.62,0.64,148.53,55.14,2026,1,2,9,30,4,0.522052052,-0.852913627,0.78,0.32,0.27,0.3,0.8525,0.475,0.437395833
01-02-2026 09:45,01-02-2026 10:00,24.11,58.8,82.34,2.26,182.21,57,2026,1,2,9,45,4,-0.038562213,-0.999256201,0.64,0.89,0.35,0.27,1.195,0.640833333,0.458125
01-02-2026 10:00,01-02-2026 10:15,19.68,48,82.09,1.7,313.79,55.91,2026,1,2,10,0,4,-0.721881019,0.692017192,2.26,1.1,0.27,0.49,1.345,0.76,0.470729167
01-02-2026 10:15,01-02-2026 10:30,19.68,48,81.2,1.14,28.44,57.78,2026,1,2,10,15,4,0.476238204,0.87931631,1.7,0.78,0.27,0.47,1.435,0.8325,0.477708333
01-02-2026 10:30,01-02-2026 10:45,19.68,48,79.57,1.82,87.17,61.75,2026,1,2,10,30,4,0.998780423,0.049372737,1.14,0.64,0.32,0.28,1.73,0.961666667,0.49375
01-02-2026 10:45,01-02-2026 11:00,17.96,43.8,79.1,1.39,46.75,68.81,2026,1,2,10,45,4,0.72837097,0.68518299,1.82,2.26,0.89,0.85,1.5125,1.048333333,0.499375
01-02-2026 11:00,01-02-2026 11:15,11.07,27,79.11,1.91,146.17,74.01,2026,1,2,11,0,4,0.556730642,-0.83069308,1.39,1.7,1.1,0.52,1.565,1.185,0.513854167
01-02-2026 11:15,01-02-2026 11:30,11.07,27,79.63,1.36,137.98,77.4,2026,1,2,11,15,4,0.669389972,-0.74291121,1.91,1.14,0.78,0.28,1.62,1.275833333,0.525104167
01-02-2026 11:30,01-02-2026 11:45,11.07,27,79.46,1.68,152.35,87.57,2026,1,2,11,30,4,0.464069217,-0.88579894,1.36,1.82,0.64,0.38,1.585,1.389166667,0.538645833
01-02-2026 11:45,01-02-2026 12:00,11.07,27,79.99,1.59,152.22,88.05,2026,1,2,11,45,4,0.466077835,-0.884743721,1.68,1.39,2.26,0.44,1.635,1.4475,0.550625
01-02-2026 12:00,01-02-2026 12:15,11.07,27,80.68,2.43,205.46,160.28,2026,1,2,12,0,4,-0.429880869,-0.902885618,1.59,1.91,1.7,0.29,1.765,1.558333333,0.572916667
01-02-2026 14:15,01-02-2026 14:30,16.81,41,78.04,0.91,195.1,162.83,2026,1,2,14,15,4,-0.260504509,-0.965472631,1.69,1.33,1.49,0.74,1.235,1.45,0.633645833
01-02-2026 14:30,01-02-2026 14:45,16.81,41,77.72,0.87,207.02,148.67,2026,1,2,14,30,4,-0.454301492,-0.890847997,0.91,1.41,1.58,0.57,1.1,1.3825,0.636770833
01-02-2026 14:45,01-02-2026 15:00,25.09,61.2,79.47,0.78,151.11,126.95,2026,1,2,14,45,4,0.483129579,-0.875548862,0.87,0.93,0.98,0.55,1.0625,1.315,0.639166667
01-02-2026 15:00,01-02-2026 15:15,19.27,47,80.53,1.02,147.53,109.41,2026,1,2,15,0,4,0.536857936,-0.84367266,0.78,1.69,1.38,0.6,0.895,1.1975,0.643541667
01-02-2026 15:15,01-02-2026 15:30,19.27,47,81.17,0.47,146.5,95.62,2026,1,2,15,15,4,0.551936985,-0.833885822,1.02,0.91,1.33,0.3,0.785,1.1125,0.6453125
01-02-2026 15:30,01-02-2026 15:45,19.27,47,81.9,0.73,208.11,79.84,2026,1,2,15,30,4,-0.471165834,-0.882044646,0.47,0.87,1.41,0.44,0.75,1.041666667,0.648333333
01-02-2026 15:45,01-02-2026 16:00,25.62,49.4,82.63,0.47,152.63,69.19,2026,1,2,15,45,4,0.459734863,-0.888056223,0.73,0.78,0.93,0.44,0.6725,0.999166667,0.648645833
01-02-2026 16:00,01-02-2026 16:15,31.7325,50.6,82.64,0.88,147.86,61.17,2026,1,2,16,0,4,0.531989853,-0.846750729,0.47,1.02,1.69,0.42,0.6375,0.9575,0.6534375
01-02-2026 16:15,01-02-2026 16:30,37.845,51.8,81.89,1.02,154.16,56.53,2026,1,2,16,15,4,0.435859534,-0.900014703,0.88,0.47,0.91,0.55,0.775,0.931666667,0.658333333
01-02-2026 16:30,01-02-2026 16:45,43.9575,53,81.64,0.81,147.82,45.64,2026,1,2,16,30,4,0.532580866,-0.846379123,1.02,0.73,0.87,0.5,0.795,0.881666667,0.6615625
01-02-2026 16:45,01-02-2026 17:00,50.07,54.2,82.12,0.37,152.18,34.49,2026,1,2,16,45,4,0.466695389,-0.884418122,0.81,0.47,0.78,0.87,0.77,0.835,0.656354167
01-02-2026 17:00,01-02-2026 17:15,14.35,35,82.24,0.54,320.93,26.14,2026,1,2,17,0,4,-0.630269384,0.776376522,0.37,0.88,1.02,0.32,0.685,0.739166667,0.658645833
01-02-2026 17:15,01-02-2026 17:30,14.35,35,82.96,0.5,277.36,13.38,2026,1,2,17,15,4,-0.991760837,0.128103248,0.54,1.02,0.47,0.27,0.555,0.705,0.661041667
01-02-2026 17:30,01-02-2026 17:45,14.35,35,83.96,0.57,194.35,9.19,2026,1,2,17,30,4,-0.247844544,-0.968799815,0.5,0.81,0.73,0.55,0.495,0.68,0.66125
01-02-2026 17:45,01-02-2026 18:00,21.32,52,84.81,0.58,85.87,7.5,2026,1,2,17,45,4,0.99740321,0.072019693,0.57,0.37,0.47,0.44,0.5475,0.663333333,0.662708333
01-02-2026 18:00,01-02-2026 18:15,12.71,31,85.02,0.7,154.78,6.49,2026,1,2,18,0,4,0.42609511,-0.904678372,0.58,0.54,0.88,0.71,0.5875,0.636666667,0.662604167
01-02-2026 18:15,01-02-2026 18:30,12.71,31,85.25,0.71,253.15,6.27,2026,1,2,18,15,4,-0.957066905,-0.289867106,0.7,0.5,1.02,0.48,0.64,0.656666667,0.665
01-02-2026 18:30,01-02-2026 18:45,12.71,31,85.36,0.63,217.85,6.25,2026,1,2,18,30,4,-0.613596361,-0.789619849,0.71,0.57,0.81,0.34,0.655,0.648333333,0.668020833
01-02-2026 18:45,01-02-2026 19:00,21.48,52.4,85.48,0.5,209.28,6.18,2026,1,2,18,45,4,-0.489078012,-0.872240046,0.63,0.58,0.37,0.55,0.635,0.650833333,0.6675
01-02-2026 19:00,01-02-2026 19:15,13.12,32,85.6,0.31,273.14,6.15,2026,1,2,19,0,4,-0.998498673,0.05477591,0.5,0.7,0.54,0.5,0.5375,0.603333333,0.665520833
01-02-2026 19:15,01-02-2026 19:30,13.12,32,85.97,0.82,275.82,6.1,2026,1,2,19,15,4,-0.994845373,0.10140357,0.31,0.71,0.5,0.27,0.565,0.586666667,0.67125
01-02-2026 19:30,01-02-2026 19:45,13.12,32,86.21,0.62,225.71,6.01,2026,1,2,19,30,4,-0.715814619,-0.698290363,0.82,0.63,0.57,0.38,0.5625,0.570833333,0.67375
01-02-2026 19:45,01-02-2026 20:00,13.53,33,86.88,0.35,88.25,6.08,2026,1,2,19,45,4,0.999533591,0.030538513,0.62,0.5,0.58,0.71,0.525,0.569166667,0.67
01-02-2026 20:00,01-02-2026 20:15,15.17,37,87.14,0.89,273.02,5.94,2026,1,2,20,0,4,-0.998611205,0.052684541,0.35,0.31,0.7,0.37,0.67,0.598333333,0.675416667
01-02-2026 20:15,01-02-2026 20:30,15.17,37,86.92,1.04,287.91,6.07,2026,1,2,20,15,4,-0.951540746,0.307522698,0.89,0.82,0.71,0.33,0.725,0.643333333,0.6828125
01-02-2026 20:30,01-02-2026 20:45,15.17,37,86.59,0.92,89.99,6.01,2026,1,2,20,30,4,0.999999985,0.000174533,1.04,0.62,0.63,0.7,0.8,0.6725,0.685104167
01-02-2026 20:45,01-02-2026 21:00,15.74,38.4,86.52,0.6,87.88,6.03,2026,1,2,20,45,4,0.999315542,0.036992538,0.92,0.35,0.5,0.69,0.8625,0.674166667,0.684166667
01-02-2026 21:00,01-02-2026 21:15,18.04,44,86.61,0.84,26.5,6.1,2026,1,2,21,0,4,0.446197813,0.894934362,0.6,0.89,0.31,0.64,0.85,0.685833333,0.68625
01-02-2026 21:15,01-02-2026 21:30,18.04,44,86.6,0.38,120.81,6.18,2026,1,2,21,15,4,0.858870516,-0.512192774,0.84,1.04,0.82,0.45,0.685,0.658333333,0.685520833
01-02-2026 21:30,01-02-2026 21:45,18.04,44,86.07,0.83,149.39,6.1,2026,1,2,21,30,4,0.509191636,-0.860653169,0.38,0.92,0.62,0.39,0.6625,0.675,0.690104167
01-02-2026 21:45,01-02-2026 22:00,28.54,69.6,85.91,0.77,207.53,6.11,2026,1,2,21,45,4,-0.462212988,-0.886768941,0.83,0.6,0.35,0.46,0.705,0.6975,0.693333333
01-02-2026 22:00,01-02-2026 22:15,22.55,55,85.2,1.15,213.08,6.06,2026,1,2,22,0,4,-0.545809509,-0.837909291,0.77,0.84,0.89,0.78,0.7825,0.7675,0.6971875
01-02-2026 22:15,01-02-2026 22:30,22.55,55,85.41,1.16,154.97,6.18,2026,1,2,22,15,4,0.423092745,-0.90608638,1.15,0.38,1.04,0.27,0.9775,0.795833333,0.706458333
01-02-2026 22:30,01-02-2026 22:45,22.55,55,85.44,1,149.68,6.24,2026,1,2,22,30,4,0.504828975,-0.863219385,1.16,0.83,0.92,0.64,1.02,0.8275,0.710208333
01-02-2026 22:45,01-02-2026 23:00,29.93,73,85.24,0.61,276.21,6.1,2026,1,2,22,45,4,-0.994132099,0.108172866,1,0.77,0.6,0.38,0.98,0.849166667,0.712604167
01-02-2026 23:00,01-02-2026 23:15,25.83,63,85.02,1.23,171.49,6.06,2026,1,2,23,0,4,0.147982025,-0.988990051,0.61,1.15,0.84,0.27,1,0.8775,0.722604167
01-02-2026 23:15,01-02-2026 23:30,25.83,63,84.84,1.12,199.44,6.18,2026,1,2,23,15,4,-0.332819545,-0.942990536,1.23,1.16,0.38,0.27,0.99,0.884166667,0.731458333
01-02-2026 23:30,01-02-2026 23:45,25.83,63,84.85,0.69,119.68,6.22,2026,1,2,23,30,4,0.868804409,-0.495155429,1.12,1,0.83,0.44,0.9125,0.865,0.7340625
01-02-2026 23:45,01-03-2026 00:00,31.65,77.2,85.55,0.72,256.29,6.11,2026,1,2,23,45,4,-0.971507769,-0.23700771,0.69,0.61,0.77,0.27,0.94,0.875,0.73875
02-02-2026 00:00,02-02-2026 00:15,76,102,78.13,0.35,207.15,6.68,2026,2,2,0,0,0,-0.456321591,-0.889814928,0.83,0.57,0.92,0.5,0.5275,0.715833333,1.313854167
02-02-2026 00:15,02-02-2026 00:30,76,102,78.32,0.37,324.52,6.99,2026,2,2,0,15,0,-0.58041874,0.814318172,0.35,0.48,0.74,0.87,0.5,0.641666667,1.308645833
02-02-2026 00:30,02-02-2026 00:45,76,102,78.86,0.5,210.05,6.96,2026,2,2,0,30,0,-0.500755559,-0.865588742,0.37,0.45,0.68,0.57,0.5125,0.613333333,1.307916667
02-02-2026 00:45,02-02-2026 01:00,72.4,92.4,78.86,0.31,264.48,7.02,2026,2,2,0,45,0,-0.995362681,-0.096193205,0.5,0.83,0.59,1.27,0.3825,0.565833333,1.297916667
02-02-2026 01:00,02-02-2026 01:15,70,90,79.1,0.29,26.5,7.19,2026,2,2,1,0,0,0.446197813,0.894934362,0.31,0.35,0.57,1.19,0.3675,0.513333333,1.288541667
02-02-2026 01:15,02-02-2026 01:30,70,90,79.52,0.45,150.89,7.19,2026,2,2,1,15,0,0.486487875,-0.873687328,0.29,0.37,0.48,0.53,0.3875,0.489166667,1.287708333
02-02-2026 01:30,02-02-2026 01:45,70,90,78.95,0.6,145.43,7.33,2026,2,2,1,30,0,0.567412674,-0.823433578,0.45,0.5,0.45,0.69,0.4125,0.4825,1.286770833
02-02-2026 01:45,02-02-2026 02:00,71.2,91.6,78.53,0.48,251.54,7.31,2026,2,2,1,45,0,-0.948544945,-0.316642524,0.6,0.31,0.83,1.3,0.455,0.473333333,1.278229167
02-02-2026 02:00,02-02-2026 02:15,72,92,78.12,0.37,320.68,7.37,2026,2,2,2,0,0,-0.633650955,0.773619071,0.48,0.29,0.35,0.69,0.475,0.456666667,1.274895833
02-02-2026 02:15,02-02-2026 02:30,72,92,77.41,0.48,203.36,7.45,2026,2,2,2,15,0,-0.39650708,-0.918031664,0.37,0.45,0.37,1.24,0.4825,0.456666667,1.266979167
02-02-2026 02:30,02-02-2026 02:45,72,92,76.72,1.09,274.18,7.21,2026,2,2,2,30,0,-0.997339981,0.072890064,0.48,0.6,0.5,1.62,0.605,0.51,1.261458333
02-02-2026 02:45,02-02-2026 03:00,72,100,76.82,0.6,193.31,6.42,2026,2,2,2,45,0,-0.230219585,-0.973138707,1.09,0.48,0.31,1.19,0.635,0.490833333,1.2553125
02-02-2026 03:00,02-02-2026 03:15,72,102,77.18,0.7,118.56,6.47,2026,2,2,3,0,0,0.878316951,-0.478078794,0.6,0.37,0.29,0.72,0.7175,0.52,1.255104167
02-02-2026 03:15,02-02-2026 03:30,72,102,76.66,0.98,203.78,6.39,2026,2,2,3,15,0,-0.403225891,-0.915100476,0.7,0.48,0.45,0.68,0.8425,0.570833333,1.258229167
02-02-2026 03:30,02-02-2026 03:45,72,102,77.15,0.46,78.08,6.35,2026,2,2,3,30,0,0.978436947,0.206545737,0.98,1.09,0.6,0.77,0.685,0.5675,1.255
02-02-2026 03:45,02-02-2026 04:00,75.6,101.2,77.47,1.29,68.49,6.27,2026,2,2,3,45,0,0.930353587,0.36666361,0.46,0.6,0.48,0.73,0.8575,0.649166667,1.260833333
02-02-2026 04:00,02-02-2026 04:15,78,101,77.09,0.9,206.58,6.2,2026,2,2,4,0,0,-0.447446942,-0.89431048,1.29,0.7,0.37,1.34,0.9075,0.7,1.25625
02-02-2026 04:15,02-02-2026 04:30,78,101,77.14,0.69,205.86,6.21,2026,2,2,4,15,0,-0.436173672,-0.899862505,0.9,0.98,0.48,0.86,0.835,0.72,1.254479167
02-02-2026 04:30,02-02-2026 04:45,78,101,77.29,0.98,123.15,6.22,2026,2,2,4,30,0,0.837241834,-0.5468328,0.69,0.46,1.09,0.95,0.965,0.751666667,1.254791667
02-02-2026 04:45,02-02-2026 05:00,76.8,99.4,77.2,0.66,144.21,6.07,2026,2,2,4,45,0,0.584816109,-0.811165901,0.98,1.29,0.6,0.74,0.8075,0.766666667,1.253958333
02-02-2026 05:00,02-02-2026 05:15,76,99,77.55,0.77,26.5,6.03,2026,2,2,5,0,0,0.446197813,0.894934362,0.66,0.9,0.7,0.61,0.775,0.8,1.255625
02-02-2026 05:15,02-02-2026 05:30,76,99,77.36,1.43,83.64,6.06,2026,2,2,5,15,0,0.993845497,0.110775124,0.77,0.69,0.98,1.07,0.96,0.879166667,1.259375
02-02-2026 05:30,02-02-2026 05:45,76,99,77.35,1.35,145.07,5.97,2026,2,2,5,30,0,0.572575226,-0.819852189,1.43,0.98,0.46,0.61,1.0525,0.900833333,1.267083333
02-02-2026 05:45,02-02-2026 06:00,67,120.2,77.54,1.04,213.65,6.08,2026,2,2,5,45,0,-0.554118199,-0.832437998,1.35,0.66,1.29,0.9,1.1475,0.9375,1.268541667
02-02-2026 06:00,02-02-2026 06:15,79,114,77.86,0.84,152.98,6.1,2026,2,2,6,0,0,0.454301492,-0.890847997,1.04,0.77,0.9,0.73,1.165,0.949166667,1.2696875
02-02-2026 06:15,02-02-2026 06:30,79,114,77.99,1.47,150.65,6.79,2026,2,2,6,15,0,0.490143289,-0.871641874,0.84,1.43,0.69,0.52,1.175,0.99,1.279583333
02-02-2026 06:30,02-02-2026 06:45,79,114,78.03,0.74,221.23,10.08,2026,2,2,6,30,0,-0.659083333,-0.752069917,1.47,1.35,0.98,0.91,1.0225,1.013333333,1.2778125
02-02-2026 06:45,02-02-2026 07:00,66.83,122,78.12,1.47,92.14,15.73,2026,2,2,6,45,0,0.999302568,-0.037341363,0.74,1.04,0.66,1.12,1.13,1.028333333,1.281458333
02-02-2026 07:00,02-02-2026 07:15,78,115,78.03,1.65,155.06,15.47,2026,2,2,7,0,0,0.421668947,-0.906749855,1.47,0.84,0.77,1.38,1.3325,1.090833333,1.284270833
02-02-2026 07:15,02-02-2026 07:30,78,115,78.29,1.25,26.5,17.72,2026,2,2,7,15,0,0.446197813,0.894934362,1.65,1.47,1.43,0.93,1.2775,1.1375,1.287604167
02-02-2026 07:30,02-02-2026 07:45,78,115,77.91,1.51,140.59,28.64,2026,2,2,7,30,0,0.634865371,-0.77262278,1.25,0.74,1.35,1.04,1.47,1.181666667,1.2925
02-02-2026 07:45,02-02-2026 08:00,82.2,127,76.73,1.19,143.67,43.61,2026,2,2,7,45,0,0.592435081,-0.805618194,1.51,1.47,1.04,1.52,1.4,1.225833333,1.2890625
02-02-2026 11:00,02-02-2026 11:15,80,123,68.94,1.7,84.98,115.4,2026,2,2,11,0,0,0.996164214,0.087503475,1.83,0.99,1.4,2.3,1.8575,1.491666667,1.2796875
02-02-2026 11:15,02-02-2026 11:30,80,123,68.92,2.1,118.18,108.17,2026,2,2,11,15,0,0.88146835,-0.472243103,1.7,2.11,1.32,1.83,1.855,1.56,1.2825
02-02-2026 11:30,02-02-2026 11:45,80,123,68.52,1.48,97.27,112.09,2026,2,2,11,30,0,0.991960837,-0.126545236,2.1,1.79,1.6,1.37,1.7775,1.569166667,1.283645833
02-02-2026 15:00,02-02-2026 15:15,68,109,68.04,1.92,59.06,151.45,2026,2,2,15,0,0,0.857706177,0.514140169,1.12,2.21,1.93,1.21,1.3925,1.633333333,1.2740625
02-02-2026 15:15,02-02-2026 15:30,68,109,69.16,1.53,82.88,135.62,2026,2,2,15,15,0,0.992288732,0.123947858,1.92,1.19,1.1,1.14,1.4775,1.635833333,1.278125
02-02-2026 15:30,02-02-2026 15:45,68,109,70.1,1.02,139.97,117.05,2026,2,2,15,30,0,0.643188621,-0.765707775,1.53,1.34,1.4,2,1.3975,1.5725,1.267916667
02-02-2026 15:45,02-02-2026 16:00,73.45,113.4,70.35,1.58,84.51,99.12,2026,2,2,15,45,0,0.995412911,0.095672022,1.02,1.12,2.44,1.77,1.5125,1.565,1.2659375
02-02-2026 16:00,02-02-2026 16:15,75,111,71.05,1.13,26.5,81.56,2026,2,2,16,0,0,0.446197813,0.894934362,1.58,1.92,2.21,1.5,1.315,1.498333333,1.262083333
02-02-2026 16:15,02-02-2026 16:30,75,111,72.07,1.27,145.47,67.54,2026,2,2,16,15,0,0.566837671,-0.823829506,1.13,1.53,1.19,2.47,1.25,1.5125,1.249583333
02-02-2026 16:30,02-02-2026 16:45,75,111,72.54,0.94,198.62,49.61,2026,2,2,16,30,0,-0.319290123,-0.947657014,1.27,1.02,1.34,2.388181818,1.23,1.474166667,1.234498106
02-02-2026 17:45,02-02-2026 18:00,71.6,134.4,75.51,1.51,26.5,9.5,2026,2,2,17,45,0,0.446197813,0.894934362,1.08,1.54,1.58,1.979090909,1.3975,1.376666667,1.197168561
02-02-2026 21:45,02-02-2026 22:00,71.57,128,76.9,0.97,144.32,6.14,2026,2,2,21,45,0,0.583257705,-0.812287172,1.29,1.16,1.14,0.88,1.0425,1.09,1.153645833
02-02-2026 22:45,02-02-2026 23:00,70,126.6,75.01,1.42,268.14,6.11,2026,2,2,22,45,0,-0.999473119,-0.032457422,1.34,0.97,1.16,0.59,1.2275,1.093333333,1.174270833
02-02-2026 23:00,02-02-2026 23:15,83,126,74.14,0.82,82.83,6.08,2026,2,2,23,0,0,0.99218019,0.124813746,1.42,0.93,0.88,0.57,1.2,1.078333333,1.176875
02-02-2026 23:15,02-02-2026 23:30,83,126,72.65,0.91,87.97,6.1,2026,2,2,23,15,0,0.999372417,0.035422772,0.82,1.22,1.03,0.48,1.1225,1.075833333,1.181354167
02-02-2026 23:30,02-02-2026 23:45,83,126,72.49,1.17,140.89,6.22,2026,2,2,23,30,0,0.630811243,-0.775936322,0.91,1.34,1.29,0.45,1.08,1.095,1.188854167
02-02-2026 23:45,02-03-2026 00:00,77.6,111.6,72.72,0.93,82.16,6.13,2026,2,2,23,45,0,0.990652852,0.136407212,1.17,1.42,0.97,0.83,0.9575,1.075833333,1.189895833
03-02-2026 00:00,03-02-2026 00:15,31.2,84,81.94,0.27,71.95,6.18,2026,3,2,0,0,0,0.950786486,0.30984683,0.43,0.51,0.52,0.27,0.335,0.55,0.817604167
03-02-2026 00:15,03-02-2026 00:30,39,84,82.29,0.3,77.29,6.15,2026,3,2,0,15,0,0.975496159,0.220016464,0.27,0.27,1.07,0.77,0.3425,0.538333333,0.812708333
03-02-2026 00:30,03-02-2026 00:45,39,84,82.06,0.27,252.02,6.13,2026,3,2,0,30,0,-0.951164326,-0.308684994,0.3,0.37,0.79,0.42,0.3175,0.5025,0.811145833
03-02-2026 00:45,03-02-2026 01:00,39.6,85.6,82.03,0.27,130.98,5.92,2026,3,2,0,45,0,0.754938542,-0.655795546,0.27,0.43,0.92,0.49,0.2775,0.499166667,0.808854167
03-02-2026 01:00,03-02-2026 01:15,42,88,82.53,0.27,304.44,6.15,2026,3,2,1,0,0,-0.824718876,0.565542904,0.27,0.27,0.51,0.36,0.2775,0.478333333,0.807916667
03-02-2026 01:15,03-02-2026 01:30,42,88,83.28,0.27,311.28,6.11,2026,3,2,1,15,0,-0.751494472,0.659739387,0.27,0.3,0.27,0.37,0.27,0.411666667,0.806875
03-02-2026 01:30,03-02-2026 01:45,42,88,83.71,0.27,316.45,5.99,2026,3,2,1,30,0,-0.688987322,0.724773392,0.27,0.27,0.37,0.98,0.27,0.368333333,0.799479167
03-02-2026 01:45,03-02-2026 02:00,52.45,98.6,83.95,0.41,261.6,6.11,2026,3,2,1,45,0,-0.989272333,-0.146083029,0.27,0.27,0.43,0.82,0.305,0.325833333,0.795208333
03-02-2026 02:00,03-02-2026 02:15,45,86,84.07,0.59,270.28,6.2,2026,3,2,2,0,0,-0.999988059,0.004886902,0.41,0.27,0.27,0.35,0.385,0.3325,0.797708333
03-02-2026 02:15,03-02-2026 02:30,45,86,84,0.27,257.86,6.07,2026,3,2,2,15,0,-0.977636657,-0.210301133,0.59,0.27,0.3,0.73,0.385,0.3325,0.792916667
03-02-2026 02:30,03-02-2026 02:45,45,86,83.97,0.27,283.78,6.06,2026,3,2,2,30,0,-0.971217485,0.238194453,0.27,0.27,0.27,0.71,0.385,0.324166667,0.788333333
03-02-2026 02:45,03-02-2026 03:00,60.7,107.2,84.49,0.27,280.15,6.06,2026,3,2,2,45,0,-0.984349769,0.1762258,0.27,0.41,0.27,0.36,0.35,0.310833333,0.787395833
03-02-2026 03:00,03-02-2026 03:15,44,87,84.33,0.48,249.16,6.01,2026,3,2,3,0,0,-0.934577537,-0.355759507,0.27,0.59,0.27,0.42,0.3225,0.328333333,0.788020833
03-02-2026 03:15,03-02-2026 03:30,44,87,84.15,0.3,241.63,5.9,2026,3,2,3,15,0,-0.879897489,-0.475163561,0.48,0.27,0.27,0.39,0.33,0.328333333,0.787083333
03-02-2026 03:30,03-02-2026 03:45,44,87,85.09,0.49,287.63,6.01,2026,3,2,3,30,0,-0.953032217,0.302868939,0.3,0.27,0.27,0.46,0.385,0.346666667,0.787395833
03-02-2026 03:45,03-02-2026 04:00,53.14,98,86.06,0.27,277.41,6.03,2026,3,2,3,45,0,-0.991648668,0.128968674,0.49,0.27,0.41,0.55,0.385,0.346666667,0.784479167
03-02-2026 04:00,03-02-2026 04:15,48,89,86.81,0.27,314.3,6.24,2026,3,2,4,0,0,-0.715692734,0.698415285,0.27,0.48,0.59,0.54,0.3325,0.346666667,0.781666667
03-02-2026 04:15,03-02-2026 04:30,48,89,87.59,0.27,228.84,6.34,2026,3,2,4,15,0,-0.752874577,-0.658164015,0.27,0.3,0.27,0.32,0.325,0.346666667,0.781145833
03-02-2026 04:30,03-02-2026 04:45,48,89,87.8,0.48,249.57,6.17,2026,3,2,4,30,0,-0.937099349,-0.349062759,0.27,0.49,0.27,0.65,0.3225,0.364166667,0.779375
03-02-2026 04:45,03-02-2026 05:00,56.86,110.8,87.7,0.4,300.89,6.04,2026,3,2,4,45,0,-0.858154523,0.513391484,0.48,0.27,0.27,0.27,0.355,0.363333333,0.780729167
03-02-2026 05:00,03-02-2026 05:15,75,117,87.81,0.7,268.11,6.31,2026,3,2,5,0,0,-0.999455987,-0.032980741,0.4,0.27,0.48,0.27,0.4625,0.3725,0.785208333
03-02-2026 05:15,03-02-2026 05:30,75,117,87.87,0.32,235.12,6.21,2026,3,2,5,15,0,-0.820351542,-0.571859552,0.7,0.27,0.3,0.3,0.475,0.376666667,0.785416667
03-02-2026 05:30,03-02-2026 05:45,75,117,87.9,0.48,261.5,6.29,2026,3,2,5,30,0,-0.989015863,-0.147809411,0.32,0.48,0.49,0.27,0.475,0.394166667,0.787604167
03-02-2026 06:00,03-02-2026 06:15,69,124,87.68,0.5,218.99,6.44,2026,3,2,6,0,0,-0.629184744,-0.777255787,0.57,0.7,0.27,0.46,0.4675,0.420833333,0.789479167
03-02-2026 06:15,03-02-2026 06:30,69,124,87.9,0.35,278.72,7.27,2026,3,2,6,15,0,-0.988441027,0.15160586,0.5,0.32,0.27,0.46,0.475,0.425,0.788333333
03-02-2026 06:30,03-02-2026 06:45,69,124,87.62,0.83,190.49,8.67,2026,3,2,6,30,0,-0.182063912,-0.983286699,0.35,0.48,0.48,0.58,0.5625,0.453333333,0.7909375
03-02-2026 07:00,03-02-2026 07:15,77,130,86.62,0.63,230.71,9.06,2026,3,2,7,0,0,-0.773950744,-0.633245802,0.74,0.5,0.7,0.41,0.6375,0.5225,0.7928125
03-02-2026 07:15,03-02-2026 07:30,77,130,85.89,0.43,274.64,9.19,2026,3,2,7,15,0,-0.996722646,0.080894788,0.63,0.35,0.32,0.55,0.6575,0.535833333,0.7915625
03-02-2026 07:30,03-02-2026 07:45,77,130,84.82,0.27,241.47,9.39,2026,3,2,7,30,0,-0.878567152,-0.477618842,0.43,0.83,0.48,0.64,0.5175,0.518333333,0.787708333
03-02-2026 08:45,03-02-2026 09:00,72,134.8,76.72,0.82,123.73,9.61,2026,3,2,8,45,0,0.831663492,-0.555279962,0.82,0.27,0.74,1.14,0.675,0.56,0.760729167
03-02-2026 09:00,03-02-2026 09:15,62,127,72.99,0.49,112.5,9.64,2026,3,2,9,0,0,0.923879533,-0.382683432,0.82,0.61,0.63,0.6,0.645,0.559166667,0.759583333
03-02-2026 09:15,03-02-2026 09:30,62,127,71.45,0.5,137.21,9.37,2026,3,2,9,15,0,0.679313234,-0.733848438,0.49,0.45,0.43,0.89,0.6575,0.571666667,0.755520833
03-02-2026 09:30,03-02-2026 09:45,62,127,70.81,0.74,43.58,9.25,2026,3,2,9,30,0,0.689366718,0.72441254,0.5,0.82,0.27,1.03,0.6375,0.564166667,0.7525
03-02-2026 09:45,03-02-2026 10:00,62,113.4,71.5,0.55,84.77,9.22,2026,3,2,9,45,0,0.995836807,0.091154012,0.74,0.82,0.27,0.88,0.57,0.548333333,0.7490625
03-02-2026 10:00,03-02-2026 10:15,45,93,70.77,1.11,98.71,9.57,2026,3,2,10,0,0,0.988467472,-0.151433343,0.55,0.49,0.61,0.82,0.725,0.588333333,0.752083333
03-02-2026 10:15,03-02-2026 10:30,45,93,70.76,1,47.88,9.73,2026,3,2,10,15,0,0.741741773,0.670685577,1.11,0.5,0.45,0.64,0.85,0.635833333,0.755833333
03-02-2026 10:30,03-02-2026 10:45,45,93,70.5,0.71,102.04,9.66,2026,3,2,10,30,0,0.978002213,-0.208594516,1,0.74,0.82,0.97,0.8425,0.6725,0.753125
03-02-2026 10:45,03-02-2026 11:00,43.8,85,70.96,0.82,72.22,9.54,2026,3,2,10,45,0,0.952236043,0.30536293,0.71,0.55,0.82,0.91,0.91,0.718333333,0.7521875
03-02-2026 11:00,03-02-2026 11:15,39,73,71.31,0.95,89.81,9.66,2026,3,2,11,0,0,0.999994502,0.00331612,0.82,1.11,0.49,0.82,0.87,0.746666667,0.753541667
03-02-2026 11:15,03-02-2026 11:30,39,73,70.97,0.62,138.25,9.73,2026,3,2,11,15,0,0.665881666,-0.746057375,0.95,1,0.5,0.87,0.775,0.760833333,0.7509375
03-02-2026 11:30,03-02-2026 11:45,39,73,71.29,1.19,181.58,9.64,2026,3,2,11,30,0,-0.027572707,-0.999619801,0.62,0.71,0.74,1.41,0.895,0.791666667,0.748645833
03-02-2026 11:45,03-02-2026 12:00,52.26,96,70.67,0.56,64.7,9.63,2026,3,2,11,45,0,0.90408255,0.427357863,1.19,0.82,0.55,1.2,0.83,0.77,0.741979167
03-02-2026 12:00,03-02-2026 12:15,52,86,69.73,0.72,44.04,9.78,2026,3,2,12,0,0,0.695160395,0.718854662,0.56,0.95,1.11,0.88,0.7725,0.789166667,0.7403125
03-02-2026 12:15,03-02-2026 12:30,52,86,68.93,0.82,62.61,9.49,2026,3,2,12,15,0,0.887895692,0.460044825,0.72,0.62,1,0.97,0.8225,0.815833333,0.73875
03-02-2026 12:30,03-02-2026 12:45,52,86,69.68,0.97,219.01,9.84,2026,3,2,12,30,0,-0.629456019,-0.777036112,0.82,1.19,0.71,1.2,0.7675,0.835,0.736354167
03-02-2026 12:45,03-02-2026 13:00,63.14,98.4,69.58,0.98,66.17,9.87,2026,3,2,12,45,0,0.914748247,0.404024313,0.97,0.56,0.82,1.44,0.8725,0.870833333,0.7315625
03-02-2026 13:00,03-02-2026 13:15,44,71,69.21,0.88,113.91,9.84,2026,3,2,13,0,0,0.914183231,-0.405301148,0.98,0.72,0.95,1.06,0.9125,0.851666667,0.7296875
03-02-2026 13:15,03-02-2026 13:30,44,71,68.61,0.93,39.62,9.77,2026,3,2,13,15,0,0.637692911,0.770290693,0.88,0.82,0.62,1.23,0.94,0.845833333,0.7265625
03-02-2026 13:30,03-02-2026 13:45,44,71,68.31,0.89,56.35,9.85,2026,3,2,13,30,0,0.832437998,0.554118199,0.93,0.97,1.19,1.24,0.92,0.860833333,0.722916667
03-02-2026 13:45,03-02-2026 14:00,60.51,95,68.99,0.92,93.44,9.7,2026,3,2,13,45,0,0.998198181,-0.060003262,0.89,0.98,0.56,1.21,0.905,0.869166667,0.719895833
03-02-2026 14:00,03-02-2026 14:15,49,73,68.27,0.86,73.14,9.66,2026,3,2,14,0,0,0.957016299,0.290034141,0.92,0.88,0.72,0.89,0.9,0.861666667,0.719583333
03-02-2026 14:15,03-02-2026 14:30,49,73,66.7,0.81,63.07,9.67,2026,3,2,14,15,0,0.891560513,0.452901591,0.86,0.93,0.82,1.6,0.87,0.8775,0.711354167
03-02-2026 14:30,03-02-2026 14:45,49,73,66.55,0.96,58.48,9.77,2026,3,2,14,30,0,0.852457726,0.52279616,0.81,0.89,0.97,0.93,0.8875,0.858333333,0.711666667
03-02-2026 14:45,03-02-2026 15:00,62.79,93.8,66.48,0.9,78.42,9.59,2026,3,2,14,45,0,0.979645379,0.200735973,0.96,0.92,0.98,1.14,0.8825,0.886666667,0.709166667
03-02-2026 15:00,03-02-2026 15:15,38.4,70,66.81,1.19,65.39,9.82,2026,3,2,15,0,0,0.90916344,0.416439478,0.9,0.86,0.88,1.22,0.965,0.925833333,0.708854167
03-02-2026 15:15,03-02-2026 15:30,48,70,67.43,1.03,72.95,9.89,2026,3,2,15,15,0,0.956049249,0.293206127,1.19,0.81,0.93,1.25,1.02,0.943333333,0.7065625
03-02-2026 15:30,03-02-2026 15:45,48,70,67.26,1.15,93.7,9.84,2026,3,2,15,30,0,0.997915618,-0.064532308,1.03,0.96,0.89,1.33,1.0675,0.958333333,0.7046875
03-02-2026 15:45,03-02-2026 16:00,48,70,67.2,0.64,54.25,9.59,2026,3,2,15,45,0,0.811573982,0.584249666,1.15,0.9,0.92,0.76,1.0025,0.93,0.7034375
03-02-2026 16:00,03-02-2026 16:15,41,70,67.3,0.98,78.49,9.6,2026,3,2,16,0,0,0.979889893,0.199538961,0.64,1.19,0.86,1.24,0.95,0.938333333,0.700729167
03-02-2026 16:15,03-02-2026 16:30,41,70,67.95,0.55,36.7,9.54,2026,3,2,16,15,0,0.597625147,0.801775644,0.98,1.03,0.81,1.53,0.83,0.906666667,0.690520833
03-02-2026 16:30,03-02-2026 16:45,41,70,68.96,0.78,80.54,9.4,2026,3,2,16,30,0,0.986400586,0.164359008,0.55,1.15,0.96,1.12,0.7375,0.8975,0.686979167
03-02-2026 16:45,03-02-2026 17:00,40.4,73.2,69.71,1.01,90.98,9.22,2026,3,2,16,45,0,0.999853726,-0.017103393,0.78,0.64,0.9,1.46,0.83,0.905,0.682291667
03-02-2026 17:00,03-02-2026 17:15,38,78,70.35,1.35,47.26,9.08,2026,3,2,17,0,0,0.734440971,0.678672572,1.01,0.98,1.19,1.29,0.9225,0.945833333,0.682916667
03-02-2026 17:15,03-02-2026 17:30,38,78,70.16,0.51,52.94,8.91,2026,3,2,17,15,0,0.798004853,0.602651022,1.35,0.55,1.03,1.44,0.9125,0.920833333,0.673229167
03-02-2026 17:30,03-02-2026 17:45,38,78,70.31,0.79,103.55,8.72,2026,3,2,17,30,0,0.972165831,-0.234293828,0.51,0.78,1.15,0.73,0.915,0.906666667,0.673854167
03-02-2026 17:45,03-02-2026 18:00,36.8,77.2,70.64,0.81,72.59,8.43,2026,3,2,17,45,0,0.954188122,0.299207334,0.79,1.01,0.64,1.16,0.865,0.899166667,0.670208333
03-02-2026 18:00,03-02-2026 18:15,32,76,71.18,0.64,220.39,7.84,2026,3,2,18,0,0,-0.647986978,-0.761651414,0.81,1.35,0.98,0.88,0.6875,0.853333333,0.667708333
03-02-2026 18:15,03-02-2026 18:30,32,76,71.77,0.6,94.85,6.54,2026,3,2,18,15,0,0.996419457,-0.084547415,0.64,0.51,0.55,0.82,0.71,0.8175,0.665416667
03-02-2026 18:30,03-02-2026 18:45,32,76,71.53,0.62,96.99,6.14,2026,3,2,18,30,0,0.992567407,-0.12169611,0.6,0.79,0.78,1.1,0.6675,0.773333333,0.660416667
03-02-2026 18:45,03-02-2026 19:00,35.2,83.2,72.01,0.92,43.59,6.2,2026,3,2,18,45,0,0.689493141,0.724292212,0.62,0.81,1.01,1.01,0.695,0.796666667,0.659479167
03-02-2026 19:00,03-02-2026 19:15,38.4,94,72.5,0.33,107.66,6,2026,3,2,19,0,0,0.952873504,-0.303367904,0.92,0.64,1.35,1.13,0.6175,0.7425,0.651145833
03-02-2026 19:15,03-02-2026 19:30,48,94,72.79,0.73,96.92,6.22,2026,3,2,19,15,0,0.992715346,-0.120483369,0.33,0.6,0.51,0.58,0.65,0.7575,0.652708333
03-02-2026 19:30,03-02-2026 19:45,48,94,73.46,0.3,125.39,6.15,2026,3,2,19,30,0,0.815228887,-0.579138897,0.73,0.62,0.79,1.19,0.57,0.7175,0.6434375
03-02-2026 19:45,03-02-2026 20:00,53.35,98.6,73.76,0.27,39.59,6.18,2026,3,2,19,45,0,0.6372895,0.770624483,0.3,0.92,0.81,0.89,0.4075,0.655833333,0.636979167
03-02-2026 20:00,03-02-2026 20:15,46,95,74.08,0.28,103.51,6.25,2026,3,2,20,0,0,0.972329162,-0.233615071,0.27,0.33,0.64,0.41,0.395,0.566666667,0.635625
03-02-2026 20:15,03-02-2026 20:30,46,95,74.17,0.28,105.92,6.17,2026,3,2,20,15,0,0.961645621,-0.274294913,0.28,0.73,0.6,0.84,0.2825,0.5475,0.629791667
03-02-2026 20:30,03-02-2026 20:45,46,95,74.32,0.27,74.65,6.34,2026,3,2,20,30,0,0.964326779,0.264714685,0.28,0.3,0.62,0.94,0.275,0.504166667,0.6228125
03-02-2026 20:45,03-02-2026 21:00,52.92,92.8,74.47,0.27,26.5,6.11,2026,3,2,20,45,0,0.446197813,0.894934362,0.27,0.27,0.92,0.98,0.275,0.459166667,0.615416667
03-02-2026 21:00,03-02-2026 21:15,38,75,74.19,0.27,26.5,6.32,2026,3,2,21,0,0,0.446197813,0.894934362,0.27,0.28,0.33,1.09,0.2725,0.428333333,0.606875
03-02-2026 21:15,03-02-2026 21:30,38,75,74.37,0.27,26.5,6.35,2026,3,2,21,15,0,0.446197813,0.894934362,0.27,0.28,0.73,0.44,0.27,0.400833333,0.605104167
03-02-2026 21:30,03-02-2026 21:45,38,75,74.29,0.35,144.23,6.41,2026,3,2,21,30,0,0.584532923,-0.811369991,0.27,0.27,0.3,0.7,0.29,0.378333333,0.601458333
03-02-2026 21:45,03-02-2026 22:00,55.1,99.2,74.31,0.27,187.23,6.37,2026,3,2,21,45,0,-0.125852686,-0.992048941,0.35,0.27,0.27,0.31,0.29,0.324166667,0.601041667
03-02-2026 22:00,03-02-2026 22:15,42,78,73.79,0.27,198.66,6.46,2026,3,2,22,0,0,-0.319951635,-0.947433877,0.27,0.27,0.28,0.52,0.29,0.319166667,0.5984375
03-02-2026 22:15,03-02-2026 22:30,42,78,74.06,0.34,150.7,6.45,2026,3,2,22,15,0,0.489382452,-0.872069272,0.27,0.27,0.28,1.07,0.3075,0.286666667,0.590833333
03-02-2026 22:30,03-02-2026 22:45,42,78,74.07,0.31,109.45,6.51,2026,3,2,22,30,0,0.942932434,-0.332984122,0.34,0.35,0.27,0.79,0.2975,0.2875,0.585833333
03-02-2026 22:45,03-02-2026 23:00,49.33,80.6,74.23,0.27,74.23,6.44,2026,3,2,22,45,0,0.962360427,0.271776394,0.31,0.27,0.27,0.92,0.2975,0.2875,0.5790625
03-02-2026 23:00,03-02-2026 23:15,40,63,75,0.27,123.58,6.5,2026,3,2,23,0,0,0.83311436,-0.553100771,0.27,0.27,0.27,0.51,0.2975,0.286666667,0.5765625
03-02-2026 23:15,03-02-2026 23:30,40,63,75.62,0.27,145.58,6.52,2026,3,2,23,15,0,0.565254988,-0.824916237,0.27,0.34,0.27,0.27,0.28,0.285833333,0.5765625
03-02-2026 23:30,03-02-2026 23:45,40,63,75.95,0.27,151.91,6.42,2026,3,2,23,30,0,0.470857914,-0.88220906,0.27,0.31,0.35,0.37,0.27,0.285833333,0.575520833
03-02-2026 23:45,03-03-2026 00:00,63.26,97.6,76.45,0.27,144.58,6.38,2026,3,2,23,45,0,0.57956567,-0.814925539,0.27,0.27,0.27,0.43,0.27,0.285833333,0.573854167
04-02-2026 00:00,04-02-2026 00:15,11,20,75.94,0.49,49.64,6.1,2026,4,2,0,0,3,0.761990595,0.647588089,0.44,0.55,0.57,0.38,0.4325,0.4825,0.708958333
04-02-2026 00:15,04-02-2026 00:30,11,20,76.04,0.42,102.95,6.24,2026,4,2,0,15,3,0.974566001,-0.224100671,0.49,0.28,0.76,0.3,0.4675,0.475,0.710208333
04-02-2026 00:30,04-02-2026 00:45,11,20,76.37,0.41,64.25,6.1,2026,4,2,0,30,3,0.900698239,0.434445257,0.42,0.52,0.72,0.41,0.44,0.4825,0.710208333
04-02-2026 00:45,04-02-2026 01:00,26.42,47.6,76.84,0.27,64.72,6.17,2026,4,2,0,45,3,0.904231671,0.427042253,0.41,0.44,0.29,0.44,0.3975,0.476666667,0.7084375
04-02-2026 01:00,04-02-2026 01:15,7,21,76.65,0.28,50.72,6.01,2026,4,2,1,0,3,0.774061254,0.633110713,0.27,0.49,0.55,0.57,0.345,0.4525,0.705416667
04-02-2026 01:15,04-02-2026 01:30,7,21,76.85,0.61,56.24,6.07,2026,4,2,1,15,3,0.831372634,0.555715343,0.28,0.42,0.28,1.19,0.3925,0.44,0.699375
04-02-2026 01:30,04-02-2026 01:45,7,21,76.7,0.43,40.11,6.08,2026,4,2,1,30,3,0.644257124,0.764808968,0.61,0.41,0.52,0.61,0.3975,0.415833333,0.6975
04-02-2026 01:45,04-02-2026 02:00,20.13,40.2,77.63,0.54,71.44,5.97,2026,4,2,1,45,3,0.947990855,0.318297564,0.43,0.27,0.44,0.92,0.465,0.436666667,0.693541667
04-02-2026 02:00,04-02-2026 02:15,12.565,30.1,77.715,0.58,57.245,6.05,2026,4,2,2,0,3,0.840991801,0.541047864,0.54,0.28,0.49,0.65,0.54,0.439166667,0.6928125
04-02-2026 02:15,04-02-2026 02:30,5,20,77.8,0.62,43.05,6.13,2026,4,2,2,15,3,0.682636327,0.730758267,0.58,0.61,0.42,0.44,0.5425,0.4675,0.6946875
04-02-2026 02:30,04-02-2026 02:45,5,20,77.55,0.32,81.07,6.25,2026,4,2,2,30,3,0.987878724,0.15522766,0.62,0.43,0.41,0.39,0.515,0.450833333,0.693958333
04-02-2026 02:45,04-02-2026 03:00,25.02,43.17,78.11,0.48,69.26,6.32,2026,4,2,2,45,3,0.935197031,0.354127821,0.32,0.54,0.27,0.57,0.5,0.454166667,0.693020833
04-02-2026 03:00,04-02-2026 03:15,16.51,30.085,78.28,0.445,72.19,6.29,2026,4,2,3,0,3,0.952076024,0.305861478,0.48,0.58,0.28,0.56,0.46625,0.450416667,0.691822917
04-02-2026 03:15,04-02-2026 03:30,8,17,78.45,0.41,75.12,6.26,2026,4,2,3,15,3,0.966465777,0.256795449,0.445,0.62,0.61,0.27,0.41375,0.449583333,0.69328125
04-02-2026 03:30,04-02-2026 03:45,8,17.5,78.63,0.42,95.75,6.39,2026,4,2,3,30,3,0.994968518,-0.100188062,0.41,0.32,0.43,0.27,0.43875,0.450416667,0.69484375
04-02-2026 03:45,04-02-2026 04:00,12,22,78.89,0.27,35.53,6.32,2026,4,2,3,45,3,0.581129146,0.813811351,0.42,0.48,0.54,0.59,0.38625,0.450416667,0.691510417
04-02-2026 04:00,04-02-2026 04:15,12,22,78.51,0.27,31.015,6.4,2026,4,2,4,0,3,0.515262463,0.857032435,0.27,0.445,0.58,0.37,0.3425,0.449583333,0.69046875
04-02-2026 04:15,04-02-2026 04:30,12,22,78.13,0.27,26.5,6.48,2026,4,2,4,15,3,0.446197813,0.894934362,0.27,0.41,0.62,0.27,0.3075,0.42125,0.69046875
04-02-2026 04:30,04-02-2026 04:45,12,21.9,77.9,0.27,52.22,6.36,2026,4,2,4,30,3,0.790368909,0.6126312,0.27,0.42,0.32,0.36,0.27,0.407916667,0.68953125
04-02-2026 04:45,04-02-2026 05:00,8,21,78.43,0.3,26.5,6.32,2026,4,2,4,45,3,0.446197813,0.894934362,0.27,0.27,0.48,0.64,0.2775,0.387916667,0.685989583
04-02-2026 05:00,04-02-2026 05:15,9,21,78.8,0.415,85.785,6.35,2026,4,2,5,0,3,0.997295269,0.073499291,0.3,0.27,0.445,0.27,0.31375,0.374166667,0.6875
04-02-2026 05:15,04-02-2026 05:30,10,21,79.17,0.53,145.07,6.38,2026,4,2,5,15,3,0.572575226,-0.819852189,0.415,0.27,0.41,0.31,0.37875,0.366666667,0.689791667
04-02-2026 05:30,04-02-2026 05:45,10,29.2,80,0.69,225.62,6.61,2026,4,2,5,30,3,-0.714716865,-0.6994139,0.53,0.27,0.42,0.42,0.48375,0.3975,0.692604167
04-02-2026 05:45,04-02-2026 06:00,27.62,58.2,80.22,0.525,255.19,7.27,2026,4,2,5,45,3,-0.96677879,-0.255614497,0.69,0.3,0.27,0.27,0.54,0.40125,0.695260417
04-02-2026 06:00,04-02-2026 06:15,45.24,87.2,80.44,0.36,284.76,7.93,2026,4,2,6,0,3,-0.967001488,0.254770726,0.525,0.415,0.27,0.27,0.52625,0.394166667,0.696197917
04-02-2026 06:15,04-02-2026 06:30,26,62,80.57,0.69,199.12,11.06,2026,4,2,6,15,3,-0.327547728,-0.944834634,0.36,0.53,0.27,0.27,0.56625,0.4175,0.700572917
04-02-2026 06:30,04-02-2026 06:45,26,64.7,80.04,0.89,250.79,17.53,2026,4,2,6,30,3,-0.944318958,-0.329031466,0.69,0.69,0.27,0.27,0.61625,0.456666667,0.70703125
04-02-2026 06:45,04-02-2026 07:00,38.4,89,79.08,1.06,194.73,20.96,2026,4,2,6,45,3,-0.25426437,-0.967134753,0.89,0.525,0.3,0.27,0.75,0.5225,0.715260417
04-02-2026 07:00,04-02-2026 07:15,43.2,89,78.275,1.21,189.945,37.505,2026,4,2,7,0,3,-0.17270275,-0.98497399,1.06,0.36,0.415,0.27,0.9625,0.600833333,0.725052083
04-02-2026 07:15,04-02-2026 07:30,48,89,77.47,1.36,185.16,54.05,2026,4,2,7,15,3,-0.0899373,-0.995947429,1.21,0.69,0.53,0.27,1.13,0.691666667,0.73640625
04-02-2026 07:30,04-02-2026 07:45,38.4,89.4,76.46,0.92,223.06,116.76,2026,4,2,7,30,3,-0.682763858,-0.730639114,1.36,0.89,0.69,0.36,1.1375,0.745833333,0.742239583
04-02-2026 07:45,04-02-2026 08:00,25.6,91,75.47,0.76,241.52,135.23,2026,4,2,7,45,3,-0.878983619,-0.476851966,0.92,1.06,0.525,0.65,1.0625,0.784166667,0.743385417
04-02-2026 08:00,04-02-2026 08:15,32,91,74.53,0.88,181.95,155.49,2026,4,2,8,0,3,-0.034027351,-0.999420902,0.76,1.21,0.36,1.17,0.98,0.822916667,0.740364583
04-02-2026 16:00,04-02-2026 16:15,7,16,68.61,1.02,69.94,154.03,2026,4,2,16,0,3,0.939333943,0.343003999,0.76,0.91,0.92,0.72,0.785,0.930833333,0.705729167
04-02-2026 16:15,04-02-2026 16:30,7,16,69.29,1.01,84.53,132.41,2026,4,2,16,15,3,0.995446247,0.095324551,1.02,0.69,1.06,0.7,0.865,0.9375,0.708958333
04-02-2026 16:30,04-02-2026 16:45,7,16,69.77,0.82,63.4,107.91,2026,4,2,16,30,3,0.894154237,0.447759088,1.01,0.67,0.95,0.85,0.9025,0.9075,0.708645833
04-02-2026 16:45,04-02-2026 17:00,5.6,16.8,69.96,0.59,70.05,88.8,2026,4,2,16,45,3,0.939990732,0.341199977,0.82,0.76,1.02,0.46,0.86,0.868333333,0.71
04-02-2026 17:00,04-02-2026 17:15,11,18,70.51,1.02,107.59,72.28,2026,4,2,17,0,3,0.953243427,-0.302203523,0.59,1.02,0.91,1.01,0.86,0.876666667,0.710104167
04-02-2026 17:15,04-02-2026 17:30,11,18,71.61,0.62,91.07,51.45,2026,4,2,17,15,3,0.999825627,-0.018673938,1.02,1.01,0.69,1,0.7625,0.84,0.706145833
04-02-2026 17:30,04-02-2026 17:45,11,18,72.46,0.87,63.98,20.41,2026,4,2,17,30,3,0.898640971,0.438684858,0.62,0.82,0.67,0.45,0.775,0.833333333,0.710520833
04-02-2026 17:45,04-02-2026 18:00,8.8,18.4,74.27,0.4,119.27,12.82,2026,4,2,17,45,3,0.872325393,-0.48892577,0.87,0.59,0.76,0.58,0.7275,0.781666667,0.708645833
04-02-2026 18:00,04-02-2026 18:15,12,19,76.19,0.44,94.86,8.55,2026,4,2,18,0,3,0.996404686,-0.084721322,0.4,1.02,1.02,0.71,0.5825,0.7425,0.705833333
04-02-2026 18:15,04-02-2026 18:30,11.6,19,77.4,0.64,82.49,6.47,2026,4,2,18,15,3,0.991422065,0.13069923,0.44,0.62,1.01,0.56,0.5875,0.738333333,0.706666667
04-02-2026 18:30,04-02-2026 18:45,12.75,19,78.24,0.6,58.44,5.97,2026,4,2,18,30,3,0.852092538,0.523391161,0.64,0.87,0.82,0.76,0.52,0.7325,0.705
04-02-2026 18:45,04-02-2026 19:00,11.5,21,78.44,0.43,77.66,6.04,2026,4,2,18,45,3,0.976896613,0.213712441,0.6,0.4,0.59,0.41,0.5275,0.705,0.705208333
04-02-2026 19:00,04-02-2026 19:15,16,25,78.8,0.64,116.16,5.97,2026,4,2,19,0,3,0.89756638,-0.440879341,0.43,0.44,1.02,0.57,0.5775,0.673333333,0.7059375
04-02-2026 19:15,04-02-2026 19:30,16,25,79.05,0.62,74.4,6.13,2026,4,2,19,15,3,0.963162567,0.268919821,0.64,0.64,0.62,0.93,0.5725,0.640833333,0.702708333
04-02-2026 19:30,04-02-2026 19:45,16,25,79.45,0.64,91.94,6.18,2026,4,2,19,30,3,0.999426826,-0.033852918,0.62,0.6,0.87,0.53,0.5825,0.625833333,0.703854167
04-02-2026 19:45,04-02-2026 20:00,12.8,27,79.57,0.52,87.6,6.15,2026,4,2,19,45,3,0.99912283,0.041875654,0.64,0.43,0.4,0.61,0.605,0.62,0.702916667
04-02-2026 20:00,04-02-2026 20:15,23.2,30,79.87,0.68,116.59,6.36,2026,4,2,20,0,3,0.894232372,-0.447603022,0.52,0.64,0.44,0.41,0.615,0.591666667,0.705729167
04-02-2026 20:15,04-02-2026 20:30,22.4,30,79.71,0.56,88.4,6.39,2026,4,2,20,15,3,0.999610115,0.027921639,0.68,0.62,0.64,0.73,0.6,0.586666667,0.703958333
04-02-2026 20:30,04-02-2026 20:45,21.5,30,79.76,0.75,67.16,6.47,2026,4,2,20,30,3,0.92159239,0.388159074,0.56,0.64,0.6,0.79,0.6275,0.576666667,0.703541667
04-02-2026 20:45,04-02-2026 21:00,18.33,27.67,79.69,0.49,80.73,6.25,2026,4,2,20,45,3,0.986940197,0.161087083,0.75,0.52,0.43,0.51,0.62,0.584166667,0.703333333
04-02-2026 21:00,04-02-2026 21:15,14.6,23,79.83,0.51,92.74,6.48,2026,4,2,21,0,3,0.998856745,-0.047803796,0.49,0.68,0.64,0.52,0.5775,0.59,0.703229167
04-02-2026 21:15,04-02-2026 21:30,14.8,23,79.59,0.37,97.73,6.39,2026,4,2,21,15,3,0.990912909,-0.134505045,0.51,0.56,0.62,0.51,0.53,0.5675,0.701770833
04-02-2026 21:30,04-02-2026 21:45,14.4,23,79.99,0.53,75.42,6.48,2026,4,2,21,30,3,0.9677971,0.251731549,0.37,0.75,0.64,0.32,0.475,0.561666667,0.703958333
04-02-2026 21:45,04-02-2026 22:00,13.4,24.6,80.13,0.56,56.2,6.35,2026,4,2,21,45,3,0.830984469,0.556295616,0.53,0.49,0.52,0.34,0.4925,0.5725,0.70625
04-02-2026 22:00,04-02-2026 22:15,18,27,80.27,0.75,52.03,6.47,2026,4,2,22,0,3,0.788333005,0.615248789,0.56,0.51,0.68,0.57,0.5525,0.581666667,0.708125
04-02-2026 22:15,04-02-2026 22:30,18,27,80.19,0.43,80.83,6.52,2026,4,2,22,15,3,0.987219843,0.159364302,0.75,0.37,0.56,0.76,0.5675,0.565833333,0.7046875
04-02-2026 22:30,04-02-2026 22:45,18,27,80.55,0.49,54.92,6.54,2026,4,2,22,30,3,0.818350382,0.574719629,0.43,0.53,0.75,0.72,0.5575,0.553333333,0.702291667
04-02-2026 22:45,04-02-2026 23:00,11.6,21.8,80.58,0.29,89.95,6.31,2026,4,2,22,45,3,0.999999619,0.000872665,0.49,0.56,0.49,0.29,0.49,0.534166667,0.702291667
04-02-2026 23:00,04-02-2026 23:15,6.75,14,80.63,0.58,95.5,6.57,2026,4,2,23,0,3,0.995396198,-0.095845753,0.29,0.75,0.51,0.55,0.4475,0.525833333,0.702604167
04-02-2026 23:15,04-02-2026 23:30,6.83,14,80.32,0.66,68.12,6.34,2026,4,2,23,15,3,0.927966395,0.372663884,0.58,0.43,0.37,0.28,0.505,0.534166667,0.7065625
04-02-2026 23:30,04-02-2026 23:45,6.4,14,80.13,0.57,45.06,6.21,2026,4,2,23,30,3,0.707846874,0.706365913,0.66,0.49,0.53,0.52,0.525,0.519166667,0.707083333
04-02-2026 23:45,04-03-2026 00:00,6.8,17.2,80.25,0.43,95.61,6.25,2026,4,2,23,45,3,0.995210353,-0.097756598,0.57,0.29,0.56,0.44,0.56,0.514166667,0.706979167
05-02-2026 00:00,05-02-2026 00:15,14,44,82.26,0.51,123.32,5.97,2026,5,2,0,0,5,0.835615665,-0.549314536,0.96,1.05,1.4,1.94,0.93,1.14,1.375520833
05-02-2026 00:15,05-02-2026 00:30,14,44,80.28,1.04,181.43,6.29,2026,5,2,0,15,5,-0.024955617,-0.99968856,0.51,1.03,1.14,1.53,0.9325,1.144166667,1.370416667
05-02-2026 00:30,05-02-2026 00:45,14,43.6,78.84,0.45,153.23,6.29,2026,5,2,0,30,5,0.450410122,-0.892821775,1.04,1.22,1.22,1.77,0.74,1.06,1.356666667
05-02-2026 00:45,05-02-2026 01:00,38.2,69.6,78.59,1.21,161.89,6.32,2026,5,2,0,45,5,0.310842321,-0.950461494,0.45,0.96,1.46,1.44,0.8025,1.0575,1.354270833
05-02-2026 01:00,05-02-2026 01:15,20,42,78.73,0.6,135.1,6.36,2026,5,2,1,0,5,0.705871571,-0.708339838,1.21,0.51,1.05,1.53,0.825,0.990833333,1.344583333
05-02-2026 01:15,05-02-2026 01:30,20,42,79.37,1.02,105.33,6.34,2026,5,2,1,15,5,0.964419123,-0.264378055,0.6,1.04,1.03,1.47,0.82,0.980833333,1.339895833
05-02-2026 01:30,05-02-2026 01:45,20,39,79.85,1.07,109.02,6.41,2026,5,2,1,30,5,0.945404873,-0.325898183,1.02,0.45,1.22,1.18,0.975,0.968333333,1.33875
05-02-2026 01:45,05-02-2026 02:00,14.4,27,80.09,0.8,150.55,6.27,2026,5,2,1,45,5,0.491663844,-0.870785085,1.07,1.21,0.96,2.17,0.8725,0.913333333,1.324479167
05-02-2026 02:00,05-02-2026 02:15,13,27,80.22,1.02,81.29,6.38,2026,5,2,2,0,5,0.988467472,0.151433343,0.8,0.6,0.51,1.57,0.9775,0.910833333,1.31875
05-02-2026 02:15,05-02-2026 02:30,13,27,80.16,0.9,137.79,6.36,2026,5,2,2,15,5,0.671849874,-0.740687348,1.02,1.02,1.04,1.82,0.9475,0.9,1.309166667
05-02-2026 02:30,05-02-2026 02:45,30.55,52.6,80.34,0.53,215.75,6.21,2026,5,2,2,30,5,-0.584249666,-0.811573982,0.9,1.07,0.45,1.05,0.8125,0.8425,1.30375
05-02-2026 02:45,05-02-2026 03:00,12.2,33,81.44,0.33,159.65,6.42,2026,5,2,2,45,5,0.347753982,-0.937585819,0.53,0.8,1.21,1.5,0.695,0.79,1.2915625
05-02-2026 03:00,05-02-2026 03:15,16,33,82.9,0.56,158.43,6.35,2026,5,2,3,0,5,0.367637672,-0.929969108,0.33,1.02,0.6,1.57,0.58,0.794166667,1.281041667
05-02-2026 03:15,05-02-2026 03:30,16,33,83.77,0.46,98.75,6.28,2026,5,2,3,15,5,0.98836151,-0.152123386,0.56,0.9,1.02,1.26,0.47,0.745833333,1.272708333
05-02-2026 03:30,05-02-2026 03:45,16,36.2,84.39,0.77,101.12,6.38,2026,5,2,3,30,5,0.981225401,-0.192864491,0.46,0.53,1.07,1.31,0.53,0.7725,1.267083333
05-02-2026 03:45,05-02-2026 04:00,13.6,49,85.38,0.77,97.01,6.22,2026,5,2,3,45,5,0.992524866,-0.122042574,0.77,0.33,0.8,1.28,0.64,0.735833333,1.261770833
05-02-2026 04:00,05-02-2026 04:15,13,49,86.11,1,97.97,6.42,2026,5,2,4,0,5,0.990340804,-0.138654579,0.77,0.56,1.02,0.95,0.75,0.769166667,1.262291667
05-02-2026 04:15,05-02-2026 04:30,13,49,86.465,0.945,103.585,6.385,2026,5,2,4,15,5,0.972022527,-0.234887646,1,0.46,0.9,1.48,0.87125,0.762916667,1.25671875
05-02-2026 04:30,05-02-2026 04:45,13,49,86.82,0.89,109.2,6.35,2026,5,2,4,30,5,0.94437637,-0.328866647,0.945,0.77,0.53,1.32,0.90125,0.747916667,1.252239583
05-02-2026 04:45,05-02-2026 05:00,18.15,58.88,87.27,1.11,158.89,6.19,2026,5,2,4,45,5,0.360159634,-0.932890689,0.89,0.77,0.33,1.91,0.98625,0.77375,1.24390625
05-02-2026 05:00,05-02-2026 05:15,8,49,87.47,0.86,109.39,6.14,2026,5,2,5,0,5,0.943280617,-0.331996503,1.11,1,0.56,1.26,0.95125,0.760416667,1.239739583
05-02-2026 05:15,05-02-2026 05:30,8,49,87.385,0.95,162.165,6.18,2026,5,2,5,15,5,0.306276871,-0.951942476,0.86,0.945,0.46,1.4,0.9525,0.764583333,1.235052083
05-02-2026 05:30,05-02-2026 05:45,8,49,87.3,1.04,214.94,6.22,2026,5,2,5,30,5,-0.572718308,-0.819752243,0.95,0.89,0.77,0.79,0.99,0.807083333,1.23765625
05-02-2026 05:45,05-02-2026 06:00,8,45,85.94,1.06,166.92,7.81,2026,5,2,5,45,5,0.226311312,-0.974055024,1.04,1.11,0.77,0.84,0.9775,0.867916667,1.239947917
05-02-2026 06:00,05-02-2026 06:15,13,39,84.08,1.12,204.94,11.9,2026,5,2,6,0,5,-0.421668947,-0.906749855,1.06,0.86,1,0.9,1.0425,0.914583333,1.242239583
05-02-2026 06:15,05-02-2026 06:30,13,39,83.22,1.47,157.51,18.2,2026,5,2,6,15,5,0.382522179,-0.923946309,1.12,0.95,0.945,1.68,1.1725,0.99875,1.240052083
05-02-2026 06:30,05-02-2026 06:45,13,39,82.62,1.37,121.4,25.33,2026,5,2,6,30,5,0.853550797,-0.521009632,1.47,1.04,0.89,1.47,1.255,1.04875,1.239010417
05-02-2026 06:45,05-02-2026 07:00,32.37,63.4,82.13,1.21,108.61,37.28,2026,5,2,6,45,5,0.947712727,-0.319124721,1.37,1.06,1.11,1.53,1.2925,1.085416667,1.235677083
05-02-2026 07:00,05-02-2026 07:15,6.4,31,81.45,1.04,101.22,49.51,2026,5,2,7,0,5,0.980887295,-0.194576757,1.21,1.12,0.86,0.78,1.2725,1.08875,1.238385417
05-02-2026 07:15,05-02-2026 07:30,8,31,80.48,1.4,97.22,66.06,2026,5,2,7,15,5,0.992070891,-0.125679539,1.04,1.47,0.95,0.62,1.255,1.126666667,1.246510417
05-02-2026 07:30,05-02-2026 07:45,8,31,79.71,0.94,202.36,82.97,2026,5,2,7,30,5,-0.380424829,-0.924811846,1.4,1.37,1.04,1,1.1475,1.130833333,1.245885417
05-02-2026 07:45,05-02-2026 08:00,25.77,56,78.24,1.13,133.87,101.43,2026,5,2,7,45,5,0.720914077,-0.693024454,0.94,1.21,1.06,0.64,1.1275,1.1325,1.250989583
05-02-2026 08:00,05-02-2026 08:15,4,38,77.03,1.71,78.43,117.91,2026,5,2,8,0,5,0.979680399,0.200564989,1.13,1.04,1.12,0.72,1.295,1.203333333,1.261302083
05-02-2026 08:15,05-02-2026 08:30,5,38,76.02,1.5,150.4,137.34,2026,5,2,8,15,5,0.493941867,-0.86949493,1.71,1.4,1.47,0.78,1.32,1.249166667,1.268802083
05-02-2026 08:30,05-02-2026 08:45,5,38,74.79,1.03,78.52,152.92,2026,5,2,8,30,5,0.979994237,0.199025864,1.5,0.94,1.37,1.17,1.3425,1.248333333,1.26734375
05-02-2026 15:15,05-02-2026 15:30,11,48,77.98,1.73,32.81,141.88,2026,5,2,15,15,5,0.541854909,0.840472045,1.72,1.9,1.9,2.23,1.62,1.679166667,1.38609375
05-02-2026 15:30,05-02-2026 15:45,11,48,79.12,1.34,26.5,129.91,2026,5,2,15,30,5,0.446197813,0.894934362,1.73,1.45,1.62,1.46,1.5925,1.703333333,1.38484375
05-02-2026 15:45,05-02-2026 16:00,26.98,64.4,78.94,1.91,26.5,95.52,2026,5,2,15,45,5,0.446197813,0.894934362,1.34,1.58,1.67,1.99,1.675,1.680833333,1.384010417
05-02-2026 16:00,05-02-2026 16:15,5.6,40,80.61,1.5,26.5,71.35,2026,5,2,16,0,5,0.446197813,0.894934362,1.91,1.72,1.6,2.02,1.62,1.66,1.37859375
05-02-2026 16:15,05-02-2026 16:30,7,40,82.42,2.02,54.33,68.17,2026,5,2,16,15,5,0.812388957,0.583115925,1.5,1.73,1.9,2.25,1.6925,1.67,1.376197917
05-02-2026 16:30,05-02-2026 16:45,5.6,40,82.92,1.75,53.27,60.61,2026,5,2,16,30,5,0.801462619,0.598044874,2.02,1.34,1.45,1.79,1.795,1.680833333,1.37578125
05-02-2026 16:45,05-02-2026 17:00,22.9,58,82.68,2.35,26.5,66.1,2026,5,2,16,45,5,0.446197813,0.894934362,1.75,1.91,1.58,1.57,1.905,1.7375,1.38390625
05-02-2026 17:00,05-02-2026 17:15,7.2,40,82.52,2.25,51.82,36.35,2026,5,2,17,0,5,0.786072711,0.618134042,2.35,1.5,1.72,1.01,2.0925,1.791666667,1.396822917
05-02-2026 17:15,05-02-2026 17:30,9,40,83.79,1.97,26.5,24.25,2026,5,2,17,15,5,0.446197813,0.894934362,2.25,2.02,1.73,1.33,2.08,1.7975,1.403489583
05-02-2026 17:30,05-02-2026 17:45,9,40,84.27,1.47,64.77,18.34,2026,5,2,17,30,5,0.904603991,0.426253,1.97,1.75,1.34,1.76,2.01,1.799166667,1.40046875
05-02-2026 17:45,05-02-2026 18:00,33.32,70.8,84.8,1.66,65.06,11.74,2026,5,2,17,45,5,0.906749855,0.421668947,1.47,2.35,1.91,1.18,1.8375,1.805833333,1.40546875
05-02-2026 18:00,05-02-2026 18:15,16,45,85.07,1.7,43.72,8.48,2026,5,2,18,0,5,0.691134732,0.722725938,1.66,2.25,1.5,1.56,1.7,1.804166667,1.406927083
05-02-2026 18:15,05-02-2026 18:30,20,45,85.19,1.64,26.5,6.71,2026,5,2,18,15,5,0.446197813,0.894934362,1.7,1.97,2.02,1.69,1.6175,1.796666667,1.40640625
05-02-2026 18:30,05-02-2026 18:45,20,45,85.48,1.24,26.5,6.42,2026,5,2,18,30,5,0.446197813,0.894934362,1.64,1.47,1.75,1.23,1.56,1.788333333,1.406510417
05-02-2026 18:45,05-02-2026 19:00,29.86,59.2,86.09,1.26,26.5,6.31,2026,5,2,18,45,5,0.446197813,0.894934362,1.24,1.66,2.35,1.73,1.46,1.734166667,1.401614583
05-02-2026 19:00,05-02-2026 19:15,8,42,86.51,1.27,63.25,6.48,2026,5,2,19,0,5,0.892978943,0.450098441,1.26,1.7,2.25,1.42,1.3525,1.715,1.400052083
05-02-2026 19:15,05-02-2026 19:30,10,42,86.56,1.25,67.39,6.32,2026,5,2,19,15,5,0.923143131,0.384456447,1.27,1.64,1.97,0.97,1.255,1.650833333,1.40296875
05-02-2026 19:30,05-02-2026 19:45,8,42,86.32,1.57,26.5,6.39,2026,5,2,19,30,5,0.446197813,0.894934362,1.25,1.24,1.47,1.28,1.3375,1.635833333,1.405989583
05-02-2026 19:45,05-02-2026 20:00,30.82,64,85.76,1.37,73.8,6.38,2026,5,2,19,45,5,0.960293686,0.278991106,1.57,1.26,1.66,1.67,1.365,1.554166667,1.402864583
05-02-2026 20:00,05-02-2026 20:15,19.2,41,85.12,0.97,26.5,6.39,2026,5,2,20,0,5,0.446197813,0.894934362,1.37,1.27,1.7,1.29,1.29,1.4475,1.39953125
05-02-2026 20:15,05-02-2026 20:30,24,41,84.49,1.83,55.3,6.34,2026,5,2,20,15,5,0.822144041,0.569279523,0.97,1.25,1.64,1.26,1.435,1.435833333,1.40546875
05-02-2026 20:30,05-02-2026 20:45,24,41,84.06,1.35,26.5,6.41,2026,5,2,20,30,5,0.446197813,0.894934362,1.83,1.57,1.24,1.57,1.38,1.425833333,1.403177083
05-02-2026 20:45,05-02-2026 21:00,35.27,61.4,83.41,1.41,171.77,6.34,2026,5,2,20,45,5,0.14314716,-0.989701415,1.35,1.37,1.26,1.34,1.39,1.405,1.40390625
05-02-2026 21:00,05-02-2026 21:15,21.6,53,83,1.81,114.33,6.39,2026,5,2,21,0,5,0.911187683,-0.411991512,1.41,0.97,1.27,1.28,1.6,1.414166667,1.409427083
05-02-2026 21:15,05-02-2026 21:30,27,53,81.96,1.49,46.42,6.41,2026,5,2,21,15,5,0.72441254,0.689366718,1.81,1.83,1.25,0.99,1.515,1.401666667,1.414635417
05-02-2026 21:30,05-02-2026 21:45,21.6,53,81.78,1.08,26.5,6.46,2026,5,2,21,30,5,0.446197813,0.894934362,1.49,1.35,1.57,1.46,1.4475,1.388333333,1.410677083
05-02-2026 21:45,05-02-2026 22:00,25.8,55.4,82.82,1.03,47.14,6.24,2026,5,2,21,45,5,0.733017953,0.680209292,1.08,1.41,1.37,1.24,1.3525,1.369166667,1.408489583
05-02-2026 22:00,05-02-2026 22:15,16.8,57,83.61,1.93,26.5,6.14,2026,5,2,22,0,5,0.446197813,0.894934362,1.03,1.81,0.97,1.4,1.3825,1.424166667,1.414010417
05-02-2026 22:15,05-02-2026 22:30,21,57,84.1,0.84,64.7,6.18,2026,5,2,22,15,5,0.90408255,0.427357863,1.93,1.49,1.83,1.14,1.22,1.39,1.410885417
05-02-2026 22:30,05-02-2026 22:45,21,57,84.38,1.24,69.58,6.15,2026,5,2,22,30,5,0.937160258,0.348899199,0.84,1.08,1.35,1.22,1.26,1.3625,1.41109375
05-02-2026 22:45,05-02-2026 23:00,37.24,74.8,84.29,1.23,26.5,6.08,2026,5,2,22,45,5,0.446197813,0.894934362,1.24,1.03,1.41,1.46,1.31,1.350833333,1.408697917
05-02-2026 23:00,05-02-2026 23:15,11.2,46,83.73,0.94,70,6.06,2026,5,2,23,0,5,0.939692621,0.342020143,1.23,1.93,1.81,1.05,1.0625,1.348333333,1.407552083
05-02-2026 23:15,05-02-2026 23:30,14,46,81.52,1.31,26.5,6.2,2026,5,2,23,15,5,0.446197813,0.894934362,0.94,0.84,1.49,1.03,1.18,1.305,1.41046875
05-02-2026 23:30,05-02-2026 23:45,14,46,80.51,0.89,69.1,6.14,2026,5,2,23,30,5,0.934204474,0.356737999,1.31,1.24,1.08,1.22,1.0925,1.266666667,1.40703125
05-02-2026 23:45,05-03-2026 00:00,30.52,67.6,79.91,1.41,69.31,6.03,2026,5,2,23,45,5,0.93550571,0.353311573,0.89,1.23,1.03,0.96,1.1375,1.266666667,1.41171875
01-03-2026 00:00,01-03-2026 00:15,26.24,64,85.72,1.45,272.48,6.17,2026,1,3,0,0,5,-0.999063387,0.043270651,0.72,1.23,1.15,0.27,0.995,0.925833333,0.751041667
01-03-2026 00:15,01-03-2026 00:30,26.24,64,86.08,0.64,256.37,6.25,2026,1,3,0,15,5,-0.971837747,-0.235650998,1.45,1.12,1.16,0.27,0.875,0.9475,0.754895833
01-03-2026 00:30,01-03-2026 00:45,26.24,64,86.32,0.69,148.61,6.22,2026,1,3,0,30,5,0.520860651,-0.853641718,0.64,0.69,1,0.27,0.875,0.935833333,0.759270833
01-03-2026 00:45,01-03-2026 01:00,26.08,63.6,86.12,0.71,233.63,6.17,2026,1,3,0,45,5,-0.8052044,-0.592997364,0.69,0.72,0.61,0.4,0.8725,0.930833333,0.7625
01-03-2026 01:00,01-03-2026 01:15,25.42,62,86.44,0.57,208.07,6.01,2026,1,3,1,0,5,-0.470549936,-0.882373366,0.71,1.45,1.23,0.44,0.6525,0.8825,0.763854167
01-03-2026 01:15,01-03-2026 01:30,25.42,62,86.35,0.74,347.87,6.27,2026,1,3,1,15,5,-0.2101305,0.977673347,0.57,0.64,1.12,0.27,0.6775,0.8475,0.76875
01-03-2026 01:30,01-03-2026 01:45,25.42,62,85.78,1.07,216.71,6.11,2026,1,3,1,30,5,-0.597765074,-0.801671327,0.74,0.69,0.69,0.36,0.7725,0.853333333,0.776145833
01-03-2026 01:45,01-03-2026 02:00,32.88,80.2,85.9,0.79,244.05,6.17,2026,1,3,1,45,5,-0.899176255,-0.437586634,1.07,0.71,0.72,0.37,0.7925,0.868333333,0.780520833
01-03-2026 02:00,01-03-2026 02:15,13.53,33,85.64,0.74,257.18,6.11,2026,1,3,2,0,5,-0.97507196,-0.221888875,0.79,0.57,1.45,0.27,0.835,0.8275,0.785416667
01-03-2026 02:15,01-03-2026 02:30,13.53,33,85.14,0.74,74.54,6.1,2026,1,3,2,15,5,0.963816786,0.26656557,0.74,0.74,0.64,0.45,0.835,0.795833333,0.7884375
01-03-2026 02:30,01-03-2026 02:45,13.53,33,85.1,0.89,149.06,6.13,2026,1,3,2,30,5,0.514140169,-0.857706177,0.74,1.07,0.69,0.27,0.79,0.8125,0.794895833
01-03-2026 02:45,01-03-2026 03:00,20.91,51,84.3,0.81,154.73,6.18,2026,1,3,2,45,5,0.426884428,-0.90430619,0.89,0.79,0.71,0.27,0.795,0.82,0.800520833
01-03-2026 03:00,01-03-2026 03:15,18.86,46,84.44,1.01,262.21,6.06,2026,1,3,3,0,5,-0.990771512,-0.135542652,0.81,0.74,0.57,0.27,0.8625,0.783333333,0.808229167
01-03-2026 03:15,01-03-2026 03:30,18.86,46,84.48,0.44,256.32,6.08,2026,1,3,3,15,5,-0.971631733,-0.236498997,1.01,0.74,0.74,0.27,0.7875,0.766666667,0.81
01-03-2026 03:30,01-03-2026 03:45,18.86,46,83.78,1.22,264.56,6.11,2026,1,3,3,30,5,-0.995496022,-0.094803324,0.44,0.89,1.07,0.35,0.87,0.810833333,0.8190625
01-03-2026 03:45,01-03-2026 04:00,24.76,60.4,83.68,0.92,79.01,5.99,2026,1,3,3,45,5,0.981660471,0.190637666,1.22,0.81,0.79,0.27,0.8975,0.828333333,0.825833333
01-03-2026 04:00,01-03-2026 04:15,16.81,41,83.85,1.05,205.11,6.08,2026,1,3,4,0,5,-0.424357468,-0.905494748,0.92,1.01,0.74,0.27,0.9075,0.868333333,0.833958333
01-03-2026 04:15,01-03-2026 04:30,16.81,41,84.39,0.72,127.11,6.04,2026,1,3,4,15,5,0.797478637,-0.603347183,1.05,0.44,0.74,0.27,0.9775,0.866666667,0.838645833
01-03-2026 04:30,01-03-2026 04:45,16.81,41,84.26,0.99,276.3,6,2026,1,3,4,30,5,-0.993960955,0.109734311,0.72,1.22,0.89,0.27,0.92,0.86,0.846145833
01-03-2026 04:45,01-03-2026 05:00,24.76,60.4,84.6,1.2,156.42,6.04,2026,1,3,4,45,5,0.400029137,-0.916502422,0.99,0.92,0.81,0.27,0.99,0.894166667,0.855833333
01-03-2026 05:00,01-03-2026 05:15,15.99,39,84.75,1.07,296.79,6.04,2026,1,3,5,0,5,-0.892664498,0.450721748,1.2,1.05,1.01,0.27,0.995,0.921666667,0.864166667
01-03-2026 05:15,01-03-2026 05:30,15.99,39,84.67,0.41,275.14,6,2026,1,3,5,15,5,-0.995978763,0.089589643,1.07,0.72,0.44,0.27,0.9175,0.894166667,0.865625
01-03-2026 05:30,01-03-2026 05:45,15.99,39,83.96,1.02,271.74,6.1,2026,1,3,5,30,5,-0.999538906,0.030364061,0.41,0.99,1.22,0.27,0.925,0.905,0.8734375
01-03-2026 05:45,01-03-2026 06:00,16.4,40,84.31,0.92,141.27,6.13,2026,1,3,5,45,5,0.625651203,-0.780102924,1.02,1.2,0.92,0.27,0.855,0.914166667,0.880208333
01-03-2026 06:00,01-03-2026 06:15,18.04,44,83.64,0.92,220.83,6.1,2026,1,3,6,0,5,-0.653816876,-0.756652822,0.92,1.07,1.05,0.27,0.8175,0.906666667,0.886979167
01-03-2026 06:15,01-03-2026 06:30,18.04,44,83.77,0.63,273.78,6.38,2026,1,3,6,15,5,-0.997824541,0.065925598,0.92,0.41,0.72,0.27,0.8725,0.9225,0.890729167
01-03-2026 06:30,01-03-2026 06:45,18.04,44,83.37,0.88,149.86,7.46,2026,1,3,6,30,5,0.502114605,-0.864801089,0.63,1.02,0.99,0.27,0.8375,0.894166667,0.897083333
01-03-2026 06:45,01-03-2026 07:00,29.77,72.6,83.19,1.01,271.19,11.42,2026,1,3,6,45,5,-0.999784323,0.020767925,0.88,0.92,1.2,0.27,0.86,0.901666667,0.904791667
01-03-2026 07:00,01-03-2026 07:15,18.45,45,82.58,1.34,91.63,15.87,2026,1,3,7,0,5,0.999595358,-0.02844503,1.01,0.92,1.07,0.27,0.965,0.925833333,0.9159375
01-03-2026 07:15,01-03-2026 07:30,18.45,45,81.88,0.81,215.93,20.47,2026,1,3,7,15,5,-0.586796413,-0.809734506,1.34,0.63,0.41,0.27,1.01,0.933333333,0.9215625
01-03-2026 07:30,01-03-2026 07:45,18.45,45,81.96,1.21,146.05,25,2026,1,3,7,30,5,0.558469219,-0.829525245,0.81,0.88,1.02,0.27,1.0925,0.951666667,0.931354167
01-03-2026 07:45,01-03-2026 08:00,17.3,42.2,81.71,0.7,226.81,30.85,2026,1,3,7,45,5,-0.729088092,-0.684419866,1.21,1.01,0.92,0.35,1.015,0.91,0.935
01-03-2026 08:00,01-03-2026 08:15,12.71,31,81.51,0.84,89.09,34.77,2026,1,3,8,0,5,0.999873876,0.015881828,0.7,1.34,0.92,0.27,0.89,0.890833333,0.9409375
01-03-2026 08:15,01-03-2026 08:30,12.71,31,81.59,0.68,330.31,47.08,2026,1,3,8,15,5,-0.495307056,0.868717975,0.84,0.81,0.63,0.27,0.8575,0.913333333,0.945208333
01-03-2026 08:30,01-03-2026 08:45,12.71,31,79.85,1.05,261.69,53.8,2026,1,3,8,30,5,-0.989500579,-0.144528904,0.68,1.21,0.88,0.32,0.8175,0.915833333,0.9528125
01-03-2026 08:45,01-03-2026 09:00,13.78,33.6,78.77,1.29,86.87,50.99,2026,1,3,8,45,5,0.998508218,0.054601638,1.05,0.7,1.01,0.89,0.965,0.946666667,0.956979167
01-03-2026 09:00,01-03-2026 09:15,18.04,44,78.28,1.1,85.63,57.73,2026,1,3,9,0,5,0.997092786,0.076196962,1.29,0.84,1.34,1.1,1.03,0.961666667,0.956979167
01-03-2026 09:15,01-03-2026 09:30,18.04,44,77.34,1.05,132.32,56.94,2026,1,3,9,15,5,0.739396124,-0.673270652,1.1,0.68,0.81,0.78,1.1225,0.996666667,0.959791667
01-03-2026 09:30,01-03-2026 09:45,18.04,44,76.51,1.12,147.65,64.48,2026,1,3,9,30,5,0.535089776,-0.844795201,1.05,1.05,1.21,0.64,1.14,1.016666667,0.964791667
01-03-2026 09:45,01-03-2026 10:00,23.53,57.4,75.91,1.15,92.4,67.06,2026,1,3,9,45,5,0.99912283,-0.041875654,1.12,1.29,0.7,2.26,1.105,1.028333333,0.953229167
01-03-2026 10:00,01-03-2026 10:15,15.99,39,75.79,1.07,147.96,73.31,2026,1,3,10,0,5,0.530511184,-0.847677936,1.15,1.1,0.84,1.7,1.0975,1.005833333,0.946666667
01-03-2026 10:15,01-03-2026 10:30,15.99,39,74.64,1.68,203.93,78.76,2026,1,3,10,15,5,-0.405620233,-0.914041698,1.07,1.05,0.68,1.14,1.255,1.078333333,0.952291667
01-03-2026 10:30,01-03-2026 10:45,15.99,39,74.24,1.58,32.17,81.98,2026,1,3,10,30,5,0.532433137,0.846472063,1.68,1.12,1.05,1.82,1.37,1.109166667,0.949791667
01-03-2026 10:45,01-03-2026 11:00,15.33,37.4,74.2,1.31,138.69,83.42,2026,1,3,10,45,5,0.660132778,-0.75114893,1.58,1.15,1.29,1.39,1.41,1.16,0.948958333
01-03-2026 11:00,01-03-2026 11:15,12.71,31,74.28,1.14,38.4,100.91,2026,1,3,11,0,5,0.62114778,0.783693457,1.31,1.07,1.1,1.91,1.4275,1.185,0.9409375
01-03-2026 11:15,01-03-2026 11:30,12.71,31,74.71,1.9,88.13,107.67,2026,1,3,11,15,5,0.999467439,0.032631863,1.14,1.68,1.05,1.36,1.4825,1.286666667,0.9465625
01-03-2026 11:30,01-03-2026 11:45,12.71,31,74.82,2.27,55.62,103.37,2026,1,3,11,30,5,0.825310659,0.56467895,1.9,1.58,1.12,1.68,1.655,1.388333333,0.952708333
01-03-2026 11:45,01-03-2026 12:00,19.35,47.2,74.43,1.36,130.64,103.71,2026,1,3,11,45,5,0.758816796,-0.65130413,2.27,1.31,1.15,1.59,1.6675,1.394166667,0.9503125
01-03-2026 12:00,01-03-2026 12:15,13.94,34,73.99,2.12,261.23,139.65,2026,1,3,12,0,5,-0.988308349,-0.15246838,1.36,1.14,1.07,2.43,1.9125,1.479166667,0.947083333
01-03-2026 14:45,01-03-2026 15:00,11.97,29.2,73.25,1,77.98,163.61,2026,1,3,14,45,5,0.978074966,0.208253116,0.86,0.71,1.38,0.78,1.045,1.19,0.9346875
01-03-2026 15:00,01-03-2026 15:15,15.58,38,72.78,1.54,142.32,137.25,2026,1,3,15,0,5,0.611250814,-0.791436948,1,1.5,1.17,1.02,1.055,1.141666667,0.940104167
01-03-2026 15:15,01-03-2026 15:30,15.58,38,73.93,1.49,187.5,126.75,2026,1,3,15,15,5,-0.130526192,-0.991444861,1.54,0.82,1.06,0.47,1.2225,1.1675,0.950729167
01-03-2026 15:30,01-03-2026 15:45,15.58,38,74.54,1.4,26.5,109.74,2026,1,3,15,30,5,0.446197813,0.894934362,1.49,0.86,0.96,0.73,1.3575,1.1575,0.957708333
01-03-2026 15:45,01-03-2026 16:00,25.26,61.6,75.24,1.36,85.78,95.29,2026,1,3,15,45,5,0.997288852,0.073586321,1.4,1,0.71,0.47,1.4475,1.155833333,0.966979167
01-03-2026 16:00,01-03-2026 16:15,19.27,47,75.42,0.63,88.56,85.11,2026,1,3,16,0,5,0.999684189,0.025130095,1.36,1.54,1.5,0.88,1.22,1.110833333,0.964375
01-03-2026 16:15,01-03-2026 16:30,19.27,47,76.21,0.93,85.45,67.91,2026,1,3,16,15,5,0.996848486,0.07932904,0.63,1.49,0.82,1.02,1.08,1.1,0.9634375
01-03-2026 16:30,01-03-2026 16:45,19.27,47,76.64,1.59,26.5,50.16,2026,1,3,16,30,5,0.446197813,0.894934362,0.93,1.4,0.86,0.81,1.1275,1.1525,0.9715625
01-03-2026 16:45,01-03-2026 17:00,19.11,46.6,77.08,1.35,144.19,29.08,2026,1,3,16,45,5,0.585099223,-0.810961712,1.59,1.36,1,0.37,1.125,1.205833333,0.981770833
01-03-2026 17:00,01-03-2026 17:15,18.45,45,78.1,1.75,122.36,19.86,2026,1,3,17,0,5,0.844701797,-0.535237212,1.35,0.63,1.54,0.54,1.405,1.226666667,0.994375
01-03-2026 17:15,01-03-2026 17:30,18.45,45,79.04,1.12,145.49,16.73,2026,1,3,17,15,5,0.566550065,-0.82402732,1.75,0.93,1.49,0.5,1.4525,1.251666667,1.000833333
01-03-2026 17:30,01-03-2026 17:45,18.45,45,78.93,0.99,26.5,11.8,2026,1,3,17,30,5,0.446197813,0.894934362,1.12,1.59,1.4,0.57,1.3025,1.2625,1.005208333
01-03-2026 17:45,01-03-2026 18:00,18.04,44,79.45,0.58,150.48,7.88,2026,1,3,17,45,5,0.492727342,-0.870183755,0.99,1.35,1.36,0.58,1.11,1.2275,1.005208333
01-03-2026 18:00,01-03-2026 18:15,16.4,40,79.87,0.78,26.5,6.55,2026,1,3,18,0,5,0.446197813,0.894934362,0.58,1.75,0.63,0.7,0.8675,1.164166667,1.006041667
01-03-2026 18:15,01-03-2026 18:30,16.4,40,79.89,1.48,128.01,6.35,2026,1,3,18,15,5,0.787903288,-0.615799,0.78,1.12,0.93,0.71,0.9575,1.163333333,1.0140625
01-03-2026 18:30,01-03-2026 18:45,16.4,40,79.61,0.91,95.84,6.25,2026,1,3,18,30,5,0.994809916,-0.10175083,1.48,0.99,1.59,0.63,0.9375,1.1225,1.016979167
01-03-2026 18:45,01-03-2026 19:00,35.67,87,79.91,0.51,88.57,6.18,2026,1,3,18,45,5,0.99968856,0.024955617,0.91,0.58,1.35,0.5,0.92,1.051666667,1.017083333
01-03-2026 19:00,01-03-2026 19:15,9.43,23,79.92,0.84,82.98,6.15,2026,1,3,19,0,5,0.992503551,0.1222158,0.51,0.78,1.75,0.31,0.935,1.069166667,1.022604167
01-03-2026 19:15,01-03-2026 19:30,9.43,23,80.24,0.55,86.06,6.21,2026,1,3,19,15,5,0.997636552,0.068711789,0.84,1.48,1.12,0.82,0.7025,1.0375,1.019791667
01-03-2026 19:30,01-03-2026 19:45,9.43,23,79.99,0.41,205.42,6.17,2026,1,3,19,30,5,-0.429250431,-0.903185511,0.55,0.91,0.99,0.62,0.5775,0.939166667,1.017604167
01-03-2026 19:45,01-03-2026 20:00,18.29,44.6,80.42,0.47,88.7,6.18,2026,1,3,19,45,5,0.999742609,0.022687334,0.41,0.51,0.58,0.35,0.5675,0.865833333,1.018854167
01-03-2026 20:00,01-03-2026 20:15,13.12,32,79.61,0.55,158.39,6.2,2026,1,3,20,0,5,0.368286824,-0.929712222,0.47,0.84,0.78,0.89,0.495,0.765833333,1.0153125
01-03-2026 20:15,01-03-2026 20:30,13.12,32,79.56,0.32,323.98,6.21,2026,1,3,20,15,5,-0.588067617,0.808811769,0.55,0.55,1.48,1.04,0.4375,0.699166667,1.0078125
01-03-2026 20:30,01-03-2026 20:45,13.12,32,79.95,0.52,263.99,6.2,2026,1,3,20,30,5,-0.994503637,-0.104702038,0.32,0.41,0.91,0.92,0.465,0.66,1.003645833
01-03-2026 20:45,01-03-2026 21:00,24.6,60,80.08,0.42,86.1,6.27,2026,1,3,20,45,5,0.997684279,0.068015291,0.52,0.47,0.51,0.6,0.4525,0.646666667,1.001770833
01-03-2026 21:00,01-03-2026 21:15,10.66,26,80.36,0.37,136.05,6.17,2026,1,3,21,0,5,0.694030364,-0.71994573,0.42,0.55,0.84,0.84,0.4075,0.6125,0.996875
01-03-2026 21:15,01-03-2026 21:30,10.66,26,79.78,0.47,84.75,6.27,2026,1,3,21,15,5,0.995804928,0.091501619,0.37,0.32,0.55,0.38,0.445,0.528333333,0.9978125
01-03-2026 21:30,01-03-2026 21:45,10.66,26,79.71,0.51,263.48,6.1,2026,1,3,21,30,5,-0.99353228,-0.113550029,0.47,0.52,0.41,0.83,0.4425,0.495,0.994479167
01-03-2026 21:45,01-03-2026 22:00,23.45,57.2,79.44,0.32,143.69,6.14,2026,1,3,21,45,5,0.592153831,-0.805824944,0.51,0.42,0.47,0.77,0.4175,0.479166667,0.989791667
01-03-2026 22:00,01-03-2026 22:15,11.07,27,78.99,0.53,81.12,6.17,2026,1,3,22,0,5,0.98801381,0.154365514,0.32,0.37,0.55,1.15,0.4575,0.453333333,0.983333333
01-03-2026 22:15,01-03-2026 22:30,11.07,27,78.77,0.48,142.27,6.18,2026,1,3,22,15,5,0.61194124,-0.79090323,0.53,0.47,0.32,1.16,0.46,0.4475,0.97625
01-03-2026 22:30,01-03-2026 22:45,11.07,27,78.94,0.43,197.33,6.24,2026,1,3,22,30,5,-0.297874745,-0.954604964,0.48,0.51,0.52,1,0.44,0.449166667,0.9703125
01-03-2026 22:45,01-03-2026 23:00,10.66,26,78.74,0.38,145.57,6.2,2026,1,3,22,45,5,0.565398954,-0.824817569,0.43,0.32,0.42,0.61,0.455,0.441666667,0.967916667
01-03-2026 23:00,01-03-2026 23:15,9.02,22,78.47,0.39,26.5,6.18,2026,1,3,23,0,5,0.446197813,0.894934362,0.38,0.53,0.37,1.23,0.42,0.428333333,0.959166667
01-03-2026 23:15,01-03-2026 23:30,9.02,22,78.31,0.41,26.5,6.2,2026,1,3,23,15,5,0.446197813,0.894934362,0.39,0.48,0.47,1.12,0.4025,0.435833333,0.951770833
01-03-2026 23:30,01-03-2026 23:45,9.02,22,78.32,0.35,126.66,6.24,2026,1,3,23,30,5,0.80219267,-0.597065256,0.41,0.43,0.51,0.69,0.3825,0.421666667,0.948229167
01-03-2026 23:45,01-04-2026 00:00,19.68,48,78.25,0.54,311.84,6.25,2026,1,3,23,45,5,-0.745010491,0.667052748,0.35,0.38,0.32,0.72,0.4225,0.431666667,0.946354167
02-03-2026 00:00,02-03-2026 00:15,74,108,71.95,0.94,248.35,6.22,2026,2,3,0,0,1,-0.929454883,-0.368935795,0.93,0.82,0.93,0.35,0.9875,1.080833333,1.196041667
02-03-2026 00:15,02-03-2026 00:30,74,108,71.62,0.69,120.31,6.34,2026,2,3,0,15,1,0.863307481,-0.504678307,0.94,0.91,1.22,0.37,0.9325,1.0525,1.199375
02-03-2026 00:30,02-03-2026 00:45,81.95,121.4,72.17,0.39,206.17,6.38,2026,2,3,0,30,1,-0.441035989,-0.897489419,0.69,1.17,1.34,0.5,0.7375,0.9775,1.198229167
02-03-2026 00:45,02-03-2026 01:00,67.4,99.2,72.65,0.72,134.14,6.49,2026,2,3,0,45,1,0.717640284,-0.696413974,0.39,0.93,1.42,0.31,0.685,0.956666667,1.2025
02-03-2026 01:00,02-03-2026 01:15,63,97,72.81,0.37,85.94,6.62,2026,2,3,1,0,1,0.997490454,0.070801082,0.72,0.94,0.82,0.29,0.5425,0.91,1.203333333
02-03-2026 01:15,02-03-2026 01:30,62.66666667,97.48484848,72.66121212,0.381818182,85.91060606,7.670606061,2026,2,3,1,15,1,0.997454001,0.071312806,0.37,0.69,0.91,0.45,0.465454545,0.840151515,1.202623106
02-03-2026 01:30,02-03-2026 01:45,62.33333333,97.96969697,72.51242424,0.393636364,85.88121212,8.721212121,2026,2,3,1,30,1,0.997417285,0.071824512,0.381818182,0.39,1.17,0.6,0.466363636,0.761287879,1.200473485
02-03-2026 01:45,02-03-2026 02:00,62,98.45454545,72.36363636,0.405454545,85.85181818,9.771818182,2026,2,3,1,45,1,0.997380306,0.072336198,0.393636364,0.72,0.93,0.48,0.387727273,0.676742424,1.19969697
02-03-2026 02:00,02-03-2026 02:15,61.66666667,98.93939394,72.21484848,0.417272727,85.82242424,10.82242424,2026,2,3,2,0,1,0.997343065,0.072847866,0.405454545,0.37,0.94,0.37,0.399545455,0.643181818,1.200189394
02-03-2026 02:15,02-03-2026 02:30,61.33333333,99.42424242,72.06606061,0.429090909,85.7930303,11.8730303,2026,2,3,2,15,1,0.997305561,0.073359514,0.417272727,0.381818182,0.69,0.48,0.411363636,0.603106061,1.199659091
02-03-2026 02:30,02-03-2026 02:45,61,99.90909091,71.91727273,0.440909091,85.76363636,12.92363636,2026,2,3,2,30,1,0.997267795,0.073871143,0.429090909,0.393636364,0.39,1.09,0.423181818,0.542348485,1.192897727
02-03-2026 02:45,02-03-2026 03:00,60.66666667,100.3939394,71.76848485,0.452727273,85.73424242,13.97424242,2026,2,3,2,45,1,0.997229766,0.074382753,0.440909091,0.405454545,0.72,0.6,0.435,0.502575758,1.191363636
02-03-2026 03:00,02-03-2026 03:15,60.33333333,100.8787879,71.61969697,0.464545455,85.70484848,15.02484848,2026,2,3,3,0,1,0.997191475,0.074894343,0.452727273,0.417272727,0.37,0.7,0.446818182,0.462954545,1.188910985
02-03-2026 03:15,02-03-2026 03:30,60,101.3636364,71.47090909,0.476363636,85.67545455,16.07545455,2026,2,3,3,15,1,0.997152921,0.075405913,0.464545455,0.429090909,0.381818182,0.98,0.458636364,0.445151515,1.183664773
02-03-2026 03:30,02-03-2026 03:45,59.66666667,101.8484848,71.32212121,0.488181818,85.64606061,17.12606061,2026,2,3,3,30,1,0.997114105,0.075917464,0.476363636,0.440909091,0.393636364,0.46,0.470454545,0.453333333,1.183958333
02-03-2026 03:45,02-03-2026 04:00,59.33333333,102.3333333,71.17333333,0.5,85.61666667,18.17666667,2026,2,3,3,45,1,0.997075027,0.076428994,0.488181818,0.452727273,0.405454545,1.29,0.482272727,0.435,1.175729167
02-03-2026 04:00,02-03-2026 04:15,59,102.8181818,71.02454545,0.511818182,85.58727273,19.22727273,2026,2,3,4,0,1,0.997035686,0.076940504,0.5,0.464545455,0.417272727,0.9,0.494090909,0.446818182,1.171685606
02-03-2026 04:15,02-03-2026 04:30,58.66666667,103.3030303,70.87575758,0.523636364,85.55787879,20.27787879,2026,2,3,4,15,1,0.996996083,0.077451994,0.511818182,0.476363636,0.429090909,0.69,0.505909091,0.458636364,1.169952652
02-03-2026 04:30,02-03-2026 04:45,58.33333333,103.7878788,70.7269697,0.535454545,85.52848485,21.32848485,2026,2,3,4,30,1,0.996956217,0.077963464,0.523636364,0.488181818,0.440909091,0.98,0.517727273,0.470454545,1.16532197
02-03-2026 04:45,02-03-2026 05:00,58,104.2727273,70.57818182,0.547272727,85.49909091,22.37909091,2026,2,3,4,45,1,0.996916089,0.078474913,0.535454545,0.5,0.452727273,0.66,0.529545455,0.482272727,1.164147727
02-03-2026 05:00,02-03-2026 05:15,57.66666667,104.7575758,70.42939394,0.559090909,85.46969697,23.42969697,2026,2,3,5,0,1,0.996875698,0.078986342,0.547272727,0.511818182,0.464545455,0.77,0.541363636,0.494090909,1.161950758
02-03-2026 05:15,02-03-2026 05:30,57.33333333,105.2424242,70.28060606,0.570909091,85.44030303,24.48030303,2026,2,3,5,15,1,0.996835045,0.07949775,0.559090909,0.523636364,0.476363636,1.43,0.553181818,0.505909091,1.153001894
02-03-2026 05:30,02-03-2026 05:45,57,105.7272727,70.13181818,0.582727273,85.41090909,25.53090909,2026,2,3,5,30,1,0.99679413,0.080009137,0.570909091,0.535454545,0.488181818,1.35,0.565,0.517727273,1.14500947
02-03-2026 05:45,02-03-2026 06:00,56.66666667,106.2121212,69.9830303,0.594545455,85.38151515,26.58151515,2026,2,3,5,45,1,0.996752953,0.080520502,0.582727273,0.547272727,0.5,1.04,0.576818182,0.529545455,1.140369318
02-03-2026 06:00,02-03-2026 06:15,56.33333333,106.6969697,69.83424242,0.606363636,85.35212121,27.63212121,2026,2,3,6,0,1,0.996711513,0.081031847,0.594545455,0.559090909,0.511818182,0.84,0.588636364,0.541363636,1.137935606
02-03-2026 06:15,02-03-2026 06:30,56,107.1818182,69.68545455,0.618181818,85.32272727,28.68272727,2026,2,3,6,15,1,0.996669811,0.08154317,0.606363636,0.570909091,0.523636364,1.47,0.600454545,0.553181818,1.1290625
02-03-2026 06:30,02-03-2026 06:45,55.66666667,107.6666667,69.53666667,0.63,85.29333333,29.73333333,2026,2,3,6,30,1,0.996627846,0.082054472,0.618181818,0.582727273,0.535454545,0.74,0.612272727,0.565,1.127916667
02-03-2026 06:45,02-03-2026 07:00,55.33333333,108.1515152,69.38787879,0.641818182,85.26393939,30.78393939,2026,2,3,6,45,1,0.996585619,0.082565752,0.63,0.594545455,0.547272727,1.47,0.624090909,0.576818182,1.119289773
02-03-2026 07:00,02-03-2026 07:15,55,108.6363636,69.23909091,0.653636364,85.23454545,31.83454545,2026,2,3,7,0,1,0.99654313,0.083077011,0.641818182,0.606363636,0.559090909,1.65,0.635909091,0.588636364,1.108910985
02-03-2026 07:15,02-03-2026 07:30,54.66666667,109.1212121,69.09030303,0.665454545,85.20515152,32.88515152,2026,2,3,7,15,1,0.996500379,0.083588247,0.653636364,0.618181818,0.570909091,1.25,0.647727273,0.600454545,1.10282197
02-03-2026 07:30,02-03-2026 07:45,54.33333333,109.6060606,68.94151515,0.677272727,85.17575758,33.93575758,2026,2,3,7,30,1,0.996457365,0.084099462,0.665454545,0.63,0.582727273,1.51,0.659545455,0.612272727,1.094147727
02-03-2026 07:45,02-03-2026 08:00,54,110.0909091,68.79272727,0.689090909,85.14636364,34.98636364,2026,2,3,7,45,1,0.996414089,0.084610655,0.677272727,0.641818182,0.594545455,1.19,0.671363636,0.624090909,1.088929924
02-03-2026 08:00,02-03-2026 08:15,53.66666667,110.5757576,68.64393939,0.700909091,85.1169697,36.0369697,2026,2,3,8,0,1,0.996370551,0.085121825,0.689090909,0.653636364,0.606363636,1.13,0.683181818,0.635909091,1.084460227
02-03-2026 08:15,02-03-2026 08:30,53.33333333,111.0606061,68.49515152,0.712727273,85.08757576,37.08757576,2026,2,3,8,15,1,0.996326751,0.085632973,0.700909091,0.665454545,0.618181818,1.28,0.695,0.647727273,1.078551136
02-03-2026 08:30,02-03-2026 08:45,53,111.5454545,68.34636364,0.724545455,85.05818182,38.13818182,2026,2,3,8,30,1,0.996282688,0.086144098,0.712727273,0.677272727,0.63,1.37,0.706818182,0.659545455,1.071827652
02-03-2026 08:45,02-03-2026 09:00,52.66666667,112.030303,68.19757576,0.736363636,85.02878788,39.18878788,2026,2,3,8,45,1,0.996238363,0.0866552,0.724545455,0.689090909,0.641818182,1.24,0.718636364,0.671363636,1.066581439
02-03-2026 09:00,02-03-2026 09:15,52.33333333,112.5151515,68.04878788,0.748181818,84.99939394,40.23939394,2026,2,3,9,0,1,0.996193776,0.08716628,0.736363636,0.700909091,0.653636364,1.4,0.730454545,0.683181818,1.059791667
02-03-2026 09:15,02-03-2026 09:30,52,113,67.9,0.76,84.97,41.29,2026,2,3,9,15,1,0.996148927,0.087677337,0.748181818,0.712727273,0.665454545,1.32,0.742272727,0.695,1.053958333
02-03-2026 09:30,02-03-2026 09:45,52,113,67.93,0.98,202.84,40.43,2026,2,3,9,30,1,-0.388159074,-0.92159239,0.76,0.724545455,0.677272727,1.6,0.806136364,0.724166667,1.0475
02-03-2026 09:45,02-03-2026 10:00,50.6,100.4,67.25,0.77,93.47,47.75,2026,2,3,9,45,1,0.998166627,-0.060525909,0.98,0.736363636,0.689090909,1.27,0.814545455,0.734848485,1.042291667
02-03-2026 10:00,02-03-2026 10:15,38.65,69,67.07,0.95,95.04,50.78,2026,2,3,10,0,1,0.996133609,-0.087851197,0.77,0.748181818,0.700909091,0.99,0.865,0.759545455,1.041875
02-03-2026 10:15,02-03-2026 10:30,33,50,67.52,1.65,77.66,54.27,2026,2,3,10,15,1,0.976896613,0.213712441,0.95,0.76,0.712727273,2.11,1.0875,0.841590909,1.037083333
02-03-2026 10:30,02-03-2026 10:45,33,50,67.84,1.74,83.69,65.6,2026,2,3,10,30,1,0.993941788,0.109907788,1.65,0.98,0.724545455,1.79,1.2775,0.930151515,1.0365625
02-03-2026 10:45,02-03-2026 11:00,33,51.4,67.67,1.87,116.49,70.74,2026,2,3,10,45,1,0.895012224,-0.446041611,1.74,0.77,0.736363636,1.83,1.5525,1.028560606,1.036979167
02-03-2026 11:00,02-03-2026 11:15,30,57,67.87,1.61,148.71,66.5,2026,2,3,11,0,1,0.519369973,-0.85454949,1.87,0.95,0.748181818,1.7,1.7175,1.104318182,1.036041667
02-03-2026 11:15,02-03-2026 11:30,30,57,67.44,1.83,68.32,64,2026,2,3,11,15,1,0.929261581,0.369422406,1.61,1.65,0.76,2.1,1.7625,1.197424242,1.033229167
02-03-2026 11:30,02-03-2026 11:45,30,57,68.06,1.69,57.68,71.83,2026,2,3,11,30,1,0.845075258,0.534647369,1.83,1.74,0.98,1.48,1.75,1.277878788,1.035416667
02-03-2026 11:45,02-03-2026 12:00,39.08,69.4,66.61,2.02,89.54,71.72,2026,2,3,11,45,1,0.999967772,0.008028428,1.69,1.87,0.77,1.82,1.7875,1.384848485,1.0375
02-03-2026 15:30,02-03-2026 15:45,24,58,64.45,2.3,207.08,165.01,2026,2,3,15,30,1,-0.455234137,-0.890371766,1.23,1.62,1.67,1.02,1.835,1.6025,1.036666667
02-03-2026 15:45,02-03-2026 16:00,24,55.8,65.73,1.84,52.63,148.19,2026,2,3,15,45,1,0.794732533,0.606959802,2.3,1.61,1.04,1.58,1.8925,1.638333333,1.039375
02-03-2026 16:00,02-03-2026 16:15,20,47,66.62,1.05,89.02,122.22,2026,2,3,16,0,1,0.999853726,0.017103393,1.84,2.2,1.67,1.13,1.605,1.5975,1.038541667
02-03-2026 16:15,02-03-2026 16:30,20,47,67,1.43,99.35,74.87,2026,2,3,16,15,1,0.986714315,-0.162464954,1.05,1.23,1.33,1.27,1.655,1.5825,1.040208333
02-03-2026 16:30,02-03-2026 16:45,20,47,66.58,0.94,70.21,85.5,2026,2,3,16,30,1,0.940939876,0.3385737,1.43,2.3,1.62,0.94,1.315,1.521666667,1.040208333
02-03-2026 16:45,02-03-2026 17:00,20,45.4,67.29,1.35,26.5,56.25,2026,2,3,16,45,1,0.446197813,0.894934362,0.94,1.84,1.61,1.54,1.1925,1.5475,1.038229167
02-03-2026 17:00,02-03-2026 17:15,19,39,68.57,1.36,205.57,34.87,2026,2,3,17,0,1,-0.431613491,-0.902058642,1.35,1.05,2.2,1.77,1.27,1.521666667,1.033958333
02-03-2026 17:15,02-03-2026 17:30,19,39,68.55,1.12,213.59,29.45,2026,2,3,17,15,1,-0.553246169,-0.833017813,1.36,1.43,1.23,1.23,1.1925,1.504166667,1.0328125
02-03-2026 17:30,02-03-2026 17:45,19,39,69.03,0.7,175,15.09,2026,2,3,17,30,1,0.087155743,-0.996194698,1.12,0.94,2.3,1.08,1.1325,1.4275,1.028854167
02-03-2026 17:45,02-03-2026 18:00,38.86,69.6,70.2,0.88,214.97,11.13,2026,2,3,17,45,1,-0.573147451,-0.819452256,0.7,1.35,1.84,1.51,1.015,1.366666667,1.022291667
02-03-2026 18:00,02-03-2026 18:15,12.8,49,71.04,1.03,152.73,8,2026,2,3,18,0,1,0.458184213,-0.888857259,0.88,1.36,1.05,1.27,0.9325,1.269166667,1.019791667
02-03-2026 18:15,02-03-2026 18:30,16,49,71.66,1.35,148.86,6.78,2026,2,3,18,15,1,0.51713099,-0.855906268,1.03,1.12,1.43,1.11,0.99,1.279166667,1.022291667
02-03-2026 18:30,02-03-2026 18:45,16,49,72.14,1.2,88.17,6.78,2026,2,3,18,30,1,0.999489977,0.031934095,1.35,0.7,0.94,1.33,1.115,1.1875,1.0209375
02-03-2026 18:45,02-03-2026 19:00,16,50,72.32,0.94,213.1,7.07,2026,2,3,18,45,1,-0.546101961,-0.837718717,1.2,0.88,1.35,0.93,1.13,1.1125,1.021041667
02-03-2026 19:00,02-03-2026 19:15,33.35,66.2,72.25,1.03,152.2,7,2026,2,3,19,0,1,0.46638664,-0.884580975,0.94,1.03,1.36,1.27,1.13,1.110833333,1.018541667
02-03-2026 19:15,02-03-2026 19:30,23,54,72.43,0.54,149.23,6.99,2026,2,3,19,15,1,0.511593044,-0.859227884,1.03,1.35,1.12,1.19,0.9275,1.036666667,1.011770833
02-03-2026 19:30,02-03-2026 19:45,23,54,71.87,1.03,89.45,7.12,2026,2,3,19,30,1,0.999953927,0.009599163,0.54,1.2,0.7,1.27,0.885,1.044166667,1.009270833
02-03-2026 19:45,02-03-2026 20:00,23,51,72.41,0.69,152.67,7.14,2026,2,3,19,45,1,0.45911477,-0.888376963,1.03,0.94,0.88,1.14,0.8225,0.989166667,1.004583333
02-03-2026 20:00,02-03-2026 20:15,47.8,79.4,72.52,1.12,127.73,7.17,2026,2,3,20,0,1,0.79090323,-0.61194124,0.69,1.03,1.03,1,0.845,0.969166667,1.005833333
02-03-2026 20:15,02-03-2026 20:30,23,39,72.52,0.84,206.36,7.26,2026,2,3,20,15,1,-0.444009746,-0.896021956,1.12,0.54,1.35,0.94,0.92,0.945833333,1.004791667
02-03-2026 20:30,02-03-2026 20:45,23,39,72.66,0.71,111.67,7.24,2026,2,3,20,30,1,0.929326043,-0.369260214,0.84,1.03,1.2,0.94,0.84,0.946666667,1.002395833
02-03-2026 20:45,02-03-2026 21:00,23,38.8,72.65,0.91,91.32,7.54,2026,2,3,20,45,1,0.999734629,-0.023036308,0.71,0.69,0.94,1.16,0.895,0.949166667,0.999791667
02-03-2026 21:00,02-03-2026 21:15,17,38,72.79,0.76,209.32,7.44,2026,2,3,21,0,1,-0.489686832,-0.871898393,0.91,1.12,1.03,0.88,0.805,0.926666667,0.998541667
02-03-2026 21:15,02-03-2026 21:30,17,38,72.97,0.78,212,7.14,2026,2,3,21,15,1,-0.529919264,-0.848048096,0.76,0.84,0.54,1.03,0.79,0.879166667,0.9959375
02-03-2026 21:30,02-03-2026 21:45,17,38,72.2,1.26,211.89,6.48,2026,2,3,21,30,1,-0.528290153,-0.849063905,0.78,0.71,1.03,1.29,0.9275,0.884166667,0.995625
02-03-2026 21:45,02-03-2026 22:00,17,58.4,72.06,0.85,197.55,6.58,2026,2,3,21,45,1,-0.30153796,-0.953454172,1.26,0.91,0.69,0.97,0.9125,0.876666667,0.994375
02-03-2026 22:45,02-03-2026 23:00,33.8,120,72.19,1.36,239.16,6.24,2026,2,3,22,45,1,-0.858602214,-0.512642407,1.39,0.85,0.91,1.42,1.4275,1.078333333,1.002708333
02-03-2026 23:00,02-03-2026 23:15,31.31,65.4,72.89,0.62,209.88,6.11,2026,2,3,23,0,1,-0.498185105,-0.867070701,1.36,1.78,0.76,0.82,1.1375,1.036666667,1.000625
02-03-2026 23:15,02-03-2026 23:30,12,40,73.33,0.57,145.72,6.21,2026,2,3,23,15,1,0.563237652,-0.826294952,0.62,1.18,0.78,0.91,0.985,1.014166667,0.997083333
02-03-2026 23:30,02-03-2026 23:45,12,40,73.13,0.74,197.04,6.25,2026,2,3,23,30,1,-0.29303926,-0.956100409,0.57,1.39,1.26,1.17,0.8225,1.016666667,0.992604167
02-03-2026 23:45,02-04-2026 00:00,26.6,58,73.16,0.88,223.69,6.07,2026,2,3,23,45,1,-0.690756219,-0.723087717,0.74,1.36,0.85,0.93,0.7025,1.014166667,0.992083333
03-03-2026 00:00,03-03-2026 00:15,38,60,76.91,0.27,100.17,6.45,2026,3,3,0,0,1,0.984288194,-0.176569392,0.27,0.27,0.27,0.27,0.27,0.285833333,0.573854167
03-03-2026 00:15,03-03-2026 00:30,38,60,78.09,0.27,94.91,6.43,2026,3,3,0,15,1,0.996330373,-0.085590817,0.27,0.27,0.34,0.3,0.27,0.285833333,0.573541667
03-03-2026 00:30,03-03-2026 00:45,38,60,78.85,0.27,155.02,6.38,2026,3,3,0,30,1,0.422301875,-0.906455253,0.27,0.27,0.31,0.27,0.27,0.279166667,0.573541667
03-03-2026 00:45,03-03-2026 01:00,39.6,66.8,79.28,0.27,163.15,6.35,2026,3,3,0,45,1,0.289867106,-0.957066905,0.27,0.27,0.27,0.27,0.27,0.279166667,0.573541667
03-03-2026 01:00,03-03-2026 01:15,46,77,79.74,0.27,162.94,6.42,2026,3,3,1,0,1,0.293372984,-0.955998061,0.27,0.27,0.27,0.27,0.27,0.279166667,0.573541667
03-03-2026 01:15,03-03-2026 01:30,46,77,80.14,0.27,162.38,6.44,2026,3,3,1,15,1,0.302702599,-0.953085063,0.27,0.27,0.27,0.27,0.27,0.273333333,0.573541667
03-03-2026 01:30,03-03-2026 01:45,46,77,80.39,0.27,117.19,6.32,2026,3,3,1,30,1,0.889496138,-0.456942688,0.27,0.27,0.27,0.27,0.27,0.27,0.573541667
03-03-2026 01:45,03-03-2026 02:00,54.22,103.2,80.85,0.27,132.22,6.18,2026,3,3,1,45,1,0.740570076,-0.671979138,0.27,0.27,0.27,0.41,0.27,0.27,0.572083333
03-03-2026 02:00,03-03-2026 02:15,48,114,81.53,0.27,151.1,6.14,2026,3,3,2,0,1,0.483282383,-0.875464527,0.27,0.27,0.27,0.59,0.27,0.27,0.56875
03-03-2026 02:15,03-03-2026 02:30,48,114,82.48,0.27,151.35,6.29,2026,3,3,2,15,1,0.47945786,-0.877564904,0.27,0.27,0.27,0.27,0.27,0.27,0.56875
03-03-2026 02:30,03-03-2026 02:45,48,114,83.05,0.27,151.31,6.15,2026,3,3,2,30,1,0.480070399,-0.877229965,0.27,0.27,0.27,0.27,0.27,0.27,0.56875
03-03-2026 02:45,03-03-2026 03:00,53.61,129.8,83.35,0.27,151.4,6.13,2026,3,3,2,45,1,0.478691858,-0.877982975,0.27,0.27,0.27,0.27,0.27,0.27,0.56875
03-03-2026 04:00,03-03-2026 04:15,48,135,83.71,0.27,153.13,6.11,2026,3,3,4,0,1,0.451967703,-0.892034302,0.27,0.27,0.27,0.27,0.27,0.27,0.563958333
03-03-2026 04:15,03-03-2026 04:30,48,135,84.32,0.27,145.35,5.99,2026,3,3,4,15,1,0.568561851,-0.822640518,0.27,0.27,0.27,0.27,0.27,0.27,0.563958333
03-03-2026 04:30,03-03-2026 04:45,48,135,84.34,0.27,62.88,5.92,2026,3,3,4,30,1,0.890053735,0.455855622,0.27,0.27,0.27,0.48,0.27,0.27,0.561770833
03-03-2026 04:45,03-03-2026 05:00,59.07,136.2,83.7,0.28,141.6,6.04,2026,3,3,4,45,1,0.62114778,-0.783693457,0.27,0.27,0.27,0.4,0.2725,0.270833333,0.560520833
03-03-2026 05:00,03-03-2026 05:15,60,126,83.39,0.27,194.32,6.03,2026,3,3,5,0,1,-0.247337248,-0.968929453,0.28,0.27,0.27,0.7,0.2725,0.270833333,0.556041667
03-03-2026 05:15,03-03-2026 05:30,60,126,83.63,0.27,194.53,6.01,2026,3,3,5,15,1,-0.250886891,-0.968016409,0.27,0.27,0.27,0.32,0.2725,0.270833333,0.555520833
03-03-2026 05:30,03-03-2026 05:45,60,126,83.58,0.27,198.73,6.2,2026,3,3,5,30,1,-0.321108905,-0.947042275,0.27,0.27,0.27,0.48,0.2725,0.270833333,0.553333333
03-03-2026 09:45,03-03-2026 10:00,73,135.4,69.25,0.8,70.13,8.85,2026,3,3,9,45,1,0.94046622,0.33988717,0.63,0.75,0.49,0.55,0.6925,0.63,0.547291667
03-03-2026 10:00,03-03-2026 10:15,45,97,69.14,1.33,90.2,8.55,2026,3,3,10,0,1,0.999993908,-0.003490651,0.8,0.74,0.57,1.11,0.84,0.713333333,0.549583333
03-03-2026 10:15,03-03-2026 10:30,45,97,68.95,1.09,58.52,8.67,2026,3,3,10,15,1,0.852822499,0.522200905,1.33,0.6,0.66,1,0.9625,0.759166667,0.550520833
03-03-2026 10:30,03-03-2026 10:45,45,97,68.66,1,53.64,8.48,2026,3,3,10,30,1,0.805307886,0.59285682,1.09,0.63,0.7,0.71,1.055,0.78,0.553541667
03-03-2026 10:45,03-03-2026 11:00,45,83.4,68.26,1.02,117.75,8.5,2026,3,3,10,45,1,0.884987637,-0.46561452,1,0.8,0.75,0.82,1.11,0.824166667,0.555625
03-03-2026 11:00,03-03-2026 11:15,30,63,68.81,0.89,62.01,8.64,2026,3,3,11,0,1,0.883029518,0.469317452,1.02,1.33,0.74,0.95,1,0.850833333,0.555
03-03-2026 11:15,03-03-2026 11:30,30,63,68.42,1.06,105.95,8.6,2026,3,3,11,15,1,0.961501869,-0.274798392,0.89,1.09,0.6,0.62,0.9925,0.884166667,0.559583333
03-03-2026 11:30,03-03-2026 11:45,30,63,68.24,0.72,94.51,8.64,2026,3,3,11,30,1,0.996903625,-0.078633089,1.06,1,0.63,1.19,0.9225,0.885833333,0.5546875
03-03-2026 11:45,03-03-2026 12:00,39.34,73.6,68.63,1.2,51.97,8.68,2026,3,3,11,45,1,0.787688286,0.616073992,0.72,1.02,0.8,0.56,0.9675,0.923333333,0.561354167
03-03-2026 12:00,03-03-2026 12:15,35,61,68.58,1.23,86.28,8.48,2026,3,3,12,0,1,0.997893031,0.064880643,1.2,0.89,1.33,0.72,1.0525,0.964166667,0.566666667
03-03-2026 12:15,03-03-2026 12:30,35,61,68.56,0.9,66.3,8.64,2026,3,3,12,15,1,0.915662593,0.401947777,1.23,1.06,1.09,0.82,1.0125,0.989166667,0.5675
03-03-2026 12:30,03-03-2026 12:45,35,61,68.56,1.51,53.42,8.57,2026,3,3,12,30,1,0.803025548,0.595944602,0.9,0.72,1,0.97,1.21,1.0625,0.573125
03-03-2026 12:45,03-03-2026 13:00,46.18,80.8,68.15,1.48,61.53,8.32,2026,3,3,12,45,1,0.879066832,0.476698547,1.51,1.2,1.02,0.98,1.28,1.119166667,0.578333333
03-03-2026 13:00,03-03-2026 13:15,31,68,68.27,1.01,120.26,8.46,2026,3,3,13,0,1,0.863747567,-0.503924737,1.48,1.23,0.89,0.88,1.225,1.0925,0.5796875
03-03-2026 13:15,03-03-2026 13:30,31,68,68.43,0.97,80.17,8.51,2026,3,3,13,15,1,0.985318642,0.170725434,1.01,0.9,1.06,0.93,1.2425,1.0825,0.580104167
03-03-2026 13:30,03-03-2026 13:45,31,68,69,1.36,69,8.37,2026,3,3,13,30,1,0.933580426,0.35836795,0.97,1.51,0.72,0.89,1.205,1.1125,0.585
03-03-2026 13:45,03-03-2026 14:00,41.96,80.4,68.98,1.05,61.38,8.23,2026,3,3,13,45,1,0.877815827,0.478998303,1.36,1.48,1.2,0.92,1.0975,1.115,0.586354167
03-03-2026 14:00,03-03-2026 14:15,33,67,68.92,0.61,53.57,8.41,2026,3,3,14,0,1,0.804582974,0.593840247,1.05,1.01,1.23,0.86,0.9975,1.091666667,0.58375
03-03-2026 14:15,03-03-2026 14:30,33,67,68.87,0.98,69.75,8.65,2026,3,3,14,15,1,0.938191336,0.346117057,0.61,0.97,0.9,0.81,1,1.085,0.585520833
03-03-2026 14:30,03-03-2026 14:45,33,67,69.61,1.72,98.48,8.64,2026,3,3,14,30,1,0.989067398,-0.14746417,0.98,1.36,1.51,0.96,1.09,1.168333333,0.5934375
03-03-2026 14:45,03-03-2026 15:00,43.45,78.6,69.33,1.09,54.53,8.61,2026,3,3,14,45,1,0.814419462,0.580276606,1.72,1.05,1.48,0.9,1.1,1.159166667,0.595416667
03-03-2026 15:00,03-03-2026 15:15,37,67,69.45,1.23,149.27,8.53,2026,3,3,15,0,1,0.510993066,-0.859584834,1.09,0.61,1.01,1.19,1.255,1.159166667,0.595833333
03-03-2026 15:15,03-03-2026 15:30,37,67,70.52,1.5,91.15,8.69,2026,3,3,15,15,1,0.999798578,-0.020069939,1.23,0.98,0.97,1.03,1.385,1.209166667,0.600729167
03-03-2026 15:30,03-03-2026 15:45,37,67,70.52,0.97,101.22,8.55,2026,3,3,15,30,1,0.980887295,-0.194576757,1.5,1.72,1.36,1.15,1.1975,1.164166667,0.598854167
03-03-2026 15:45,03-03-2026 16:00,44.03,77.4,70.56,1.35,99.72,8.5,2026,3,3,15,45,1,0.985644595,-0.168833445,0.97,1.09,1.05,0.64,1.2625,1.153333333,0.60625
03-03-2026 16:00,03-03-2026 16:15,37,71,71.09,1.61,60.34,8.53,2026,3,3,16,0,1,0.868977198,0.494852129,1.35,1.23,0.61,0.98,1.3575,1.203333333,0.6128125
03-03-2026 16:15,03-03-2026 16:30,37,71,71.04,1.21,49.18,8.57,2026,3,3,16,15,1,0.756766923,0.653684805,1.61,1.5,0.98,0.55,1.285,1.223333333,0.6196875
03-03-2026 16:30,03-03-2026 16:45,37,71,70.65,0.8,70.18,8.55,2026,3,3,16,30,1,0.94076247,0.339066329,1.21,0.97,1.72,0.78,1.2425,1.176666667,0.619895833
03-03-2026 16:45,03-03-2026 17:00,52.61,96.2,70.93,0.96,69.79,8.53,2026,3,3,16,45,1,0.938432743,0.345461992,0.8,1.35,1.09,1.01,1.145,1.169166667,0.619375
03-03-2026 17:00,03-03-2026 17:15,35,81,71.02,1.06,84.64,8.37,2026,3,3,17,0,1,0.995627422,0.093413257,0.96,1.61,1.23,1.35,1.0075,1.206666667,0.616354167
03-03-2026 17:15,03-03-2026 17:30,35,81,72.21,0.47,91.15,8.33,2026,3,3,17,15,1,0.999798578,-0.020069939,1.06,1.21,1.5,0.51,0.8225,1.164166667,0.6159375
03-03-2026 17:30,03-03-2026 17:45,35,81,73.11,0.52,44.3,8.39,2026,3,3,17,30,1,0.698415285,0.715692734,0.47,0.8,0.97,0.79,0.7525,1.064166667,0.613125
03-03-2026 17:45,03-03-2026 18:00,51.11,94.6,73.68,0.53,60.78,8.23,2026,3,3,17,45,1,0.872751729,0.488164337,0.52,0.96,1.35,0.81,0.645,1.0175,0.610208333
03-03-2026 18:00,03-03-2026 18:15,29,62,74.85,0.96,26.5,7.89,2026,3,3,18,0,1,0.446197813,0.894934362,0.53,1.06,1.61,0.64,0.62,0.995,0.613541667
03-03-2026 18:15,03-03-2026 18:30,29,62,75.59,0.34,62.06,6.92,2026,3,3,18,15,1,0.883438738,0.468546685,0.96,0.47,1.21,0.6,0.5875,0.898333333,0.610833333
03-03-2026 18:30,03-03-2026 18:45,29,62,76.19,0.39,86.87,6.34,2026,3,3,18,30,1,0.998508218,0.054601638,0.34,0.52,0.8,0.62,0.555,0.85,0.6084375
03-03-2026 18:45,03-03-2026 19:00,49.18,86,76.7,0.27,119.98,6.14,2026,3,3,18,45,1,0.866199884,-0.49969767,0.39,0.53,0.96,0.92,0.49,0.76,0.601666667
03-03-2026 19:00,03-03-2026 19:15,38,60,76.78,0.34,68.32,6.25,2026,3,3,19,0,1,0.929261581,0.369422406,0.27,0.96,1.06,0.33,0.335,0.654166667,0.601770833
03-03-2026 19:15,03-03-2026 19:30,38,60,77.3,0.28,172.45,6.29,2026,3,3,19,15,1,0.131391341,-0.991330578,0.34,0.34,0.47,0.73,0.32,0.576666667,0.597083333
03-03-2026 19:30,03-03-2026 19:45,38,60,77.68,0.29,107.49,6.24,2026,3,3,19,30,1,0.953769419,-0.30053934,0.28,0.39,0.52,0.3,0.295,0.534166667,0.596979167
03-03-2026 19:45,03-03-2026 20:00,44.69,77.8,77.79,0.29,39.72,6.18,2026,3,3,19,45,1,0.63903635,0.769176536,0.29,0.27,0.53,0.27,0.3,0.478333333,0.5971875
03-03-2026 20:00,03-03-2026 20:15,36,78,78.02,0.41,70.54,6.2,2026,3,3,20,0,1,0.942874303,0.33314869,0.29,0.34,0.96,0.28,0.3175,0.424166667,0.598541667
03-03-2026 20:15,03-03-2026 20:30,36,78,78.14,0.31,26.5,6.21,2026,3,3,20,15,1,0.446197813,0.894934362,0.41,0.28,0.34,0.28,0.325,0.410833333,0.598854167
03-03-2026 20:30,03-03-2026 20:45,36,78,77.63,0.53,51.69,6.31,2026,3,3,20,30,1,0.784668187,0.619915992,0.31,0.29,0.39,0.27,0.385,0.411666667,0.6015625
03-03-2026 20:45,03-03-2026 21:00,44.05,79,76.79,0.28,82.54,6.1,2026,3,3,20,45,1,0.991535744,0.129834001,0.53,0.29,0.27,0.27,0.3825,0.390833333,0.601666667
03-03-2026 21:00,03-03-2026 21:15,31,57,77.28,0.34,83.54,6.14,2026,3,3,21,0,1,0.993650644,0.112509542,0.28,0.41,0.34,0.27,0.365,0.339166667,0.602395833
03-03-2026 21:15,03-03-2026 21:30,31,57,77.65,0.27,56.45,6.32,2026,3,3,21,15,1,0.833403849,0.552664478,0.34,0.31,0.28,0.27,0.355,0.333333333,0.602395833
03-03-2026 21:30,03-03-2026 21:45,31,57,77.95,0.27,43.66,6.2,2026,3,3,21,30,1,0.690377516,0.723449297,0.27,0.53,0.29,0.35,0.29,0.323333333,0.6015625
03-03-2026 21:45,03-03-2026 22:00,44.04,72,78.63,0.27,92.46,6.14,2026,3,3,21,45,1,0.99907843,-0.04292191,0.27,0.28,0.29,0.27,0.2875,0.323333333,0.6015625
03-03-2026 22:00,03-03-2026 22:15,31,49,78.84,0.39,80.02,6.28,2026,3,3,22,0,1,0.984868308,0.173304404,0.27,0.34,0.41,0.27,0.3,0.3275,0.6028125
03-03-2026 22:15,03-03-2026 22:30,31,49,78.74,0.33,126.34,6.1,2026,3,3,22,15,1,0.805514783,-0.592575679,0.39,0.27,0.31,0.34,0.315,0.331666667,0.602708333
03-03-2026 22:30,03-03-2026 22:45,31,49,78.89,0.27,94.12,6.29,2026,3,3,22,30,1,0.997415765,-0.071845612,0.33,0.27,0.53,0.31,0.315,0.33,0.602291667
03-03-2026 22:45,03-03-2026 23:00,32,51.8,79.34,0.27,66.84,6.46,2026,3,3,22,45,1,0.919410139,0.393300136,0.27,0.27,0.28,0.27,0.315,0.328333333,0.602291667
03-03-2026 23:00,03-03-2026 23:15,36,56,79.46,0.27,83.13,6.38,2026,3,3,23,0,1,0.992820109,0.119617016,0.27,0.39,0.34,0.27,0.285,0.316666667,0.602291667
03-03-2026 23:15,03-03-2026 23:30,36,56,79.57,0.31,38.49,6.36,2026,3,3,23,15,1,0.622378036,0.782716794,0.27,0.33,0.27,0.27,0.28,0.316666667,0.602708333
03-03-2026 23:30,03-03-2026 23:45,36,56,79.66,0.31,26.5,6.31,2026,3,3,23,30,1,0.446197813,0.894934362,0.31,0.27,0.27,0.27,0.29,0.298333333,0.603125
03-03-2026 23:45,03-04-2026 00:00,59.95,92.8,79.76,0.27,26.5,6.42,2026,3,3,23,45,1,0.446197813,0.894934362,0.31,0.27,0.27,0.27,0.29,0.2975,0.603125
04-03-2026 00:00,04-03-2026 00:15,13.8,22,80.58,0.46,73.02,6.21,2026,4,3,0,0,4,0.956406755,0.292037874,0.43,0.58,0.75,0.49,0.53,0.51,0.706666667
04-03-2026 00:15,04-03-2026 00:30,13.2,22,79.91,0.47,80.5,6.17,2026,4,3,0,15,4,0.986285602,0.165047606,0.46,0.66,0.43,0.42,0.4825,0.518333333,0.7071875
04-03-2026 00:30,04-03-2026 00:45,14.2,22,80.1,0.27,84.45,6.17,2026,4,3,0,30,4,0.995312178,0.096714363,0.47,0.57,0.49,0.41,0.4075,0.496666667,0.705729167
04-03-2026 00:45,04-03-2026 01:00,29.24,45,80.4,0.38,86.58,6.01,2026,4,3,0,45,4,0.998219065,0.059654821,0.27,0.43,0.29,0.27,0.395,0.481666667,0.706875
04-03-2026 01:00,04-03-2026 01:15,3,11,80.15,0.36,91.79,5.96,2026,4,3,1,0,4,0.999512027,-0.031236312,0.38,0.46,0.58,0.28,0.37,0.449166667,0.707708333
04-03-2026 01:15,04-03-2026 01:30,3,11,80.1,0.28,78.04,6.08,2026,4,3,1,15,4,0.978292512,0.207228764,0.36,0.47,0.66,0.61,0.3225,0.436666667,0.704270833
04-03-2026 01:30,04-03-2026 01:45,3,11,80.1,0.63,129.04,5.94,2026,4,3,1,30,4,0.776706424,-0.629862788,0.28,0.27,0.57,0.43,0.4125,0.448333333,0.706354167
04-03-2026 01:45,04-03-2026 02:00,2.4,13,79.64,0.35,120.27,6.11,2026,4,3,1,45,4,0.863659602,-0.504075482,0.63,0.38,0.43,0.54,0.405,0.453333333,0.704375
04-03-2026 02:00,04-03-2026 02:15,10,16,80.07,0.66,78.09,5.97,2026,4,3,2,0,4,0.978472981,0.206374964,0.35,0.36,0.46,0.58,0.48,0.46,0.705208333
04-03-2026 02:15,04-03-2026 02:30,10,16,79.1,0.27,70.33,6.01,2026,4,3,2,15,4,0.941646918,0.336602259,0.66,0.28,0.47,0.62,0.4775,0.4275,0.7015625
04-03-2026 02:30,04-03-2026 02:45,10,16,79.54,0.37,60.71,5.94,2026,4,3,2,30,4,0.872154673,0.489230239,0.27,0.63,0.27,0.32,0.4125,0.410833333,0.702083333
04-03-2026 02:45,04-03-2026 03:00,30.62,48.2,78.92,0.51,129.64,5.94,2026,4,3,2,45,4,0.770068049,-0.637961754,0.37,0.35,0.38,0.48,0.4525,0.4175,0.702395833
04-03-2026 03:00,04-03-2026 03:15,6,19,78.99,0.49,26.5,5.94,2026,4,3,3,0,4,0.446197813,0.894934362,0.51,0.66,0.36,0.445,0.41,0.42,0.702864583
04-03-2026 03:15,04-03-2026 03:30,6,19,78.98,0.27,71.03,5.97,2026,4,3,3,15,4,0.945688913,0.325073037,0.49,0.27,0.28,0.41,0.41,0.403333333,0.70140625
04-03-2026 03:30,04-03-2026 03:45,6,19,79.81,0.27,120.43,6.07,2026,4,3,3,30,4,0.862248592,-0.506485306,0.27,0.37,0.63,0.42,0.385,0.403333333,0.69984375
04-03-2026 03:45,04-03-2026 04:00,5.4,29,80.06,0.27,26.5,5.89,2026,4,3,3,45,4,0.446197813,0.894934362,0.27,0.51,0.35,0.27,0.325,0.394166667,0.69984375
04-03-2026 04:00,04-03-2026 04:15,9,44,80.36,0.27,94.61,5.9,2026,4,3,4,0,4,0.996764866,-0.080372894,0.27,0.49,0.66,0.27,0.27,0.386666667,0.69984375
04-03-2026 04:15,04-03-2026 04:30,9,44,81.55,1.4,191.85,6.2,2026,4,3,4,15,4,-0.205350197,-0.97868856,0.27,0.27,0.27,0.27,0.5525,0.48,0.711614583
04-03-2026 04:30,04-03-2026 04:45,9,44,82.5,0.58,235.85,6.22,2026,4,3,4,30,4,-0.82757077,-0.5613614,1.4,0.27,0.37,0.27,0.63,0.475833333,0.71484375
04-03-2026 04:45,04-03-2026 05:00,27.09,67.2,83.05,0.79,191.35,6.17,2026,4,3,4,45,4,-0.196801817,-0.98044329,0.58,0.27,0.51,0.3,0.76,0.5125,0.719947917
04-03-2026 05:00,04-03-2026 05:15,27,51,83.6,1.44,237.12,6.14,2026,4,3,5,0,4,-0.839809417,-0.542881334,0.79,0.27,0.49,0.415,1.0525,0.5775,0.730625
04-03-2026 05:15,04-03-2026 05:30,27,51,83.86,0.97,273.72,6,2026,4,3,5,15,4,-0.997893031,0.064880643,1.44,1.4,0.27,0.53,0.945,0.635833333,0.735208333
04-03-2026 05:30,04-03-2026 05:45,27,51,84.24,0.48,289.3,6.34,2026,4,3,5,30,4,-0.943800952,0.330514393,0.97,0.58,0.27,0.69,0.92,0.645,0.733020833
04-03-2026 05:45,04-03-2026 06:00,40.58,73.6,84.63,0.64,236.09,7.27,2026,4,3,5,45,4,-0.829914928,-0.557889965,0.48,0.79,0.27,0.525,0.8825,0.655833333,0.73421875
04-03-2026 06:00,04-03-2026 06:15,37,69,84.78,0.79,117.97,10.48,2026,4,3,6,0,4,0.883193287,-0.469009188,0.64,1.44,0.27,0.36,0.72,0.680833333,0.738697917
04-03-2026 06:15,04-03-2026 06:30,37,69,84.69,1.13,205.53,16.28,2026,4,3,6,15,4,-0.43098363,-0.902359746,0.79,0.97,1.4,0.69,0.76,0.7525,0.74328125
04-03-2026 06:30,04-03-2026 06:45,37,69,83.95,1.07,205.26,19.71,2026,4,3,6,30,4,-0.426726591,-0.904380681,1.13,0.48,0.58,0.89,0.9075,0.819166667,0.74515625
04-03-2026 06:45,04-03-2026 07:00,29.6,66.6,83.11,0.95,225.21,22.26,2026,4,3,6,45,4,-0.709693708,-0.704510356,1.07,0.64,0.79,1.06,0.985,0.875833333,0.744010417
04-03-2026 07:00,04-03-2026 07:15,38,63,82.24,1.09,181.6,24.9,2026,4,3,7,0,4,-0.027921639,-0.999610115,0.95,0.79,1.44,1.21,1.06,0.944166667,0.742760417
04-03-2026 07:15,04-03-2026 07:30,38,63,81.35,1.55,191.75,52.46,2026,4,3,7,15,4,-0.203641751,-0.979045472,1.09,1.13,0.97,1.36,1.165,0.956666667,0.744739583
04-03-2026 07:30,04-03-2026 07:45,38,63,81.05,1.11,185.82,102.18,2026,4,3,7,30,4,-0.10140357,-0.994845373,1.55,1.07,0.48,0.92,1.175,1.000833333,0.74671875
04-03-2026 07:45,04-03-2026 08:00,48.47,81,80.04,0.83,179.37,127.26,2026,4,3,7,45,4,0.010995353,-0.999939549,1.11,0.95,0.64,0.76,1.145,1.004166667,0.747447917
04-03-2026 08:00,04-03-2026 08:15,32,77,78.71,1.08,268.39,150.1,2026,4,3,8,0,4,-0.999605227,-0.028096103,0.83,1.09,0.79,0.88,1.1425,0.974166667,0.74953125
04-03-2026 15:45,04-03-2026 16:00,6.4,27.4,67.86,1.86,109.29,162.92,2026,4,3,15,45,4,0.943858623,-0.330349663,1.34,1.51,1.32,0.76,1.51,1.414166667,0.85375
04-03-2026 16:00,04-03-2026 16:15,21,28,68.15,0.98,78.91,144.25,2026,4,3,16,0,4,0.98132625,0.192350696,1.86,1.41,1.86,1.02,1.4025,1.3775,0.853333333
04-03-2026 16:15,04-03-2026 16:30,21,28,68.5,0.86,90.73,124.29,2026,4,3,16,15,4,0.999918836,-0.012740559,0.98,1.43,1.62,1.01,1.26,1.375,0.851770833
04-03-2026 16:30,04-03-2026 16:45,21,28,69.39,1.28,91.64,104.88,2026,4,3,16,30,4,0.999590378,-0.028619491,0.86,1.34,1.45,0.82,1.245,1.41,0.8565625
04-03-2026 16:45,04-03-2026 17:00,12.6,27.6,70.11,1.2,82.73,84.42,2026,4,3,16,45,4,0.991960837,0.126545236,1.28,1.86,1.51,0.59,1.08,1.4,0.862916667
04-03-2026 17:00,04-03-2026 17:15,17,27,70.92,1.14,65.76,64.67,2026,4,3,17,0,4,0.911833714,0.410559714,1.2,0.98,1.41,1.02,1.12,1.34,0.864166667
04-03-2026 17:15,04-03-2026 17:30,17,27,71.65,0.79,100.2,45.71,2026,4,3,17,15,4,0.984195608,-0.17708474,1.14,0.86,1.43,0.62,1.1025,1.270833333,0.8659375
04-03-2026 17:30,04-03-2026 17:45,17,27,72.61,0.68,93.59,19.98,2026,4,3,17,30,4,0.998037672,-0.06261633,0.79,1.28,1.34,0.87,0.9525,1.206666667,0.863958333
04-03-2026 17:45,04-03-2026 18:00,10.2,25.8,73.74,0.77,56.75,13.76,2026,4,3,17,45,4,0.836286156,0.54829323,0.68,1.2,1.86,0.4,0.845,1.145,0.8678125
04-03-2026 18:00,04-03-2026 18:15,12,24,75.11,0.69,74.67,8.57,2026,4,3,18,0,4,0.964419123,0.264378055,0.77,1.14,0.98,0.44,0.7325,1.085,0.870416667
04-03-2026 18:15,04-03-2026 18:30,12,24,75.82,0.68,108.65,6.35,2026,4,3,18,15,4,0.947489705,-0.319786272,0.69,0.79,0.86,0.64,0.705,1.0225,0.870833333
04-03-2026 18:30,04-03-2026 18:45,12,24,76.21,1.1,90.72,6.1,2026,4,3,18,30,4,0.999921044,-0.01256604,0.68,0.68,1.28,0.6,0.81,1.0025,0.876041667
04-03-2026 18:45,04-03-2026 19:00,9.6,24.8,76.42,0.7,62.47,6.01,2026,4,3,18,45,4,0.886768941,0.462212988,1.1,0.77,1.2,0.43,0.7925,0.905833333,0.878854167
04-03-2026 19:00,04-03-2026 19:15,18,26,77.12,0.88,87.08,5.99,2026,4,3,19,0,4,0.998701636,0.050941556,0.7,0.69,1.14,0.64,0.84,0.8975,0.881354167
04-03-2026 19:15,04-03-2026 19:30,18,26,77.39,0.77,111.04,6.08,2026,4,3,19,15,4,0.933330011,-0.359019624,0.88,0.68,0.79,0.62,0.8625,0.89,0.882916667
04-03-2026 19:30,04-03-2026 19:45,18,26,77.62,0.79,69.91,6.1,2026,4,3,19,30,4,0.939154218,0.343495786,0.77,1.1,0.68,0.64,0.785,0.849166667,0.884479167
04-03-2026 19:45,04-03-2026 20:00,18.8,28.8,77.66,1.05,122.78,6.13,2026,4,3,19,45,4,0.840755644,-0.541414764,0.79,0.7,0.77,0.52,0.8725,0.836666667,0.89
04-03-2026 20:00,04-03-2026 20:15,22,33,77.58,0.75,96.32,6.2,2026,4,3,20,0,4,0.99392259,-0.110081262,1.05,0.88,0.69,0.68,0.84,0.804166667,0.890729167
04-03-2026 20:15,04-03-2026 20:30,22,33,77.76,0.74,100.03,6.18,2026,4,3,20,15,4,0.984716696,-0.174163798,0.75,0.77,0.68,0.56,0.8325,0.8,0.892604167
04-03-2026 20:30,04-03-2026 20:45,22,33,77.76,0.41,81.14,6.11,2026,4,3,20,30,4,0.988067633,0.154020623,0.74,0.79,1.1,0.75,0.7375,0.7775,0.8890625
04-03-2026 20:45,04-03-2026 21:00,35.93,54.6,77.94,0.62,94.11,5.97,2026,4,3,20,45,4,0.997428289,-0.07167153,0.41,1.05,0.7,0.49,0.63,0.765,0.890416667
04-03-2026 21:00,04-03-2026 21:15,18,33,78.26,0.77,133.33,6.28,2026,4,3,21,0,4,0.727413564,-0.68619932,0.62,0.75,0.88,0.51,0.635,0.771666667,0.893125
04-03-2026 21:15,04-03-2026 21:30,18,33,78.76,0.73,80.71,6.42,2026,4,3,21,15,4,0.986883907,0.16143158,0.77,0.74,0.77,0.37,0.6325,0.775833333,0.896875
04-03-2026 21:30,04-03-2026 21:45,18,33,78.61,0.92,58.15,6.41,2026,4,3,21,30,4,0.849432514,0.527697266,0.73,0.41,0.79,0.53,0.76,0.760833333,0.9009375
04-03-2026 21:45,04-03-2026 22:00,28.96,48.2,78.47,0.43,90.01,6.22,2026,4,3,21,45,4,0.999999985,-0.000174533,0.92,0.62,1.05,0.56,0.7125,0.738333333,0.899583333
04-03-2026 22:00,04-03-2026 22:15,21,30,78.66,0.38,87.27,6.44,2026,4,3,22,0,4,0.998865073,0.047629462,0.43,0.77,0.75,0.75,0.615,0.696666667,0.895729167
04-03-2026 22:15,04-03-2026 22:30,21,30,79.17,0.72,72.52,6.45,2026,4,3,22,15,4,0.953821859,0.300372871,0.38,0.73,0.74,0.43,0.6125,0.6925,0.89875
04-03-2026 22:30,04-03-2026 22:45,21,30,79.9,0.42,80.47,6.42,2026,4,3,22,30,4,0.986199048,0.165564001,0.72,0.92,0.41,0.49,0.4875,0.661666667,0.898020833
04-03-2026 22:45,04-03-2026 23:00,34.61,51,80.54,0.79,58.55,6.36,2026,4,3,22,45,4,0.853095806,0.521754297,0.42,0.43,0.62,0.29,0.5775,0.64,0.903229167
04-03-2026 23:00,04-03-2026 23:15,16,28,80.31,1.25,26.5,6.41,2026,4,3,23,0,4,0.446197813,0.894934362,0.79,0.38,0.77,0.58,0.795,0.681666667,0.910208333
04-03-2026 23:15,04-03-2026 23:30,16,28,80.62,1.11,114.16,6.46,2026,4,3,23,15,4,0.912406074,-0.409286154,1.25,0.72,0.73,0.66,0.8925,0.7125,0.914895833
04-03-2026 23:30,04-03-2026 23:45,16,28,80.82,0.81,100.9,6.34,2026,4,3,23,30,4,0.981958713,-0.189095443,1.11,0.42,0.92,0.57,0.99,0.745833333,0.917395833
04-03-2026 23:45,04-04-2026 00:00,12.8,36,81.18,1.1,84.66,6.25,2026,4,3,23,45,4,0.995659969,0.093065712,0.81,0.79,0.43,0.43,1.0675,0.785833333,0.924375
05-03-2026 00:00,05-03-2026 00:15,28.29,63.4,79.22,0.95,109.77,6.14,2026,5,3,0,0,6,0.941058003,-0.33824523,1.41,0.94,1.93,0.51,1.14,1.195,1.416302083
05-03-2026 00:15,05-03-2026 00:30,17,51,78.5,1.07,67.02,6.15,2026,5,3,0,15,6,0.920641188,0.390409788,0.95,1.31,0.84,1.04,1.08,1.16,1.416614583
05-03-2026 00:30,05-03-2026 00:45,17,51,77.07,1.42,26.5,6.06,2026,5,3,0,30,6,0.446197813,0.894934362,1.07,0.89,1.24,0.45,1.2125,1.188333333,1.42671875
05-03-2026 00:45,05-03-2026 01:00,17,52.2,76.95,1.1,64.87,6.04,2026,5,3,0,45,6,0.905346565,0.424673519,1.42,1.41,1.23,1.21,1.135,1.194166667,1.425572917
05-03-2026 01:00,05-03-2026 01:15,17,53,76.66,0.75,26.81,5.99,2026,5,3,1,0,6,0.451033319,0.892507112,1.1,0.95,0.94,0.6,1.085,1.095833333,1.427135417
05-03-2026 01:15,05-03-2026 01:30,17,53,76.19,0.96,114.42,5.93,2026,5,3,1,15,6,0.910539405,-0.413422293,0.75,1.07,1.31,1.02,1.0575,1.105833333,1.426510417
05-03-2026 01:30,05-03-2026 01:45,17,53,76.05,0.84,26.5,5.93,2026,5,3,1,30,6,0.446197813,0.894934362,0.96,1.42,0.89,1.07,0.9125,1.0725,1.424114583
05-03-2026 01:45,05-03-2026 02:00,39.11,81,77.11,0.71,30.85,6,2026,5,3,1,45,6,0.512792254,0.858512728,0.84,1.1,1.41,0.8,0.815,1.029166667,1.423177083
05-03-2026 02:00,05-03-2026 02:15,18.4,56,77.86,0.31,96.81,6.18,2026,5,3,2,0,6,0.992944828,-0.118577272,0.71,0.75,0.95,1.02,0.705,0.976666667,1.41578125
05-03-2026 02:15,05-03-2026 02:30,23,56,76.42,0.95,26.5,6.29,2026,5,3,2,15,6,0.446197813,0.894934362,0.31,0.96,1.07,0.9,0.7025,0.946666667,1.416302083
05-03-2026 02:30,05-03-2026 02:45,23,56,74.92,0.76,112.89,6.24,2026,5,3,2,30,6,0.921253306,-0.388963167,0.95,0.84,1.42,0.53,0.6825,0.935833333,1.418697917
05-03-2026 02:45,05-03-2026 03:00,25,63.8,74.04,1.16,62.19,6.28,2026,5,3,2,45,6,0.884499562,0.466541022,0.76,0.71,1.1,0.33,0.795,0.915,1.42734375
05-03-2026 03:00,05-03-2026 03:15,33,69,73.73,0.75,28.54,6.34,2026,5,3,3,0,6,0.477772174,0.878483779,1.16,0.31,0.75,0.56,0.905,0.898333333,1.429322917
05-03-2026 03:15,05-03-2026 03:30,33,69,73.76,0.77,26.5,6.34,2026,5,3,3,15,6,0.446197813,0.894934362,0.75,0.95,0.96,0.46,0.86,0.873333333,1.432552083
05-03-2026 03:30,05-03-2026 03:45,33,69,73.68,0.82,103.39,6.41,2026,5,3,3,30,6,0.972816311,-0.231578119,0.77,0.76,0.84,0.77,0.875,0.823333333,1.433072917
05-03-2026 03:45,05-03-2026 04:00,43.14,74.4,73.54,0.37,26.5,6.41,2026,5,3,3,45,6,0.446197813,0.894934362,0.82,1.16,0.71,0.77,0.6775,0.7625,1.42890625
05-03-2026 04:00,05-03-2026 04:15,21.6,48,73.15,0.53,121.21,6.35,2026,5,3,4,0,6,0.855273834,-0.518176291,0.37,0.75,0.31,1,0.6225,0.744166667,1.424010417
05-03-2026 04:15,05-03-2026 04:30,27,48,73,0.46,26.5,6.35,2026,5,3,4,15,6,0.446197813,0.894934362,0.53,0.77,0.95,0.945,0.545,0.7025,1.418958333
05-03-2026 04:30,05-03-2026 04:45,27,48,72.89,0.48,26.5,6.39,2026,5,3,4,30,6,0.446197813,0.894934362,0.46,0.82,0.76,0.89,0.46,0.6725,1.4146875
05-03-2026 04:45,05-03-2026 05:00,25.8,51,72.71,0.31,165.68,6.49,2026,5,3,4,45,6,0.247337248,-0.968929453,0.48,0.37,1.16,1.11,0.445,0.639166667,1.406354167
05-03-2026 05:00,05-03-2026 05:15,21,53,72.42,0.48,65.28,6.51,2026,5,3,5,0,6,0.908362259,0.418184178,0.31,0.53,0.75,0.86,0.4325,0.653333333,1.402395833
05-03-2026 05:15,05-03-2026 05:30,21,53,72.04,0.27,64.94,6.55,2026,5,3,5,15,6,0.905864725,0.423567113,0.48,0.46,0.77,0.95,0.385,0.596666667,1.3953125
05-03-2026 05:30,05-03-2026 05:45,16.8,53,71.28,0.28,26.5,7.51,2026,5,3,5,30,6,0.446197813,0.894934362,0.27,0.48,0.82,1.04,0.335,0.556666667,1.387395833
05-03-2026 05:45,05-03-2026 06:00,33.62,68,71,0.44,146.87,10.93,2026,5,3,5,45,6,0.546540515,-0.837432663,0.28,0.31,0.37,1.06,0.3675,0.496666667,1.3809375
05-03-2026 06:00,05-03-2026 06:15,24.8,60,69.76,0.51,189.79,19.41,2026,5,3,6,0,6,-0.17003751,-0.985437591,0.44,0.48,0.53,1.12,0.375,0.476666667,1.374583333
05-03-2026 06:15,05-03-2026 06:30,31,60,69.08,1.01,124.29,25.84,2026,5,3,6,15,6,0.826196636,-0.563381859,0.51,0.27,0.46,1.47,0.56,0.496666667,1.369791667
05-03-2026 06:30,05-03-2026 06:45,24.8,60,68.52,1.15,51.06,29.65,2026,5,3,6,30,6,0.777804558,0.628506221,1.01,0.28,0.48,1.37,0.7775,0.524166667,1.3675
05-03-2026 06:45,05-03-2026 07:00,30,67.2,68.34,0.49,26.5,39.22,2026,5,3,6,45,6,0.446197813,0.894934362,1.15,0.44,0.31,1.21,0.79,0.534166667,1.36
05-03-2026 07:00,05-03-2026 07:15,20.8,72,68.19,1.28,180.94,48.8,2026,5,3,7,0,6,-0.016405359,-0.999865423,0.49,0.51,0.48,1.04,0.9825,0.596666667,1.3625
05-03-2026 07:15,05-03-2026 07:30,26,72,68.18,0.47,109.49,57.92,2026,5,3,7,15,6,0.942699737,-0.333642332,1.28,1.01,0.27,1.4,0.8475,0.5975,1.3528125
05-03-2026 07:30,05-03-2026 07:45,20.8,72,67.94,1.06,66.66,71.32,2026,5,3,7,30,6,0.918170015,0.396186603,0.47,1.15,0.28,0.94,0.825,0.645833333,1.3540625
05-03-2026 07:45,05-03-2026 08:00,42.37,87.8,67.3,0.76,121.46,81.22,2026,5,3,7,45,6,0.853004729,-0.521903182,1.06,0.49,0.44,1.13,0.8925,0.683333333,1.350208333
05-03-2026 08:00,05-03-2026 08:15,19.2,63,66.86,0.9,64.75,77.1,2026,5,3,8,0,6,0.904455145,0.42656874,0.76,1.28,0.51,1.71,0.7975,0.718333333,1.341770833
05-03-2026 08:15,05-03-2026 08:30,24,63,66.59,0.64,78.11,112.53,2026,5,3,8,15,6,0.97854496,0.2060334,0.9,0.47,1.01,1.5,0.84,0.749166667,1.3328125
05-03-2026 08:30,05-03-2026 08:45,24,63,65.41,0.96,106.14,141.94,2026,5,3,8,30,6,0.960585318,-0.277985336,0.64,1.06,1.15,1.03,0.815,0.805833333,1.332083333
05-03-2026 08:45,05-03-2026 09:00,42.26,84.4,64.39,0.94,106.35,151.75,2026,5,3,8,45,6,0.959559999,-0.28150419,0.96,0.76,0.49,1.49,0.86,0.8475,1.326354167
05-03-2026 15:15,05-03-2026 15:30,27,41,74.95,1.25,26.5,152.47,2026,5,3,15,15,6,0.446197813,0.894934362,1.92,1.46,1.12,1.73,1.6225,1.475,1.179270833
05-03-2026 15:30,05-03-2026 15:45,21.6,41,75.87,1.47,26.5,140.62,2026,5,3,15,30,6,0.446197813,0.894934362,1.25,1.71,2.02,1.34,1.5625,1.513333333,1.180625
05-03-2026 15:45,05-03-2026 16:00,25.6,40.4,76.74,1.66,26.5,126.9,2026,5,3,15,45,6,0.446197813,0.894934362,1.47,1.61,1.96,1.91,1.575,1.5525,1.178020833
05-03-2026 16:00,05-03-2026 16:15,20,40,77.58,1.23,26.5,97.16,2026,5,3,16,0,6,0.446197813,0.894934362,1.66,1.92,1.67,1.5,1.4025,1.59,1.175208333
05-03-2026 16:15,05-03-2026 16:30,20,40,78.31,1.03,26.5,43.27,2026,5,3,16,15,6,0.446197813,0.894934362,1.23,1.25,1.46,2.02,1.3475,1.5825,1.164895833
05-03-2026 16:30,05-03-2026 16:45,16,40,80.32,1.17,26.5,19.52,2026,5,3,16,30,6,0.446197813,0.894934362,1.03,1.47,1.71,1.75,1.2725,1.511666667,1.158854167
05-03-2026 16:45,05-03-2026 17:00,19,38.2,81.71,1.15,26.5,12.64,2026,5,3,16,45,6,0.446197813,0.894934362,1.17,1.66,1.61,2.35,1.145,1.444166667,1.146354167
05-03-2026 17:00,05-03-2026 17:15,15,37,81.64,1.43,66.42,11.27,2026,5,3,17,0,6,0.916502422,0.400029137,1.15,1.23,1.92,2.25,1.195,1.424166667,1.1378125
05-03-2026 17:15,05-03-2026 17:30,15,37,77.74,1.1,26.5,11.45,2026,5,3,17,15,6,0.446197813,0.894934362,1.43,1.03,1.25,1.97,1.2125,1.394166667,1.12875
05-03-2026 17:30,05-03-2026 17:45,12,37,74.87,1.21,26.5,11.01,2026,5,3,17,30,6,0.446197813,0.894934362,1.1,1.17,1.47,1.47,1.2225,1.3525,1.126041667
05-03-2026 17:45,05-03-2026 18:00,29.41,61.4,76.89,1.21,26.5,9.19,2026,5,3,17,45,6,0.446197813,0.894934362,1.21,1.15,1.66,1.66,1.2375,1.319166667,1.121354167
05-03-2026 18:00,05-03-2026 18:15,20.8,58,78.65,1.22,26.5,7.09,2026,5,3,18,0,6,0.446197813,0.894934362,1.21,1.43,1.23,1.7,1.185,1.260833333,1.116354167
05-03-2026 18:15,05-03-2026 18:30,26,58,75.77,1.33,26.5,6.34,2026,5,3,18,15,6,0.446197813,0.894934362,1.22,1.1,1.03,1.64,1.2425,1.2675,1.113125
05-03-2026 18:30,05-03-2026 18:45,26,58,73.59,1.64,26.5,6.18,2026,5,3,18,30,6,0.446197813,0.894934362,1.33,1.21,1.17,1.24,1.35,1.281666667,1.117291667
05-03-2026 18:45,05-03-2026 19:00,46.17,84.6,74.45,1.63,26.5,6.22,2026,5,3,18,45,6,0.446197813,0.894934362,1.64,1.21,1.15,1.26,1.455,1.279166667,1.121145833
05-03-2026 19:00,05-03-2026 19:15,34.4,69,77.19,1.54,85.24,6.38,2026,5,3,19,0,6,0.996551035,0.08298214,1.63,1.22,1.43,1.27,1.535,1.305,1.123958333
05-03-2026 19:15,05-03-2026 19:30,43,69,79.49,1.63,26.5,6.49,2026,5,3,19,15,6,0.446197813,0.894934362,1.54,1.33,1.1,1.25,1.61,1.355,1.127916667
05-03-2026 19:30,05-03-2026 19:45,34.4,69,81.49,1.22,64.34,6.42,2026,5,3,19,30,6,0.901379553,0.433029909,1.63,1.64,1.21,1.57,1.505,1.359166667,1.124270833
05-03-2026 19:45,05-03-2026 20:00,43.4,79.8,82.64,1.49,26.5,6.42,2026,5,3,19,45,6,0.446197813,0.894934362,1.22,1.63,1.21,1.37,1.47,1.3875,1.125520833
05-03-2026 20:00,05-03-2026 20:15,45,87,82.6,2.4,26.5,6.46,2026,5,3,20,0,6,0.446197813,0.894934362,1.49,1.54,1.22,0.97,1.685,1.468333333,1.140416667
05-03-2026 20:15,05-03-2026 20:30,45,87,82.23,2.16,26.5,6.53,2026,5,3,20,15,6,0.446197813,0.894934362,2.4,1.63,1.33,1.83,1.8175,1.556666667,1.143854167
05-03-2026 20:30,05-03-2026 20:45,36,87,82.19,1.46,47.93,6.51,2026,5,3,20,30,6,0.742326774,0.670038029,2.16,1.22,1.64,1.35,1.8775,1.5775,1.145
05-03-2026 20:45,05-03-2026 21:00,40.8,70.2,82.21,1.41,26.5,6.32,2026,5,3,20,45,6,0.446197813,0.894934362,1.46,1.49,1.63,1.41,1.8575,1.594166667,1.145
05-03-2026 21:00,05-03-2026 21:15,24,59,81.7,1.42,65.55,6.39,2026,5,3,21,0,6,0.910322812,0.413898994,1.41,2.4,1.54,1.81,1.6125,1.610833333,1.1409375
05-03-2026 21:15,05-03-2026 21:30,24,59,80.52,1.35,26.5,6.48,2026,5,3,21,15,6,0.446197813,0.894934362,1.42,2.16,1.63,1.49,1.41,1.6125,1.139479167
05-03-2026 21:30,05-03-2026 21:45,19.2,59,80.14,0.75,64.99,6.41,2026,5,3,21,30,6,0.906234012,0.422776436,1.35,1.46,1.22,1.08,1.2325,1.538333333,1.136041667
05-03-2026 23:00,05-03-2026 23:15,14.4,43,78.99,0.93,27.42,6.35,2026,5,3,23,0,6,0.460509663,0.887654691,1.7,1.62,1.42,0.94,1.405,1.404166667,1.147395833
05-03-2026 23:15,05-03-2026 23:30,18,43,78.11,1.31,66.26,6.24,2026,5,3,23,15,6,0.915381758,0.402586932,0.93,1.46,1.35,1.31,1.3675,1.333333333,1.147395833
05-03-2026 23:30,05-03-2026 23:45,14.4,43,77.52,1.57,112.68,6.13,2026,5,3,23,30,6,0.92267274,-0.385583992,1.31,1.53,0.75,0.89,1.3775,1.3425,1.154479167
05-03-2026 23:45,05-04-2026 00:00,18.2,48.4,71.12,0.53,137.94,6.17,2026,5,3,23,45,6,0.669908459,-0.742443706,1.57,1.7,1.06,1.41,1.085,1.269166667,1.1453125
01-04-2026 00:00,01-04-2026 00:15,11.07,27,78.52,0.44,133.14,6.24,2026,1,4,0,0,6,0.729685084,-0.683783357,0.54,0.39,0.53,1.45,0.435,0.4375,0.935833333
01-04-2026 00:15,01-04-2026 00:30,11.07,27,78.35,0.33,85.71,6.15,2026,1,4,0,15,6,0.997198205,0.074804684,0.44,0.41,0.48,0.64,0.415,0.425833333,0.932604167
01-04-2026 00:30,01-04-2026 00:45,11.07,27,78.87,0.27,30.44,6.24,2026,1,4,0,30,6,0.506635789,0.862160181,0.33,0.35,0.43,0.69,0.395,0.405833333,0.928229167
01-04-2026 00:45,01-04-2026 01:00,10.91,26.6,79.14,0.42,145.11,6.07,2026,1,4,0,45,6,0.572002721,-0.820251722,0.27,0.54,0.38,0.71,0.365,0.414166667,0.925208333
01-04-2026 01:00,01-04-2026 01:15,10.25,25,78.91,0.49,201.87,6.27,2026,1,4,1,0,6,-0.372501918,-0.928031423,0.42,0.44,0.39,0.57,0.3775,0.410833333,0.924375
01-04-2026 01:15,01-04-2026 01:30,10.25,25,79.25,0.38,255.91,6.15,2026,1,4,1,15,6,-0.969914519,-0.243445733,0.49,0.33,0.41,0.74,0.39,0.4025,0.920625
01-04-2026 01:30,01-04-2026 01:45,10.25,25,78.99,0.9,193.31,6.17,2026,1,4,1,30,6,-0.230219585,-0.973138707,0.38,0.27,0.35,1.07,0.5475,0.441666667,0.918854167
01-04-2026 01:45,01-04-2026 02:00,20.09,49,78.93,0.85,83.73,6.18,2026,1,4,1,45,6,0.994018276,0.109213859,0.9,0.42,0.54,0.79,0.655,0.480833333,0.919479167
01-04-2026 02:00,01-04-2026 02:15,10.25,25,78.8,0.33,143.89,6.15,2026,1,4,2,0,6,0.589337369,-0.807887037,0.85,0.49,0.44,0.74,0.615,0.475833333,0.915208333
01-04-2026 02:15,01-04-2026 02:30,10.25,25,78.57,0.28,204.98,6.15,2026,1,4,2,15,6,-0.422301875,-0.906455253,0.33,0.38,0.33,0.74,0.59,0.465,0.910416667
01-04-2026 02:30,01-04-2026 02:45,10.25,25,78.48,0.27,209.61,6.18,2026,1,4,2,30,6,-0.494093615,-0.869408707,0.28,0.9,0.27,0.89,0.4325,0.458333333,0.903958333
01-04-2026 02:45,01-04-2026 03:00,20.09,49,79.16,0.31,194.84,6.13,2026,1,4,2,45,6,-0.256120666,-0.966644818,0.27,0.85,0.42,0.81,0.2975,0.439166667,0.89875
01-04-2026 03:00,01-04-2026 03:15,11.48,28,78.82,0.29,332.83,6.01,2026,1,4,3,0,6,-0.456632167,0.889655587,0.31,0.33,0.49,1.01,0.2875,0.426666667,0.89125
01-04-2026 03:15,01-04-2026 03:30,11.48,28,79.63,0.39,208.93,6.06,2026,1,4,3,15,6,-0.483740709,-0.875211361,0.29,0.28,0.38,0.44,0.315,0.431666667,0.890729167
01-04-2026 03:30,01-04-2026 03:45,11.48,28,79.01,0.6,52.95,6.13,2026,1,4,3,30,6,0.798110023,0.602511735,0.39,0.27,0.9,1.22,0.3975,0.459166667,0.884270833
01-04-2026 03:45,01-04-2026 04:00,23.37,57,78.75,0.68,88.74,6.08,2026,1,4,3,45,6,0.999758204,0.021989376,0.6,0.31,0.85,0.92,0.49,0.480833333,0.881770833
01-04-2026 04:00,01-04-2026 04:15,4.92,12,78.97,0.33,85.6,6.04,2026,1,4,4,0,6,0.997052752,0.076719028,0.68,0.29,0.33,1.05,0.5,0.4675,0.874270833
01-04-2026 04:15,01-04-2026 04:30,4.92,12,78.91,1.04,88.08,6.03,2026,1,4,4,15,6,0.999438582,0.03350405,0.33,0.39,0.28,0.72,0.6625,0.5225,0.877604167
01-04-2026 04:30,01-04-2026 04:45,4.92,12,78.39,0.57,197.93,6.03,2026,1,4,4,30,6,-0.307854829,-0.951433342,1.04,0.6,0.27,0.99,0.655,0.495,0.873229167
01-04-2026 04:45,01-04-2026 05:00,5.82,14.2,78.34,0.27,145.71,6,2026,1,4,4,45,6,0.563381859,-0.826196636,0.57,0.68,0.31,1.2,0.5525,0.446666667,0.863541667
01-04-2026 05:00,01-04-2026 05:15,9.43,23,80.33,0.27,26.5,6.13,2026,1,4,5,0,6,0.446197813,0.894934362,0.27,0.33,0.29,1.07,0.5375,0.441666667,0.855208333
01-04-2026 05:15,01-04-2026 05:30,9.43,23,82.99,0.27,26.5,6.06,2026,1,4,5,15,6,0.446197813,0.894934362,0.27,1.04,0.39,0.41,0.345,0.440833333,0.85375
01-04-2026 05:30,01-04-2026 05:45,9.43,23,84.72,0.27,26.5,6.07,2026,1,4,5,30,6,0.446197813,0.894934362,0.27,0.57,0.6,1.02,0.27,0.440833333,0.8459375
01-04-2026 05:45,01-04-2026 06:00,18.04,44,86.31,0.27,26.5,6.03,2026,1,4,5,45,6,0.446197813,0.894934362,0.27,0.27,0.68,0.92,0.27,0.4375,0.839166667
01-04-2026 06:00,01-04-2026 06:15,13.53,33,87.51,0.27,138.86,6.07,2026,1,4,6,0,6,0.657901172,-0.753104274,0.27,0.27,0.33,0.92,0.27,0.435833333,0.832395833
01-04-2026 06:15,01-04-2026 06:30,13.53,33,88.22,0.27,306.26,6.32,2026,1,4,6,15,6,-0.806341389,0.59145039,0.27,0.27,1.04,0.63,0.27,0.425833333,0.828645833
01-04-2026 06:30,01-04-2026 06:45,13.53,33,88.72,0.33,297.75,7.75,2026,1,4,6,30,6,-0.884987637,0.46561452,0.27,0.27,0.57,0.88,0.285,0.403333333,0.822916667
01-04-2026 06:45,01-04-2026 07:00,25.75,62.8,89.12,0.27,308.8,10.95,2026,1,4,6,45,6,-0.779337965,0.626603811,0.33,0.27,0.27,1.01,0.285,0.369166667,0.815208333
01-04-2026 07:00,01-04-2026 07:15,22.96,56,89.44,0.27,181.67,16.45,2026,1,4,7,0,6,-0.029142872,-0.999575256,0.27,0.27,0.27,1.34,0.285,0.364166667,0.8040625
01-04-2026 07:15,01-04-2026 07:30,22.96,56,89.41,0.32,79.58,20.23,2026,1,4,7,15,6,0.983508398,0.180862465,0.27,0.27,0.27,0.81,0.2975,0.304166667,0.798958333
01-04-2026 07:30,01-04-2026 07:45,22.96,56,89.08,0.27,135.99,26.46,2026,1,4,7,30,6,0.694783908,-0.719218549,0.32,0.33,0.27,1.21,0.2825,0.279166667,0.789166667
01-04-2026 07:45,01-04-2026 08:00,30.59,74.6,88.56,0.46,83.97,29.05,2026,1,4,7,45,6,0.994467028,0.105049179,0.27,0.27,0.27,0.7,0.33,0.295,0.786666667
01-04-2026 08:00,01-04-2026 08:15,27.88,68,87.74,0.42,87.11,35.01,2026,1,4,8,0,6,0.998728172,0.05041863,0.46,0.27,0.27,0.84,0.3675,0.3075,0.782291667
01-04-2026 08:15,01-04-2026 08:30,27.88,68,86.84,0.36,26.5,42.79,2026,1,4,8,15,6,0.446197813,0.894934362,0.42,0.32,0.27,0.68,0.3775,0.315,0.778958333
01-04-2026 08:30,01-04-2026 08:45,27.88,68,85.16,0.55,174.18,56.4,2026,1,4,8,30,6,0.10140357,-0.994845373,0.36,0.27,0.33,1.05,0.4475,0.338333333,0.77375
01-04-2026 08:45,01-04-2026 09:00,36.24,88.4,82.88,1.17,86.46,48.17,2026,1,4,8,45,6,0.998091935,0.061745354,0.55,0.46,0.27,1.29,0.625,0.413333333,0.7725
01-04-2026 09:00,01-04-2026 09:15,29.11,71,80.57,1.55,84.63,54.23,2026,1,4,9,0,6,0.995611103,0.093587025,1.17,0.42,0.27,1.1,0.9075,0.52,0.7771875
01-04-2026 09:15,01-04-2026 09:30,29.11,71,80.42,1.55,26.5,54.94,2026,1,4,9,15,6,0.446197813,0.894934362,1.55,0.36,0.32,1.05,1.205,0.626666667,0.782395833
01-04-2026 09:30,01-04-2026 09:45,29.11,71,78.51,1.39,26.5,69.94,2026,1,4,9,30,6,0.446197813,0.894934362,1.55,0.55,0.27,1.12,1.415,0.715,0.785208333
01-04-2026 09:45,01-04-2026 10:00,27.55,67.2,78.39,1.48,87.37,81.97,2026,1,4,9,45,6,0.998946681,0.045886042,1.39,1.17,0.46,1.15,1.4925,0.815833333,0.788645833
01-04-2026 10:00,01-04-2026 10:15,21.32,52,75.21,1.24,206.09,74.37,2026,1,4,10,0,6,-0.439782428,-0.898104346,1.48,1.55,0.42,1.07,1.415,0.896666667,0.790416667
01-04-2026 10:15,01-04-2026 10:30,21.32,52,73.47,1.28,87.36,77.59,2026,1,4,10,15,6,0.998938657,0.04606039,1.24,1.55,0.36,1.68,1.3475,0.976666667,0.78625
01-04-2026 10:30,01-04-2026 10:45,21.32,52,72.57,1.35,150.76,80.57,2026,1,4,10,30,6,0.488468955,-0.872581274,1.28,1.39,0.55,1.58,1.3375,1.066666667,0.783854167
01-04-2026 10:45,01-04-2026 11:00,29.85,72.8,72.53,1.92,149.39,77.93,2026,1,4,10,45,6,0.509191636,-0.860653169,1.35,1.48,1.17,1.31,1.4475,1.188333333,0.790208333
01-04-2026 11:00,01-04-2026 11:15,18.86,46,71.57,2.45,120.77,81.27,2026,1,4,11,0,6,0.859227884,-0.511593044,1.92,1.24,1.55,1.14,1.75,1.3575,0.803854167
01-04-2026 11:15,01-04-2026 11:30,18.86,46,71.38,1.56,26.5,78.14,2026,1,4,11,15,6,0.446197813,0.894934362,2.45,1.28,1.55,1.9,1.82,1.4575,0.8003125
01-04-2026 11:30,01-04-2026 11:45,18.86,46,70.82,0.82,269.44,87.49,2026,1,4,11,30,6,-0.999952236,-0.009773688,1.56,1.35,1.39,2.27,1.6875,1.48,0.785208333
01-04-2026 11:45,01-04-2026 12:00,27.22,66.4,69.88,2.03,88.03,85.98,2026,1,4,11,45,6,0.999408963,0.034376212,0.82,1.92,1.48,1.36,1.715,1.551666667,0.7921875
01-04-2026 12:00,01-04-2026 12:15,11.07,27,70.14,1.39,110.98,150.92,2026,1,4,12,0,6,0.933705464,-0.358042047,2.03,2.45,1.24,2.12,1.45,1.538333333,0.784583333
01-04-2026 15:00,01-04-2026 15:15,10.25,25,68.57,1.59,52.95,160.93,2026,1,4,15,0,6,0.798110023,0.602511735,2.05,2.3,1.64,1.54,1.855,1.9175,0.8815625
01-04-2026 15:15,01-04-2026 15:30,10.25,25,68.66,1.39,84.27,142.72,2026,1,4,15,15,6,0.99500343,0.099840746,1.59,2.25,1.97,1.49,1.64,1.898333333,0.880520833
01-04-2026 15:30,01-04-2026 15:45,10.25,25,68.85,1.64,64.38,126.72,2026,1,4,15,30,6,0.901681645,0.432400521,1.39,1.53,1.97,1.4,1.6675,1.841666667,0.883020833
01-04-2026 15:45,01-04-2026 16:00,10.58,25.8,69.85,1.16,80.25,108.38,2026,1,4,15,45,6,0.985556059,0.169349504,1.64,2.05,1.99,1.36,1.445,1.79,0.8809375
01-04-2026 16:00,01-04-2026 16:15,11.89,29,70.55,1.66,87.1,89.47,2026,1,4,16,0,6,0.998719357,0.05059294,1.16,1.59,2.3,0.63,1.4625,1.791666667,0.891666667
01-04-2026 16:15,01-04-2026 16:30,11.89,29,70.91,1.66,81.91,72.62,2026,1,4,16,15,6,0.990048235,0.140728438,1.66,1.39,2.25,0.93,1.53,1.765833333,0.899270833
01-04-2026 16:30,01-04-2026 16:45,11.89,29,71.84,1.91,85.68,50.99,2026,1,4,16,30,6,0.9971589,0.075326806,1.66,1.64,1.53,1.59,1.5975,1.760833333,0.902604167
01-04-2026 16:45,01-04-2026 17:00,15.51,29.6,72.69,2.14,137.01,32.5,2026,1,4,16,45,6,0.681870704,-0.731472722,1.91,1.16,2.05,1.35,1.8425,1.773333333,0.910833333
01-04-2026 17:00,01-04-2026 17:15,13.12,32,73.39,1.02,150.26,26.55,2026,1,4,17,0,6,0.496064967,-0.868285407,2.14,1.66,1.59,1.75,1.6825,1.666666667,0.903229167
01-04-2026 17:15,01-04-2026 17:30,13.12,32,73.59,1.6,155.7,18.87,2026,1,4,17,15,6,0.411514359,-0.911403277,1.02,1.66,1.39,1.12,1.6675,1.6125,0.908229167
01-04-2026 17:30,01-04-2026 17:45,13.12,32,73.96,1.56,26.5,11.82,2026,1,4,17,30,6,0.446197813,0.894934362,1.6,1.91,1.64,0.99,1.58,1.615,0.914166667
01-04-2026 17:45,01-04-2026 18:00,25.5,62.2,74.43,1.77,73.15,7.85,2026,1,4,17,45,6,0.957066905,0.289867106,1.56,2.14,1.16,0.58,1.4875,1.591666667,0.9265625
01-04-2026 18:00,01-04-2026 18:15,12.3,30,74.63,1.44,206.55,6.66,2026,1,4,18,0,6,-0.446978621,-0.89454464,1.77,1.02,1.66,0.78,1.5925,1.579166667,0.9334375
01-04-2026 18:15,01-04-2026 18:30,12.3,30,75.08,0.84,26.5,6.32,2026,1,4,18,15,6,0.446197813,0.894934362,1.44,1.6,1.66,1.48,1.4025,1.533333333,0.926770833
01-04-2026 18:30,01-04-2026 18:45,12.3,30,75.38,0.81,26.5,6.28,2026,1,4,18,30,6,0.446197813,0.894934362,0.84,1.56,1.91,0.91,1.215,1.464166667,0.925729167
01-04-2026 18:45,01-04-2026 19:00,12.79,31.2,75.31,1.11,146.96,6.25,2026,1,4,18,45,6,0.545224405,-0.838290134,0.81,1.77,2.14,0.51,1.05,1.46,0.931979167
01-04-2026 19:00,01-04-2026 19:15,14.76,36,75.16,0.7,141.48,6.24,2026,1,4,19,0,6,0.62278778,-0.782390811,1.11,1.44,1.02,0.84,0.865,1.38,0.930520833
01-04-2026 19:15,01-04-2026 19:30,14.76,36,75.46,0.68,199.7,6.2,2026,1,4,19,15,6,-0.337095258,-0.941470545,0.7,0.84,1.6,0.55,0.825,1.298333333,0.931875
01-04-2026 19:30,01-04-2026 19:45,14.76,36,75.14,0.96,88.26,6.29,2026,1,4,19,30,6,0.999538906,0.030364061,0.68,0.81,1.56,0.41,0.8625,1.219166667,0.937604167
01-04-2026 19:45,01-04-2026 20:00,14.35,35,75.15,0.78,81.7,6.28,2026,1,4,19,45,6,0.989525789,0.144356201,0.96,1.11,1.77,0.47,0.78,1.105833333,0.940833333
01-04-2026 20:00,01-04-2026 20:15,12.71,31,75.22,1.12,255.12,6.2,2026,1,4,20,0,6,-0.966465777,-0.256795449,0.78,0.7,1.44,0.55,0.885,1.114166667,0.946770833
01-04-2026 20:15,01-04-2026 20:30,12.71,31,74.94,1.01,87.54,6.15,2026,1,4,20,15,6,0.99907843,0.04292191,1.12,0.68,0.84,0.32,0.9675,1.065,0.953958333
01-04-2026 20:30,01-04-2026 20:45,12.71,31,74.35,1.07,206.2,6.22,2026,1,4,20,30,6,-0.441505853,-0.89725837,1.01,0.96,0.81,0.52,0.995,1.024166667,0.9596875
01-04-2026 20:45,01-04-2026 21:00,25.26,61.6,74.28,0.42,85.72,6.17,2026,1,4,20,45,6,0.997211245,0.074630639,1.07,0.78,1.11,0.42,0.905,0.911666667,0.9596875
01-04-2026 21:00,01-04-2026 21:15,11.07,27,74.4,1.04,147.74,6.13,2026,1,4,21,0,6,0.533762115,-0.845634676,0.42,1.12,0.7,0.37,0.885,0.878333333,0.966666667
01-04-2026 21:15,01-04-2026 21:30,11.07,27,74.94,0.67,26.5,6.18,2026,1,4,21,15,6,0.446197813,0.894934362,1.04,1.01,0.68,0.47,0.8,0.864166667,0.96875
01-04-2026 21:30,01-04-2026 21:45,11.07,27,75.27,1.11,130.39,6.06,2026,1,4,21,30,6,0.761651414,-0.647986978,0.67,1.07,0.96,0.51,0.81,0.889166667,0.975
01-04-2026 21:45,01-04-2026 22:00,10.82,26.4,75.39,0.97,33,6.07,2026,1,4,21,45,6,0.544639035,0.838670568,1.11,0.42,0.78,0.32,0.9475,0.8775,0.981770833
01-04-2026 22:00,01-04-2026 22:15,9.84,24,75.56,0.82,141.34,6.13,2026,1,4,22,0,6,0.624697661,-0.780866719,0.97,1.04,1.12,0.53,0.8925,0.8875,0.984791667
01-04-2026 22:15,01-04-2026 22:30,9.84,24,73.95,0.36,26.5,6.15,2026,1,4,22,15,6,0.446197813,0.894934362,0.82,0.67,1.01,0.48,0.815,0.860833333,0.983541667
01-04-2026 22:30,01-04-2026 22:45,9.84,24,73.01,0.6,258.68,6.17,2026,1,4,22,30,6,-0.980546201,-0.196288431,0.36,1.11,1.07,0.43,0.6875,0.830833333,0.9853125
01-04-2026 22:45,01-04-2026 23:00,18.04,44,73.59,0.95,209.26,6,2026,1,4,22,45,6,-0.488773513,-0.872410713,0.6,0.97,0.42,0.38,0.6825,0.845,0.99125
01-04-2026 23:00,01-04-2026 23:15,11.89,29,74,0.35,131.09,6.13,2026,1,4,23,0,6,0.753678114,-0.657243714,0.95,0.82,1.04,0.39,0.565,0.780833333,0.990833333
01-04-2026 23:15,01-04-2026 23:30,11.89,29,74.32,0.45,26.5,6.15,2026,1,4,23,15,6,0.446197813,0.894934362,0.35,0.36,0.67,0.41,0.5875,0.734166667,0.99125
01-04-2026 23:30,01-04-2026 23:45,11.89,29,74.01,1.01,26.5,6.1,2026,1,4,23,30,6,0.446197813,0.894934362,0.45,0.6,1.11,0.35,0.69,0.729166667,0.998125
01-04-2026 23:45,01-05-2026 00:00,23.86,58.2,74.51,0.98,79.03,6.01,2026,1,4,23,45,6,0.981726956,0.19029499,1.01,0.95,0.97,0.54,0.6975,0.775833333,1.002708333
02-04-2026 00:00,02-04-2026 00:15,28.2,52,73.31,0.76,284.65,6.27,2026,2,4,0,0,2,-0.96748883,0.252913748,0.88,0.62,1.78,0.94,0.7375,1.014166667,0.990208333
02-04-2026 00:15,02-04-2026 00:30,14,30,73.57,0.73,237.77,6.1,2026,2,4,0,15,2,-0.845914037,-0.533319269,0.76,0.57,1.18,0.69,0.7775,1.01,0.990625
02-04-2026 00:30,02-04-2026 00:45,14,30,73.1,0.93,327.38,6.07,2026,2,4,0,30,2,-0.539064824,0.842264279,0.73,0.74,1.39,0.39,0.825,0.9825,0.99625
02-04-2026 00:45,02-04-2026 01:00,14,31.2,72.77,0.99,258.3,5.99,2026,2,4,0,45,2,-0.979222811,-0.202787295,0.93,0.88,1.36,0.72,0.8525,0.994166667,0.9990625
02-04-2026 01:00,02-04-2026 01:15,19,36,72.94,1.29,184.72,6.04,2026,2,4,1,0,2,-0.082286396,-0.996608724,0.99,0.76,0.62,0.37,0.985,0.953333333,1.008645833
02-04-2026 01:15,02-04-2026 01:30,19,36,73.65,0.94,269.65,6.22,2026,2,4,1,15,2,-0.999981342,-0.006108614,1.29,0.73,0.57,0.381818182,1.0375,0.933333333,1.014460227
02-04-2026 01:30,02-04-2026 01:45,19,36,73.62,1.38,228.26,6.08,2026,2,4,1,30,2,-0.746173582,-0.665751444,0.94,0.93,0.74,0.393636364,1.15,0.9325,1.024734848
02-04-2026 01:45,02-04-2026 02:00,19,35.2,73.48,1.69,261.34,6.25,2026,2,4,1,45,2,-0.988599246,-0.150570685,1.38,0.99,0.88,0.405454545,1.325,0.96,1.03811553
02-04-2026 02:00,02-04-2026 02:15,31.4,53.6,73.78,1.08,222.87,6.31,2026,2,4,2,0,2,-0.680337217,-0.732899223,1.69,1.29,0.76,0.417272727,1.2725,0.998333333,1.045018939
02-04-2026 02:15,02-04-2026 02:30,18,32,74.19,1.24,302.1,6.38,2026,2,4,2,15,2,-0.847121921,0.53139858,1.08,0.94,0.73,0.429090909,1.3475,1.054166667,1.053465909
02-04-2026 02:30,02-04-2026 02:45,18,32,74.59,0.92,209.81,6.51,2026,2,4,2,30,2,-0.497125407,-0.867678702,1.24,1.38,0.93,0.440909091,1.2325,1.069166667,1.058456439
02-04-2026 02:45,02-04-2026 03:00,20.48148148,36,74.71444444,0.920740741,210.7088889,8.45962963,2026,2,4,2,45,2,-0.51067631,-0.859773055,0.92,1.69,0.99,0.452727273,1.040185185,1.072561728,1.06333158
02-04-2026 03:00,02-04-2026 03:15,22.96296296,40,74.83888889,0.921481481,211.6077778,10.40925926,2026,2,4,3,0,2,-0.524101521,-0.851655796,0.920740741,1.08,1.29,0.464545455,1.000555556,1.086018519,1.06809133
02-04-2026 03:15,02-04-2026 03:30,25.44444444,44,74.96333333,0.922222222,212.5066667,12.35888889,2026,2,4,3,15,2,-0.537397738,-0.843328922,0.921481481,1.24,0.94,0.476363636,0.921111111,1.102037037,1.07273569
02-04-2026 03:30,02-04-2026 03:45,27.92592593,48,75.08777778,0.922962963,213.4055556,14.30851852,2026,2,4,3,30,2,-0.550561687,-0.834794483,0.922222222,0.92,1.38,0.488181818,0.921851852,1.101450617,1.07726466
02-04-2026 03:45,02-04-2026 04:00,30.40740741,52,75.21222222,0.923703704,214.3044444,16.25814815,2026,2,4,3,45,2,-0.563590128,-0.826054579,0.922962963,0.920740741,1.69,0.5,0.922592593,1.095925926,1.081678241
02-04-2026 04:00,02-04-2026 04:15,32.88888889,56,75.33666667,0.924444444,215.2033333,18.20777778,2026,2,4,4,0,2,-0.576479855,-0.817111361,0.923703704,0.921481481,1.08,0.511818182,0.923333333,1.065462963,1.085976431
02-04-2026 04:15,02-04-2026 04:30,35.37037037,60,75.46111111,0.925185185,216.1022222,20.15740741,2026,2,4,4,15,2,-0.589227695,-0.807967031,0.924444444,0.922222222,1.24,0.523636364,0.924074074,1.064228395,1.090159231
02-04-2026 04:30,02-04-2026 04:45,37.85185185,64,75.58555556,0.925925926,217.0011111,22.10703704,2026,2,4,4,30,2,-0.601830511,-0.798623839,0.925185185,0.922962963,0.92,0.535454545,0.924814815,1.026388889,1.094226641
02-04-2026 04:45,02-04-2026 05:00,40.33333333,68,75.71,0.926666667,217.9,24.05666667,2026,2,4,4,45,2,-0.6142852,-0.789084085,0.925925926,0.923703704,0.920740741,0.547272727,0.925555556,0.962777778,1.098178662
02-04-2026 05:00,02-04-2026 05:15,42.81481481,72,75.83444444,0.927407407,218.7988889,26.0062963,2026,2,4,5,0,2,-0.626588698,-0.779350116,0.926666667,0.924444444,0.921481481,0.559090909,0.926296296,0.950061728,1.102015292
02-04-2026 05:15,02-04-2026 05:30,45.2962963,76,75.95888889,0.928148148,219.6977778,27.95592593,2026,2,4,5,15,2,-0.638737976,-0.769424329,0.927407407,0.925185185,0.922222222,0.570909091,0.927037037,0.924074074,1.105736532
02-04-2026 05:30,02-04-2026 05:45,47.77777778,80,76.08333333,0.928888889,220.5966667,29.90555556,2026,2,4,5,30,2,-0.650730044,-0.759309167,0.928148148,0.925925926,0.922962963,0.582727273,0.927777778,0.924814815,1.109342382
02-04-2026 05:45,02-04-2026 06:00,50.25925926,84,76.20777778,0.92962963,221.4955556,31.85518519,2026,2,4,5,45,2,-0.66256195,-0.749007118,0.928888889,0.926666667,0.923703704,0.594545455,0.928518519,0.925555556,1.112832842
02-04-2026 06:00,02-04-2026 06:15,52.74074074,88,76.33222222,0.93037037,222.3944444,33.80481481,2026,2,4,6,0,2,-0.674230782,-0.738520719,0.92962963,0.927407407,0.924444444,0.606363636,0.929259259,0.926296296,1.116207912
02-04-2026 06:15,02-04-2026 06:30,55.22222222,92,76.45666667,0.931111111,223.2933333,35.75444444,2026,2,4,6,15,2,-0.685733668,-0.727852551,0.93037037,0.928148148,0.925185185,0.618181818,0.93,0.927037037,1.119467593
02-04-2026 06:30,02-04-2026 06:45,57.7037037,96,76.58111111,0.931851852,224.1922222,37.70407407,2026,2,4,6,30,2,-0.697067777,-0.71700524,0.931111111,0.928888889,0.925925926,0.63,0.930740741,0.927777778,1.122611883
02-04-2026 06:45,02-04-2026 07:00,60.18518519,100,76.70555556,0.932592593,225.0911111,39.6537037,2026,2,4,6,45,2,-0.70823032,-0.705981454,0.931851852,0.92962963,0.926666667,0.641818182,0.931481481,0.928518519,1.125640783
02-04-2026 07:00,02-04-2026 07:15,62.66666667,104,76.83,0.933333333,225.99,41.60333333,2026,2,4,7,0,2,-0.719218549,-0.694783908,0.932592593,0.93037037,0.927407407,0.653636364,0.932222222,0.929259259,1.128554293
02-04-2026 07:15,02-04-2026 07:30,65.14814815,108,76.95444444,0.934074074,226.8888889,43.55296296,2026,2,4,7,15,2,-0.730029759,-0.683415358,0.933333333,0.931111111,0.928148148,0.665454545,0.932962963,0.93,1.131352413
02-04-2026 07:30,02-04-2026 07:45,67.62962963,112,77.07888889,0.934814815,227.7877778,45.50259259,2026,2,4,7,30,2,-0.740661289,-0.671878601,0.934074074,0.931851852,0.928888889,0.677272727,0.933703704,0.930740741,1.134035143
02-04-2026 07:45,02-04-2026 08:00,70.11111111,116,77.20333333,0.935555556,228.6866667,47.45222222,2026,2,4,7,45,2,-0.751110524,-0.660176477,0.934814815,0.932592593,0.92962963,0.689090909,0.934444444,0.931481481,1.136602483
02-04-2026 08:00,02-04-2026 08:15,72.59259259,120,77.32777778,0.936296296,229.5855556,49.40185185,2026,2,4,8,0,2,-0.76137489,-0.648311867,0.935555556,0.933333333,0.93037037,0.700909091,0.935185185,0.932222222,1.139054433
02-04-2026 08:15,02-04-2026 08:30,75.07407407,124,77.45222222,0.937037037,230.4844444,51.35148148,2026,2,4,8,15,2,-0.771451862,-0.63628769,0.936296296,0.934074074,0.931111111,0.712727273,0.935925926,0.932962963,1.141390993
02-04-2026 08:30,02-04-2026 08:45,77.55555556,128,77.57666667,0.937777778,231.3833333,53.30111111,2026,2,4,8,30,2,-0.78133896,-0.624106905,0.937037037,0.934814815,0.931851852,0.724545455,0.936666667,0.933703704,1.143612163
02-04-2026 08:45,02-04-2026 09:00,80.03703704,132,77.70111111,0.938518519,232.2822222,55.25074074,2026,2,4,8,45,2,-0.79103375,-0.611772512,0.937777778,0.935555556,0.932592593,0.736363636,0.937407407,0.934444444,1.145717943
02-04-2026 09:00,02-04-2026 09:15,82.51851852,136,77.82555556,0.939259259,233.1811111,57.20037037,2026,2,4,9,0,2,-0.800533845,-0.599287546,0.938518519,0.936296296,0.933333333,0.748181818,0.938148148,0.935185185,1.147708333
02-04-2026 10:45,02-04-2026 11:00,62.89,80.5,72.6,2.56,277.78,51.74,2026,2,4,10,45,2,-0.990795154,0.135369728,2.34,1,0.938518519,1.87,1.955,1.322407407,1.173333333
02-04-2026 11:00,02-04-2026 11:15,61.10222222,77.55555556,72.31111111,2.426666667,257.2588889,77.34222222,2026,2,4,11,0,2,-0.975376548,-0.220546117,2.56,1.44,0.939259259,1.61,2.201666667,1.446604938,1.181840278
02-04-2026 11:15,02-04-2026 11:30,59.31444444,74.61111111,72.02222222,2.293333333,236.7377778,102.9444444,2026,2,4,11,15,2,-0.836169176,-0.548471612,2.426666667,1.48,0.94,1.83,2.405,1.55962963,1.186666667
02-04-2026 11:30,02-04-2026 11:45,57.52666667,71.66666667,71.73333333,2.16,216.2166667,128.5466667,2026,2,4,11,30,2,-0.590840378,-0.806788478,2.293333333,2.34,1.42,1.69,2.36,1.661481481,1.1915625
02-04-2026 11:45,02-04-2026 12:00,55.73888889,68.72222222,71.44444444,2.026666667,195.6955556,154.1488889,2026,2,4,11,45,2,-0.270525769,-0.962712734,2.16,2.56,1,2.02,2.226666667,1.752160494,1.191631944
02-04-2026 15:15,02-04-2026 15:30,44.96,52.17,68.685,1.545,140.8,165.16,2026,2,4,15,15,2,0.632029303,-0.774944489,1.38,1.61,2.05,1.23,1.77625,1.6625,1.211979167
02-04-2026 15:30,02-04-2026 15:45,45.09,52.34,68.77,1.71,206.82,151.17,2026,2,4,15,30,2,-0.451189084,-0.892428378,1.545,1.61,1.715,2.3,1.80125,1.669444444,1.205833333
02-04-2026 15:45,02-04-2026 16:00,46.65,54.17,69.235,1.58,136.21,134.07,2026,2,4,15,45,2,0.692017192,-0.721881019,1.71,2.57,1.38,1.84,1.55375,1.676666667,1.203125
02-04-2026 16:00,02-04-2026 16:15,48.21,56,69.7,1.45,65.6,116.97,2026,2,4,16,0,2,0.910683661,0.41310443,1.58,1.38,1.61,1.05,1.57125,1.684166667,1.207291667
02-04-2026 16:15,02-04-2026 16:30,48.585,56.045,70.56,1.735,106.75,95.2,2026,2,4,16,15,2,0.957571361,-0.288196268,1.45,1.545,1.61,1.43,1.61875,1.657916667,1.21046875
02-04-2026 16:30,02-04-2026 16:45,48.96,56.09,71.42,2.02,147.9,73.43,2026,2,4,16,30,2,0.53139858,-0.847121921,1.735,1.71,1.61,0.94,1.69625,1.683333333,1.22171875
02-04-2026 16:45,02-04-2026 17:00,38.855,60.67,71.825,1.995,109.155,55.405,2026,2,4,16,45,2,0.94463437,-0.328124834,2.02,1.58,2.57,1.35,1.8,1.734583333,1.2284375
02-04-2026 17:00,02-04-2026 17:15,28.75,65.25,72.23,1.97,70.41,37.38,2026,2,4,17,0,2,0.942115986,0.335287145,1.995,1.45,1.38,1.36,1.93,1.764583333,1.234791667
02-04-2026 17:15,02-04-2026 17:30,25,57,72.69,1.19,92.41,19.85,2026,2,4,17,15,2,0.999115506,-0.042050033,1.97,1.735,1.545,1.12,1.79375,1.729583333,1.235520833
02-04-2026 17:30,02-04-2026 17:45,31,65,73.18,1.075,174.42,15.625,2026,2,4,17,30,2,0.097235494,-0.995261402,1.19,2.02,1.71,0.7,1.5575,1.685,1.239427083
02-04-2026 17:45,02-04-2026 18:00,37,73,73.67,0.96,256.43,11.4,2026,2,4,17,45,2,-0.972083987,-0.234633163,1.075,1.995,1.58,0.88,1.29875,1.550833333,1.240260417
02-04-2026 18:00,02-04-2026 18:15,21,54,74,1.29,225.77,7.12,2026,2,4,18,0,2,-0.716545475,-0.697540381,0.96,1.97,1.45,1.03,1.12875,1.543333333,1.24296875
02-04-2026 18:15,02-04-2026 18:30,21,54,74.425,1.305,278.11,6.645,2026,2,4,18,15,2,-0.989999051,0.141074022,1.29,1.19,1.735,1.35,1.1575,1.523333333,1.2425
02-04-2026 18:30,02-04-2026 18:45,21,54,74.85,1.32,330.45,6.17,2026,2,4,18,30,2,-0.493182901,0.869925644,1.305,1.075,2.02,1.2,1.21875,1.490833333,1.24375
02-04-2026 18:45,02-04-2026 19:00,21,55.4,74.95,0.48,202.3,6.51,2026,2,4,18,45,2,-0.37945616,-0.925209718,1.32,0.96,1.995,0.94,1.09875,1.399166667,1.238958333
02-04-2026 19:00,02-04-2026 19:15,32.5,70.25,74.32,0.94,238.54,6.46,2026,2,4,19,0,2,-0.853004729,-0.521903182,0.48,1.29,1.97,1.03,1.01125,1.356666667,1.238020833
02-04-2026 19:15,02-04-2026 19:30,28.75,65.375,74.44,0.96,178.385,6.44,2026,2,4,19,15,2,0.028183335,-0.999602771,0.94,1.305,1.19,0.54,0.925,1.292083333,1.242395833
02-04-2026 19:30,02-04-2026 19:45,25,60.5,74.56,0.98,118.23,6.42,2026,2,4,19,30,2,0.881055904,-0.473012149,0.96,1.32,1.075,1.03,0.84,1.205416667,1.241875
02-04-2026 19:45,02-04-2026 20:00,27.19,62.56,74.72,0.95,176.345,6.605,2026,2,4,19,45,2,0.063748527,-0.997965994,0.98,0.48,0.96,0.69,0.9575,1.118333333,1.244583333
02-04-2026 20:00,02-04-2026 20:15,29.38,64.62,74.88,0.92,234.46,6.79,2026,2,4,20,0,2,-0.813709913,-0.581271174,0.95,0.94,1.29,1.12,0.9525,1.030833333,1.2425
02-04-2026 20:15,02-04-2026 20:30,25,55,74.6,0.98,201.51,6.87,2026,2,4,20,15,2,-0.36666361,-0.930353587,0.92,0.96,1.305,0.84,0.9575,1.013333333,1.243958333
02-04-2026 20:30,02-04-2026 20:45,31,62.1,74.87,1.13,190.07,7.015,2026,2,4,20,30,2,-0.174851217,-0.984594867,0.98,0.98,1.32,0.71,0.995,1.017916667,1.248333333
02-04-2026 20:45,02-04-2026 21:00,37,69.2,75.14,1.28,178.63,7.16,2026,2,4,20,45,2,0.023908732,-0.999714145,1.13,0.95,0.48,0.91,1.0775,1.044583333,1.2521875
02-04-2026 21:00,02-04-2026 21:15,25,41,74.55,0.94,245,6.94,2026,2,4,21,0,2,-0.906307787,-0.422618262,1.28,0.92,0.94,0.76,1.0825,1.015416667,1.2540625
02-04-2026 21:15,02-04-2026 21:30,25,41,75.34,1.11,175,7.12,2026,2,4,21,15,2,0.087155743,-0.996194698,0.94,0.98,0.96,0.78,1.115,0.999166667,1.2575
02-04-2026 21:30,02-04-2026 21:45,25,40.8,75.78,1.16,139.235,7.21,2026,2,4,21,30,2,0.65295806,-0.757394066,1.11,1.13,0.98,1.26,1.1225,0.985833333,1.256458333
02-04-2026 21:45,02-04-2026 22:00,25,40.6,76.22,1.21,103.47,7.3,2026,2,4,21,45,2,0.972492019,-0.2329362,1.16,1.28,0.95,0.85,1.105,1.046666667,1.260208333
02-04-2026 22:00,02-04-2026 22:15,23.75,51.62,76.59,0.82,238.68,7.23,2026,2,4,22,0,2,-0.854277432,-0.519817343,1.21,0.94,0.92,1.78,1.075,1.036666667,1.250208333
02-04-2026 22:15,02-04-2026 22:30,15,39,77.02,1.09,176.54,7.29,2026,2,4,22,15,2,0.060351695,-0.998177175,0.82,1.11,0.98,1.18,1.07,1.0475,1.249270833
02-04-2026 22:30,02-04-2026 22:45,15,38.8,77.06,0.95,227.205,7.345,2026,2,4,22,30,2,-0.733789154,-0.679377272,1.09,1.16,1.13,1.39,1.0175,1.045,1.2446875
02-04-2026 22:45,02-04-2026 23:00,15,38.6,77.1,0.81,277.87,7.4,2026,2,4,22,45,2,-0.990581293,0.136925898,0.95,1.21,1.28,1.36,0.9175,1.033333333,1.238958333
02-04-2026 23:00,02-04-2026 23:15,27.25,49.88,77.25,1.16,176.97,6.59,2026,2,4,23,0,2,0.05285883,-0.998601995,0.81,0.82,0.94,0.62,1.0025,1.053333333,1.244583333
02-04-2026 23:15,02-04-2026 23:30,23.125,43.315,77.315,1.045,172.615,6.49,2026,2,4,23,15,2,0.128535973,-0.991704847,1.16,1.09,1.11,0.57,0.99125,1.05875,1.24953125
02-04-2026 23:30,02-04-2026 23:45,19,36.75,77.38,0.93,168.26,6.39,2026,2,4,23,30,2,0.203470872,-0.979081,1.045,0.95,1.16,0.74,0.98625,1.042083333,1.251510417
02-04-2026 23:45,02-05-2026 00:00,16.5,35.375,77.78,0.71,158.84,6.38,2026,2,4,23,45,2,0.360973597,-0.932576036,0.93,0.81,1.21,0.88,0.96125,0.994583333,1.249739583
03-04-2026 00:00,03-04-2026 00:15,31,57,79.94,0.27,26.5,6.49,2026,3,4,0,0,2,0.446197813,0.894934362,0.27,0.27,0.39,0.27,0.29,0.291666667,0.603125
03-04-2026 00:15,03-04-2026 00:30,31,57,80.54,0.27,26.5,6.49,2026,3,4,0,15,2,0.446197813,0.894934362,0.27,0.31,0.33,0.27,0.28,0.291666667,0.603125
03-04-2026 00:30,03-04-2026 00:45,31,57,80.79,0.27,26.5,6.41,2026,3,4,0,30,2,0.446197813,0.894934362,0.27,0.31,0.27,0.27,0.27,0.291666667,0.603125
03-04-2026 00:45,03-04-2026 01:00,32.8,75.8,81.61,0.27,46.66,6.29,2026,3,4,0,45,2,0.727293789,0.686326267,0.27,0.27,0.27,0.27,0.27,0.291666667,0.603125
03-04-2026 01:00,03-04-2026 01:15,40,104,82.53,0.27,58.9,6.52,2026,3,4,1,0,2,0.856267085,0.516533329,0.27,0.27,0.27,0.27,0.27,0.281666667,0.603125
03-04-2026 01:15,03-04-2026 01:30,40,104,82.92,0.27,58.62,6.39,2026,3,4,1,15,2,0.853732612,0.520711655,0.27,0.27,0.31,0.27,0.27,0.276666667,0.603125
03-04-2026 01:30,03-04-2026 01:45,40,104,83.16,0.27,58.62,6.34,2026,3,4,1,30,2,0.853732612,0.520711655,0.27,0.27,0.31,0.27,0.27,0.276666667,0.603125
03-04-2026 01:45,03-04-2026 02:00,47.79,129,83.65,0.27,58.64,6.46,2026,3,4,1,45,2,0.853914323,0.520413614,0.27,0.27,0.27,0.27,0.27,0.276666667,0.603125
03-04-2026 02:45,03-04-2026 03:00,44.09,130.2,84.97,0.27,58.66,6.29,2026,3,4,2,45,2,0.854095929,0.52011551,0.27,0.27,0.27,0.27,0.27,0.27,0.603125
03-04-2026 03:00,03-04-2026 03:15,30,112,85.13,0.27,58.81,6.17,2026,3,4,3,0,2,0.85545466,0.517877712,0.27,0.27,0.27,0.27,0.27,0.27,0.603125
03-04-2026 03:15,03-04-2026 03:30,30,112,85.59,0.27,39.48,6.06,2026,3,4,3,15,2,0.635808834,0.77184657,0.27,0.27,0.27,0.27,0.27,0.27,0.603125
03-04-2026 03:30,03-04-2026 03:45,30,112,85.71,0.27,26.5,6.04,2026,3,4,3,30,2,0.446197813,0.894934362,0.27,0.27,0.27,0.27,0.27,0.27,0.603125
03-04-2026 03:45,03-04-2026 04:00,40.12,96.4,85.27,0.27,156.14,6.13,2026,3,4,3,45,2,0.404503218,-0.914536575,0.27,0.27,0.27,0.27,0.27,0.27,0.603125
03-04-2026 04:00,03-04-2026 04:15,27,67,84.82,0.27,243.43,6.04,2026,3,4,4,0,2,-0.89438856,-0.447290848,0.27,0.27,0.27,0.27,0.27,0.27,0.603125
03-04-2026 04:15,03-04-2026 04:30,27,67,85.19,0.27,241.08,5.89,2026,3,4,4,15,2,-0.875295776,-0.483587949,0.27,0.27,0.27,0.27,0.27,0.27,0.603125
03-04-2026 04:30,03-04-2026 04:45,27,67,86,0.27,285.49,6.07,2026,3,4,4,30,2,-0.96367708,0.267070187,0.27,0.27,0.27,0.27,0.27,0.27,0.603125
03-04-2026 04:45,03-04-2026 05:00,46.18,102,86.5,0.27,296.13,6,2026,3,4,4,45,2,-0.897797101,0.440409316,0.27,0.27,0.27,0.28,0.27,0.27,0.603020833
03-04-2026 05:00,03-04-2026 05:15,55,115,86.76,0.34,205.34,5.99,2026,3,4,5,0,2,-0.427988928,-0.903783977,0.27,0.27,0.27,0.27,0.2875,0.275833333,0.60375
03-04-2026 05:15,03-04-2026 05:30,55,115,86.61,0.46,212.04,5.99,2026,3,4,5,15,2,-0.530511184,-0.847677936,0.34,0.27,0.27,0.27,0.335,0.291666667,0.605729167
03-04-2026 05:30,03-04-2026 05:45,55,115,86.51,0.27,281.68,6.01,2026,3,4,5,30,2,-0.979293537,0.20244547,0.46,0.27,0.27,0.27,0.335,0.291666667,0.605729167
03-04-2026 05:45,03-04-2026 06:00,66.88,129.6,86.86,0.27,297.37,5.97,2026,3,4,5,45,2,-0.888056223,0.459734863,0.27,0.27,0.27,0.27,0.335,0.291666667,0.605729167
03-04-2026 09:00,03-04-2026 09:15,54,124,75.25,0.96,124.87,9.92,2026,3,4,9,0,2,0.820451338,-0.571716365,0.93,0.45,0.41,0.74,0.72,0.495,0.600729167
03-04-2026 09:15,03-04-2026 09:30,54,124,74.23,0.9,69.57,9.88,2026,3,4,9,15,2,0.937099349,0.349062759,0.96,0.42,0.5,0.6,0.84,0.5475,0.603854167
03-04-2026 09:30,03-04-2026 09:45,54,124,73.82,1.35,108.4,9.68,2026,3,4,9,30,2,0.948876012,-0.315649037,0.9,0.57,0.54,0.63,1.035,0.6375,0.611354167
03-04-2026 09:45,03-04-2026 10:00,58.49,111.8,73.55,1.02,62.72,10.05,2026,3,4,9,45,2,0.888777277,0.458339341,1.35,0.93,0.35,0.8,1.0575,0.7,0.613645833
03-04-2026 10:00,03-04-2026 10:15,31,79,72.98,0.99,63.07,10.31,2026,3,4,10,0,2,0.891560513,0.452901591,1.02,0.96,0.45,1.33,1.065,0.748333333,0.610104167
03-04-2026 10:15,03-04-2026 10:30,31,79,73.44,0.94,189.34,10.25,2026,3,4,10,15,2,-0.162292737,-0.986742655,0.99,0.9,0.42,1.09,1.075,0.785,0.608541667
03-04-2026 10:30,03-04-2026 10:45,31,79,72.69,1.27,42.17,10.15,2026,3,4,10,30,2,0.671332613,0.741156207,0.94,1.35,0.57,1,1.055,0.845833333,0.611354167
03-04-2026 10:45,03-04-2026 11:00,44.33,99,72.5,0.66,43.82,10.14,2026,3,4,10,45,2,0.692395074,0.721518581,1.27,1.02,0.93,1.02,0.965,0.871666667,0.607604167
03-04-2026 11:00,03-04-2026 11:15,37,98,71.85,1.26,59.01,10.02,2026,3,4,11,0,2,0.857257179,0.514888463,0.66,0.99,0.96,0.89,1.0325,0.939166667,0.611458333
03-04-2026 11:15,03-04-2026 11:30,37,98,72.78,0.94,91.75,10.18,2026,3,4,11,15,2,0.999533591,-0.030538513,1.26,0.94,0.9,1.06,1.0325,0.9825,0.610208333
03-04-2026 11:30,03-04-2026 11:45,37,98,72.24,1.03,55.47,9.95,2026,3,4,11,30,2,0.823829506,0.566837671,0.94,1.27,1.35,0.72,0.9725,1.020833333,0.6134375
03-04-2026 11:45,03-04-2026 12:00,53,103.6,71.93,1.04,96.49,9.8,2026,3,4,11,45,2,0.993591598,-0.113029801,1.03,0.66,1.02,1.2,1.0675,1.03,0.611770833
03-04-2026 12:00,03-04-2026 12:15,36,71,71.29,1.38,174.02,9.78,2026,3,4,12,0,2,0.104181303,-0.994558322,1.04,1.26,0.99,1.23,1.0975,1.065,0.613333333
03-04-2026 12:15,03-04-2026 12:30,36,71,71.57,1.36,168.18,9.68,2026,3,4,12,15,2,0.204837729,-0.978795947,1.38,0.94,0.94,0.9,1.2025,1.103333333,0.618125
03-04-2026 12:30,03-04-2026 12:45,36,71,69.88,0.97,161.13,9.66,2026,3,4,12,30,2,0.323422005,-0.946254832,1.36,1.03,1.27,1.51,1.1875,1.071666667,0.6125
03-04-2026 12:45,03-04-2026 13:00,46.95,74.6,68.02,0.82,43.95,9.63,2026,3,4,12,45,2,0.694030364,0.71994573,0.97,1.04,0.66,1.48,1.1325,1.055,0.605625
03-04-2026 13:00,03-04-2026 13:15,39,48,66.53,1.2,61.9,9.61,2026,3,4,13,0,2,0.882126866,0.471011881,0.82,1.38,1.26,1.01,1.0875,1.0725,0.607604167
03-04-2026 13:15,03-04-2026 13:30,39,48,65.87,1.36,101.65,9.57,2026,3,4,13,15,2,0.979399403,-0.201932685,1.2,1.36,0.94,0.97,1.0875,1.1075,0.611666667
03-04-2026 13:30,03-04-2026 13:45,39,48,66.6,1.03,65.43,9.67,2026,3,4,13,30,2,0.909453949,0.41580466,1.36,0.97,1.03,1.36,1.1025,1.0875,0.608229167
03-04-2026 13:45,03-04-2026 14:00,43.11,60.2,66.33,0.98,61.47,9.61,2026,3,4,13,45,2,0.878567152,0.477618842,1.03,0.82,1.04,1.05,1.1425,1.114166667,0.6075
03-04-2026 14:00,03-04-2026 14:15,23,39,67.19,1.32,58.24,9.53,2026,3,4,14,0,2,0.85026037,0.52636233,0.98,1.2,1.38,0.61,1.1725,1.119166667,0.614895833
03-04-2026 14:15,03-04-2026 14:30,23,39,67.16,1.13,44.49,9.47,2026,3,4,14,15,2,0.700784768,0.71337277,1.32,1.36,1.36,0.98,1.115,1.135,0.616458333
03-04-2026 14:30,03-04-2026 14:45,23,39,67.08,1.05,59.8,9.46,2026,3,4,14,30,2,0.864274802,0.503019947,1.13,1.03,0.97,1.72,1.12,1.136666667,0.609479167
03-04-2026 14:45,03-04-2026 15:00,23,38.6,67,1.04,212.34,9.38,2026,3,4,14,45,2,-0.534942323,-0.844888579,1.05,0.98,0.82,1.09,1.135,1.136666667,0.608958333
03-04-2026 15:00,03-04-2026 15:15,19.2,38,66.75,1.04,151.75,9.56,2026,3,4,15,0,2,0.473319667,-0.880890738,1.04,1.32,1.2,1.23,1.065,1.108333333,0.606979167
03-04-2026 15:15,03-04-2026 15:30,24,38,67.91,0.54,99.14,9.45,2026,3,4,15,15,2,0.987303151,-0.158847374,1.04,1.13,1.36,1.5,0.9175,1.04,0.596979167
03-04-2026 15:30,03-04-2026 15:45,24,38,66.78,0.6,64.21,9.49,2026,3,4,15,30,2,0.90039472,0.435073957,0.54,1.05,1.03,0.97,0.805,1.009166667,0.593125
03-04-2026 15:45,03-04-2026 16:00,43.77,68.6,66.84,0.97,39.94,9.64,2026,3,4,15,45,2,0.641985058,0.766717149,0.6,1.04,0.98,1.35,0.7875,1.021666667,0.589166667
03-04-2026 16:00,03-04-2026 16:15,24,39,67.35,0.69,67.06,9.67,2026,3,4,16,0,2,0.920913521,0.389766964,0.97,1.04,1.32,1.61,0.7,0.979166667,0.579583333
03-04-2026 16:15,03-04-2026 16:30,24,39,67.34,0.91,33.41,9.46,2026,3,4,16,15,2,0.55062644,0.834751774,0.69,0.54,1.13,1.21,0.7925,0.941666667,0.576458333
03-04-2026 16:30,03-04-2026 16:45,24,39,66.93,0.37,66.33,9.46,2026,3,4,16,30,2,0.915872927,0.401468282,0.91,0.6,1.05,0.8,0.735,0.886666667,0.571979167
03-04-2026 16:45,03-04-2026 17:00,42.19,65.8,66.73,0.6,52.95,9.39,2026,3,4,16,45,2,0.798110023,0.602511735,0.37,0.97,1.04,0.96,0.6425,0.855,0.568229167
03-04-2026 17:00,03-04-2026 17:15,33,44,68.61,0.76,60.84,9.39,2026,3,4,17,0,2,0.873262455,0.487250126,0.6,0.69,1.04,1.06,0.66,0.808333333,0.565104167
03-04-2026 17:15,03-04-2026 17:30,33,44,69.64,0.79,48.4,9.25,2026,3,4,17,15,2,0.74779809,0.663926213,0.76,0.91,0.54,0.47,0.63,0.78,0.5684375
03-04-2026 17:30,03-04-2026 17:45,33,44,69.67,0.67,35.92,9.17,2026,3,4,17,30,2,0.586655079,0.809836909,0.79,0.37,0.6,0.52,0.705,0.748333333,0.57
03-04-2026 17:45,03-04-2026 18:00,53.19,73.25,71.17,0.31,48.52,8.59,2026,3,4,17,45,2,0.749186973,0.662358573,0.67,0.6,0.97,0.53,0.6325,0.6875,0.567708333
03-04-2026 18:00,03-04-2026 18:15,21,37,71.6,0.27,45.11,8.09,2026,3,4,18,0,2,0.708463025,0.705747931,0.31,0.76,0.69,0.96,0.51,0.623333333,0.560520833
03-04-2026 18:15,03-04-2026 18:30,21,37,70.9,0.63,75.36,6.82,2026,3,4,18,15,2,0.967532957,0.252744885,0.27,0.79,0.91,0.34,0.47,0.630833333,0.563541667
03-04-2026 18:30,03-04-2026 18:45,21,37,71.94,0.31,77.45,6.55,2026,3,4,18,30,2,0.976106756,0.21729151,0.63,0.67,0.37,0.39,0.38,0.606666667,0.562708333
03-04-2026 18:45,03-04-2026 19:00,36.97,63,72.72,0.27,111.12,6.36,2026,3,4,18,45,2,0.932827815,-0.360322448,0.31,0.31,0.6,0.27,0.37,0.548333333,0.562708333
03-04-2026 19:00,03-04-2026 19:15,23,43,72.99,0.27,176.53,6.48,2026,3,4,19,0,2,0.060525909,-0.998166627,0.27,0.27,0.76,0.34,0.37,0.513333333,0.561979167
03-04-2026 19:15,03-04-2026 19:30,23,43,73.47,0.27,137.9,6.51,2026,3,4,19,15,2,0.670426619,-0.741975841,0.27,0.63,0.79,0.28,0.28,0.46,0.561875
03-04-2026 19:30,03-04-2026 19:45,23,43,74.26,0.28,54.98,6.5,2026,3,4,19,30,2,0.818951778,0.573862339,0.27,0.31,0.67,0.29,0.2725,0.4525,0.561770833
03-04-2026 19:45,03-04-2026 20:00,41.42,70.4,74.74,0.27,148.21,6.45,2026,3,4,19,45,2,0.526807453,-0.849984651,0.28,0.27,0.31,0.29,0.2725,0.425,0.5615625
03-04-2026 20:00,03-04-2026 20:15,24,45,74.65,0.27,79.49,6.39,2026,3,4,20,0,2,0.983223086,0.182407133,0.27,0.27,0.27,0.41,0.2725,0.384166667,0.560104167
03-04-2026 20:15,03-04-2026 20:30,24,45,74.63,0.27,71.23,6.26,2026,3,4,20,15,2,0.946817868,0.321769987,0.27,0.27,0.63,0.31,0.2725,0.340833333,0.5596875
03-04-2026 20:30,03-04-2026 20:45,24,45,74.82,0.28,26.5,6.27,2026,3,4,20,30,2,0.446197813,0.894934362,0.27,0.28,0.31,0.53,0.2725,0.308333333,0.557083333
03-04-2026 20:45,03-04-2026 21:00,24,39,74.55,0.43,83.76,6.25,2026,3,4,20,45,2,0.994075324,0.108693378,0.28,0.27,0.27,0.28,0.3125,0.318333333,0.558645833
03-04-2026 21:00,03-04-2026 21:15,29,30,74.44,0.27,145.8,6.22,2026,3,4,21,0,2,0.562083378,-0.827080574,0.43,0.27,0.27,0.34,0.3125,0.318333333,0.557916667
03-04-2026 21:15,03-04-2026 21:30,29,30,74.7,0.27,176.72,6.14,2026,3,4,21,15,2,0.057215536,-0.998361849,0.27,0.27,0.27,0.27,0.3125,0.288333333,0.557916667
03-04-2026 21:30,03-04-2026 21:45,29,30,75,0.27,99.97,6.12,2026,3,4,21,30,2,0.98489854,-0.17313251,0.27,0.28,0.28,0.27,0.31,0.285,0.557916667
03-04-2026 21:45,03-04-2026 22:00,44.11,61,75.02,0.27,128.33,6.13,2026,3,4,21,45,2,0.784451747,-0.620189855,0.27,0.43,0.27,0.27,0.27,0.285,0.557916667
03-04-2026 22:00,03-04-2026 22:15,27,36,75.47,0.27,118.29,6.16,2026,3,4,22,0,2,0.880560084,-0.47393453,0.27,0.27,0.27,0.39,0.27,0.285,0.556666667
03-04-2026 22:15,03-04-2026 22:30,27,36,75.78,0.27,118.77,6.22,2026,3,4,22,15,2,0.876558806,-0.481294775,0.27,0.27,0.27,0.33,0.27,0.285,0.556041667
03-04-2026 22:30,03-04-2026 22:45,27,36,75.81,0.27,56.77,6.15,2026,3,4,22,30,2,0.836477495,0.548001277,0.27,0.27,0.28,0.27,0.27,0.284166667,0.556041667
03-04-2026 22:45,03-04-2026 23:00,35.47,53.8,76.39,0.27,52.82,6.21,2026,3,4,22,45,2,0.796740914,0.604321037,0.27,0.27,0.43,0.27,0.27,0.284166667,0.556041667
03-04-2026 23:00,03-04-2026 23:15,23,38,77.25,0.27,48.85,6.29,2026,3,4,23,0,2,0.752989437,0.658032604,0.27,0.27,0.27,0.27,0.27,0.284166667,0.556041667
03-04-2026 23:15,03-04-2026 23:30,23,38,77.77,0.27,54.57,6.25,2026,3,4,23,15,2,0.814824373,0.579707893,0.27,0.27,0.27,0.31,0.27,0.284166667,0.555625
03-04-2026 23:30,03-04-2026 23:45,23,38,78.21,0.32,45.08,6.34,2026,3,4,23,30,2,0.708093399,0.706118785,0.27,0.27,0.27,0.31,0.2825,0.2875,0.555729167
03-04-2026 23:45,03-05-2026 00:00,41.46,86.25,78,0.43,56.24,6.14,2026,3,4,23,45,2,0.831372634,0.555715343,0.32,0.27,0.27,0.27,0.3225,0.2875,0.557395833
04-04-2026 00:00,04-04-2026 00:15,15,48,81.5,0.96,69.77,6.23,2026,4,4,0,0,5,0.938312096,0.345789545,1.1,1.25,0.38,0.46,0.995,0.801666667,0.929583333
04-04-2026 00:15,04-04-2026 00:30,15,48,81.65,0.99,77.51,6.24,2026,4,4,0,15,5,0.976333768,0.216269215,0.96,1.11,0.72,0.47,0.965,0.823333333,0.935
04-04-2026 00:30,04-04-2026 00:45,15,48,81.67,1.44,130.64,6.32,2026,4,4,0,30,5,0.758816796,-0.65130413,0.99,0.81,0.42,0.27,1.1225,0.866666667,0.9471875
04-04-2026 00:45,04-04-2026 01:00,34.1,68.8,82.15,1.23,26.5,6.17,2026,4,4,0,45,5,0.446197813,0.894934362,1.44,1.1,0.79,0.38,1.155,0.933333333,0.956041667
04-04-2026 01:00,04-04-2026 01:15,9,30,82.09,0.96,202.84,6.28,2026,4,4,1,0,5,-0.388159074,-0.92159239,1.23,0.96,1.25,0.36,1.155,0.981666667,0.962291667
04-04-2026 01:15,04-04-2026 01:30,9,30,81.64,0.97,145.71,6.25,2026,4,4,1,15,5,0.563381859,-0.826196636,0.96,0.99,1.11,0.28,1.15,1.0025,0.969479167
04-04-2026 01:30,04-04-2026 01:45,9,30,81.59,1.52,26.5,6.28,2026,4,4,1,30,5,0.446197813,0.894934362,0.97,1.44,0.81,0.63,1.17,1.094166667,0.97875
04-04-2026 01:45,04-04-2026 02:00,7.2,25.6,81.61,0.57,137.73,6.08,2026,4,4,1,45,5,0.672625151,-0.739983382,1.52,1.23,1.1,0.35,1.005,1.075833333,0.981041667
04-04-2026 02:00,04-04-2026 02:15,12,19,81.44,0.61,230.75,6.07,2026,4,4,2,0,5,-0.774392644,-0.632705329,0.57,0.96,0.96,0.66,0.9175,1.0225,0.980520833
04-04-2026 02:15,04-04-2026 02:30,10.6,19,81.55,0.92,179.26,6,2026,4,4,2,15,5,0.012915077,-0.999916597,0.61,0.97,0.99,0.27,0.905,1.006666667,0.987291667
04-04-2026 02:30,04-04-2026 02:45,11.8,19,82.01,0.91,134.06,6.06,2026,4,4,2,30,5,0.718611962,-0.69541128,0.92,1.52,1.44,0.37,0.7525,1.015,0.992916667
04-04-2026 02:45,04-04-2026 03:00,9,19.4,82.35,0.82,181.82,5.92,2026,4,4,2,45,5,-0.031759651,-0.999495535,0.91,0.57,1.23,0.51,0.815,0.991666667,0.996145833
04-04-2026 03:00,04-04-2026 03:15,5,20,82.75,1.3,109.53,6.04,2026,4,4,3,0,5,0.942466581,-0.334300379,0.82,0.61,0.96,0.49,0.9875,1.02,1.004583333
04-04-2026 03:15,04-04-2026 03:30,5,20,82.99,0.78,207.64,6.08,2026,4,4,3,15,5,-0.463914609,-0.885879922,1.3,0.92,0.97,0.27,0.9525,1.0025,1.009895833
04-04-2026 03:30,04-04-2026 03:45,5,20,83.2,1.13,122.56,6.08,2026,4,4,3,30,5,0.842828325,-0.538182511,0.78,0.91,1.52,0.27,1.0075,0.976666667,1.018854167
04-04-2026 03:45,04-04-2026 04:00,4,20,83.34,0.27,248.2,5.97,2026,4,4,3,45,5,-0.928485827,-0.371367836,1.13,0.82,0.57,0.27,0.87,0.896666667,1.018854167
04-04-2026 04:00,04-04-2026 04:15,8,20,83.65,0.73,240.09,6.03,2026,4,4,4,0,5,-0.866809733,-0.498639034,0.27,1.3,0.61,0.27,0.7275,0.8775,1.023645833
04-04-2026 04:15,04-04-2026 04:30,8,20,83.73,1.34,189.7,6.08,2026,4,4,4,15,5,-0.16848938,-0.985703469,0.73,0.78,0.92,1.4,0.8675,0.908333333,1.023020833
04-04-2026 04:30,04-04-2026 04:45,8,20,83.92,0.99,151.15,6.06,2026,4,4,4,30,5,0.482518212,-0.875885937,1.34,1.13,0.91,0.58,0.8325,0.864166667,1.027291667
04-04-2026 04:45,04-04-2026 05:00,7.4,22.8,84.32,0.8,180.27,5.82,2026,4,4,4,45,5,-0.004712372,-0.999988897,0.99,0.27,0.82,0.79,0.965,0.883333333,1.027395833
04-04-2026 05:00,04-04-2026 05:15,13,27,84.66,0.91,187.5,6.08,2026,4,4,5,0,5,-0.130526192,-0.991444861,0.8,0.73,1.3,1.44,1.01,0.908333333,1.021875
04-04-2026 05:15,04-04-2026 05:30,13,27,84.84,0.82,223.42,6.01,2026,4,4,5,15,5,-0.687341091,-0.726334788,0.91,1.34,0.78,0.97,0.88,0.9,1.0203125
04-04-2026 05:30,04-04-2026 05:45,13,27,84.98,0.85,215.38,6.01,2026,4,4,5,30,5,-0.578996604,-0.815329953,0.82,0.99,1.13,0.48,0.845,0.895,1.024166667
04-04-2026 05:45,04-04-2026 06:00,10.4,31.4,85.02,0.85,223.43,7.07,2026,4,4,5,45,5,-0.68746785,-0.726214813,0.85,0.8,0.27,0.64,0.8575,0.8975,1.026354167
04-04-2026 06:00,04-04-2026 06:15,18,38,84.91,0.94,198.95,11.86,2026,4,4,6,0,5,-0.32474291,-0.945802327,0.85,0.91,0.73,0.79,0.865,0.8675,1.027916667
04-04-2026 06:15,04-04-2026 06:30,18,38,84.6,0.59,157.38,20.3,2026,4,4,6,15,5,0.38461756,-0.923076016,0.94,0.82,1.34,1.13,0.8075,0.851666667,1.022291667
04-04-2026 06:30,04-04-2026 06:45,18,38,83.78,0.95,113.28,26.54,2026,4,4,6,30,5,0.918584397,-0.39522488,0.59,0.85,0.99,1.07,0.8325,0.836666667,1.021041667
04-04-2026 06:45,04-04-2026 07:00,33.64,61.2,82.73,0.94,168.19,34.69,2026,4,4,6,45,5,0.204666893,-0.978831683,0.95,0.85,0.8,0.95,0.855,0.8925,1.0209375
04-04-2026 07:00,04-04-2026 07:15,20,44,81.63,0.89,178.53,42.72,2026,4,4,7,0,5,0.025653525,-0.999670894,0.94,0.94,0.91,1.09,0.8425,0.905833333,1.018854167
04-04-2026 07:15,04-04-2026 07:30,20,44,79.8,1.32,103.09,51.54,2026,4,4,7,15,5,0.974015511,-0.226481313,0.89,0.59,0.82,1.55,1.025,0.904166667,1.016458333
04-04-2026 07:30,04-04-2026 07:45,20,44,78.74,1.23,151,58.81,2026,4,4,7,30,5,0.48480962,-0.874619707,1.32,0.95,0.85,1.11,1.095,0.924166667,1.017708333
04-04-2026 07:45,04-04-2026 08:00,38.62,71.2,78.36,1.27,106.73,79.69,2026,4,4,7,45,5,0.957671902,-0.287861995,1.23,0.94,0.85,0.83,1.1775,0.963333333,1.022291667
04-04-2026 08:00,04-04-2026 08:15,23,50,77.73,2.04,170.02,102.65,2026,4,4,8,0,5,0.173304404,-0.984868308,1.27,0.89,0.94,1.08,1.465,1.0575,1.032291667
04-04-2026 08:15,04-04-2026 08:30,23,50,77.09,1.69,149.29,108.62,2026,4,4,8,15,5,0.510692983,-0.859763152,2.04,1.32,0.59,1.59,1.5575,1.13,1.033333333
04-04-2026 08:30,04-04-2026 08:45,23,50,76.15,1.29,136.06,158.46,2026,4,4,8,30,5,0.693904699,-0.72006685,1.69,1.23,0.95,1.17,1.5725,1.166666667,1.034583333
04-04-2026 08:45,04-04-2026 09:00,42.58,77.8,74.89,1.42,178.62,146.31,2026,4,4,8,45,5,0.024083215,-0.999709957,1.29,1.27,0.94,0.92,1.61,1.214166667,1.039791667
04-04-2026 09:00,04-04-2026 09:15,18,53,73.96,1.62,238.4,100.48,2026,4,4,9,0,5,-0.851726934,-0.523985906,1.42,2.04,0.89,1.37,1.505,1.270833333,1.042395833
04-04-2026 09:15,04-04-2026 09:30,18,53,73.29,1.23,69.8,97.02,2026,4,4,9,15,5,0.938493023,0.345298199,1.62,1.69,1.32,1.23,1.39,1.324166667,1.042395833
04-04-2026 09:45,04-04-2026 10:00,14.4,56.6,70.74,1.56,164.01,140.71,2026,4,4,9,45,5,0.27546958,-0.961309789,1.37,1.42,1.27,0.67,1.445,1.410833333,1.056666667
04-04-2026 16:00,04-04-2026 16:15,13,31,72.49,1.2,125.94,143.93,2026,4,4,16,0,5,0.809632078,-0.58693773,1.68,1.86,2.12,0.98,1.495,1.775,1.137604167
04-04-2026 16:15,04-04-2026 16:30,13,31,73.91,0.96,126.66,111.84,2026,4,4,16,15,5,0.80219267,-0.597065256,1.2,2.13,1.64,0.86,1.2025,1.668333333,1.138645833
04-04-2026 16:30,04-04-2026 16:45,13,31,75.21,1.65,93.99,89.8,2026,4,4,16,30,5,0.99757621,-0.069582365,0.96,0.97,1.98,1.28,1.3725,1.65,1.1425
04-04-2026 16:45,04-04-2026 17:00,30.94,59.6,77.07,1.71,66.99,44.89,2026,4,4,16,45,5,0.920436644,0.390891781,1.65,1.68,1.51,1.2,1.38,1.6175,1.1478125
04-04-2026 17:00,04-04-2026 17:15,9,27,78.82,1.65,38.43,28.26,2026,4,4,17,0,5,0.621558036,0.783368118,1.71,1.2,1.86,1.14,1.4925,1.578333333,1.153125
04-04-2026 17:15,04-04-2026 17:30,9,27,80.31,1.29,113.61,21.87,2026,4,4,17,15,5,0.916292842,-0.400508962,1.65,0.96,2.13,0.79,1.575,1.549166667,1.158333333
04-04-2026 17:30,04-04-2026 17:45,9,27,80.88,1.32,89.24,16.26,2026,4,4,17,30,5,0.999912028,0.013264113,1.29,1.65,0.97,0.68,1.4925,1.494166667,1.165
04-04-2026 17:45,04-04-2026 18:00,9,25,81.05,0.65,122.33,10.86,2026,4,4,17,45,5,0.844981931,-0.534794854,1.32,1.71,1.68,0.77,1.2275,1.4225,1.16375
04-04-2026 18:00,04-04-2026 18:15,7,22,81.5,0.92,76.5,7.34,2026,4,4,18,0,5,0.97236992,0.233445364,0.65,1.65,1.2,0.69,1.045,1.344166667,1.166145833
04-04-2026 18:15,04-04-2026 18:30,7,22,82.29,1.08,110.48,6.59,2026,4,4,18,15,5,0.936794378,-0.3498804,0.92,1.29,0.96,0.68,0.9925,1.256666667,1.1703125
04-04-2026 18:30,04-04-2026 18:45,7,22,82.49,0.71,75.9,6.34,2026,4,4,18,30,5,0.969872015,0.243615012,1.08,1.32,1.65,1.1,0.84,1.235,1.16625
04-04-2026 18:45,04-04-2026 19:00,9.4,22.8,82.76,0.94,49.45,6.2,2026,4,4,18,45,5,0.759838926,0.65011138,0.71,0.65,1.71,0.7,0.9125,1.173333333,1.16875
04-04-2026 19:00,04-04-2026 19:15,19,24,82.94,0.91,81.2,6.13,2026,4,4,19,0,5,0.988228381,0.152985836,0.94,0.92,1.65,0.88,0.91,1.149166667,1.1690625
04-04-2026 19:15,04-04-2026 19:30,19,24,83.02,1.62,62.7,6.1,2026,4,4,19,15,5,0.888617233,0.458649554,0.91,1.08,1.29,0.77,1.045,1.204166667,1.177916667
04-04-2026 19:30,04-04-2026 19:45,19,24,83.33,1.31,98.41,6.1,2026,4,4,19,30,5,0.989246822,-0.146255687,1.62,0.71,1.32,0.79,1.195,1.175833333,1.183333333
04-04-2026 19:45,04-04-2026 20:00,35.61,51.6,83.54,1.4,89.67,6.06,2026,4,4,19,45,5,0.999983414,0.005759555,1.31,0.94,0.65,1.05,1.31,1.15,1.186979167
04-04-2026 20:00,04-04-2026 20:15,12,29,83.79,0.9,124.9,6.1,2026,4,4,20,0,5,0.820151876,-0.572145873,1.4,0.91,0.92,0.75,1.3075,1.0875,1.188541667
04-04-2026 20:15,04-04-2026 20:30,12,29,84.07,2.23,62.38,6.07,2026,4,4,20,15,5,0.886041804,0.46360535,0.9,1.62,1.08,0.74,1.46,1.165833333,1.2040625
04-04-2026 20:30,04-04-2026 20:45,12,29,84.19,1.55,155.55,5.96,2026,4,4,20,30,5,0.413898994,-0.910322812,2.23,1.31,0.71,0.41,1.52,1.185,1.2159375
04-04-2026 20:45,04-04-2026 21:00,33.13,58.8,84.19,1.22,172.58,5.86,2026,4,4,20,45,5,0.129141747,-0.991626144,1.55,1.4,0.94,0.62,1.475,1.2325,1.2221875
04-04-2026 21:00,04-04-2026 21:15,14,26,84.52,1.81,101.01,5.99,2026,4,4,21,0,5,0.981593866,-0.190980319,1.22,0.9,0.91,0.77,1.7025,1.306666667,1.233020833
04-04-2026 21:15,04-04-2026 21:30,14,26,84.99,1.43,125.71,6.06,2026,4,4,21,15,5,0.811981667,-0.583682938,1.81,2.23,1.62,0.73,1.5025,1.335833333,1.2403125
04-04-2026 21:30,04-04-2026 21:45,14,26,85.47,1.69,27.18,5.89,2026,4,4,21,30,5,0.456787434,0.889575876,1.43,1.55,1.31,0.92,1.5375,1.4175,1.248333333
04-04-2026 21:45,04-04-2026 22:00,11.2,28.8,85.62,0.68,82.53,5.93,2026,4,4,21,45,5,0.991513069,0.130007055,1.69,1.22,1.4,0.43,1.4025,1.395833333,1.2509375
04-04-2026 22:00,04-04-2026 22:15,9,33,85.86,1.04,117.27,5.97,2026,4,4,22,0,5,0.888857259,-0.458184213,0.68,1.81,0.9,0.38,1.21,1.406666667,1.2578125
04-04-2026 22:15,04-04-2026 22:30,9,33,86.07,1,123.97,6.1,2026,4,4,22,15,5,0.829330252,-0.558758744,1.04,1.43,2.23,0.72,1.1025,1.355,1.260729167
04-04-2026 22:30,04-04-2026 22:45,9,33,86.17,1.17,147.11,6.07,2026,4,4,22,30,5,0.5430279,-0.839714654,1,1.69,1.55,0.42,0.9725,1.343333333,1.268541667
04-04-2026 22:45,04-04-2026 23:00,7.2,29.4,86.2,1.73,66.72,6.28,2026,4,4,22,45,5,0.918584397,0.39522488,1.17,0.68,1.22,0.79,1.235,1.370833333,1.278333333
04-04-2026 23:00,04-04-2026 23:15,6,24,86.35,1.71,97.74,6.34,2026,4,4,23,0,5,0.990889418,-0.134677989,1.73,1.04,1.81,1.25,1.4025,1.438333333,1.283125
04-04-2026 23:15,04-04-2026 23:30,6,24,86.31,1.49,37.04,6.29,2026,4,4,23,15,5,0.602372429,0.798215169,1.71,1,1.43,1.11,1.525,1.376666667,1.287083333
04-04-2026 23:30,04-04-2026 23:45,6,24,86.34,1.4,71.22,6.29,2026,4,4,23,30,5,0.946761694,0.321935233,1.49,1.17,1.69,0.81,1.5825,1.364166667,1.293229167
04-04-2026 23:45,04-05-2026 00:00,4.8,25.2,86.17,1.18,110.29,6.27,2026,4,4,23,45,5,0.937949472,-0.346771954,1.4,1.73,0.68,1.1,1.445,1.360833333,1.2940625
05-04-2026 00:00,05-04-2026 00:15,19,52,68.52,0.56,26.5,6.17,2026,5,4,0,0,0,0.446197813,0.894934362,0.53,0.93,1.62,0.95,0.9925,1.1975,1.14125
05-04-2026 00:15,05-04-2026 00:30,19,52,67.93,0.27,139.46,6.14,2026,5,4,0,15,0,0.649978754,-0.75995238,0.56,1.31,1.46,1.07,0.7325,1.1075,1.132916667
05-04-2026 00:30,05-04-2026 00:45,15.2,52,68.28,0.27,205.27,6.08,2026,5,4,0,30,0,-0.426884428,-0.90430619,0.27,1.57,1.53,1.42,0.4075,1.0675,1.1209375
05-04-2026 00:45,05-04-2026 01:00,25.2,87.4,68.52,0.27,87.37,6.11,2026,5,4,0,45,0,0.998946681,0.045886042,0.27,0.53,1.7,1.1,0.3425,1.001666667,1.112291667
05-04-2026 01:00,05-04-2026 01:15,40,111,68.48,0.27,26.5,6.2,2026,5,4,1,0,0,0.446197813,0.894934362,0.27,0.56,0.93,0.75,0.27,0.889166667,1.107291667
05-04-2026 01:15,05-04-2026 01:30,50,111,69.01,0.27,26.5,6.06,2026,5,4,1,15,0,0.446197813,0.894934362,0.27,0.27,1.31,0.96,0.27,0.79,1.100104167
05-04-2026 01:30,05-04-2026 01:45,40,111,68.94,0.27,26.5,6.14,2026,5,4,1,30,0,0.446197813,0.894934362,0.27,0.27,1.57,0.84,0.27,0.685,1.094166667
05-04-2026 01:45,05-04-2026 02:00,49,125.4,70.48,0.27,26.5,6.03,2026,5,4,1,45,0,0.446197813,0.894934362,0.27,0.27,0.53,0.71,0.27,0.565833333,1.089583333
05-04-2026 02:00,05-04-2026 02:15,45,135,71.83,0.27,26.5,6.1,2026,5,4,2,0,0,0.446197813,0.894934362,0.27,0.27,0.56,0.31,0.27,0.510833333,1.089166667
05-04-2026 02:15,05-04-2026 02:30,45,135,72.84,0.45,26.5,5.94,2026,5,4,2,15,0,0.446197813,0.894934362,0.27,0.27,0.27,0.95,0.315,0.439166667,1.083958333
05-04-2026 02:30,05-04-2026 02:45,36,135,74.23,0.27,26.5,6.14,2026,5,4,2,30,0,0.446197813,0.894934362,0.45,0.27,0.27,0.76,0.315,0.330833333,1.078854167
05-04-2026 02:45,05-04-2026 03:00,54.64,128,77.47,0.83,26.5,5.97,2026,5,4,2,45,0,0.446197813,0.894934362,0.27,0.27,0.27,1.16,0.455,0.355833333,1.075416667
05-04-2026 03:00,05-04-2026 03:15,33.6,111,77.09,1.48,84.78,6.1,2026,5,4,3,0,0,0.995852701,0.090980204,0.83,0.27,0.27,0.75,0.7575,0.4325,1.083020833
05-04-2026 03:15,05-04-2026 03:30,42,111,77.73,0.54,35,6.11,2026,5,4,3,15,0,0.573576436,0.819152044,1.48,0.45,0.27,0.77,0.78,0.455,1.080625
05-04-2026 03:30,05-04-2026 03:45,42,111,80.53,0.59,36.73,6.28,2026,5,4,3,30,0,0.598044874,0.801462619,0.54,0.27,0.27,0.82,0.86,0.481666667,1.078229167
05-04-2026 03:45,05-04-2026 04:00,40.6,71.4,81.32,0.49,212.46,6.45,2026,5,4,3,45,0,-0.536710679,-0.843766346,0.59,0.83,0.27,0.37,0.775,0.5,1.079479167
05-04-2026 04:00,05-04-2026 04:15,35,45,80.73,0.65,30.48,6.46,2026,5,4,4,0,0,0.507237567,0.861806272,0.49,1.48,0.27,0.53,0.5675,0.531666667,1.080729167
05-04-2026 04:15,05-04-2026 04:30,35,45,79.57,1.38,30.93,6.45,2026,5,4,4,15,0,0.513990463,0.857795899,0.65,0.54,0.45,0.46,0.7775,0.624166667,1.0903125
05-04-2026 04:30,05-04-2026 04:45,28,45,79.47,1.29,26.5,6.52,2026,5,4,4,30,0,0.446197813,0.894934362,1.38,0.59,0.27,0.48,0.9525,0.709166667,1.09875
05-04-2026 04:45,05-04-2026 05:00,34.4,52.8,78.61,1.42,26.5,6.36,2026,5,4,4,45,0,0.446197813,0.894934362,1.29,0.49,0.83,0.31,1.185,0.805,1.1103125
05-04-2026 05:00,05-04-2026 05:15,32,58,78.39,1.2,26.5,6.42,2026,5,4,5,0,0,0.446197813,0.894934362,1.42,0.65,1.48,0.48,1.3225,0.8825,1.1178125
05-04-2026 05:15,05-04-2026 05:30,32,58,78.9,1.21,26.5,6.48,2026,5,4,5,15,0,0.446197813,0.894934362,1.2,1.38,0.54,0.27,1.28,0.945833333,1.127604167
05-04-2026 05:30,05-04-2026 05:45,25.6,58,79.75,1.55,45.34,6.48,2026,5,4,5,30,0,0.711290363,0.7028983,1.21,1.29,0.59,0.28,1.345,1.0525,1.140833333
05-04-2026 05:45,05-04-2026 06:00,41.66,76,81.12,0.71,47.11,7.03,2026,5,4,5,45,0,0.732661696,0.680593006,1.55,1.42,0.49,0.44,1.1675,1.0425,1.143645833
05-04-2026 06:00,05-04-2026 06:15,16,61,80.42,1.52,26.5,8.92,2026,5,4,6,0,0,0.446197813,0.894934362,0.71,1.2,0.65,0.51,1.2475,1.045833333,1.154166667
05-04-2026 06:15,05-04-2026 06:30,20,61,79.66,0.89,26.5,12.38,2026,5,4,6,15,0,0.446197813,0.894934362,1.52,1.21,1.38,1.01,1.1675,1.075,1.152916667
05-04-2026 06:30,05-04-2026 06:45,20,61,79.21,1.22,35.12,17.11,2026,5,4,6,30,0,0.575290805,0.817948953,0.89,1.55,1.29,1.15,1.085,1.1275,1.153645833
05-04-2026 06:45,05-04-2026 07:00,30.16,64.4,80.12,0.48,36.78,20.39,2026,5,4,6,45,0,0.598744054,0.800940421,1.22,0.71,1.42,0.49,1.0275,1.126666667,1.153541667
05-04-2026 07:00,05-04-2026 07:15,18,44,80.3,0.53,36.71,21.91,2026,5,4,7,0,0,0.597765074,0.801671327,0.48,1.52,1.2,1.28,0.78,1.116666667,1.145729167
05-04-2026 07:15,05-04-2026 07:30,18,44,79.01,0.95,26.5,19.76,2026,5,4,7,15,0,0.446197813,0.894934362,0.53,0.89,1.21,0.47,0.795,1.080833333,1.150729167
05-04-2026 07:30,05-04-2026 07:45,14.4,44,79.95,1.04,48.98,21.45,2026,5,4,7,30,0,0.754480526,0.656322432,0.95,1.22,1.55,1.06,0.75,1.06,1.150520833
05-04-2026 07:45,05-04-2026 08:00,20,47.6,79.59,0.88,26.5,23.22,2026,5,4,7,45,0,0.446197813,0.894934362,1.04,0.48,0.71,0.76,0.85,1.015,1.151770833
05-04-2026 08:00,05-04-2026 08:15,28,50,79.49,0.77,64.96,30.59,2026,5,4,8,0,0,0.906012523,0.423250881,0.88,0.53,1.52,0.9,0.91,0.979166667,1.150416667
05-04-2026 08:15,05-04-2026 08:30,28,50,78.96,0.55,66.67,48.59,2026,5,4,8,15,0,0.918239148,0.396026346,0.77,0.95,0.89,0.64,0.81,0.924166667,1.149479167
05-04-2026 08:30,05-04-2026 08:45,22.4,50,78.71,0.93,26.5,74.68,2026,5,4,8,30,0,0.446197813,0.894934362,0.55,1.04,1.22,0.96,0.7825,0.8725,1.149166667
05-04-2026 08:45,05-04-2026 09:00,22.8,47.6,77.86,1.27,26.5,66.22,2026,5,4,8,45,0,0.446197813,0.894934362,0.93,0.88,0.48,0.94,0.88,0.919166667,1.152604167
05-04-2026 09:00,05-04-2026 09:15,2,46,76.6,1.19,26.5,50.75,2026,5,4,9,0,0,0.446197813,0.894934362,1.27,0.77,0.53,0.77,0.985,0.891666667,1.156979167
05-04-2026 09:15,05-04-2026 09:30,2,46,77.37,1.58,63.67,57.91,2026,5,4,9,15,0,0.896254316,0.443540529,1.19,0.55,0.95,0.58,1.2425,0.949166667,1.167395833
05-04-2026 09:30,05-04-2026 09:45,1.6,46,77.43,1.58,70.2,79.64,2026,5,4,9,30,0,0.940880769,0.33873792,1.58,0.93,1.04,1.18,1.405,0.979166667,1.1715625
05-04-2026 09:45,05-04-2026 10:00,5.8,46.6,75.27,1.36,26.5,112.53,2026,5,4,9,45,0,0.446197813,0.894934362,1.58,1.27,0.88,1.14,1.4275,1.0525,1.173854167
05-04-2026 10:00,05-04-2026 10:15,21,47,74.04,1.58,41.5,132.69,2026,5,4,10,0,0,0.662620048,0.748955721,1.36,1.19,0.77,0.88,1.525,1.14,1.181145833
05-04-2026 10:15,05-04-2026 10:30,21,47,71.56,1.37,26.5,149.9,2026,5,4,10,15,0,0.446197813,0.894934362,1.58,1.58,0.55,1.27,1.4725,1.175,1.1821875
05-04-2026 15:00,05-04-2026 15:15,16,59,68.53,1.54,77.54,162.66,2026,5,4,15,0,0,0.976446873,0.215757978,2.07,1.67,1.31,1.92,1.4175,1.549166667,1.183125
05-04-2026 15:15,05-04-2026 15:30,16,59,69.1,1.32,73.21,121.29,2026,5,4,15,15,0,0.957369929,0.288864709,1.54,1.19,2.21,1.25,1.45,1.5375,1.183854167
05-04-2026 15:30,05-04-2026 15:45,12.8,59,70.57,1.23,47.95,107.22,2026,5,4,15,30,0,0.742560616,0.669778868,1.32,0.87,1.87,1.47,1.54,1.504166667,1.181354167
05-04-2026 15:45,05-04-2026 16:00,29.07,71.8,70.17,1.05,70.03,116.7,2026,5,4,15,45,0,0.939871573,0.341528075,1.23,2.07,1.28,1.66,1.285,1.4675,1.175
05-04-2026 16:00,05-04-2026 16:15,5.6,51,69.04,1.19,26.5,100.59,2026,5,4,16,0,0,0.446197813,0.894934362,1.05,1.54,1.67,1.23,1.1975,1.4575,1.174583333
05-04-2026 16:15,05-04-2026 16:30,7,51,70.03,0.98,47.94,73.47,2026,5,4,16,15,0,0.742443706,0.669908459,1.19,1.32,1.19,1.03,1.1125,1.355,1.1740625
05-04-2026 16:30,05-04-2026 16:45,5.6,51,72.41,1.15,26.5,57.63,2026,5,4,16,30,0,0.446197813,0.894934362,0.98,1.23,0.87,1.17,1.0925,1.295,1.173854167
05-04-2026 16:45,05-04-2026 17:00,24.7,66,75.09,1.03,46.16,42.55,2026,5,4,16,45,0,0.721276845,0.692646889,1.15,1.05,2.07,1.15,1.0875,1.274166667,1.172604167
05-04-2026 17:00,05-04-2026 17:15,14.4,49,75.72,0.98,26.5,33.4,2026,5,4,17,0,0,0.446197813,0.894934362,1.03,1.19,1.54,1.43,1.035,1.216666667,1.167916667
05-04-2026 17:15,05-04-2026 17:30,18,49,75.77,1.04,45.53,24.92,2026,5,4,17,15,0,0.713617347,0.700535711,0.98,0.98,1.32,1.1,1.05,1.204166667,1.167291667
05-04-2026 17:30,05-04-2026 17:45,18,49,75.93,0.69,38.39,20.03,2026,5,4,17,30,0,0.621010991,0.783801856,1.04,1.15,1.23,1.21,0.935,1.189166667,1.161875
05-04-2026 17:45,05-04-2026 18:00,16.2,34,76.71,0.55,44.64,14.11,2026,5,4,17,45,0,0.70264997,0.711535677,0.69,1.03,1.05,1.21,0.815,1.0625,1.155
05-04-2026 18:00,05-04-2026 18:15,9,24,76.73,1.07,63.04,8.46,2026,5,4,18,0,0,0.891323252,0.453368349,0.55,0.98,1.19,1.22,0.8375,1.023333333,1.1534375
05-04-2026 18:15,05-04-2026 18:30,9,24,77.2,0.41,66.62,6.38,2026,5,4,18,15,0,0.917893201,0.39682751,1.07,1.04,0.98,1.33,0.68,0.9475,1.143854167
05-04-2026 18:30,05-04-2026 18:45,9,24,77.86,0.41,48.37,6.1,2026,5,4,18,30,0,0.747450357,0.664317668,0.41,0.69,1.15,1.64,0.61,0.879166667,1.131041667
05-04-2026 18:45,05-04-2026 19:00,24.51,49,79.52,0.45,40.45,6.07,2026,5,4,18,45,0,0.648784222,0.760972426,0.41,0.55,1.03,1.63,0.585,0.829166667,1.11875
05-04-2026 19:00,05-04-2026 19:15,10.4,35,80.29,0.56,46.49,6.18,2026,5,4,19,0,0,0.725254219,0.688481167,0.45,1.07,0.98,1.54,0.4575,0.776666667,1.108541667
05-04-2026 19:15,05-04-2026 19:30,13,35,79.97,0.83,67.12,6.1,2026,5,4,19,15,0,0.921321179,0.388802372,0.56,0.41,1.04,1.63,0.5625,0.764166667,1.100208333
05-04-2026 19:30,05-04-2026 19:45,13,35,80.52,0.31,37.15,6.2,2026,5,4,19,30,0,0.603903781,0.797057227,0.83,0.41,0.69,1.22,0.5375,0.694166667,1.090729167
05-04-2026 19:45,05-04-2026 20:00,35.58,66,81.14,0.68,65.05,6.04,2026,5,4,19,45,0,0.906676246,0.421827198,0.31,0.45,0.55,1.49,0.595,0.665,1.082291667
05-04-2026 20:00,05-04-2026 20:15,14.4,37,81.84,0.54,37.11,6.1,2026,5,4,20,0,0,0.603347183,0.797478637,0.68,0.56,1.07,2.4,0.59,0.628333333,1.062916667
05-04-2026 20:15,05-04-2026 20:30,18,37,82.41,0.64,40.47,6.11,2026,5,4,20,15,0,0.649049812,0.760745912,0.54,0.83,0.41,2.16,0.5425,0.595,1.047083333
05-04-2026 20:30,05-04-2026 20:45,18,37,82.99,0.72,26.5,6.35,2026,5,4,20,30,0,0.446197813,0.894934362,0.64,0.31,0.41,1.46,0.645,0.5975,1.039375
05-04-2026 20:45,05-04-2026 21:00,39.05,66.6,83.51,0.67,26.5,6.29,2026,5,4,20,45,0,0.446197813,0.894934362,0.72,0.68,0.45,1.41,0.6425,0.6075,1.031666667
05-04-2026 21:00,05-04-2026 21:15,16.8,37,83.74,0.62,114.67,6.27,2026,5,4,21,0,0,0.908726848,-0.417391323,0.67,0.54,0.56,1.42,0.6625,0.57,1.023333333
05-04-2026 21:15,05-04-2026 21:30,21,37,84,0.99,47.56,6.31,2026,5,4,21,15,0,0.737984409,0.674817762,0.62,0.64,0.83,1.35,0.75,0.618333333,1.019583333
05-04-2026 21:30,05-04-2026 21:45,21,37,84.11,1.01,37.86,6.41,2026,5,4,21,30,0,0.613734166,0.789512744,0.99,0.72,0.31,0.75,0.8225,0.668333333,1.022291667
05-04-2026 21:45,05-04-2026 22:00,32.38,55.2,84.06,0.78,74.14,6.35,2026,5,4,21,45,0,0.961932335,0.27328773,1.01,0.67,0.68,1.06,0.85,0.695833333,1.019375
05-04-2026 22:00,05-04-2026 22:15,13.6,38,83.84,1.29,95.43,6.28,2026,5,4,22,0,0,0.995512553,-0.094629575,0.78,0.62,0.54,1.62,1.0175,0.756666667,1.0159375
05-04-2026 22:15,05-04-2026 22:30,17,38,83.3,1.01,45.19,6.34,2026,5,4,22,15,0,0.709447744,0.704758043,1.29,0.99,0.64,1.46,1.0225,0.771666667,1.01125
05-04-2026 22:30,05-04-2026 22:45,17,38,81.9,0.67,129.43,6.34,2026,5,4,22,30,0,0.772401123,-0.635135029,1.01,1.01,0.72,1.53,0.9375,0.801666667,1.002291667
05-04-2026 22:45,05-04-2026 23:00,38.04,62.8,80.08,0.87,227.08,6.28,2026,5,4,22,45,0,-0.732305238,-0.680976533,0.67,0.78,0.67,1.7,0.96,0.8175,0.993645833
05-04-2026 23:00,05-04-2026 23:15,24,35,79.36,0.89,65.81,6.34,2026,5,4,23,0,0,0.912191647,0.409763833,0.87,1.29,0.62,0.93,0.86,0.846666667,0.993229167
05-04-2026 23:15,05-04-2026 23:30,30,35,79.9,0.88,149.28,6.36,2026,5,4,23,15,0,0.510843032,-0.859674006,0.89,1.01,0.99,1.31,0.8275,0.866666667,0.98875
05-04-2026 23:30,05-04-2026 23:45,30,35,79.96,1.18,122.42,6.29,2026,5,4,23,30,0,0.844140835,-0.536121488,0.88,0.67,1.01,1.57,0.955,0.905,0.9846875
05-04-2026 23:45,05-05-2026 00:00,42.78,62.4,79.57,0.65,97.66,6.36,2026,5,4,23,45,0,0.991076498,-0.133294316,1.18,0.87,0.78,0.53,0.9,0.903333333,0.9859375
01-05-2026 00:00,01-05-2026 00:15,11.48,28,74.2,0.37,197.49,6.08,2026,1,5,0,0,0,-0.30053934,-0.953769419,0.98,0.35,0.82,0.44,0.7025,0.72,1.001979167
01-05-2026 00:15,01-05-2026 00:30,11.48,28,74.09,0.47,237.28,6.14,2026,1,5,0,15,0,-0.841322151,-0.54053403,0.37,0.45,0.36,0.33,0.7075,0.703333333,1.0034375
01-05-2026 00:30,01-05-2026 00:45,11.48,28,73.9,0.81,84.51,6.11,2026,1,5,0,30,0,0.995412911,0.095672022,0.47,1.01,0.6,0.27,0.6575,0.678333333,1.0090625
01-05-2026 00:45,01-05-2026 01:00,12.63,30.8,74,0.7,142.47,6.06,2026,1,5,0,45,0,0.609176744,-0.793034485,0.81,0.98,0.95,0.42,0.5875,0.655833333,1.011979167
01-05-2026 01:00,01-05-2026 01:15,17.22,42,73.68,0.64,126.31,6.17,2026,1,5,1,0,0,0.805824944,-0.592153831,0.7,0.37,0.35,0.49,0.655,0.640833333,1.013541667
01-05-2026 01:15,01-05-2026 01:30,17.22,42,73.66,0.54,248.44,6.31,2026,1,5,1,15,0,-0.930033259,-0.367475357,0.64,0.47,0.45,0.38,0.6725,0.655833333,1.015208333
01-05-2026 01:30,01-05-2026 01:45,17.22,42,73.47,0.81,230.11,6.29,2026,1,5,1,30,0,-0.767277094,-0.641315726,0.54,0.81,1.01,0.9,0.6725,0.673333333,1.014270833
01-05-2026 01:45,01-05-2026 02:00,16.15,39.4,73.68,0.77,130.99,6.14,2026,1,5,1,45,0,0.754824073,-0.655927297,0.81,0.7,0.98,0.85,0.69,0.658333333,1.0134375
01-05-2026 02:00,01-05-2026 02:15,11.89,29,73.62,0.52,147.4,6.21,2026,1,5,2,0,0,0.538770785,-0.842452397,0.77,0.64,0.37,0.33,0.66,0.6725,1.015416667
01-05-2026 02:15,01-05-2026 02:30,11.89,29,73.54,0.78,155.99,6.04,2026,1,5,2,15,0,0.406896081,-0.913474455,0.52,0.54,0.47,0.28,0.72,0.7,1.020625
01-05-2026 02:30,01-05-2026 02:45,11.89,29,73.48,0.66,200.73,6.21,2026,1,5,2,30,0,-0.353964593,-0.935258824,0.78,0.81,0.81,0.27,0.6825,0.670833333,1.0246875
01-05-2026 02:45,01-05-2026 03:00,12.63,30.8,74.29,0.27,83.21,6.08,2026,1,5,2,45,0,0.992986158,0.118230661,0.66,0.77,0.7,0.31,0.5575,0.611666667,1.024270833
01-05-2026 03:00,01-05-2026 03:15,15.58,38,74.58,0.59,241.24,6.32,2026,1,5,3,0,0,-0.876642794,-0.481141779,0.27,0.52,0.64,0.29,0.575,0.63,1.027395833
01-05-2026 03:15,01-05-2026 03:30,15.58,38,73.56,0.78,149.27,6.15,2026,1,5,3,15,0,0.510993066,-0.859584834,0.59,0.78,0.54,0.39,0.575,0.655833333,1.031458333
01-05-2026 03:30,01-05-2026 03:45,15.58,38,73.19,0.68,80.97,6.2,2026,1,5,3,30,0,0.987606296,0.156951596,0.78,0.66,0.81,0.6,0.58,0.645,1.032291667
01-05-2026 03:45,01-05-2026 04:00,24.52,59.8,73.28,0.7,87,6.2,2026,1,5,3,45,0,0.998629535,0.052335956,0.68,0.27,0.77,0.68,0.6875,0.645,1.0325
01-05-2026 04:00,01-05-2026 04:15,15.99,39,73.18,1.11,189.71,6.15,2026,1,5,4,0,0,-0.168661415,-0.985674047,0.7,0.59,0.52,0.33,0.8175,0.684166667,1.040625
01-05-2026 04:15,01-05-2026 04:30,15.99,39,73.49,0.75,72.57,6.11,2026,1,5,4,15,0,0.95408362,0.29954039,1.11,0.78,0.78,1.04,0.81,0.701666667,1.037604167
01-05-2026 04:30,01-05-2026 04:45,15.99,39,73.41,0.49,203.67,6.24,2026,1,5,4,30,0,-0.401468282,-0.915872927,0.75,0.68,0.66,0.57,0.7625,0.675,1.036770833
01-05-2026 04:45,01-05-2026 05:00,26.65,65,73.63,0.4,213.73,6.06,2026,1,5,4,45,0,-0.555279962,-0.831663492,0.49,0.7,0.27,0.27,0.6875,0.644166667,1.038125
01-05-2026 05:00,01-05-2026 05:15,9.43,23,73.7,0.44,73.93,6.06,2026,1,5,5,0,0,0.960924224,0.276811553,0.4,1.11,0.59,0.27,0.52,0.6375,1.039895833
01-05-2026 05:15,01-05-2026 05:30,9.43,23,73.92,1.09,26.5,6.18,2026,1,5,5,15,0,0.446197813,0.894934362,0.44,0.75,0.78,0.27,0.605,0.663333333,1.0484375
01-05-2026 05:30,01-05-2026 05:45,9.43,23,73.56,0.71,143.4,6.17,2026,1,5,5,30,0,0.596224875,-0.802817475,1.09,0.49,0.68,0.27,0.66,0.6675,1.053020833
01-05-2026 05:45,01-05-2026 06:00,16.89,41.2,74.22,0.83,147.68,6.08,2026,1,5,5,45,0,0.534647369,-0.845075258,0.71,0.4,0.7,0.27,0.7675,0.714166667,1.058854167
01-05-2026 06:00,01-05-2026 06:15,13.94,34,74.37,0.77,86.83,6.06,2026,1,5,6,0,0,0.998469855,0.055298715,0.83,0.44,1.11,0.27,0.85,0.729166667,1.0640625
01-05-2026 06:15,01-05-2026 06:30,13.94,34,73.87,1.34,127.01,6.28,2026,1,5,6,15,0,0.798530461,-0.601954402,0.77,1.09,0.75,0.27,0.9125,0.775833333,1.075208333
01-05-2026 06:30,01-05-2026 06:45,13.94,34,73,1.04,146.57,7.88,2026,1,5,6,30,0,0.55091779,-0.834559518,1.34,0.71,0.49,0.33,0.995,0.805833333,1.082604167
01-05-2026 06:45,01-05-2026 07:00,14.02,34.2,73.8,1.01,26.5,13.64,2026,1,5,6,45,0,0.446197813,0.894934362,1.04,0.83,0.4,0.27,1.04,0.831666667,1.0903125
01-05-2026 07:00,01-05-2026 07:15,14.35,35,73.09,1.12,88.28,16.88,2026,1,5,7,0,0,0.999549444,0.030015154,1.01,0.77,0.44,0.27,1.1275,0.8325,1.099166667
01-05-2026 07:15,01-05-2026 07:30,14.35,35,72.97,1.15,143.29,23.11,2026,1,5,7,15,0,0.597765074,-0.801671327,1.12,1.34,1.09,0.32,1.08,0.865833333,1.1078125
01-05-2026 07:30,01-05-2026 07:45,14.35,35,72.14,1.16,97.14,26.5,2026,1,5,7,30,0,0.992245406,-0.124294225,1.15,1.04,0.71,0.27,1.11,0.921666667,1.117083333
01-05-2026 07:45,01-05-2026 08:00,25.83,63,71.77,1.08,26.5,30.45,2026,1,5,7,45,0,0.446197813,0.894934362,1.16,1.01,0.83,0.46,1.1275,0.978333333,1.123541667
01-05-2026 08:00,01-05-2026 08:15,13.94,34,71.54,1.09,84.41,32.4,2026,1,5,8,0,0,0.995244416,0.097409198,1.08,1.12,0.77,0.42,1.12,1.0325,1.130520833
01-05-2026 08:15,01-05-2026 08:30,13.94,34,71.09,1.89,58.17,38.13,2026,1,5,8,15,0,0.849616663,0.527400726,1.09,1.15,1.34,0.36,1.305,1.099166667,1.146458333
01-05-2026 08:30,01-05-2026 08:45,13.94,34,70.59,0.96,26.5,41.93,2026,1,5,8,30,0,0.446197813,0.894934362,1.89,1.16,1.04,0.55,1.255,1.12,1.150729167
01-05-2026 08:45,01-05-2026 09:00,25.09,61.2,70.05,1.56,174.45,44.36,2026,1,5,8,45,0,0.096714363,-0.995312178,0.96,1.08,1.01,1.17,1.375,1.180833333,1.154791667
01-05-2026 09:00,01-05-2026 09:15,15.58,38,70.46,0.75,85.49,52.29,2026,1,5,9,0,0,0.996903625,0.078633089,1.56,1.09,1.12,1.55,1.29,1.179166667,1.146458333
01-05-2026 09:15,01-05-2026 09:30,15.58,38,70.13,0.97,83.22,63.6,2026,1,5,9,15,0,0.993006778,0.118057351,0.75,1.89,1.15,1.55,1.06,1.148333333,1.140416667
01-05-2026 09:30,01-05-2026 09:45,15.58,38,69.07,1.17,35.66,62.56,2026,1,5,9,30,0,0.582974128,0.812490718,0.97,0.96,1.16,1.39,1.1125,1.159166667,1.138125
01-05-2026 09:45,01-05-2026 10:00,26.9,65.6,68.42,1.8,140.08,57.01,2026,1,5,9,45,0,0.641717384,-0.766941197,1.17,1.56,1.08,1.48,1.1725,1.225,1.141458333
01-05-2026 10:00,01-05-2026 10:15,15.99,39,68.33,2.05,26.5,67.09,2026,1,5,10,0,0,0.446197813,0.894934362,1.8,0.75,1.09,1.24,1.4975,1.3025,1.149895833
01-05-2026 10:15,01-05-2026 10:30,15.99,39,67.8,1.73,85.34,67.51,2026,1,5,10,15,0,0.996694348,0.081242705,2.05,0.97,1.89,1.28,1.6875,1.350833333,1.154583333
01-05-2026 10:30,01-05-2026 10:45,15.99,39,68,1.76,90.46,67.48,2026,1,5,10,30,0,0.999967772,-0.008028428,1.73,1.17,0.96,1.35,1.835,1.400833333,1.158854167
01-05-2026 10:45,01-05-2026 11:00,23.21,56.6,67.75,2.03,31.26,64.7,2026,1,5,10,45,0,0.518922461,0.854821315,1.76,1.8,1.56,1.92,1.8925,1.48,1.16
01-05-2026 11:00,01-05-2026 11:15,18.04,44,66.77,1.94,26.5,71.03,2026,1,5,11,0,0,0.446197813,0.894934362,2.03,2.05,0.75,2.45,1.865,1.550833333,1.1546875
01-05-2026 11:15,01-05-2026 11:30,18.04,44,66.79,1.75,86.06,88.77,2026,1,5,11,15,0,0.997636552,0.068711789,1.94,1.73,0.97,1.56,1.87,1.539166667,1.156666667
01-05-2026 11:30,01-05-2026 11:45,18.04,44,67.38,1.42,65.24,97.98,2026,1,5,11,30,0,0.90807009,0.418818232,1.75,1.76,1.17,0.82,1.785,1.5775,1.162916667
01-05-2026 11:45,01-05-2026 12:00,24.68,60.2,67.12,2.21,81.4,102.27,2026,1,5,11,45,0,0.988756381,0.149535343,1.42,2.03,1.8,2.03,1.83,1.631666667,1.164791667
01-05-2026 12:00,01-05-2026 12:15,17.63,43,67.01,2.09,143.03,121.05,2026,1,5,12,0,0,0.601396776,-0.79895051,2.21,1.94,2.05,1.39,1.8675,1.743333333,1.172083333
01-05-2026 14:30,01-05-2026 14:45,12.71,31,66.26,1.33,26.5,153.93,2026,1,5,14,30,0,0.446197813,0.894934362,1.53,1.38,1.87,1.53,1.5125,1.861666667,1.158229167
01-05-2026 14:45,01-05-2026 15:00,22.3,54.4,67.13,1.41,141.37,153.91,2026,1,5,14,45,0,0.624288714,-0.781193703,1.33,1.42,2.26,2.05,1.51,1.795,1.1515625
01-05-2026 15:00,01-05-2026 15:15,16.4,40,66.96,1.19,26.5,144.07,2026,1,5,15,0,0,0.446197813,0.894934362,1.41,1.77,1.78,1.59,1.365,1.72,1.147395833
01-05-2026 15:15,01-05-2026 15:30,16.4,40,67.08,1.91,96.39,127.46,2026,1,5,15,15,0,0.993787359,-0.111295485,1.19,1.53,2.06,1.39,1.46,1.659166667,1.1528125
01-05-2026 15:30,01-05-2026 15:45,16.4,40,67.69,2.19,89.34,104.09,2026,1,5,15,30,0,0.999933655,0.011518918,1.91,1.33,1.38,1.64,1.675,1.685833333,1.158541667
01-05-2026 15:45,01-05-2026 16:00,25.67,62.6,67.89,1.95,26.5,96.66,2026,1,5,15,45,0,0.446197813,0.894934362,2.19,1.41,1.42,1.16,1.81,1.66,1.166770833
01-05-2026 16:00,01-05-2026 16:15,17.63,43,68.74,1.65,81.57,82.29,2026,1,5,16,0,0,0.989195708,0.14660099,1.95,1.19,1.77,1.66,1.925,1.649166667,1.166666667
01-05-2026 16:15,01-05-2026 16:30,17.63,43,68.71,1.68,39.13,66.17,2026,1,5,16,15,0,0.631082058,0.77571608,1.65,1.91,1.53,1.66,1.8675,1.6175,1.166875
01-05-2026 16:30,01-05-2026 16:45,17.63,43,69.04,1.79,30.59,50.02,2026,1,5,16,30,0,0.50889118,0.860830858,1.68,2.19,1.33,1.91,1.7675,1.651666667,1.165625
01-05-2026 16:45,01-05-2026 17:00,28.54,69.6,69.6,1.7,104.81,37.75,2026,1,5,16,45,0,0.96677879,-0.255614497,1.79,1.95,1.41,2.14,1.705,1.675,1.161041667
01-05-2026 17:00,01-05-2026 17:15,16.81,41,70.58,1.6,117.44,27.08,2026,1,5,17,0,0,0.887493889,-0.460819485,1.7,1.65,1.19,1.02,1.6925,1.660833333,1.167083333
01-05-2026 17:15,01-05-2026 17:30,16.81,41,71.26,1.42,70.75,17.83,2026,1,5,17,15,0,0.94408902,0.329690645,1.6,1.68,1.91,1.6,1.6275,1.651666667,1.165208333
01-05-2026 17:30,01-05-2026 17:45,16.81,41,71.68,1.57,36.74,11.52,2026,1,5,17,30,0,0.598184746,0.801358228,1.42,1.79,2.19,1.56,1.5725,1.671666667,1.1653125
01-05-2026 17:45,01-05-2026 18:00,17.14,41.8,71.68,1.36,134.98,7.79,2026,1,5,17,45,0,0.707353565,-0.706859911,1.57,1.7,1.95,1.77,1.4875,1.6675,1.161041667
01-05-2026 18:00,01-05-2026 18:15,18.45,45,72.34,1.12,26.5,6.38,2026,1,5,18,0,0,0.446197813,0.894934362,1.36,1.6,1.65,1.44,1.3675,1.661666667,1.157708333
01-05-2026 18:15,01-05-2026 18:30,18.45,45,72.25,1.63,77.77,6.11,2026,1,5,18,15,0,0.977305111,0.211836541,1.12,1.42,1.68,0.84,1.42,1.638333333,1.1659375
01-05-2026 18:30,01-05-2026 18:45,18.45,45,72.97,1.1,84.78,6.17,2026,1,5,18,30,0,0.995852701,0.090980204,1.63,1.57,1.79,0.81,1.3025,1.5475,1.168958333
01-05-2026 18:45,01-05-2026 19:00,25.5,62.2,72.91,1.09,26.5,6.18,2026,1,5,18,45,0,0.446197813,0.894934362,1.1,1.36,1.7,1.11,1.235,1.475833333,1.16875
01-05-2026 19:00,01-05-2026 19:15,20.09,49,73.07,0.76,105.58,6.2,2026,1,5,19,0,0,0.963256379,-0.268583597,1.09,1.12,1.6,0.7,1.145,1.401666667,1.169375
01-05-2026 19:15,01-05-2026 19:30,20.09,49,73.26,0.45,85.64,6.2,2026,1,5,19,15,0,0.997106069,0.076022935,0.76,1.63,1.42,0.68,0.85,1.299166667,1.166979167
01-05-2026 19:30,01-05-2026 19:45,20.09,49,73.73,1.02,153.41,6.35,2026,1,5,19,30,0,0.447603022,-0.894232372,0.45,1.1,1.57,0.96,0.83,1.235,1.167604167
01-05-2026 19:45,01-05-2026 20:00,27.8,67.8,73.66,0.88,256.08,6.21,2026,1,5,19,45,0,-0.970632567,-0.240566872,1.02,1.09,1.36,0.78,0.7775,1.166666667,1.168645833
01-05-2026 20:00,01-05-2026 20:15,22.14,54,73.79,1.14,140.25,6.27,2026,1,5,20,0,0,0.639439002,-0.768841832,0.88,0.76,1.12,1.12,0.8725,1.128333333,1.168854167
01-05-2026 20:15,01-05-2026 20:30,22.14,54,73.64,0.91,29.44,6.22,2026,1,5,20,15,0,0.491511856,0.870870883,1.14,0.45,1.63,1.01,0.9875,1.085833333,1.1678125
01-05-2026 20:30,01-05-2026 20:45,22.14,54,74.42,1.01,108.67,6.21,2026,1,5,20,30,0,0.94737802,-0.320116989,0.91,1.02,1.1,1.07,0.985,1.039166667,1.1671875
01-05-2026 20:45,01-05-2026 21:00,22.3,54.4,74.07,1.17,144.55,6.2,2026,1,5,20,45,0,0.579992285,-0.814621967,1.01,0.88,1.09,0.42,1.0575,1.023333333,1.175
01-05-2026 21:00,01-05-2026 21:15,22.96,56,73.6,1,92.53,6.13,2026,1,5,21,0,0,0.999025246,-0.044142482,1.17,1.14,0.76,1.04,1.0225,1.013333333,1.174583333
01-05-2026 21:15,01-05-2026 21:30,22.96,56,74.35,0.89,32.42,6.31,2026,1,5,21,15,0,0.536121488,0.844140835,1,0.91,0.45,0.67,1.0175,0.951666667,1.176875
01-05-2026 21:30,01-05-2026 21:45,22.96,56,74.98,0.7,47.52,6.24,2026,1,5,21,30,0,0.737513117,0.675332808,0.89,1.01,1.02,1.11,0.94,0.918333333,1.172604167
01-05-2026 21:45,01-05-2026 22:00,21.57,52.6,74.73,0.85,29.99,6.03,2026,1,5,21,45,0,0.499848842,0.866112657,0.7,1.17,0.88,0.97,0.86,0.898333333,1.171354167
01-05-2026 22:00,01-05-2026 22:15,15.99,39,74.13,1.22,141.09,6.34,2026,1,5,22,0,0,0.628098877,-0.778133536,0.85,1,1.14,0.82,0.915,0.936666667,1.175520833
01-05-2026 22:15,01-05-2026 22:30,15.99,39,74.49,0.71,34.48,6.1,2026,1,5,22,15,0,0.566118528,0.824323851,1.22,0.89,0.91,0.36,0.87,0.958333333,1.179166667
01-05-2026 22:30,01-05-2026 22:45,15.99,39,74.26,0.84,217.08,6.22,2026,1,5,22,30,0,-0.602929542,-0.79779444,0.71,0.7,1.01,0.6,0.905,0.943333333,1.181666667
01-05-2026 22:45,01-05-2026 23:00,15.99,39,74.39,0.89,136.89,6.18,2026,1,5,22,45,0,0.683401201,-0.730043012,0.84,0.85,1.17,0.95,0.915,0.944166667,1.181041667
01-05-2026 23:00,01-05-2026 23:15,15.99,39,75.05,0.62,147.67,6.08,2026,1,5,23,0,0,0.534794854,-0.844981931,0.89,1.22,1,0.35,0.765,0.900833333,1.183854167
01-05-2026 23:15,01-05-2026 23:30,15.99,39,75.15,0.8,324.81,6.06,2026,1,5,23,15,0,-0.576289689,0.817245492,0.62,0.71,0.89,0.45,0.7875,0.891666667,1.1875
01-05-2026 23:30,01-05-2026 23:45,15.99,39,75.8,0.8,179.89,6.07,2026,1,5,23,30,0,0.001919861,-0.999998157,0.8,0.84,0.7,1.01,0.7775,0.874166667,1.1853125
01-05-2026 23:45,01-06-2026 00:00,21.98,53.6,75.5,1,102.32,6.1,2026,1,5,23,45,0,0.976971153,-0.213371427,0.8,0.89,0.85,0.98,0.805,0.86,1.185520833
02-05-2026 00:00,02-05-2026 00:15,14,34,78.18,0.49,149.42,6.37,2026,2,5,0,0,3,0.508740929,-0.860919664,0.71,1.16,0.82,0.76,0.79375,0.957083333,1.246927083
02-05-2026 00:15,02-05-2026 00:30,14,33.955,78.2,0.625,158.775,6.295,2026,2,5,0,15,3,0.362031339,-0.932165924,0.49,1.045,1.09,0.73,0.68875,0.916666667,1.245833333
02-05-2026 00:30,02-05-2026 00:45,14,33.91,78.22,0.76,168.13,6.22,2026,2,5,0,30,3,0.205691811,-0.978616819,0.625,0.93,0.95,0.93,0.64625,0.883333333,1.2440625
02-05-2026 00:45,02-05-2026 01:00,11,33.455,78.155,0.775,176.59,6.155,2026,2,5,0,45,3,0.059480598,-0.998229462,0.76,0.71,0.81,0.99,0.6625,0.847083333,1.241822917
02-05-2026 01:00,02-05-2026 01:15,8,33,78.09,0.79,185.05,6.09,2026,2,5,1,0,3,-0.088025053,-0.996118261,0.775,0.49,1.16,1.29,0.7375,0.844583333,1.236614583
02-05-2026 01:15,02-05-2026 01:30,8,33,78.265,0.735,183.56,6.15,2026,2,5,1,15,3,-0.06209375,-0.998070321,0.79,0.625,1.045,0.94,0.765,0.815,1.234479167
02-05-2026 01:30,02-05-2026 01:45,8,33,78.44,0.68,182.07,6.21,2026,2,5,1,30,3,-0.036120457,-0.999347443,0.735,0.76,0.93,1.38,0.745,0.7925,1.2271875
02-05-2026 01:45,02-05-2026 02:00,19.23,47.88,79.06,0.4,203.22,6.06,2026,2,5,1,45,3,-0.394262724,-0.918997772,0.68,0.775,0.71,1.69,0.65125,0.758333333,1.21375
02-05-2026 02:00,02-05-2026 02:15,16,36,79.94,0.27,340.86,6.08,2026,2,5,2,0,3,-0.327877518,0.944720241,0.4,0.79,0.49,1.08,0.52125,0.684166667,1.2053125
02-05-2026 02:15,02-05-2026 02:30,16,38.295,80.92,0.27,320.055,6.11,2026,2,5,2,15,3,-0.642051964,0.766661122,0.27,0.735,0.625,1.24,0.405,0.619583333,1.195208333
02-05-2026 02:30,02-05-2026 02:45,16,40.59,81.9,0.27,299.25,6.14,2026,2,5,2,30,3,-0.872496007,0.488621241,0.27,0.68,0.76,0.92,0.3025,0.564583333,1.1884375
02-05-2026 02:45,02-05-2026 03:00,30.1,70.095,82.72,0.27,294.345,6.135,2026,2,5,2,45,3,-0.911079793,0.412230046,0.27,0.4,0.775,0.920740741,0.27,0.527916667,1.181658951
02-05-2026 03:00,02-05-2026 03:15,44.2,99.6,83.54,0.27,289.44,6.13,2026,2,5,3,0,3,-0.942990536,0.332819545,0.27,0.27,0.79,0.921481481,0.27,0.509583333,1.174872685
02-05-2026 03:15,02-05-2026 03:30,34,91,84.34,0.27,309.29,6.28,2026,2,5,3,15,3,-0.773950744,0.633245802,0.27,0.27,0.735,0.922222222,0.27,0.48,1.168078704
02-05-2026 03:30,02-05-2026 03:45,34,91,84.89,0.28,232.91,6.3,2026,2,5,3,30,3,-0.797689196,-0.603068774,0.27,0.27,0.68,0.922962963,0.2725,0.44,1.161381173
02-05-2026 03:45,02-05-2026 04:00,34,92,85.43,0.33,270.92,6.24,2026,2,5,3,45,3,-0.999871089,0.016056339,0.28,0.27,0.4,0.923703704,0.2875,0.402916667,1.155196759
02-05-2026 04:00,02-05-2026 04:15,47.82,99.6,86.06,0.27,131.32,6.46,2026,2,5,4,0,3,0.751033704,-0.660263868,0.33,0.27,0.27,0.924444444,0.2875,0.359583333,1.14837963
02-05-2026 04:15,02-05-2026 04:30,55,96,86.53,0.27,88.71,6.35,2026,2,5,4,15,3,0.999746554,0.022512845,0.27,0.27,0.27,0.925185185,0.2875,0.320833333,1.141554784
02-05-2026 04:30,02-05-2026 04:45,55,96,86.87,0.36,262.38,6.65,2026,2,5,4,30,3,-0.991169314,-0.132602382,0.27,0.28,0.27,0.925925926,0.3075,0.294166667,1.135659722
02-05-2026 04:45,02-05-2026 05:00,55,101.8,87.15,0.29,215.28,6.59,2026,2,5,4,45,3,-0.577572703,-0.816339251,0.36,0.33,0.27,0.926666667,0.2975,0.285,1.129027778
02-05-2026 05:00,02-05-2026 05:15,78,125,87.28,0.37,279.65,6.75,2026,2,5,5,0,3,-0.985850128,0.167629127,0.29,0.27,0.27,0.927407407,0.3225,0.293333333,1.123221451
02-05-2026 05:15,02-05-2026 05:30,78,125,87.27,0.32,122.4,6.8,2026,2,5,5,15,3,0.844327926,-0.535826795,0.37,0.27,0.27,0.928148148,0.335,0.2975,1.116886574
02-05-2026 05:30,02-05-2026 05:45,78,125,87.32,0.27,85.24,6.85,2026,2,5,5,30,3,0.996551035,0.08298214,0.32,0.36,0.28,0.928888889,0.3125,0.2975,1.110023148
02-05-2026 05:45,02-05-2026 06:00,79.4,121.8,87.27,0.46,141.95,6.84,2026,2,5,5,45,3,0.61634891,-0.787473188,0.27,0.29,0.33,0.92962963,0.355,0.313333333,1.105131173
02-05-2026 06:00,02-05-2026 06:15,42.4,94,87.32,0.29,323.7,6.92,2026,2,5,6,0,3,-0.592013179,0.805928282,0.46,0.37,0.27,0.93037037,0.335,0.315,1.098460648
02-05-2026 06:15,02-05-2026 06:30,53,94,87.36,0.5,169.71,7,2026,2,5,6,15,3,0.178630492,-0.98391623,0.29,0.32,0.27,0.931111111,0.38,0.334166667,1.093969907
02-05-2026 06:30,02-05-2026 06:45,53,94,87.26,0.3,234.97,8.51,2026,2,5,6,30,3,-0.818851608,-0.574005265,0.5,0.27,0.36,0.931851852,0.3875,0.335833333,1.087388117
02-05-2026 06:45,02-05-2026 07:00,53,95,87.11,0.47,250.91,11.38,2026,2,5,6,45,3,-0.945006008,-0.327052969,0.3,0.46,0.29,0.932592593,0.39,0.3475,1.082569444
02-05-2026 07:00,02-05-2026 07:15,69,99,86.7,0.52,310.22,14.78,2026,2,5,7,0,3,-0.763570675,0.645724264,0.47,0.29,0.37,0.933333333,0.4475,0.368333333,1.078263889
02-05-2026 07:15,02-05-2026 07:30,69,99,86.42,0.36,180.84,17.87,2026,2,5,7,15,3,-0.014660241,-0.999892533,0.52,0.5,0.32,0.934074074,0.4125,0.375833333,1.072283951
02-05-2026 07:30,02-05-2026 07:45,69,99,85.94,0.35,209.03,20.82,2026,2,5,7,30,3,-0.485267504,-0.874365742,0.36,0.3,0.27,0.934814815,0.425,0.375,1.06619213
02-05-2026 07:45,02-05-2026 08:00,72.2,112.6,85.33,0.61,78.49,26.3,2026,2,5,7,45,3,0.979889893,0.199538961,0.35,0.47,0.46,0.935555556,0.46,0.401666667,1.062800926
02-05-2026 08:00,02-05-2026 08:15,57.6,126,84.46,0.84,172.53,49.17,2026,2,5,8,0,3,0.130007055,-0.991513069,0.61,0.52,0.29,0.936296296,0.54,0.440833333,1.06179784
02-05-2026 08:15,02-05-2026 08:30,72,126,83.49,0.51,201.01,64.6,2026,2,5,8,15,3,-0.358530885,-0.933517865,0.84,0.36,0.5,0.937037037,0.5775,0.456666667,1.057349537
02-05-2026 08:30,02-05-2026 08:45,72,126,82.3,0.57,179,38.82,2026,2,5,8,30,3,0.017452406,-0.999847695,0.51,0.35,0.3,0.937777778,0.6325,0.481666667,1.053518519
02-05-2026 08:45,02-05-2026 09:00,72,128.8,80.32,1.09,135.17,32.47,2026,2,5,8,45,3,0.705005644,-0.709201694,0.57,0.61,0.47,0.938518519,0.7525,0.534166667,1.055096451
02-05-2026 09:45,02-05-2026 10:00,66,130.5,74.85,0.97,213.72,50.68,2026,2,5,9,45,3,-0.5551348,-0.831760394,1.19,1.09,0.61,1,1.6025,0.938333333,1.077083333
02-05-2026 10:00,02-05-2026 10:15,45,102,73.66,1.64,164.77,44.89,2026,2,5,10,0,3,0.262694424,-0.96487908,0.97,2.44,0.84,1.44,1.4025,1.031666667,1.079166667
02-05-2026 10:15,02-05-2026 10:30,45,102,73.09,1.71,92.03,40.6,2026,2,5,10,15,3,0.999372417,-0.035422772,1.64,1.81,0.51,1.48,1.3775,1.144166667,1.0815625
02-05-2026 10:30,02-05-2026 10:45,45,102,72.55,1.27,185.77,39.9,2026,2,5,10,30,3,-0.100535365,-0.994933485,1.71,1.19,0.57,2.34,1.3975,1.220833333,1.070416667
02-05-2026 10:45,02-05-2026 11:00,48.33,96.33,72.44,0.88,233.99,40.63,2026,2,5,10,45,3,-0.808914394,-0.587926443,1.27,0.97,1.09,2.56,1.375,1.243333333,1.052916667
02-05-2026 11:00,02-05-2026 11:15,20,66,71.5,1.82,151.13,38.66,2026,2,5,11,0,3,0.482823925,-0.875717453,0.88,1.64,2.44,2.426666667,1.42,1.325,1.046597222
02-05-2026 11:15,02-05-2026 11:30,25,66,70.87,2.32,31.84,37.31,2026,2,5,11,15,3,0.527549004,0.849524601,1.82,1.71,1.81,2.293333333,1.5725,1.475833333,1.046875
02-05-2026 11:30,02-05-2026 11:45,25,66,70.74,1.71,151.21,52.12,2026,2,5,11,30,3,0.481600722,-0.876390749,2.32,1.27,1.19,2.16,1.6825,1.570833333,1.0421875
02-05-2026 11:45,02-05-2026 12:00,23.6,61.2,70.37,2.06,138.99,42.41,2026,2,5,11,45,3,0.656190741,-0.754595065,1.71,0.88,0.97,2.026666667,1.9775,1.651666667,1.042534722
02-05-2026 15:30,02-05-2026 15:45,36,64,70.96,1.61,88.42,150.2,2026,2,5,15,30,3,0.999619801,0.027572707,1.85,2.38,1.32,1.71,1.71,1.8975,1.055
02-05-2026 15:45,02-05-2026 16:00,41.8,70.8,71.74,2.07,122.57,132.62,2026,2,5,15,45,3,0.842734381,-0.538329604,1.61,1.61,2.05,1.58,1.825,1.923333333,1.060104167
02-05-2026 16:00,02-05-2026 16:15,26,50,72.03,1.41,84.13,115.34,2026,2,5,16,0,3,0.994756503,0.102271698,2.07,1.77,1.68,1.45,1.735,1.840833333,1.0596875
02-05-2026 16:15,02-05-2026 16:30,26,50,72.06,1.67,90.98,99.6,2026,2,5,16,15,3,0.999853726,-0.017103393,1.41,1.85,1.83,1.735,1.69,1.770833333,1.059010417
02-05-2026 16:30,02-05-2026 16:45,26,50,72.62,2.16,67.39,81.02,2026,2,5,16,30,3,0.923143131,0.384456447,1.67,1.61,2.38,2.02,1.8275,1.840833333,1.06046875
02-05-2026 16:45,02-05-2026 17:00,19.4,54.8,73.24,1.82,194,58.55,2026,2,5,16,45,3,-0.241921896,-0.970295726,2.16,2.07,1.61,1.995,1.765,1.821666667,1.058645833
02-05-2026 17:00,02-05-2026 17:15,29,71.4,73.63,1.45,209.18,40.91,2026,2,5,17,0,3,-0.487554922,-0.873092319,1.82,1.41,1.77,1.97,1.775,1.8025,1.053229167
02-05-2026 17:15,02-05-2026 17:30,15,56,74.34,1.61,90.34,26.98,2026,2,5,17,15,3,0.999982393,-0.005934085,1.45,1.67,1.85,1.19,1.76,1.784166667,1.057604167
02-05-2026 17:30,02-05-2026 17:45,26.43,67,75.62,1.54,147.46,13.44,2026,2,5,17,30,3,0.537888276,-0.843016134,1.61,2.16,1.61,1.075,1.605,1.714166667,1.062447917
02-05-2026 17:45,02-05-2026 18:00,19.2,59.2,76.8,0.94,241.91,8.99,2026,2,5,17,45,3,-0.88220906,-0.470857914,1.54,1.82,2.07,0.96,1.385,1.658333333,1.062239583
02-05-2026 18:00,02-05-2026 18:15,22,60,77.34,1.9,193.25,6.69,2026,2,5,18,0,3,-0.229200391,-0.973379258,0.94,1.45,1.41,1.29,1.4975,1.669166667,1.06859375
02-05-2026 18:15,02-05-2026 18:30,22,60,78.1,1.46,156.82,6.18,2026,2,5,18,15,3,0.393621047,-0.919272795,1.9,1.61,1.67,1.305,1.46,1.636666667,1.070208333
02-05-2026 18:30,02-05-2026 18:45,22,60,78.48,1.23,257.32,6.09,2026,2,5,18,30,3,-0.975611225,-0.219505665,1.46,1.54,2.16,1.32,1.3825,1.605,1.069270833
02-05-2026 18:45,02-05-2026 19:00,32.26,62.8,78.8,1.05,182.29,6.01,2026,2,5,18,45,3,-0.0399574,-0.999201384,1.23,0.94,1.82,0.48,1.41,1.52,1.075208333
02-05-2026 19:00,02-05-2026 19:15,20,48,79.27,0.98,159.93,6.22,2026,2,5,19,0,3,0.343167939,-0.939274063,1.05,1.9,1.45,0.94,1.18,1.484166667,1.075625
02-05-2026 19:15,02-05-2026 19:30,20,48,79.03,0.99,260.04,6.17,2026,2,5,19,15,3,-0.984928742,-0.17296061,0.98,1.46,1.61,0.96,1.0625,1.4275,1.0759375
02-05-2026 19:30,02-05-2026 19:45,31.08,61.6,78.99,1.03,252.88,6.06,2026,2,5,19,30,3,-0.955690317,-0.294373942,0.99,1.23,1.54,0.98,1.0125,1.333333333,1.076458333
02-05-2026 19:45,02-05-2026 20:00,23.2,52,79.2,1.19,260.42,5.99,2026,2,5,19,45,3,-0.98605419,-0.166424559,1.03,1.05,0.94,0.95,1.0475,1.280833333,1.078958333
02-05-2026 20:00,02-05-2026 20:15,24,52,78.95,1.36,254.05,6.25,2026,2,5,20,0,3,-0.961501869,-0.274798392,1.19,0.98,1.9,0.92,1.1425,1.273333333,1.083541667
02-05-2026 20:15,02-05-2026 20:30,24,52,79.15,1.09,325.09,6.34,2026,2,5,20,15,3,-0.572289008,0.820052005,1.36,0.99,1.46,0.98,1.1675,1.23,1.0846875
02-05-2026 20:30,02-05-2026 20:45,24,52,79.43,0.56,217.45,6.25,2026,2,5,20,30,3,-0.608068866,-0.793884283,1.09,1.03,1.23,1.13,1.05,1.148333333,1.07875
02-05-2026 20:45,02-05-2026 21:00,39.2,70.4,79.36,1.3,216.28,6.46,2026,2,5,20,45,3,-0.591731821,-0.806134885,0.56,1.19,1.05,1.28,1.0775,1.178333333,1.078958333
02-05-2026 21:00,02-05-2026 21:15,29,53,79.05,1.15,149.21,6.38,2026,2,5,21,0,3,0.51189294,-0.859049252,1.3,1.36,0.98,0.94,1.025,1.115833333,1.081145833
02-05-2026 21:15,02-05-2026 21:30,29,53,79.12,1,322.65,6.84,2026,2,5,21,15,3,-0.606682351,0.794944353,1.15,1.09,0.99,1.11,1.0025,1.0775,1.08
02-05-2026 21:30,02-05-2026 21:45,37.89,65,78.81,1.61,218.95,6.95,2026,2,5,21,30,3,-0.628641964,-0.777694851,1,0.56,1.03,1.16,1.265,1.109166667,1.0846875
02-05-2026 21:45,02-05-2026 22:00,29.8,51,78.67,1.43,193.79,6.82,2026,2,5,21,45,3,-0.238363959,-0.971175897,1.61,1.3,1.19,1.21,1.2975,1.140833333,1.086979167
02-05-2026 22:00,02-05-2026 22:15,30,51,78.82,1.17,300.94,6.98,2026,2,5,22,0,3,-0.857706177,0.514140169,1.43,1.15,1.36,0.82,1.3025,1.156666667,1.090625
02-05-2026 22:15,02-05-2026 22:30,30,51,78.88,0.61,317.72,7.14,2026,2,5,22,15,3,-0.672754293,0.739865976,1.17,1,1.09,1.09,1.205,1.125,1.085625
02-05-2026 22:30,02-05-2026 22:45,30,51,79.15,1.14,151.49,7.23,2026,2,5,22,30,3,0.477312136,-0.878733819,0.61,1.61,0.56,0.95,1.0875,1.134166667,1.087604167
02-05-2026 22:45,02-05-2026 23:00,52,85.4,78.9,1.05,273.73,7.17,2026,2,5,22,45,3,-0.997881692,0.065054807,1.14,1.43,1.3,0.81,0.9925,1.1225,1.090104167
02-05-2026 23:00,02-05-2026 23:15,30,49,79.15,1.02,263.85,7.26,2026,2,5,23,0,3,-0.994244833,-0.107131754,1.05,1.17,1.15,1.16,0.955,1.094166667,1.088645833
02-05-2026 23:15,02-05-2026 23:30,30,49,79.68,0.93,307.68,7.31,2026,2,5,23,15,3,-0.791436948,0.611250814,1.02,0.61,1,1.045,1.035,1.080833333,1.087447917
02-05-2026 23:30,02-05-2026 23:45,30,49,80.21,1.06,152.31,7.26,2026,2,5,23,30,3,0.464687508,-0.885474743,0.93,1.14,1.61,0.93,1.015,1.1225,1.088802083
02-05-2026 23:45,02-06-2026 00:00,34.8,80,80.54,1.21,256.14,7.33,2026,2,5,23,45,3,-0.970883956,-0.239550296,1.06,1.05,1.43,0.71,1.055,1.115,1.094010417
03-05-2026 00:00,03-05-2026 00:15,28,79,78.13,0.39,47.73,6.13,2026,3,5,0,0,3,0.739983382,0.672625151,0.43,0.27,0.27,0.27,0.3525,0.2975,0.558645833
03-05-2026 00:15,03-05-2026 00:30,28,79,78.42,0.36,41.05,6.38,2026,3,5,0,15,3,0.656717387,0.754136773,0.39,0.27,0.27,0.27,0.375,0.305,0.559583333
03-05-2026 00:30,03-05-2026 00:45,28,79,78.73,0.31,43.61,6.36,2026,3,5,0,30,3,0.689745925,0.724051489,0.36,0.32,0.27,0.27,0.3725,0.308333333,0.56
03-05-2026 00:45,03-05-2026 01:00,28.67,71.5,79.41,0.27,123.19,6.29,2026,3,5,0,45,3,0.836859869,-0.547417172,0.31,0.43,0.27,0.27,0.3325,0.308333333,0.56
03-05-2026 01:00,03-05-2026 01:15,22.5,64,79.95,0.35,58.8,6.42,2026,3,5,1,0,3,0.85536426,0.518027009,0.27,0.39,0.27,0.27,0.3225,0.315,0.560833333
03-05-2026 01:15,03-05-2026 01:30,30,64,80.31,0.31,59.64,6.46,2026,3,5,1,15,3,0.862866737,0.505431493,0.35,0.36,0.27,0.27,0.31,0.318333333,0.56125
03-05-2026 01:30,03-05-2026 01:45,30,64,81.37,0.27,51.05,6.55,2026,3,5,1,30,3,0.777694851,0.628641964,0.31,0.31,0.32,0.27,0.3,0.318333333,0.56125
03-05-2026 01:45,03-05-2026 02:00,30,72.5,82.06,0.27,26.5,6.28,2026,3,5,1,45,3,0.446197813,0.894934362,0.27,0.27,0.43,0.27,0.3,0.318333333,0.56125
03-05-2026 02:00,03-05-2026 02:15,30,81,82.36,0.29,156.64,6.35,2026,3,5,2,0,3,0.39650708,-0.918031664,0.27,0.35,0.39,0.27,0.285,0.32,0.561458333
03-05-2026 02:15,03-05-2026 02:30,30,81,82.31,0.37,198.05,6.48,2026,3,5,2,15,3,-0.30984683,-0.950786486,0.29,0.31,0.36,0.27,0.3,0.328333333,0.5625
03-05-2026 02:30,03-05-2026 02:45,30,81,82.69,0.27,228.81,6.42,2026,3,5,2,30,3,-0.75252986,-0.658558129,0.37,0.27,0.31,0.27,0.3,0.324166667,0.5625
03-05-2026 02:45,03-05-2026 03:00,29.67,70.5,83,0.53,258.06,6.29,2026,3,5,2,45,3,-0.978364789,-0.206887263,0.27,0.27,0.27,0.27,0.365,0.3325,0.565208333
03-05-2026 03:00,03-05-2026 03:15,28,60,82.9,0.69,151.15,6.33,2026,3,5,3,0,3,0.482518212,-0.875885937,0.53,0.29,0.35,0.27,0.465,0.3575,0.569583333
03-05-2026 03:15,03-05-2026 03:30,28,60,82.84,0.45,65.5,6.38,2026,3,5,3,15,3,0.909961271,0.414693243,0.69,0.37,0.31,0.27,0.485,0.365,0.571458333
03-05-2026 03:30,03-05-2026 03:45,28,60,83.3,0.48,274.11,6.41,2026,3,5,3,30,3,-0.997428289,0.07167153,0.45,0.27,0.27,0.27,0.5375,0.379166667,0.573645833
03-05-2026 03:45,03-05-2026 04:00,44.44,78.8,83.8,0.47,231.89,6.28,2026,3,5,3,45,3,-0.786827317,-0.617173212,0.48,0.53,0.27,0.27,0.5225,0.395833333,0.575729167
03-05-2026 04:00,03-05-2026 04:15,35,62,84.43,0.34,251.78,6.42,2026,3,5,4,0,3,-0.949862968,-0.312666502,0.47,0.69,0.29,0.27,0.435,0.395,0.576458333
03-05-2026 04:15,03-05-2026 04:30,35,62,84.86,0.41,285.27,6.47,2026,3,5,4,15,3,-0.96469545,0.263367973,0.34,0.45,0.37,0.27,0.425,0.403333333,0.577916667
03-05-2026 04:30,03-05-2026 04:45,35,62,85.21,0.51,287.31,6.29,2026,3,5,4,30,3,-0.954708883,0.297541507,0.41,0.48,0.27,0.27,0.4325,0.423333333,0.580416667
03-05-2026 04:45,03-05-2026 05:00,52.71,88.2,85.21,0.63,239.97,6.13,2026,3,5,4,45,3,-0.865763486,-0.500453381,0.51,0.47,0.53,0.27,0.4725,0.453333333,0.584166667
03-05-2026 05:00,03-05-2026 05:15,36,64,85.53,0.47,238.88,6.15,2026,3,5,5,0,3,-0.856086728,-0.516832191,0.63,0.34,0.69,0.34,0.505,0.468333333,0.585520833
03-05-2026 05:15,03-05-2026 05:30,36,64,85.85,0.33,290.97,6.09,2026,3,5,5,15,3,-0.93376794,0.357879079,0.47,0.41,0.45,0.46,0.485,0.465,0.584166667
03-05-2026 05:30,03-05-2026 05:45,36,64,86.22,0.56,233.05,6.05,2026,3,5,5,30,3,-0.799160389,-0.601117853,0.33,0.51,0.48,0.27,0.4975,0.489166667,0.5871875
03-05-2026 05:45,03-05-2026 06:00,47.1,95.6,86.37,0.53,200.2,6.03,2026,3,5,5,45,3,-0.345298199,-0.938493023,0.56,0.63,0.47,0.27,0.4725,0.489166667,0.589895833
03-05-2026 06:00,03-05-2026 06:15,33,88,86.74,0.55,239.65,6.37,2026,3,5,6,0,3,-0.862954938,-0.505280886,0.53,0.47,0.34,0.27,0.4925,0.4775,0.5928125
03-05-2026 06:15,03-05-2026 06:30,33,88,87.01,1.1,151.98,7.36,2026,3,5,6,15,3,0.469779741,-0.882783663,0.55,0.33,0.41,0.27,0.685,0.531666667,0.601458333
03-05-2026 06:30,03-05-2026 06:45,33,88,87.04,0.97,222.94,8.27,2026,3,5,6,30,3,-0.681232114,-0.732067487,1.1,0.56,0.51,0.27,0.7875,0.5725,0.60875
03-05-2026 06:45,03-05-2026 07:00,58.04,122.4,86.92,0.42,235.58,8.62,2026,3,5,6,45,3,-0.824916237,-0.565254988,0.97,0.53,0.63,0.27,0.76,0.568333333,0.6103125
03-05-2026 07:00,03-05-2026 07:15,37,118,86.4,0.68,181.98,8.73,2026,3,5,7,0,3,-0.034550641,-0.999402948,0.42,0.55,0.47,0.41,0.7925,0.596666667,0.613125
03-05-2026 07:15,03-05-2026 07:30,37,118,85.91,1,259.46,8.89,2026,3,5,7,15,3,-0.983127444,-0.182921922,0.68,1.1,0.33,0.5,0.7675,0.645833333,0.618333333
03-05-2026 07:30,03-05-2026 07:45,37,118,85.2,0.99,126.12,9.07,2026,3,5,7,30,3,0.807784166,-0.589478363,1,0.97,0.56,0.54,0.7725,0.685833333,0.623020833
03-05-2026 07:45,03-05-2026 08:00,40.67,128,84.29,1.13,211.1,9.17,2026,3,5,7,45,3,-0.516533329,-0.856267085,0.99,0.42,0.53,0.35,0.95,0.7275,0.631145833
03-05-2026 08:45,03-05-2026 09:00,52.37,126.6,78.67,0.75,191.12,9.84,2026,3,5,8,45,3,-0.192864491,-0.981225401,1.06,1.13,0.42,0.93,1.0375,0.915833333,0.6496875
03-05-2026 09:00,03-05-2026 09:15,41,122,76.25,0.78,170.67,10.02,2026,3,5,9,0,3,0.162120515,-0.986770966,0.75,1.55,0.68,0.96,0.845,0.935,0.6478125
03-05-2026 09:15,03-05-2026 09:30,41,122,74.48,1.14,204.75,9.68,2026,3,5,9,15,3,-0.418659738,-0.908143174,0.78,0.79,1,0.9,0.9325,0.938333333,0.6503125
03-05-2026 09:30,03-05-2026 09:45,41,122,73.07,1.25,178.78,9.57,2026,3,5,9,30,3,0.021291408,-0.999773312,1.14,1.06,0.99,1.35,0.98,0.961666667,0.649270833
03-05-2026 14:45,03-05-2026 15:00,47.25,119,71.5,0.85,57.52,9.26,2026,3,5,14,45,3,0.843578947,0.537005176,1.13,0.94,1.83,1.04,1.27,1.288333333,0.664791667
03-05-2026 15:00,03-05-2026 15:15,27,87,72.18,1.1,70.63,9.33,2026,3,5,15,0,3,0.943396448,0.331667216,0.85,1.72,1.57,1.04,1.115,1.275833333,0.665416667
03-05-2026 15:15,03-05-2026 15:30,27,87,72.01,0.85,108.16,9.22,2026,3,5,15,15,3,0.950189871,-0.311671637,1.1,1.38,1.34,0.54,0.9825,1.226666667,0.668645833
03-05-2026 15:30,03-05-2026 15:45,27,87,72.87,1.09,81.21,9.19,2026,3,5,15,30,3,0.988255067,0.152813356,0.85,1.13,0.89,0.6,0.9725,1.224166667,0.67375
03-05-2026 15:45,03-05-2026 16:00,43.44,126.6,74.53,1.1,92.1,9.19,2026,3,5,15,45,3,0.999328394,-0.036643709,1.09,0.85,0.94,0.97,1.035,1.163333333,0.675104167
03-05-2026 16:00,03-05-2026 16:15,27,126,75.34,1.47,73.47,9.21,2026,3,5,16,0,3,0.958670893,0.284517343,1.1,1.1,1.72,0.69,1.1275,1.155,0.683229167
03-05-2026 16:15,03-05-2026 16:30,27,126,75.81,1.89,50.32,9.07,2026,3,5,16,15,3,0.76962248,0.638499207,1.47,0.85,1.38,0.91,1.3875,1.200833333,0.6934375
03-05-2026 16:30,03-05-2026 16:45,27,126,77.2,0.82,118.17,8.99,2026,3,5,16,30,3,0.881550758,-0.472089251,1.89,1.09,1.13,0.37,1.32,1.195,0.698125
03-05-2026 16:45,03-05-2026 17:00,27,101.5,77.46,1.59,59.14,8.89,2026,3,5,16,45,3,0.858423216,0.512942085,0.82,1.1,0.85,0.6,1.4425,1.249166667,0.7084375
03-05-2026 17:00,03-05-2026 17:15,25,77,78.48,1.08,102.57,8.93,2026,3,5,17,0,3,0.976030848,-0.217632223,1.59,1.47,1.1,0.76,1.345,1.195833333,0.711770833
03-05-2026 17:15,03-05-2026 17:30,25,77,78.91,1.94,26.5,9.07,2026,3,5,17,15,3,0.446197813,0.894934362,1.08,1.89,0.85,0.79,1.3575,1.2425,0.72375
03-05-2026 17:30,03-05-2026 17:45,25,77,80.32,1.84,161.16,9.08,2026,3,5,17,30,3,0.322926503,-0.946424046,1.94,0.82,1.09,0.67,1.6125,1.301666667,0.7359375
03-05-2026 17:45,03-05-2026 18:00,41.36,95.6,81.27,1.32,81.1,8.62,2026,3,5,17,45,3,0.987959866,0.154710386,1.84,1.59,1.1,0.31,1.545,1.340833333,0.746458333
03-05-2026 18:00,03-05-2026 18:15,29,83,81.81,1.2,28.66,7.78,2026,3,5,18,0,3,0.479611017,0.877481209,1.32,1.08,1.47,0.27,1.575,1.349166667,0.756145833
03-05-2026 18:15,03-05-2026 18:30,29,83,82.26,1.7,93.78,6.79,2026,3,5,18,15,3,0.997824541,-0.065925598,1.2,1.94,1.89,0.63,1.515,1.42,0.767291667
03-05-2026 18:30,03-05-2026 18:45,29,83,82.9,0.77,83.68,6.4,2026,3,5,18,30,3,0.99392259,0.110081262,1.7,1.84,0.82,0.31,1.2475,1.393333333,0.772083333
03-05-2026 18:45,03-05-2026 19:00,29,82,83.18,1.26,36.02,6.43,2026,3,5,18,45,3,0.588067617,0.808811769,0.77,1.32,1.59,0.27,1.2325,1.406666667,0.782395833
03-05-2026 19:00,03-05-2026 19:15,28.8,81,83.39,1.16,57.68,6.46,2026,3,5,19,0,3,0.845075258,0.534647369,1.26,1.2,1.08,0.27,1.2225,1.380833333,0.791666667
03-05-2026 19:15,03-05-2026 19:30,29,81,83.5,1.58,87.39,6.44,2026,3,5,19,15,3,0.998962637,0.045537341,1.16,1.7,1.94,0.27,1.1925,1.355,0.8053125
03-05-2026 19:30,03-05-2026 19:45,29,81,83.25,1.12,57.46,6.43,2026,3,5,19,30,3,0.843016134,0.537888276,1.58,0.77,1.84,0.28,1.28,1.38,0.8140625
03-05-2026 19:45,03-05-2026 20:00,46.97,106.2,83.15,0.87,140.68,6.34,2026,3,5,19,45,3,0.633650955,-0.773619071,1.12,1.26,1.32,0.27,1.1825,1.32,0.8203125
03-05-2026 20:00,03-05-2026 20:15,27,87,82.7,1.31,72.45,6.28,2026,3,5,20,0,3,0.953454172,0.30153796,0.87,1.16,1.2,0.27,1.22,1.339166667,0.831145833
03-05-2026 20:15,03-05-2026 20:30,27,87,82.34,1.41,117.54,6.53,2026,3,5,20,15,3,0.886688256,-0.462367751,1.31,1.58,1.7,0.27,1.1775,1.295,0.843020833
03-05-2026 20:30,03-05-2026 20:45,27,87,82.07,1.37,84.92,6.46,2026,3,5,20,30,3,0.996072035,0.088546608,1.41,1.12,0.77,0.28,1.24,1.255833333,0.854375
03-05-2026 20:45,03-05-2026 21:00,37.32,96.2,81.22,1.39,26.5,6.32,2026,3,5,20,45,3,0.446197813,0.894934362,1.37,0.87,1.26,0.43,1.37,1.261666667,0.864375
03-05-2026 21:00,03-05-2026 21:15,26,90,80.45,1.2,121.45,6.35,2026,3,5,21,0,3,0.853095806,-0.521754297,1.39,1.31,1.16,0.27,1.3425,1.261666667,0.8740625
03-05-2026 21:15,03-05-2026 21:30,26,90,79.85,1.55,67.69,6.46,2026,3,5,21,15,3,0.925143477,0.379617633,1.2,1.41,1.58,0.27,1.3775,1.249166667,0.887395833
03-05-2026 21:30,03-05-2026 21:45,26,90,79.51,0.94,80.67,6.47,2026,3,5,21,30,3,0.986770966,0.162120515,1.55,1.37,1.12,0.27,1.27,1.263333333,0.894375
03-05-2026 21:45,03-05-2026 22:00,44.86,83.2,80.09,1.37,58.96,6.13,2026,3,5,21,45,3,0.856807527,0.515636365,0.94,1.39,0.87,0.27,1.265,1.2725,0.905833333
03-05-2026 22:00,03-05-2026 22:15,27,48,80.26,1.36,86.97,6.13,2026,3,5,22,0,3,0.998601995,0.05285883,1.37,1.2,1.31,0.27,1.305,1.289166667,0.9171875
03-05-2026 22:15,03-05-2026 22:30,27,48,81.1,1.11,88.46,6.14,2026,3,5,22,15,3,0.999638806,0.026874834,1.36,1.55,1.41,0.27,1.195,1.25,0.9259375
03-05-2026 22:30,03-05-2026 22:45,27,48,81.75,1.11,39.54,6.18,2026,3,5,22,30,3,0.636616761,0.771180329,1.11,0.94,1.37,0.27,1.2375,1.249166667,0.9346875
03-05-2026 22:45,03-05-2026 23:00,41.82,70.2,82.52,1.39,61.7,6.15,2026,3,5,22,45,3,0.880477354,0.474088209,1.11,1.37,1.39,0.27,1.2425,1.2925,0.946354167
03-05-2026 23:00,03-05-2026 23:15,21,43,82.9,1.36,26.5,6.06,2026,3,5,23,0,3,0.446197813,0.894934362,1.39,1.36,1.2,0.27,1.2425,1.296666667,0.957708333
03-05-2026 23:15,03-05-2026 23:30,21,43,83.51,1.38,102.29,6.14,2026,3,5,23,15,3,0.97708274,-0.212859856,1.36,1.11,1.55,0.27,1.31,1.294166667,0.969270833
03-05-2026 23:30,03-05-2026 23:45,21,43,84.22,0.9,74.61,6.02,2026,3,5,23,30,3,0.964141738,0.265387847,1.38,1.11,0.94,0.32,1.2575,1.255,0.9753125
03-05-2026 23:45,03-06-2026 00:00,50.44,83.8,84.91,1.07,128.93,6.03,2026,3,5,23,45,3,0.777914241,-0.628370459,0.9,1.39,1.37,0.43,1.1775,1.228333333,0.981979167
04-05-2026 00:00,04-05-2026 00:15,14,27,86.03,1.65,165.6,6.29,2026,4,5,0,0,6,0.248689887,-0.968583161,1.18,1.71,1.04,0.96,1.43,1.3475,1.30125
04-05-2026 00:15,04-05-2026 00:30,14,27,85.92,1.1,126.53,6.41,2026,4,5,0,15,6,0.803545302,-0.595243604,1.65,1.49,1,0.99,1.3325,1.32,1.302395833
04-05-2026 00:30,04-05-2026 00:45,14,27,85.95,1.48,128.97,6.42,2026,4,5,0,30,6,0.777475366,-0.628913392,1.1,1.4,1.17,1.44,1.3525,1.3025,1.3028125
04-05-2026 00:45,04-05-2026 01:00,8.4,25,86.04,1.35,82.12,6.34,2026,4,5,0,45,6,0.99055738,0.137098785,1.48,1.18,1.73,1.23,1.395,1.358333333,1.3040625
04-05-2026 01:00,04-05-2026 01:15,13,22,86.04,1.11,82.51,6.41,2026,4,5,1,0,6,0.991467627,0.13035315,1.35,1.65,1.71,0.96,1.26,1.364166667,1.305625
04-05-2026 01:15,04-05-2026 01:30,13,22,86.28,0.81,116.3,6.41,2026,4,5,1,15,6,0.89648643,-0.443071191,1.11,1.1,1.49,0.97,1.1875,1.348333333,1.303958333
04-05-2026 01:30,04-05-2026 01:45,13,22,86.64,1.13,94.22,6.36,2026,4,5,1,30,6,0.997288852,-0.073586321,0.81,1.48,1.4,1.52,1.1,1.345,1.299895833
04-05-2026 01:45,04-05-2026 02:00,10.4,22,86.74,1.24,106.38,6.45,2026,4,5,1,45,6,0.959412472,-0.282006576,1.13,1.35,1.18,0.57,1.0725,1.304166667,1.306875
04-05-2026 02:00,04-05-2026 02:15,7,22,86.63,0.94,159.63,6.45,2026,4,5,2,0,6,0.34808124,-0.937464373,1.24,1.11,1.65,0.61,1.03,1.24,1.3103125
04-05-2026 02:15,04-05-2026 02:30,7,22,86.48,1.38,107.65,6.38,2026,4,5,2,15,6,0.952926437,-0.303201591,0.94,0.81,1.1,0.92,1.1725,1.230833333,1.315104167
04-05-2026 02:30,04-05-2026 02:45,7,22,86.36,1.22,109.69,6.44,2026,4,5,2,30,6,0.941529365,-0.336930936,1.38,1.13,1.48,0.91,1.195,1.215833333,1.318333333
04-05-2026 02:45,04-05-2026 03:00,5.6,20.8,86.32,1.29,144.86,6.34,2026,4,5,2,45,6,0.575576288,-0.817748089,1.22,1.24,1.35,0.82,1.2075,1.225,1.323229167
04-05-2026 03:00,04-05-2026 03:15,4,19,86.42,1.2,121.59,6.25,2026,4,5,3,0,6,0.851818374,-0.523837244,1.29,0.94,1.11,1.3,1.2725,1.1875,1.3221875
04-05-2026 03:15,04-05-2026 03:30,4,19,86.48,0.89,125.87,6.24,2026,4,5,3,15,6,0.810348553,-0.58594814,1.2,1.38,0.81,0.78,1.15,1.17,1.323333333
04-05-2026 03:30,04-05-2026 03:45,4,19,86.79,1.4,103.74,6.18,2026,4,5,3,30,6,0.971383539,-0.237516358,0.89,1.22,1.13,1.13,1.195,1.163333333,1.326145833
04-05-2026 03:45,04-05-2026 04:00,2.54,17.8,87.01,0.84,80.68,6.17,2026,4,5,3,45,6,0.986799246,0.161948289,1.4,1.29,1.24,0.27,1.0825,1.120833333,1.332083333
04-05-2026 04:00,04-05-2026 04:15,0.7,16,87.24,0.86,99.92,6.1,2026,4,5,4,0,6,0.985049252,-0.172272958,0.84,1.2,0.94,0.73,0.9975,1.1,1.3334375
04-05-2026 04:15,04-05-2026 04:30,0.7,16,87.25,0.59,148.22,6.17,2026,4,5,4,15,6,0.526659095,-0.850076583,0.86,0.89,1.38,1.34,0.9225,1.081666667,1.325625
04-05-2026 04:30,04-05-2026 04:45,0.7,16,87.34,0.89,83.21,6,2026,4,5,4,30,6,0.992986158,0.118230661,0.59,1.4,1.22,0.99,0.795,1.061666667,1.324583333
04-05-2026 04:45,04-05-2026 05:00,22.4,45.8,85.77,0.68,190.7,5.96,2026,4,5,4,45,6,-0.185666615,-0.982612797,0.89,0.84,1.29,0.8,0.755,1.015,1.323333333
04-05-2026 05:00,04-05-2026 05:15,7,13,82.89,1.38,234.27,6.1,2026,4,5,5,0,6,-0.811777874,-0.583966337,0.68,0.86,1.2,0.91,0.885,1.051666667,1.328229167
04-05-2026 05:15,04-05-2026 05:30,7,13,82.84,1.43,172.49,6.07,2026,4,5,5,15,6,0.13069923,-0.991422065,1.38,0.59,0.89,0.82,1.095,1.055833333,1.334583333
04-05-2026 05:30,04-05-2026 05:45,7,13,82.73,0.81,197.98,6.17,2026,4,5,5,30,6,-0.308684994,-0.951164326,1.43,0.89,1.4,0.85,1.075,1.021666667,1.334166667
04-05-2026 05:45,04-05-2026 06:00,5.6,37.4,81.61,1.43,227.49,7.83,2026,4,5,5,45,6,-0.737159413,-0.675718876,0.81,0.68,0.84,0.85,1.2625,1.033333333,1.340208333
04-05-2026 06:00,04-05-2026 06:15,41,74,80.23,0.63,200.38,13.82,2026,4,5,6,0,6,-0.348244853,-0.937403607,1.43,1.38,0.86,0.94,1.075,0.985833333,1.336979167
04-05-2026 06:15,04-05-2026 06:30,41,74,79.06,0.62,221.35,19.76,2026,4,5,6,15,6,-0.660657018,-0.750687887,0.63,1.43,0.59,0.59,0.8725,0.963333333,1.337291667
04-05-2026 06:30,04-05-2026 06:45,41,74,78.22,1.11,195.91,24.72,2026,4,5,6,30,6,-0.27412707,-0.96169348,0.62,0.81,0.89,0.95,0.9475,0.939166667,1.338958333
04-05-2026 06:45,04-05-2026 07:00,39,68,77.49,1.13,123.69,32.61,2026,4,5,6,45,6,0.832050948,-0.554699216,1.11,1.43,0.68,0.94,0.8725,0.963333333,1.3409375
04-05-2026 07:00,04-05-2026 07:15,31,59,76.15,1.96,164.75,47.46,2026,4,5,7,0,6,0.263031214,-0.964787324,1.13,0.63,1.38,0.89,1.205,1.055,1.352083333
04-05-2026 07:15,04-05-2026 07:30,31,59,74.68,1.14,222.53,91.06,2026,4,5,7,15,6,-0.675976153,-0.736923498,1.96,0.62,1.43,1.32,1.335,1.100833333,1.350208333
04-05-2026 07:30,04-05-2026 07:45,31,59,73.61,1.66,187.02,120.23,2026,4,5,7,30,6,-0.1222158,-0.992503551,1.14,1.11,0.81,1.23,1.4725,1.165,1.3546875
04-05-2026 07:45,04-05-2026 08:00,24.8,66.6,71.88,1.88,224.12,73.41,2026,4,5,7,45,6,-0.696163428,-0.717883335,1.66,1.13,1.43,1.27,1.66,1.265,1.361041667
04-05-2026 08:00,04-05-2026 08:15,41,78,71.39,1.18,166.18,53.38,2026,4,5,8,0,6,0.238872433,-0.971050957,1.88,1.96,0.63,2.04,1.465,1.248333333,1.352083333
04-05-2026 08:15,04-05-2026 08:30,41,78,70.93,1.83,187.74,55.21,2026,4,5,8,15,6,-0.134677989,-0.990889418,1.18,1.14,0.62,1.69,1.6375,1.281666667,1.353541667
04-05-2026 08:30,04-05-2026 08:45,41,78,70.11,1.08,165.02,147.13,2026,4,5,8,30,6,0.258481858,-0.966016112,1.83,1.66,1.11,1.29,1.4925,1.304166667,1.351354167
04-05-2026 15:30,04-05-2026 15:45,21,32,74.46,1.51,47.23,154.32,2026,4,5,15,30,6,0.734085519,0.679057031,1.04,1.89,2.09,0.97,1.2525,1.626666667,1.317604167
04-05-2026 15:45,04-05-2026 16:00,16.8,32.8,76.36,1.78,50.92,129.15,2026,4,5,15,45,6,0.776266507,0.630404878,1.51,1.5,1.65,1.68,1.3225,1.665,1.318645833
04-05-2026 16:00,04-05-2026 16:15,18,34,76.86,0.64,92.61,116.84,2026,4,5,16,0,6,0.998962637,-0.045537341,1.78,0.96,1.87,1.2,1.2425,1.528333333,1.3128125
04-05-2026 16:15,04-05-2026 16:30,18,34,76.16,1.14,70.7,100.66,2026,4,5,16,15,6,0.943800952,0.330514393,0.64,1.04,1.62,0.96,1.2675,1.474166667,1.3146875
04-05-2026 16:30,04-05-2026 16:45,18,34,78.17,1.03,75.75,81.47,2026,4,5,16,30,6,0.96923091,0.246153293,1.14,1.51,1.89,1.65,1.1475,1.385833333,1.308229167
04-05-2026 16:45,04-05-2026 17:00,14.4,32.8,79.27,1.29,83.31,59.48,2026,4,5,16,45,6,0.993190997,0.116497394,1.03,1.78,1.5,1.71,1.025,1.355833333,1.303854167
04-05-2026 17:00,04-05-2026 17:15,13,31,80.35,1.06,44.46,44.05,2026,4,5,17,0,6,0.700411151,0.713739602,1.29,0.64,0.96,1.65,1.13,1.288333333,1.297708333
04-05-2026 17:15,04-05-2026 17:30,13,31,81.5,1.1,49.13,30.68,2026,4,5,17,15,6,0.756196187,0.65434496,1.06,1.14,1.04,1.29,1.12,1.245,1.295729167
04-05-2026 17:30,04-05-2026 17:45,13,31,82.67,0.97,55.92,22.02,2026,4,5,17,30,6,0.828255984,0.560349913,1.1,1.03,1.51,1.32,1.105,1.168333333,1.292083333
04-05-2026 17:45,04-05-2026 18:00,14.4,28.6,83.35,1.09,64.81,14.61,2026,4,5,17,45,6,0.904901351,0.425621363,0.97,1.29,1.78,0.65,1.055,1.134166667,1.296666667
04-05-2026 18:00,04-05-2026 18:15,18.2,25,84.35,1.46,39.2,9.89,2026,4,5,18,0,6,0.632029303,0.774944489,1.09,1.06,0.64,0.92,1.155,1.175833333,1.302291667
04-05-2026 18:15,04-05-2026 18:30,17,25,84.63,1.37,72.3,7,2026,4,5,18,15,6,0.952661481,0.304033061,1.46,1.1,1.14,1.08,1.2225,1.203333333,1.3053125
04-05-2026 18:30,04-05-2026 18:45,17.6,25,85.16,0.93,85.17,6.39,2026,4,5,18,30,6,0.996448909,0.084199594,1.37,0.97,1.03,0.71,1.2125,1.155,1.307604167
04-05-2026 18:45,04-05-2026 19:00,29.72,49.4,85.4,0.57,58.67,6.29,2026,4,5,18,45,6,0.854186693,0.519966434,0.93,1.09,1.29,0.94,1.0825,1.054166667,1.30375
04-05-2026 19:00,04-05-2026 19:15,16,48,85.6,0.56,75.4,6.38,2026,4,5,19,0,6,0.96770917,0.252069358,0.57,1.46,1.06,0.91,0.8575,1.0475,1.300104167
04-05-2026 19:15,04-05-2026 19:30,16,48,86.04,1.01,98.13,6.42,2026,4,5,19,15,6,0.989949746,-0.141419588,0.56,1.37,1.1,1.62,0.7675,1.036666667,1.29375
04-05-2026 19:30,04-05-2026 19:45,16,48,86.19,1.18,105.29,6.39,2026,4,5,19,30,6,0.964603458,-0.263704699,1.01,0.93,0.97,1.31,0.83,1.049166667,1.292395833
04-05-2026 19:45,04-05-2026 20:00,9.6,50.4,86.35,1.19,124.72,6.25,2026,4,5,19,45,6,0.821945275,-0.569566471,1.18,0.57,1.09,1.4,0.985,1.040833333,1.290208333
04-05-2026 20:00,04-05-2026 20:15,13,54,86.5,0.55,69.2,6.21,2026,4,5,20,0,6,0.934825676,0.355106962,1.19,0.56,1.46,0.9,0.9825,0.998333333,1.2865625
04-05-2026 20:15,04-05-2026 20:30,13,54,86.62,0.4,98.07,6.14,2026,4,5,20,15,6,0.990097298,-0.140382837,0.55,1.01,1.37,2.23,0.83,0.94,1.2675
04-05-2026 20:30,04-05-2026 20:45,13,54,86.73,0.53,72.3,6.06,2026,4,5,20,30,6,0.952661481,0.304033061,0.4,1.18,0.93,1.55,0.6675,0.903333333,1.256875
04-05-2026 20:45,04-05-2026 21:00,13,48.4,86.76,0.89,110.78,5.96,2026,4,5,20,45,6,0.934949575,-0.354780625,0.53,1.19,0.57,1.22,0.5925,0.886666667,1.2534375
04-05-2026 21:00,04-05-2026 21:15,9,40,86.94,1.72,49.93,6.08,2026,4,5,21,0,6,0.765258558,0.64372303,0.89,0.55,0.56,1.81,0.885,0.908333333,1.2525
04-05-2026 21:15,04-05-2026 21:30,9,40,87.09,1.14,112.23,6.06,2026,4,5,21,15,6,0.925672621,-0.37832552,1.72,0.4,1.01,1.43,1.07,0.889166667,1.249479167
04-05-2026 21:30,04-05-2026 21:45,9,40,87.13,0.96,141.83,6.1,2026,4,5,21,30,6,0.617996837,-0.786180583,1.14,0.53,1.18,1.69,1.1775,0.891666667,1.241875
04-05-2026 21:45,04-05-2026 22:00,7.2,38.8,87.32,1.77,86.52,6.1,2026,4,5,21,45,6,0.998156048,0.060700121,0.96,0.89,1.19,0.68,1.3975,0.991666667,1.253229167
04-05-2026 22:00,04-05-2026 22:15,8,37,87.59,1.02,101.22,6.03,2026,4,5,22,0,6,0.980887295,-0.194576757,1.77,1.72,0.55,1.04,1.2225,1.03,1.253020833
04-05-2026 22:15,04-05-2026 22:30,8,37,87.68,1.12,118.32,6.15,2026,4,5,22,15,6,0.880311812,-0.474395525,1.02,1.14,0.4,1,1.2175,1.039166667,1.254270833
04-05-2026 22:30,04-05-2026 22:45,8,37,87.7,0.85,111.06,6.03,2026,4,5,22,30,6,0.933204633,-0.359345396,1.12,0.96,0.53,1.17,1.19,1.011666667,1.2509375
04-05-2026 22:45,04-05-2026 23:00,6.2,31.8,87.97,0.95,65.16,6.08,2026,4,5,22,45,6,0.907484425,0.420085728,0.85,1.77,0.89,1.73,0.985,0.991666667,1.2428125
04-05-2026 23:00,04-05-2026 23:15,7,24,88.13,0.69,64.5,6.06,2026,4,5,23,0,6,0.902585284,0.430511097,0.95,1.02,1.72,1.71,0.9025,1.003333333,1.2321875
04-05-2026 23:15,04-05-2026 23:30,7,24,88.25,0.36,141.78,6.01,2026,4,5,23,15,6,0.618682673,-0.78564098,0.69,1.12,1.14,1.49,0.7125,1,1.220416667
04-05-2026 23:30,04-05-2026 23:45,7,24,88.27,1,99.96,6.11,2026,4,5,23,30,6,0.984928742,-0.17296061,0.36,0.85,0.96,1.4,0.75,1.039166667,1.21625
04-05-2026 23:45,04-06-2026 00:00,5.6,26.8,88.46,0.53,208.23,6.1,2026,4,5,23,45,6,-0.473012149,-0.881055904,1,0.95,1.77,1.18,0.645,1.009166667,1.209479167
05-05-2026 00:00,05-05-2026 00:15,23.2,48,78.99,0.74,179.44,6.39,2026,5,5,0,0,1,0.009773688,-0.999952236,0.65,0.89,1.29,0.56,0.8625,0.913333333,0.9878125
05-05-2026 00:15,05-05-2026 00:30,29,48,79.24,0.76,45.52,6.38,2026,5,5,0,15,1,0.713495069,0.70066025,0.74,0.88,1.01,0.27,0.8325,0.894166667,0.992916667
05-05-2026 00:30,05-05-2026 00:45,23.2,48,79.76,0.3,72.2,6.25,2026,5,5,0,30,1,0.952129393,0.305695305,0.76,1.18,0.67,0.27,0.6125,0.835,0.993229167
05-05-2026 00:45,05-05-2026 01:00,26,38.4,80.32,0.61,26.5,6.24,2026,5,5,0,45,1,0.446197813,0.894934362,0.3,0.65,0.87,0.27,0.6025,0.820833333,0.996770833
05-05-2026 01:00,05-05-2026 01:15,14,32,80.56,0.53,26.5,6.17,2026,5,5,1,0,1,0.446197813,0.894934362,0.61,0.74,0.89,0.27,0.55,0.7575,0.999479167
05-05-2026 01:15,05-05-2026 01:30,14,32,80.74,0.32,52.5,6.08,2026,5,5,1,15,1,0.79335334,0.608761429,0.53,0.76,0.88,0.27,0.44,0.7,1
05-05-2026 01:30,05-05-2026 01:45,14,32,81.09,0.27,26.5,6.13,2026,5,5,1,30,1,0.446197813,0.894934362,0.32,0.3,1.18,0.27,0.4325,0.666666667,1
05-05-2026 01:45,05-05-2026 02:00,13.4,36.2,80.7,1.1,154.05,6.07,2026,5,5,1,45,1,0.437586634,-0.899176255,0.27,0.61,0.65,0.27,0.555,0.685833333,1.008645833
05-05-2026 02:00,05-05-2026 02:15,8.8,39,79.4,0.97,258.83,6.08,2026,5,5,2,0,1,-0.981056722,-0.193720698,1.1,0.53,0.74,0.27,0.665,0.6925,1.0159375
05-05-2026 02:15,05-05-2026 02:30,11,39,76.82,0.84,286.8,5.96,2026,5,5,2,15,1,-0.957319498,0.289031797,0.97,0.32,0.76,0.45,0.795,0.689166667,1.02
05-05-2026 02:30,05-05-2026 02:45,11,39,76.56,1.75,187.17,6.03,2026,5,5,2,30,1,-0.124813746,-0.99218019,0.84,0.27,0.3,0.27,1.165,0.736666667,1.035416667
05-05-2026 02:45,05-05-2026 03:00,12.6,42.6,77.06,2.37,262.89,6.07,2026,5,5,2,45,1,-0.99231035,-0.123774669,1.75,1.1,0.61,0.83,1.4825,0.88,1.051458333
05-05-2026 03:00,05-05-2026 03:15,15.2,45,76.3,0.98,283.28,6.03,2026,5,5,3,0,1,-0.973259116,0.22971002,2.37,0.97,0.53,1.48,1.485,0.9,1.04625
05-05-2026 03:15,05-05-2026 03:30,19,45,75.87,0.73,261,6.11,2026,5,5,3,15,1,-0.987688341,-0.156434465,0.98,0.84,0.32,0.54,1.4575,0.8975,1.048229167
05-05-2026 03:30,05-05-2026 03:45,15.2,45,75.37,1,268.11,6.07,2026,5,5,3,30,1,-0.999455987,-0.032980741,0.73,1.75,0.27,0.59,1.27,0.955833333,1.0525
05-05-2026 03:45,05-05-2026 04:00,19.4,40.2,75.06,0.31,226.52,6.04,2026,5,5,3,45,1,-0.725614608,-0.68810133,1,2.37,1.1,0.49,0.755,0.930833333,1.050625
05-05-2026 04:00,05-05-2026 04:15,16.8,37,74.63,0.36,260.42,6.18,2026,5,5,4,0,1,-0.98605419,-0.166424559,0.31,0.98,0.97,0.65,0.6,0.916666667,1.047604167
05-05-2026 04:15,05-05-2026 04:30,21,37,74.14,0.96,208.46,6.17,2026,5,5,4,15,1,-0.476545114,-0.879150018,0.36,0.73,0.84,1.38,0.6575,0.97,1.043229167
05-05-2026 04:30,05-05-2026 04:45,16.8,37,73.64,0.68,206.59,6.2,2026,5,5,4,30,1,-0.447603022,-0.894232372,0.96,1,1.75,1.29,0.5775,1.004166667,1.036875
05-05-2026 04:45,05-05-2026 05:00,22.2,43.6,73.57,0.9,224.23,6.07,2026,5,5,4,45,1,-0.697540381,-0.716545475,0.68,0.31,2.37,1.42,0.725,0.9875,1.031458333
05-05-2026 05:00,05-05-2026 05:15,21.6,48,73.51,0.51,287.89,6.35,2026,5,5,5,0,1,-0.951648033,0.307190529,0.9,0.36,0.98,1.2,0.7625,0.949166667,1.024270833
05-05-2026 05:15,05-05-2026 05:30,27,48,73.58,0.27,324.12,6.35,2026,5,5,5,15,1,-0.586089563,0.810246274,0.51,0.96,0.73,1.21,0.59,0.901666667,1.014479167
05-05-2026 05:30,05-05-2026 05:45,21.6,48,73.8,0.27,301.33,6.78,2026,5,5,5,30,1,-0.854186693,0.519966434,0.27,0.68,1,1.55,0.4875,0.778333333,1.001145833
05-05-2026 05:45,05-05-2026 06:00,27,78.6,74.15,0.27,301.9,8.41,2026,5,5,5,45,1,-0.848971688,0.528438335,0.27,0.9,0.31,0.71,0.33,0.603333333,0.9965625
05-05-2026 06:00,05-05-2026 06:15,21.6,99,74.66,0.27,303.17,11.21,2026,5,5,6,0,1,-0.837050902,0.54712502,0.27,0.51,0.36,1.52,0.27,0.544166667,0.983541667
05-05-2026 06:15,05-05-2026 06:30,27,99,74.99,0.27,304.65,14.97,2026,5,5,6,15,1,-0.822640518,0.568561851,0.27,0.27,0.96,0.89,0.27,0.505833333,0.977083333
05-05-2026 06:30,05-05-2026 06:45,21.6,99,75.03,0.27,307.55,19.78,2026,5,5,6,30,1,-0.792821794,0.609453529,0.27,0.27,0.68,1.22,0.27,0.445,0.9671875
05-05-2026 06:45,05-05-2026 07:00,29.2,108,74.71,0.27,307.75,32.06,2026,5,5,6,45,1,-0.790689574,0.61221728,0.27,0.27,0.9,0.48,0.27,0.441666667,0.965
05-05-2026 07:00,05-05-2026 07:15,30.4,114,73.05,0.27,307.68,60.25,2026,5,5,7,0,1,-0.791436948,0.611250814,0.27,0.27,0.51,0.53,0.27,0.434166667,0.962291667
05-05-2026 07:15,05-05-2026 07:30,38,114,70.56,0.27,307.88,85,2026,5,5,7,15,1,-0.789298463,0.61400972,0.27,0.27,0.27,0.95,0.27,0.376666667,0.955208333
05-05-2026 07:30,05-05-2026 07:45,30.4,114,69.31,0.37,189.56,91.84,2026,5,5,7,30,1,-0.166080351,-0.986112223,0.27,0.27,0.27,1.04,0.295,0.350833333,0.948229167
05-05-2026 07:45,05-05-2026 08:00,35,87,67.89,0.29,26.5,114.38,2026,5,5,7,45,1,0.446197813,0.894934362,0.37,0.27,0.27,0.88,0.3,0.3,0.942083333
05-05-2026 08:00,05-05-2026 08:15,18.4,69,67.45,0.41,26.5,131.53,2026,5,5,8,0,1,0.446197813,0.894934362,0.29,0.27,0.27,0.77,0.335,0.291666667,0.938333333
05-05-2026 08:15,05-05-2026 08:30,23,69,67.5,0.44,26.5,115.53,2026,5,5,8,15,1,0.446197813,0.894934362,0.41,0.27,0.27,0.55,0.3775,0.305833333,0.9371875
05-05-2026 08:30,05-05-2026 08:45,18.4,69,67.99,0.35,43.39,151.5,2026,5,5,8,30,1,0.686960689,0.726694579,0.44,0.37,0.27,0.93,0.3725,0.3125,0.931145833
05-05-2026 09:15,05-05-2026 09:30,40,84,65.65,0.68,39.94,156.13,2026,5,5,9,15,1,0.641985058,0.766717149,0.58,0.44,0.27,1.58,0.4725,0.373333333,0.905104167
05-05-2026 09:30,05-05-2026 09:45,32,84,67.56,0.67,41.06,165.21,2026,5,5,9,30,1,0.656848999,0.754022143,0.68,0.35,0.37,1.58,0.5525,0.406666667,0.895625
05-05-2026 09:45,05-05-2026 10:00,35.6,61.8,67.8,0.63,41.94,159.54,2026,5,5,9,45,1,0.66835202,0.74384513,0.67,0.28,0.29,1.36,0.64,0.436666667,0.888020833
05-05-2026 14:30,05-05-2026 14:45,23,40,72.23,1.43,31.19,161.56,2026,5,5,14,30,1,0.517877712,0.85545466,1.2,0.99,1.37,0.87,1.385,1.209166667,0.8284375
05-05-2026 14:45,05-05-2026 15:00,37.21,61,72.45,1.05,61.14,146.51,2026,5,5,14,45,1,0.875801708,0.482671076,1.43,1.52,0.8,2.07,1.2675,1.214166667,0.8178125
05-05-2026 15:00,05-05-2026 15:15,22.4,44,72.8,1.03,32.62,163.6,2026,5,5,15,0,1,0.539064824,0.842264279,1.05,1.39,0.98,1.54,1.1775,1.204166667,0.8125
05-05-2026 15:15,05-05-2026 15:30,28,44,73.63,1.22,26.5,143.14,2026,5,5,15,15,1,0.446197813,0.894934362,1.03,1.2,1.39,1.32,1.1825,1.1975,0.811458333
05-05-2026 15:30,05-05-2026 15:45,28,44,74.39,0.91,42.8,141.16,2026,5,5,15,30,1,0.679441304,0.733729865,1.22,1.43,0.99,1.23,1.0525,1.159166667,0.808125
05-05-2026 15:45,05-05-2026 16:00,40.99,67.4,74.75,1.39,48.06,123.61,2026,5,5,15,45,1,0.74384513,0.66835202,0.91,1.05,1.52,1.05,1.1375,1.208333333,0.811666667
05-05-2026 16:00,05-05-2026 16:15,22.4,53,76.09,1.44,38.18,114.21,2026,5,5,16,0,1,0.618134042,0.786072711,1.39,1.03,1.39,1.19,1.24,1.246666667,0.814270833
05-05-2026 16:15,05-05-2026 16:30,28,53,76.71,0.93,39.94,81.8,2026,5,5,16,15,1,0.641985058,0.766717149,1.44,1.22,1.2,0.98,1.1675,1.208333333,0.81375
05-05-2026 16:30,05-05-2026 16:45,22.4,53,78.05,1.25,36.68,53.32,2026,5,5,16,30,1,0.597345238,0.801984206,0.93,0.91,1.43,1.15,1.2525,1.23,0.814791667
05-05-2026 16:45,05-05-2026 17:00,29.2,54.2,79.24,0.87,47.19,40.5,2026,5,5,16,45,1,0.733611268,0.679569354,1.25,1.39,1.05,1.03,1.1225,1.175833333,0.813125
05-05-2026 17:00,05-05-2026 17:15,34,55,79.79,1.32,42.68,34.12,2026,5,5,17,0,1,0.677903095,0.735151273,0.87,1.44,1.03,0.98,1.0925,1.17,0.816666667
05-05-2026 17:15,05-05-2026 17:30,34,55,79.73,1.11,55.57,29.45,2026,5,5,17,15,1,0.824817569,0.565398954,1.32,0.93,1.22,1.04,1.1375,1.1625,0.817395833
05-05-2026 17:30,05-05-2026 17:45,27.2,55,80.58,0.82,46.58,20.67,2026,5,5,17,30,1,0.726334788,0.687341091,1.11,1.25,0.91,0.69,1.03,1.111666667,0.81875
05-05-2026 17:45,05-05-2026 18:00,31.8,47.8,81.85,0.65,47.2,16.16,2026,5,5,17,45,1,0.733729865,0.679441304,0.82,0.87,1.39,0.55,0.975,1.078333333,0.819791667
05-05-2026 18:00,05-05-2026 18:15,23,43,82.24,0.57,40.84,10.09,2026,5,5,18,0,1,0.653948927,0.756538698,0.65,1.32,1.44,1.07,0.7875,1.04,0.814583333
05-05-2026 18:15,05-05-2026 18:30,23,43,82.55,0.95,35.94,7.5,2026,5,5,18,15,1,0.58693773,0.809632078,0.57,1.11,0.93,0.41,0.7475,1.0175,0.820208333
05-05-2026 18:30,05-05-2026 18:45,18.4,43,82.84,1.14,26.5,6.42,2026,5,5,18,30,1,0.446197813,0.894934362,0.95,0.82,1.25,0.41,0.8275,1.036666667,0.8278125
05-05-2026 18:45,05-05-2026 19:00,38.78,66,83.27,0.9,34.54,6.21,2026,5,5,18,45,1,0.566981447,0.823730562,1.14,0.65,0.87,0.45,0.89,0.995833333,0.8325
05-05-2026 19:00,05-05-2026 19:15,13.6,39,83.78,0.68,26.5,6.03,2026,5,5,19,0,1,0.446197813,0.894934362,0.9,0.57,1.32,0.56,0.9175,0.9325,0.83375
05-05-2026 19:15,05-05-2026 19:30,17,39,84.36,0.61,33.59,6.22,2026,5,5,19,15,1,0.553246169,0.833017813,0.68,0.95,1.11,0.83,0.8325,0.905833333,0.831458333
05-05-2026 19:30,05-05-2026 19:45,13.6,39,84.74,0.67,41.29,6.08,2026,5,5,19,30,1,0.659870538,0.751379314,0.61,1.14,0.82,0.31,0.715,0.8575,0.835208333
05-05-2026 19:45,05-05-2026 20:00,17.2,40.8,84.65,0.59,26.5,5.93,2026,5,5,19,45,1,0.446197813,0.894934362,0.67,0.9,0.65,0.68,0.6375,0.834166667,0.834270833
05-05-2026 20:00,05-05-2026 20:15,18,42,84.65,0.67,68.49,5.99,2026,5,5,20,0,1,0.930353587,0.36666361,0.59,0.68,0.57,0.54,0.635,0.78,0.835625
05-05-2026 20:15,05-05-2026 20:30,18,42,84.7,0.74,97.17,5.86,2026,5,5,20,15,1,0.99218019,-0.124813746,0.67,0.61,0.95,0.64,0.6675,0.749166667,0.836666667
05-05-2026 20:30,05-05-2026 20:45,18,42,84.94,0.56,29.71,6,2026,5,5,20,30,1,0.495610266,0.868545027,0.74,0.67,1.14,0.72,0.64,0.7275,0.835
05-05-2026 20:45,05-05-2026 21:00,39.37,72.2,84.91,0.85,70.46,5.9,2026,5,5,20,45,1,0.94240822,0.334464866,0.56,0.59,0.9,0.67,0.705,0.744166667,0.836875
05-05-2026 21:00,05-05-2026 21:15,16,44,85.2,0.66,26.5,5.87,2026,5,5,21,0,1,0.446197813,0.894934362,0.85,0.67,0.68,0.62,0.7025,0.751666667,0.837291667
05-05-2026 21:15,05-05-2026 21:30,20,44,85.42,0.3,154.11,6.15,2026,5,5,21,15,1,0.436644779,-0.899634002,0.66,0.74,0.61,0.99,0.5925,0.6975,0.830104167
05-05-2026 21:30,05-05-2026 21:45,16,44,85.6,0.43,130.63,5.94,2026,5,5,21,30,1,0.758930459,-0.651171682,0.3,0.56,0.67,1.01,0.56,0.638333333,0.8240625
05-05-2026 21:45,05-05-2026 22:00,19.4,41,85.82,0.56,96.16,6.08,2026,5,5,21,45,1,0.994226119,-0.107305281,0.43,0.85,0.59,0.78,0.4875,0.61,0.821770833
05-05-2026 22:00,05-05-2026 22:15,17,39,85.92,0.72,63.56,6.15,2026,5,5,22,0,1,0.895401128,0.445260396,0.56,0.66,0.67,1.29,0.5025,0.613333333,0.815833333
05-05-2026 22:15,05-05-2026 22:30,17,39,86.21,0.7,26.5,6.24,2026,5,5,22,15,1,0.446197813,0.894934362,0.72,0.3,0.74,1.01,0.6025,0.620833333,0.812604167
05-05-2026 22:30,05-05-2026 22:45,17,39,86.18,0.48,26.5,6.36,2026,5,5,22,30,1,0.446197813,0.894934362,0.7,0.43,0.56,0.67,0.615,0.605,0.810625
05-05-2026 22:45,05-05-2026 23:00,17,42,86.32,0.71,48.03,6.24,2026,5,5,22,45,1,0.74349508,0.668741405,0.48,0.56,0.85,0.87,0.6525,0.615,0.808958333
05-05-2026 23:00,05-05-2026 23:15,17,44,86.43,0.96,47.82,6.42,2026,5,5,23,0,1,0.741039026,0.671461959,0.71,0.72,0.66,0.89,0.7125,0.639166667,0.8096875
05-05-2026 23:15,05-05-2026 23:30,17,44,86.3,0.45,67.08,6.35,2026,5,5,23,15,1,0.92104952,0.389445481,0.96,0.7,0.3,0.88,0.65,0.615,0.805208333
05-05-2026 23:30,05-05-2026 23:45,17,44,86.21,0.81,76.34,6.36,2026,5,5,23,30,1,0.971714227,0.236159819,0.45,0.48,0.43,1.18,0.7325,0.635833333,0.801354167
05-05-2026 23:45,05-06-2026 00:00,16.8,44.6,86.39,0.85,42.12,6.42,2026,5,5,23,45,1,0.670685577,0.741741773,0.81,0.71,0.56,0.65,0.7675,0.635833333,0.8034375
01-06-2026 00:00,01-06-2026 00:15,16.4,40,74.96,0.86,208.82,6.01,2026,1,6,0,0,1,-0.482059533,-0.876138463,1,0.62,1.22,0.37,0.865,0.848333333,1.190625
01-06-2026 00:15,01-06-2026 00:30,16.4,40,74.98,1.01,207.43,6.15,2026,1,6,0,15,1,-0.460664581,-0.887574303,0.86,0.8,0.71,0.47,0.9175,0.858333333,1.19625
01-06-2026 00:30,01-06-2026 00:45,16.4,40,75.31,1.18,73.37,6.07,2026,1,6,0,30,1,0.958172857,0.286190105,1.01,0.8,0.84,0.81,1.0125,0.898333333,1.200104167
01-06-2026 00:45,01-06-2026 01:00,16.56,40.4,75.54,1.02,142.75,6.08,2026,1,6,0,45,1,0.605293988,-0.796002003,1.18,1,0.89,0.7,1.0175,0.9125,1.2034375
01-06-2026 01:00,01-06-2026 01:15,17.22,42,75.3,0.81,28.05,6.08,2026,1,6,1,0,1,0.470241901,0.882537565,1.02,0.86,0.62,0.64,1.005,0.878333333,1.205208333
01-06-2026 01:15,01-06-2026 01:30,17.22,42,75.56,0.78,26.77,6.07,2026,1,6,1,15,1,0.450410122,0.892821775,0.81,1.01,0.8,0.54,0.9475,0.884166667,1.207708333
01-06-2026 01:30,01-06-2026 01:45,17.22,42,75.65,0.75,66.22,6.13,2026,1,6,1,30,1,0.915100476,0.403225891,0.78,1.18,0.8,0.81,0.84,0.876666667,1.207083333
01-06-2026 01:45,01-06-2026 02:00,17.71,43.2,76.42,0.74,199.17,6.08,2026,1,6,1,45,1,-0.328372127,-0.944548435,0.75,1.02,1,0.77,0.77,0.864166667,1.206770833
01-06-2026 02:00,01-06-2026 02:15,19.68,48,75.47,1.39,132,6.24,2026,1,6,2,0,1,0.743144825,-0.669130606,0.74,0.81,0.86,0.52,0.915,0.928333333,1.215833333
01-06-2026 02:15,01-06-2026 02:30,19.68,48,75.78,0.74,31.25,6.15,2026,1,6,2,15,1,0.518773258,0.854911871,1.39,0.78,1.01,0.78,0.905,0.923333333,1.215416667
01-06-2026 02:30,01-06-2026 02:45,19.68,48,75.84,1.21,57.8,6.17,2026,1,6,2,30,1,0.846193166,0.532876276,0.74,0.75,1.18,0.66,1.02,0.9575,1.221145833
01-06-2026 02:45,01-06-2026 03:00,27.88,68,75.73,1.14,201.68,6.17,2026,1,6,2,45,1,-0.369422406,-0.929261581,1.21,0.74,1.02,0.27,1.12,0.969166667,1.230208333
01-06-2026 03:00,01-06-2026 03:15,19.27,47,76.59,0.88,84.51,6.32,2026,1,6,3,0,1,0.995412911,0.095672022,1.14,1.39,0.81,0.59,0.9925,0.970833333,1.233229167
01-06-2026 03:15,01-06-2026 03:30,19.27,47,76.43,1.17,146.29,6.17,2026,1,6,3,15,1,0.554989622,-0.831857271,0.88,0.74,0.78,0.78,1.1,0.984166667,1.237291667
01-06-2026 03:30,01-06-2026 03:45,19.27,47,75.98,1.01,134.71,6.22,2026,1,6,3,30,1,0.710676698,-0.70351875,1.17,1.21,0.75,0.68,1.05,0.97,1.240729167
01-06-2026 03:45,01-06-2026 04:00,28.45,69.4,75.6,1.56,156.95,6.18,2026,1,6,3,45,1,0.391534272,-0.920163526,1.01,1.14,0.74,0.7,1.155,1.015,1.2496875
01-06-2026 04:00,01-06-2026 04:15,18.86,46,75.93,0.86,36.26,6.07,2026,1,6,4,0,1,0.59145039,0.806341389,1.56,0.88,1.39,1.11,1.15,1.019166667,1.247083333
01-06-2026 04:15,01-06-2026 04:30,18.86,46,75.53,1.47,177.23,6.24,2026,1,6,4,15,1,0.048326789,-0.998831578,0.86,1.17,0.74,0.75,1.225,1.076666667,1.254583333
01-06-2026 04:30,01-06-2026 04:45,18.86,46,74.98,1.08,137.42,6.17,2026,1,6,4,30,1,0.676618982,-0.736333317,1.47,1.01,1.21,0.49,1.2425,1.104166667,1.260729167
01-06-2026 04:45,01-06-2026 05:00,24.11,58.8,75.2,1.19,82.9,6.18,2026,1,6,4,45,1,0.992331938,0.123601477,1.08,1.56,1.14,0.4,1.15,1.141666667,1.268958333
01-06-2026 05:00,01-06-2026 05:15,20.5,50,75.14,0.94,26.5,6.17,2026,1,6,5,0,1,0.446197813,0.894934362,1.19,0.86,0.88,0.44,1.17,1.104166667,1.274166667
01-06-2026 05:15,01-06-2026 05:30,20.5,50,74.86,1.26,72.1,6.25,2026,1,6,5,15,1,0.951594404,0.307356618,0.94,1.47,1.17,1.09,1.1175,1.1475,1.2759375
01-06-2026 05:30,01-06-2026 05:45,20.5,50,74.76,1.04,29.47,6.21,2026,1,6,5,30,1,0.491967775,0.870613409,1.26,1.08,1.01,0.71,1.1075,1.133333333,1.279375
01-06-2026 05:45,01-06-2026 06:00,20.42,49.8,74.93,1,109.97,6.08,2026,1,6,5,45,1,0.939871573,-0.341528075,1.04,1.19,1.56,0.83,1.06,1.121666667,1.281145833
01-06-2026 06:00,01-06-2026 06:15,20.09,49,75.02,1.05,33.07,6.21,2026,1,6,6,0,1,0.545663258,0.83800454,1,0.94,0.86,0.77,1.0875,1.135833333,1.2840625
01-06-2026 06:15,01-06-2026 06:30,20.09,49,74.5,1.69,27.15,6.17,2026,1,6,6,15,1,0.456321591,0.889814928,1.05,1.26,1.47,1.34,1.195,1.179166667,1.287708333
01-06-2026 06:30,01-06-2026 06:45,20.09,49,73.61,1.17,89.1,7.79,2026,1,6,6,30,1,0.999876632,0.015707317,1.69,1.04,1.08,1.04,1.2275,1.1925,1.2890625
01-06-2026 06:45,01-06-2026 07:00,18.86,46,72.86,1.14,144.64,11.59,2026,1,6,6,45,1,0.578711965,-0.815532012,1.17,1,1.19,1.01,1.2625,1.1575,1.290416667
01-06-2026 07:00,01-06-2026 07:15,13.94,34,73.5,1.12,145.26,17.01,2026,1,6,7,0,1,0.569853349,-0.821746409,1.14,1.05,0.94,1.12,1.28,1.179166667,1.290416667
01-06-2026 07:15,01-06-2026 07:30,13.94,34,73.2,1.31,143.26,19.88,2026,1,6,7,15,1,0.598184746,-0.801358228,1.12,1.69,1.26,1.15,1.185,1.165833333,1.292083333
01-06-2026 07:30,01-06-2026 07:45,13.94,34,72.61,1.08,87.25,24.66,2026,1,6,7,30,1,0.998848386,0.047978129,1.31,1.17,1.04,1.16,1.1625,1.165833333,1.29125
01-06-2026 07:45,01-06-2026 08:00,14.6,35.6,73.02,1.14,84.08,28.39,2026,1,6,7,45,1,0.994666875,0.103139747,1.08,1.14,1,1.08,1.1625,1.161666667,1.291875
01-06-2026 08:00,01-06-2026 08:15,17.22,42,72.24,0.81,26.5,28.9,2026,1,6,8,0,1,0.446197813,0.894934362,1.14,1.12,1.05,1.09,1.085,1.150833333,1.288958333
01-06-2026 08:15,01-06-2026 08:30,17.22,42,72.3,0.68,137.32,32.03,2026,1,6,8,15,1,0.677903095,-0.735151273,0.81,1.31,1.69,1.89,0.9275,1.1025,1.276354167
01-06-2026 08:30,01-06-2026 08:45,17.22,42,72.12,0.72,130.61,33.92,2026,1,6,8,30,1,0.759157714,-0.650906725,0.68,1.08,1.17,0.96,0.8375,1.075833333,1.273854167
01-06-2026 08:45,01-06-2026 09:00,17.14,41.8,70.82,1.36,86.09,35.01,2026,1,6,8,45,1,0.997672393,0.068189418,0.72,1.14,1.14,1.56,0.8925,1.105833333,1.271770833
01-06-2026 09:00,01-06-2026 09:15,16.81,41,70.27,1.99,83.18,35.9,2026,1,6,9,0,1,0.992924117,0.118750571,1.36,0.81,1.12,0.75,1.1875,1.184166667,1.2846875
01-06-2026 09:15,01-06-2026 09:30,16.81,41,70.03,1.46,83.92,36.97,2026,1,6,9,15,1,0.994374977,0.105916975,1.99,0.68,1.31,0.97,1.3825,1.165,1.289791667
01-06-2026 09:30,01-06-2026 09:45,16.81,41,69.83,1.62,157.97,37.02,2026,1,6,9,30,1,0.375092014,-0.926987584,1.46,0.72,1.08,1.17,1.6075,1.2025,1.294479167
01-06-2026 09:45,01-06-2026 10:00,22.63,55.2,69.05,1.13,87.58,37.09,2026,1,6,9,45,1,0.999108152,0.042224411,1.62,1.36,1.14,1.8,1.55,1.201666667,1.2875
01-06-2026 10:00,01-06-2026 10:15,17.22,42,68.75,1.42,131.83,38.92,2026,1,6,10,0,1,0.745126902,-0.666922709,1.13,1.99,0.81,2.05,1.4075,1.226666667,1.2809375
01-06-2026 10:30,01-06-2026 10:45,17.22,42,68.39,1.4,152.78,38.25,2026,1,6,10,30,1,0.457408364,-0.889256762,2.7,1.62,0.72,1.76,1.6625,1.369166667,1.287291667
01-06-2026 10:45,01-06-2026 11:00,23.7,57.8,68.31,2.01,83.96,38.75,2026,1,6,10,45,1,0.994448678,0.105222745,1.4,1.13,1.36,2.03,1.8825,1.441666667,1.287083333
01-06-2026 11:00,01-06-2026 11:15,18.04,44,68.42,1.98,66.92,40.31,2026,1,6,11,0,1,0.919958393,0.392016014,2.01,1.42,1.99,1.94,2.0225,1.539166667,1.2875
01-06-2026 11:15,01-06-2026 11:30,18.04,44,68.5,2.41,91.81,41.42,2026,1,6,11,15,1,0.999501063,-0.031585205,1.98,2.7,1.46,1.75,1.95,1.683333333,1.294375
01-06-2026 11:30,01-06-2026 11:45,18.04,44,68.48,2.31,34.51,40.91,2026,1,6,11,30,1,0.566550065,0.82402732,2.41,1.4,1.62,1.42,2.1775,1.815833333,1.303645833
01-06-2026 11:45,01-06-2026 12:00,18.37,44.8,68.63,2.4,91.46,42.17,2026,1,6,11,45,1,0.999675356,-0.02547905,2.31,2.01,1.13,2.21,2.275,1.9025,1.305625
01-06-2026 12:00,01-06-2026 12:15,19.68,48,68.57,1.96,93.51,42.17,2026,1,6,12,0,1,0.998124128,-0.061222746,2.4,1.98,1.42,2.09,2.27,1.9,1.304270833
01-06-2026 12:15,01-06-2026 12:30,19.68,48,68.74,1.69,204.57,45.93,2026,1,6,12,15,1,-0.41580466,-0.909453949,1.96,2.41,2.7,2.64,2.09,1.919166667,1.294375
01-06-2026 12:30,01-06-2026 12:45,19.68,48,68.61,1.65,26.5,47.68,2026,1,6,12,30,1,0.446197813,0.894934362,1.69,2.31,1.4,1.87,1.925,1.921666667,1.292083333
01-06-2026 12:45,01-06-2026 13:00,19.93,48.6,68.96,1.57,144,44.64,2026,1,6,12,45,1,0.587785252,-0.809016994,1.65,2.4,2.01,2.26,1.7175,1.958333333,1.284895833
01-06-2026 13:00,01-06-2026 13:15,20.91,51,69.17,2.61,134.44,45.67,2026,1,6,13,0,1,0.713984048,-0.700161966,1.57,1.96,1.98,1.78,1.88,2.0575,1.293541667
01-06-2026 13:15,01-06-2026 13:30,20.91,51,68.98,1.01,94.99,45.62,2026,1,6,13,15,1,0.996209894,-0.086981873,2.61,1.69,2.41,2.06,1.71,1.916666667,1.282604167
01-06-2026 13:30,01-06-2026 13:45,20.91,51,68.36,1.45,27.93,44.72,2026,1,6,13,30,1,0.468392489,0.883520501,1.01,1.65,2.31,1.38,1.66,1.920833333,1.283333333
01-06-2026 13:45,01-06-2026 14:00,31.98,78,68.27,1.6,112.95,44.03,2026,1,6,13,45,1,0.92084548,-0.389927688,1.45,1.57,2.4,1.42,1.6675,1.886666667,1.285208333
01-06-2026 14:00,01-06-2026 14:15,20.09,49,69.03,0.78,26.5,44.25,2026,1,6,14,0,1,0.446197813,0.894934362,1.6,2.61,1.96,1.77,1.21,1.786666667,1.274895833
01-06-2026 14:15,01-06-2026 14:30,20.09,49,69.58,1.44,261.1,43.92,2026,1,6,14,15,1,-0.987959866,-0.154710386,0.78,1.01,1.69,1.53,1.3175,1.705833333,1.273958333
01-06-2026 14:30,01-06-2026 14:45,20.09,49,69.31,1.38,26.5,45.01,2026,1,6,14,30,1,0.446197813,0.894934362,1.44,1.45,1.65,1.33,1.3,1.628333333,1.274479167
01-06-2026 14:45,01-06-2026 15:00,18.61,45.4,70.01,1.29,93.33,44.37,2026,1,6,14,45,1,0.998311539,-0.05808675,1.38,1.6,1.57,1.41,1.2225,1.535833333,1.273229167
01-06-2026 15:00,01-06-2026 15:15,12.71,31,69.79,1.08,26.5,44.14,2026,1,6,15,0,1,0.446197813,0.894934362,1.29,0.78,2.61,1.19,1.2975,1.4625,1.272083333
01-06-2026 15:15,01-06-2026 15:30,12.71,31,69.31,0.49,125.89,43.6,2026,1,6,15,15,1,0.810143969,-0.586230969,1.08,1.44,1.01,1.91,1.06,1.3625,1.257291667
01-06-2026 15:30,01-06-2026 15:45,12.71,31,69.33,1.47,172.87,44.51,2026,1,6,15,30,1,0.124121044,-0.992267084,0.49,1.38,1.45,2.19,1.0825,1.3475,1.249791667
01-06-2026 15:45,01-06-2026 16:00,13.12,32,69.54,1.4,254.95,43.55,2026,1,6,15,45,1,-0.965699596,-0.259661876,1.47,1.29,1.6,1.95,1.11,1.333333333,1.2440625
01-06-2026 16:00,01-06-2026 16:15,14.76,36,70.53,1.5,47.44,42.88,2026,1,6,16,0,1,0.736569456,0.676361912,1.4,1.08,0.78,1.65,1.215,1.240833333,1.2425
01-06-2026 16:15,01-06-2026 16:30,14.76,36,71.17,1.52,124.04,38.3,2026,1,6,16,15,1,0.82864698,-0.559771545,1.5,0.49,1.44,1.68,1.4725,1.283333333,1.240833333
01-06-2026 16:30,01-06-2026 16:45,14.76,36,72.51,1.78,26.5,33.34,2026,1,6,16,30,1,0.446197813,0.894934362,1.52,1.47,1.38,1.79,1.55,1.310833333,1.240729167
01-06-2026 16:45,01-06-2026 17:00,15.25,37.2,72.15,1.74,91.15,25.03,2026,1,6,16,45,1,0.999798578,-0.020069939,1.78,1.4,1.29,1.7,1.635,1.3225,1.241145833
01-06-2026 17:00,01-06-2026 17:15,17.22,42,72.44,0.94,278.61,23.55,2026,1,6,17,0,1,-0.988730267,0.149707912,1.74,1.5,1.08,1.6,1.495,1.335833333,1.234270833
01-06-2026 17:15,01-06-2026 17:30,17.22,42,72.86,1.23,145.07,22.74,2026,1,6,17,15,1,0.572575226,-0.819852189,0.94,1.52,0.49,1.42,1.4225,1.318333333,1.232291667
01-06-2026 17:30,01-06-2026 17:45,17.22,42,73.42,1.49,46.17,15.78,2026,1,6,17,30,1,0.721397724,0.692520992,1.23,1.78,1.47,1.57,1.35,1.3275,1.231458333
01-06-2026 17:45,01-06-2026 18:00,17.3,42.2,73.96,0.57,145.76,8.7,2026,1,6,17,45,1,0.562660652,-0.826687965,1.49,1.74,1.4,1.36,1.0575,1.2675,1.223229167
01-06-2026 18:00,01-06-2026 18:15,17.63,43,74.71,1.17,98.16,6.9,2026,1,6,18,0,1,0.989875563,-0.141937905,0.57,0.94,1.5,1.12,1.115,1.275,1.22375
01-06-2026 18:15,01-06-2026 18:30,17.63,43,74.57,0.84,264.14,6.18,2026,1,6,18,15,1,-0.994774337,-0.102098078,1.17,1.23,1.52,1.63,1.0175,1.304166667,1.215520833
01-06-2026 18:30,01-06-2026 18:45,17.63,43,74.05,0.99,209.53,6.13,2026,1,6,18,30,1,-0.49287921,-0.870097744,0.84,1.49,1.78,1.1,0.8925,1.264166667,1.214375
01-06-2026 18:45,01-06-2026 19:00,17.88,43.6,74.58,0.62,337.67,6.27,2026,1,6,18,45,1,-0.379940546,0.925010909,0.99,0.57,1.74,1.09,0.905,1.199166667,1.209479167
01-06-2026 19:00,01-06-2026 19:15,18.86,46,75.39,0.4,83.61,6.14,2026,1,6,19,0,1,0.993787359,0.111295485,0.62,1.17,0.94,0.76,0.7125,1.1075,1.205729167
01-06-2026 19:15,01-06-2026 19:30,18.86,46,75.87,0.73,149.71,6.08,2026,1,6,19,15,1,0.504376925,-0.863483594,0.4,0.84,1.23,0.45,0.685,1.041666667,1.208645833
01-06-2026 19:30,01-06-2026 19:45,18.86,46,76.22,1.03,209.81,6.1,2026,1,6,19,30,1,-0.497125407,-0.867678702,0.73,0.99,1.49,1.02,0.695,0.979166667,1.20875
01-06-2026 19:45,01-06-2026 20:00,26.73,65.2,76.57,1.05,192.09,6.22,2026,1,6,19,45,1,-0.209447904,-0.977819807,1.03,0.62,0.57,0.88,0.8025,0.921666667,1.210520833
01-06-2026 20:00,01-06-2026 20:15,19.27,47,77.25,0.59,149.28,6.22,2026,1,6,20,0,1,0.510843032,-0.859674006,1.05,0.4,1.17,1.14,0.85,0.8925,1.204791667
01-06-2026 20:15,01-06-2026 20:30,19.27,47,77.17,0.73,259.42,6.21,2026,1,6,20,15,1,-0.9829995,-0.18360823,0.59,0.73,0.84,0.91,0.85,0.850833333,1.202916667
01-06-2026 20:30,01-06-2026 20:45,19.27,47,76.7,0.35,264.87,6.29,2026,1,6,20,30,1,-0.995994384,-0.089415811,0.73,1.03,0.99,1.01,0.68,0.755833333,1.196041667
01-06-2026 20:45,01-06-2026 21:00,19.43,47.4,76.55,0.93,144.85,6.1,2026,1,6,20,45,1,0.575719003,-0.817647619,0.35,1.05,0.62,1.17,0.65,0.785833333,1.193541667
01-06-2026 21:00,01-06-2026 21:15,20.09,49,76.68,1.01,83.88,6.18,2026,1,6,21,0,1,0.99430079,0.106611154,0.93,0.59,0.4,1,0.755,0.7725,1.193645833
01-06-2026 21:15,01-06-2026 21:30,20.09,49,76.36,0.5,149.43,6.18,2026,1,6,21,15,1,0.508590663,-0.861008442,1.01,0.73,0.73,0.89,0.6975,0.744166667,1.189583333
01-06-2026 21:30,01-06-2026 21:45,20.09,49,77.09,0.57,194.53,6.22,2026,1,6,21,30,1,-0.250886891,-0.968016409,0.5,0.35,1.03,0.7,0.7525,0.709166667,1.188229167
01-06-2026 21:45,01-06-2026 22:00,20.09,49,77.14,1.23,192.85,6.22,2026,1,6,21,45,1,-0.222399391,-0.974955645,0.57,0.93,1.05,0.85,0.8275,0.76,1.1921875
01-06-2026 22:00,01-06-2026 22:15,20.09,49,76.21,0.8,88.97,6.17,2026,1,6,22,0,1,0.99983842,0.017975923,1.23,1.01,0.59,1.22,0.775,0.793333333,1.1878125
01-06-2026 22:15,01-06-2026 22:30,20.09,49,76.22,0.76,149.42,6.21,2026,1,6,22,15,1,0.508740929,-0.860919664,0.8,0.5,0.73,0.71,0.84,0.795833333,1.188333333
01-06-2026 22:30,01-06-2026 22:45,20.09,49,76.19,0.89,127.07,6.27,2026,1,6,22,30,1,0.797899658,-0.602790291,0.76,0.57,0.35,0.84,0.92,0.784166667,1.188854167
01-06-2026 22:45,01-06-2026 23:00,29.44,71.8,76.55,0.93,152.25,6.21,2026,1,6,22,45,1,0.46561452,-0.884987637,0.89,1.23,0.93,0.89,0.845,0.774166667,1.189270833
01-06-2026 23:00,01-06-2026 23:15,22.96,56,76.43,0.66,151.02,6.2,2026,1,6,23,0,1,0.484504291,-0.874788884,0.93,0.8,1.01,0.62,0.81,0.78,1.1896875
01-06-2026 23:15,01-06-2026 23:30,22.96,56,75.89,1.29,125.37,6.18,2026,1,6,23,15,1,0.815430995,-0.578854293,0.66,0.76,0.5,0.8,0.9425,0.826666667,1.194791667
01-06-2026 23:30,01-06-2026 23:45,22.96,56,76.66,0.96,256.04,6.17,2026,1,6,23,30,1,-0.970464383,-0.241244442,1.29,0.89,0.57,0.8,0.96,0.8775,1.196458333
01-06-2026 23:45,01-07-2026 00:00,33.7,82.2,76.04,0.61,144.93,6.03,2026,1,6,23,45,1,0.574576791,-0.818450677,0.96,0.93,1.23,1,0.88,0.850833333,1.192395833
02-06-2026 00:00,02-06-2026 00:15,36,80,80.68,1.3,211.78,7.03,2026,2,6,0,0,4,-0.526659095,-0.850076583,1.21,1.02,1.17,0.49,1.125,1.1275,1.102447917
02-06-2026 00:15,02-06-2026 00:30,36,80,80.92,0.98,304.86,6.83,2026,2,6,0,15,4,-0.820551109,0.57157316,1.3,0.93,0.61,0.625,1.1375,1.125833333,1.106145833
02-06-2026 00:30,02-06-2026 00:45,36,80,81.04,1.33,192.46,6.44,2026,2,6,0,30,4,-0.215757978,-0.976446873,0.98,1.06,1.14,0.76,1.205,1.1025,1.112083333
02-06-2026 00:45,02-06-2026 01:00,44.5,88.4,81,1.09,341.61,6.28,2026,2,6,0,45,4,-0.315483422,0.948931088,1.33,1.21,1.05,0.775,1.175,1.074166667,1.115364583
02-06-2026 01:00,02-06-2026 01:15,34,78,81.16,0.97,335.24,6.32,2026,2,6,1,0,4,-0.418818232,0.90807009,1.09,1.3,1.02,0.79,1.0925,1.0575,1.117239583
02-06-2026 01:15,02-06-2026 01:30,34,78,81.46,0.64,317.95,6.27,2026,2,6,1,15,4,-0.669778868,0.742560616,0.97,0.98,0.93,0.735,1.0075,1.06,1.11625
02-06-2026 01:30,02-06-2026 01:45,35,78,81.68,0.655,279.035,6.155,2026,2,6,1,30,4,-0.987592596,0.15703778,0.64,1.33,1.06,0.68,0.83875,1.019583333,1.115989583
02-06-2026 01:45,02-06-2026 02:00,36,78,81.9,0.67,240.12,6.04,2026,2,6,1,45,4,-0.867070701,-0.498185105,0.655,1.09,1.21,0.4,0.73375,0.987916667,1.118802083
02-06-2026 02:00,02-06-2026 02:15,39,78,82.11,1.09,182.77,6.12,2026,2,6,2,0,4,-0.048326789,-0.998831578,0.67,0.97,1.3,0.27,0.76375,0.99375,1.12734375
02-06-2026 02:15,02-06-2026 02:30,39,78.545,82.4,0.83,220.75,6.045,2026,2,6,2,15,4,-0.652759752,-0.757564984,1.09,0.64,0.98,0.27,0.81125,0.985416667,1.133177083
02-06-2026 02:30,02-06-2026 02:45,39,79.09,82.69,0.57,258.73,5.97,2026,2,6,2,30,4,-0.980717121,-0.195432669,0.83,0.655,1.33,0.27,0.79,0.944583333,1.136302083
02-06-2026 02:45,02-06-2026 03:00,43.5,85.045,83.44,0.42,296.855,6.035,2026,2,6,2,45,4,-0.892152596,0.451734154,0.57,0.67,1.09,0.27,0.7275,0.87875,1.137864583
02-06-2026 03:00,02-06-2026 03:15,48,91,84.19,0.27,334.98,6.1,2026,2,6,3,0,4,-0.422934597,0.90616021,0.42,1.09,0.97,0.27,0.5225,0.792916667,1.137864583
02-06-2026 03:15,02-06-2026 03:30,48,91,84.89,0.38,310.75,6.03,2026,2,6,3,15,4,-0.757564984,0.652759752,0.27,0.83,0.64,0.27,0.41,0.742916667,1.139010417
02-06-2026 03:30,02-06-2026 03:45,48,91.59,86.23,0.35,314.18,5.89,2026,2,6,3,30,4,-0.71715392,0.696914811,0.38,0.57,0.655,0.28,0.355,0.66125,1.139739583
02-06-2026 03:45,02-06-2026 04:00,49.55,95.67,86.91,0.32,264.505,5.93,2026,2,6,3,45,4,-0.995404559,-0.095758887,0.35,0.42,0.67,0.33,0.33,0.597083333,1.139635417
02-06-2026 04:00,02-06-2026 04:15,51.1,99.75,87.59,0.29,214.83,5.97,2026,2,6,4,0,4,-0.571143442,-0.820850272,0.32,0.27,1.09,0.27,0.335,0.540416667,1.13984375
02-06-2026 04:15,02-06-2026 04:30,49.55,98.875,87.915,0.34,192.695,5.945,2026,2,6,4,15,4,-0.219761072,-0.975553725,0.29,0.38,0.83,0.27,0.325,0.515416667,1.140572917
02-06-2026 04:30,02-06-2026 04:45,48,98,88.24,0.39,170.56,5.92,2026,2,6,4,30,4,0.16401468,-0.986457898,0.34,0.35,0.57,0.36,0.335,0.493333333,1.140885417
02-06-2026 04:45,02-06-2026 05:00,48,101.4,88.41,0.27,262.55,6.08,2026,2,6,4,45,4,-0.991558389,-0.129660944,0.39,0.32,0.42,0.29,0.3225,0.46,1.140677083
02-06-2026 05:00,02-06-2026 05:15,69,115,88.77,0.34,321.28,6.1,2026,2,6,5,0,4,-0.62551504,0.780212109,0.27,0.29,0.27,0.37,0.335,0.3975,1.140364583
02-06-2026 05:15,02-06-2026 05:30,69,115,88.79,0.34,260.93,6.24,2026,2,6,5,15,4,-0.987496483,-0.157641037,0.34,0.34,0.38,0.32,0.335,0.356666667,1.140572917
02-06-2026 05:30,02-06-2026 05:45,69,115.84,89.19,0.28,303.06,6.41,2026,2,6,5,30,4,-0.838099764,0.54551699,0.34,0.39,0.35,0.27,0.3075,0.3325,1.140677083
02-06-2026 05:45,02-06-2026 06:00,69.81,121.36,89.37,0.315,236.24,6.47,2026,2,6,5,45,4,-0.831372634,-0.555715343,0.28,0.27,0.32,0.46,0.31875,0.32375,1.139166667
02-06-2026 06:00,02-06-2026 06:15,70.62,126.88,89.55,0.35,169.42,6.53,2026,2,6,6,0,4,0.18360823,-0.9829995,0.315,0.34,0.29,0.29,0.32125,0.330416667,1.139791667
02-06-2026 06:15,02-06-2026 06:30,75.31,125.94,89.465,0.365,184.855,7.33,2026,2,6,6,15,4,-0.084634369,-0.996412075,0.35,0.34,0.34,0.5,0.3275,0.329166667,1.138385417
02-06-2026 06:30,02-06-2026 06:45,80,125,89.38,0.38,200.29,8.13,2026,2,6,6,30,4,-0.346771954,-0.937949472,0.365,0.28,0.39,0.3,0.3525,0.331666667,1.13921875
02-06-2026 06:45,02-06-2026 07:00,81,124.6,89.11,0.4,248.71,12.63,2026,2,6,6,45,4,-0.931754613,-0.363088614,0.38,0.315,0.27,0.47,0.37375,0.338333333,1.138489583
02-06-2026 07:00,02-06-2026 07:15,56.88,108,88.86,0.43,157.5,16.82,2026,2,6,7,0,4,0.382683432,-0.923879533,0.4,0.35,0.34,0.52,0.39375,0.35,1.137552083
02-06-2026 07:15,02-06-2026 07:30,60.94,108,88.57,0.485,188.005,23.525,2026,2,6,7,15,4,-0.139259518,-0.99025592,0.43,0.365,0.34,0.36,0.42375,0.362083333,1.138854167
02-06-2026 07:30,02-06-2026 07:45,65,108,88.28,0.54,218.51,30.23,2026,2,6,7,30,4,-0.622651218,-0.782499496,0.485,0.38,0.28,0.35,0.46375,0.374583333,1.140833333
02-06-2026 07:45,02-06-2026 08:00,65,114.4,87.43,0.5,94.63,50.03,2026,2,6,7,45,4,0.99673675,-0.080720826,0.54,0.4,0.315,0.61,0.48875,0.39375,1.1396875
02-06-2026 09:45,02-06-2026 10:00,78.77777778,130.6666667,78.09333333,2.036666667,193.7922222,55.14111111,2026,2,6,9,45,4,-0.238401626,-0.971166651,2.07,1.845,0.5,0.97,1.881666667,1.178888889,1.168559028
02-06-2026 10:00,02-06-2026 10:15,72.55555556,125.3333333,76.97666667,2.003333333,181.5444444,60.94222222,2026,2,6,10,0,4,-0.026952376,-0.999636719,2.036666667,2.09,0.27,1.64,1.86,1.31,1.17234375
02-06-2026 10:15,02-06-2026 10:30,66.33333333,120,75.86,1.97,169.2966667,66.74333333,2026,2,6,10,15,4,0.185723781,-0.982601993,2.003333333,1.33,0.95,1.71,2.02,1.43375,1.175052083
02-06-2026 10:30,02-06-2026 10:45,60.11111111,114.6666667,74.74333333,1.936666667,157.0488889,72.54444444,2026,2,6,10,30,4,0.389945545,-0.920837918,1.97,2.07,1.6,1.27,1.986666667,1.550138889,1.181996528
02-06-2026 10:45,02-06-2026 11:00,53.88888889,109.3333333,73.62666667,1.903333333,144.8011111,78.34555556,2026,2,6,10,45,4,0.57641647,-0.817156077,1.936666667,2.036666667,1.845,0.88,1.953333333,1.667083333,1.19265625
02-06-2026 11:00,02-06-2026 11:15,47.66666667,104,72.51,1.87,132.5533333,84.14666667,2026,2,6,11,0,4,0.73664815,-0.676276204,1.903333333,2.003333333,2.09,1.82,1.92,1.800416667,1.193177083
02-06-2026 11:15,02-06-2026 11:30,41.44444444,98.66666667,71.39333333,1.836666667,120.3055556,89.94777778,2026,2,6,11,15,4,0.863346626,-0.504611339,1.87,1.97,1.33,2.32,1.886666667,1.874305556,1.188142361
02-06-2026 11:30,02-06-2026 11:45,35.22222222,93.33333333,70.27666667,1.803333333,108.0577778,95.74888889,2026,2,6,11,30,4,0.950744416,-0.309975894,1.836666667,1.936666667,2.07,1.71,1.853333333,1.89125,1.189114583
02-06-2026 11:45,02-06-2026 12:00,29,88,69.16,1.77,95.81,101.55,2026,2,6,11,45,4,0.994863056,-0.101229935,1.803333333,1.903333333,2.036666667,2.06,1.82,1.885,1.18609375
02-06-2026 15:30,02-06-2026 15:45,48.2,87.2,69.59,1.37,210.56,148.49,2026,2,6,15,30,4,-0.50844038,-0.861097195,1.52,1.54,1.23,1.61,1.4625,1.608333333,1.158385417
02-06-2026 15:45,02-06-2026 16:00,34.8,72.4,69.83,2.13,225.58,129.11,2026,2,6,15,45,4,-0.714228408,-0.699912696,1.37,1.19,2.34,2.07,1.6975,1.653333333,1.159010417
02-06-2026 16:00,02-06-2026 16:15,48,72,70.37,1.31,176.39,110.8,2026,2,6,16,0,4,0.062964707,-0.998015754,2.13,1.77,2.48,1.41,1.5825,1.648333333,1.15796875
02-06-2026 16:15,02-06-2026 16:30,48,72,70.54,2.39,193.79,90.78,2026,2,6,16,15,4,-0.238363959,-0.971175897,1.31,1.52,1.39,1.67,1.8,1.721666667,1.16546875
02-06-2026 16:30,02-06-2026 16:45,48,72,71.32,1.65,56.18,66.2,2026,2,6,16,30,4,0.830790235,0.55658565,2.39,1.37,1.54,2.16,1.87,1.756666667,1.16015625
02-06-2026 16:45,02-06-2026 17:00,45,68.8,71.57,1.95,195.46,47.31,2026,2,6,16,45,4,-0.26656557,-0.963816786,1.65,2.13,1.19,1.82,1.825,1.724166667,1.161510417
02-06-2026 17:00,02-06-2026 17:15,43,68,71.79,1.69,150.8,36.45,2026,2,6,17,0,4,0.487859659,-0.872922077,1.95,1.31,1.77,1.45,1.92,1.658333333,1.164010417
02-06-2026 17:15,02-06-2026 17:30,43,68,72.56,1.54,194.07,26.05,2026,2,6,17,15,4,-0.243107155,-0.969999439,1.69,2.39,1.52,1.61,1.7075,1.670833333,1.16328125
02-06-2026 17:30,02-06-2026 17:45,50.91,79.8,72.95,1.5,150.17,15.01,2026,2,6,17,30,4,0.497428254,-0.867505119,1.54,1.65,1.37,1.54,1.67,1.6675,1.162864583
02-06-2026 17:45,02-06-2026 18:00,34.4,72,74.19,0.53,340.69,9.26,2026,2,6,17,45,4,-0.330679112,0.943743252,1.5,1.95,2.13,0.94,1.315,1.6125,1.15859375
02-06-2026 18:00,02-06-2026 18:15,43,73,74.54,0.83,266.69,7.07,2026,2,6,18,0,4,-0.998331755,-0.05773827,0.53,1.69,1.31,1.9,1.1,1.534166667,1.147447917
02-06-2026 18:15,02-06-2026 18:30,43,73,75.35,0.89,260.63,6.53,2026,2,6,18,15,4,-0.986657544,-0.162809372,0.83,1.54,2.39,1.46,0.9375,1.481666667,1.141510417
02-06-2026 18:30,02-06-2026 18:45,43,73,76.05,1.23,215.97,6.25,2026,2,6,18,30,4,-0.587361571,-0.809324647,0.89,1.5,1.65,1.23,0.87,1.47,1.141510417
02-06-2026 18:45,02-06-2026 19:00,35.2,64.2,76.53,0.55,246.09,6.21,2026,2,6,18,45,4,-0.914183231,-0.405301148,1.23,0.53,1.95,1.05,0.875,1.338333333,1.136302083
02-06-2026 19:00,02-06-2026 19:15,30,62,76.68,0.75,294.45,6.29,2026,2,6,19,0,4,-0.910322812,0.413898994,0.55,0.83,1.69,0.98,0.855,1.291666667,1.13390625
02-06-2026 19:15,02-06-2026 19:30,30,62,76.88,0.56,275.74,6.18,2026,2,6,19,15,4,-0.994985989,0.100014405,0.75,0.89,1.54,0.99,0.7725,1.139166667,1.129427083
02-06-2026 19:30,02-06-2026 19:45,30,62,77.35,0.42,272.82,6.25,2026,2,6,19,30,4,-0.998789025,0.049198416,0.56,1.23,1.5,1.03,0.57,1.036666667,1.123072917
02-06-2026 19:45,02-06-2026 20:00,34.2,65.2,77.59,0.28,208.35,6.1,2026,2,6,19,45,4,-0.47485639,-0.880063298,0.42,0.55,0.53,1.19,0.5025,0.8975,1.11359375
02-06-2026 20:00,02-06-2026 20:15,37,66,77.24,0.6,333.74,6.18,2026,2,6,20,0,4,-0.442445217,0.896795534,0.28,0.75,0.83,1.36,0.465,0.806666667,1.105677083
02-06-2026 20:15,02-06-2026 20:30,37,66,77.58,0.28,324.07,6.13,2026,2,6,20,15,4,-0.586796413,0.809734506,0.6,0.56,0.89,1.09,0.395,0.701666667,1.097239583
02-06-2026 20:30,02-06-2026 20:45,37,66,77.4,0.39,265.28,5.92,2026,2,6,20,30,4,-0.996608724,-0.082286396,0.28,0.42,1.23,0.56,0.3875,0.609166667,1.09546875
02-06-2026 20:45,02-06-2026 21:00,32.2,56.4,77.2,0.4,282.42,5.97,2026,2,6,20,45,4,-0.976597262,0.215076237,0.39,0.28,0.55,1.3,0.4175,0.598333333,1.08609375
02-06-2026 21:00,02-06-2026 21:15,29,54,77.56,0.29,316.9,6.11,2026,2,6,21,0,4,-0.683273774,0.730162277,0.4,0.6,0.75,1.15,0.34,0.553333333,1.077135417
02-06-2026 21:15,02-06-2026 21:30,29,54,77.51,0.55,296.39,6.18,2026,2,6,21,15,4,-0.89578935,0.444478841,0.29,0.28,0.56,1,0.4075,0.525,1.072447917
02-06-2026 21:30,02-06-2026 21:45,29,54,78.05,0.49,272.93,6.08,2026,2,6,21,30,4,-0.99869273,0.051115861,0.55,0.39,0.42,1.61,0.4325,0.463333333,1.06078125
02-06-2026 21:45,02-06-2026 22:00,31.4,48.4,78.25,0.58,334.25,6.36,2026,2,6,21,45,4,-0.434445257,0.900698239,0.49,0.4,0.28,1.43,0.4775,0.465833333,1.051927083
02-06-2026 22:00,02-06-2026 22:15,33,47,78.23,0.27,210.54,6.49,2026,2,6,22,0,4,-0.50813977,-0.861274622,0.58,0.29,0.6,1.17,0.4725,0.425833333,1.042552083
02-06-2026 22:15,02-06-2026 22:30,33,47,78.14,0.32,211.78,6.39,2026,2,6,22,15,4,-0.526659095,-0.850076583,0.27,0.55,0.28,0.61,0.415,0.405833333,1.03953125
02-06-2026 22:30,02-06-2026 22:45,33,47,78.22,0.27,277.65,6.47,2026,2,6,22,30,4,-0.991099747,0.133121339,0.32,0.49,0.39,1.14,0.36,0.393333333,1.03046875
02-06-2026 22:45,02-06-2026 23:00,33,53.4,78.24,0.28,321.95,6.49,2026,2,6,22,45,4,-0.61634891,0.787473188,0.27,0.58,0.4,1.05,0.285,0.393333333,1.022447917
02-06-2026 23:00,02-06-2026 23:15,33.775,55.68125,78.6290625,0.2915625,318.8315625,6.68625,2026,2,6,23,0,4,-0.658274878,0.752777647,0.28,0.27,0.29,1.02,0.290390625,0.367630208,1.014860026
02-06-2026 23:15,02-06-2026 23:30,34.55,57.9625,79.018125,0.303125,315.713125,6.8825,2026,2,6,23,15,4,-0.69825132,0.715852704,0.2915625,0.32,0.55,0.93,0.286171875,0.369557292,1.008330078
02-06-2026 23:30,02-06-2026 23:45,35.325,60.24375,79.4071875,0.3146875,312.5946875,7.07875,2026,2,6,23,30,4,-0.736159844,0.676807715,0.303125,0.27,0.49,1.06,0.29734375,0.36328125,1.000566406
02-06-2026 23:45,02-07-2026 00:00,36.1,62.525,79.79625,0.32625,309.47625,7.275,2026,2,6,23,45,4,-0.771888181,0.635758315,0.3146875,0.28,0.58,1.21,0.30890625,0.357135417,0.991360677
03-06-2026 00:00,03-06-2026 00:15,23,44,85.34,1.37,117.25,6.14,2026,3,6,0,0,4,0.889017141,-0.457873915,1.07,1.36,1.36,0.39,1.18,1.2425,0.9921875
03-06-2026 00:15,03-06-2026 00:30,23,44,85.54,0.99,135.6,6.15,2026,3,6,0,15,4,0.699663341,-0.71447268,1.37,1.38,1.11,0.36,1.0825,1.195833333,0.99875
03-06-2026 00:30,03-06-2026 00:45,23,44,85.64,0.55,179.48,6.02,2026,3,6,0,30,4,0.009075588,-0.999958816,0.99,0.9,1.11,0.31,0.995,1.163333333,1.00125
03-06-2026 00:45,03-06-2026 01:00,24.33,48.5,85.66,0.6,183.06,6.07,2026,3,6,0,45,4,-0.05338169,-0.998574181,0.55,1.07,1.39,0.27,0.8775,1.099166667,1.0046875
03-06-2026 01:00,03-06-2026 01:15,27,53,85.52,0.92,160.28,6.1,2026,3,6,1,0,4,0.337423873,-0.941352819,0.6,1.37,1.36,0.35,0.765,1.0625,1.010625
03-06-2026 01:15,03-06-2026 01:30,27,53,85.23,0.61,123.74,6.12,2026,3,6,1,15,4,0.831566565,-0.555425106,0.92,0.99,1.38,0.31,0.67,1.020833333,1.01375
03-06-2026 01:30,03-06-2026 01:45,27,53,85.18,0.75,81.25,6.02,2026,3,6,1,30,4,0.98836151,0.152123386,0.61,0.55,0.9,0.27,0.72,0.990833333,1.01875
03-06-2026 01:45,03-06-2026 02:00,40.39,115.6,85.69,0.91,93.81,6.21,2026,3,6,1,45,4,0.997789886,-0.066448049,0.75,0.6,1.07,0.27,0.7975,0.950833333,1.025416667
03-06-2026 02:00,03-06-2026 02:15,34,134,85.96,0.96,251.67,6.25,2026,3,6,2,0,4,-0.949260941,-0.314489531,0.91,0.92,1.37,0.29,0.8075,0.9175,1.032395833
03-06-2026 02:15,03-06-2026 02:30,34,134,86.12,1.28,241,6.19,2026,3,6,2,15,4,-0.874619707,-0.48480962,0.96,0.61,0.99,0.37,0.975,0.909166667,1.041875
03-06-2026 02:30,03-06-2026 02:45,34,134,86.32,1.02,246.45,6.19,2026,3,6,2,30,4,-0.916711751,-0.399549203,1.28,0.75,0.55,0.27,1.0425,0.919166667,1.0496875
03-06-2026 02:45,03-06-2026 03:00,44.77,136,86.45,1.12,219.64,6.22,2026,3,6,2,45,4,-0.637961754,-0.770068049,1.02,0.91,0.6,0.53,1.095,0.923333333,1.055833333
03-06-2026 04:45,03-06-2026 05:00,47.52,135,87.76,1.19,174.04,6.34,2026,3,6,4,45,4,0.103834131,-0.994594628,1.21,0.7,1.12,0.63,1.1875,1.126666667,1.109583333
03-06-2026 05:00,03-06-2026 05:15,32,75,87.81,1.17,177.66,6.27,2026,3,6,5,0,4,0.040829352,-0.999166134,1.19,1.25,0.49,0.47,1.1675,1.144166667,1.116875
03-06-2026 05:15,03-06-2026 05:30,32,75,87.85,1.35,214.9,6.39,2026,3,6,5,15,4,-0.572145873,-0.820151876,1.17,1.1,1.53,0.33,1.23,1.15,1.1275
03-06-2026 05:30,03-06-2026 05:45,32,75,87.97,0.88,158.05,6.33,2026,3,6,5,30,4,0.37379733,-0.927510407,1.35,1.21,1.67,0.56,1.1475,1.138333333,1.130833333
03-06-2026 05:45,03-06-2026 06:00,49.81,87.6,87.58,1.33,256.45,6.25,2026,3,6,5,45,4,-0.972165831,-0.234293828,0.88,1.19,0.7,0.53,1.1825,1.155833333,1.139166667
03-06-2026 06:00,03-06-2026 06:15,35,62,87.24,1.21,148.31,6.57,2026,3,6,6,0,4,0.525323149,-0.850902809,1.33,1.17,1.25,0.55,1.1925,1.215833333,1.146041667
03-06-2026 06:15,03-06-2026 06:30,35,62,87.15,0.76,205.09,7.7,2026,3,6,6,15,4,-0.424041365,-0.905642822,1.21,1.35,1.1,1.1,1.045,1.151666667,1.1425
03-06-2026 06:30,03-06-2026 06:45,35,62,86.54,0.59,158.72,8.47,2026,3,6,6,30,4,0.362925987,-0.931817969,0.76,0.88,1.21,0.97,0.9725,1.061666667,1.138541667
03-06-2026 06:45,03-06-2026 07:00,43.65,78.6,86.05,1.02,26.5,8.72,2026,3,6,6,45,4,0.446197813,0.894934362,0.59,1.33,1.19,0.42,0.895,1.088333333,1.144791667
03-06-2026 07:00,03-06-2026 07:15,27,62,84.82,1.19,179.09,8.79,2026,3,6,7,0,4,0.015881828,-0.999873876,1.02,1.21,1.17,0.68,0.89,1.083333333,1.150104167
03-06-2026 07:15,03-06-2026 07:30,27,62,82.11,0.88,206.03,8.95,2026,3,6,7,15,4,-0.438841694,-0.898564393,1.19,0.76,1.35,1,0.92,1.065,1.148854167
03-06-2026 07:30,03-06-2026 07:45,27,62,78.05,1.16,203.31,9.02,2026,3,6,7,30,4,-0.395705796,-0.918377332,0.88,0.59,0.88,0.99,1.0625,1.060833333,1.150625
03-06-2026 07:45,03-06-2026 08:00,27,75.5,75.42,0.84,208.12,9.42,2026,3,6,7,45,4,-0.471319773,-0.881962398,1.16,1.02,1.33,1.13,1.0175,1.031666667,1.147604167
03-06-2026 08:00,03-06-2026 08:15,38,89,70.96,1.32,173.96,9.66,2026,3,6,8,0,4,0.105222745,-0.994448678,0.84,1.19,1.21,1.55,1.05,1.044166667,1.145208333
03-06-2026 08:15,03-06-2026 08:30,38,89,69.57,1.19,180.34,9.57,2026,3,6,8,15,4,-0.005934085,-0.999982393,1.32,0.88,0.76,0.79,1.1275,1.030833333,1.149375
03-06-2026 08:30,03-06-2026 08:45,38,89,66.86,1.49,155.62,9.68,2026,3,6,8,30,4,0.412786516,-0.910827806,1.19,1.16,0.59,1.06,1.21,1.081666667,1.153854167
03-06-2026 08:45,03-06-2026 09:00,40.8,110,64.52,1.93,149.32,9.64,2026,3,6,8,45,4,0.510242742,-0.860030432,1.49,0.84,1.02,0.75,1.4825,1.131666667,1.166145833
03-06-2026 09:00,03-06-2026 09:15,45,124,63.05,1.86,161.42,9.74,2026,3,6,9,0,4,0.318628456,-0.94787969,1.93,1.32,1.19,0.78,1.6175,1.185833333,1.177395833
03-06-2026 09:15,03-06-2026 09:30,45,124,61.43,1.75,164.12,9.3,2026,3,6,9,15,4,0.273623491,-0.961836881,1.86,1.19,0.88,1.14,1.7575,1.268333333,1.18375
03-06-2026 09:30,03-06-2026 09:45,45,124,60.04,1.9,177.06,9.31,2026,3,6,9,30,4,0.051290165,-0.998683793,1.75,1.49,1.16,1.25,1.86,1.3775,1.190520833
03-06-2026 12:00,03-06-2026 12:15,47,126,67.07,1.3,115.53,10.16,2026,3,6,12,0,4,0.902359746,-0.43098363,2.58,1.17,1.69,1.25,1.54,1.455833333,1.229583333
03-06-2026 12:15,03-06-2026 12:30,47,126,66.4,1.79,45.31,10.29,2026,3,6,12,15,4,0.710922229,0.703270634,1.3,1.04,1.21,1.44,1.7275,1.459166667,1.233229167
03-06-2026 12:30,03-06-2026 12:45,47,126,66.28,1.88,36.84,10.38,2026,3,6,12,30,4,0.599582468,0.800312978,1.79,1.24,1.26,1.12,1.8875,1.4575,1.241145833
03-06-2026 12:45,03-06-2026 13:00,47,127,65.53,1.14,68.59,10.18,2026,3,6,12,45,4,0.930992119,0.365039279,1.88,2.58,1.02,1.83,1.5275,1.443333333,1.233958333
03-06-2026 13:00,03-06-2026 13:15,44,128,65.22,1.65,80.85,10.18,2026,3,6,13,0,4,0.987275412,0.159019688,1.14,1.3,1.17,1.57,1.615,1.44,1.234791667
03-06-2026 13:15,03-06-2026 13:30,44,128,64.49,1.41,60.64,10.31,2026,3,6,13,15,4,0.871556314,0.490295412,1.65,1.79,1.04,1.34,1.52,1.456666667,1.235520833
03-06-2026 13:30,03-06-2026 13:45,44,128,66.74,2.02,55.62,10.34,2026,3,6,13,30,4,0.825310659,0.56467895,1.41,1.88,1.24,0.89,1.555,1.52,1.247291667
03-06-2026 13:45,03-06-2026 14:00,44.8,113.6,67.26,2.03,63.32,10.14,2026,3,6,13,45,4,0.893528176,0.449007126,2.02,1.14,2.58,0.94,1.7775,1.604166667,1.258645833
03-06-2026 14:00,03-06-2026 14:15,48,104,67,1.82,77,10.32,2026,3,6,14,0,4,0.974370065,0.224951054,2.03,1.65,1.3,1.72,1.82,1.658333333,1.2596875
03-06-2026 14:15,03-06-2026 14:30,48,104,65.56,1.53,73.14,10.24,2026,3,6,14,15,4,0.957016299,0.290034141,1.82,1.41,1.79,1.38,1.85,1.699166667,1.26125
03-06-2026 14:30,03-06-2026 14:45,48,104,64.84,1.34,58.04,10.08,2026,3,6,14,30,4,0.848417843,0.529327086,1.53,2.02,1.88,1.13,1.68,1.7075,1.2634375
03-06-2026 14:45,03-06-2026 15:00,47.83,108,65.1,1.52,48.23,9.71,2026,3,6,14,45,4,0.745824893,0.666142049,1.34,2.03,1.14,0.85,1.5525,1.619166667,1.270416667
03-06-2026 15:00,03-06-2026 15:15,47,112,64.23,1.42,101.47,9.51,2026,3,6,15,0,4,0.980028959,-0.19885482,1.52,1.82,1.65,1.1,1.4525,1.629166667,1.27375
03-06-2026 15:15,03-06-2026 15:30,47,112,64.39,1.09,60.41,9.62,2026,3,6,15,15,4,0.869581125,0.493790104,1.42,1.53,1.41,0.85,1.3425,1.570833333,1.27625
03-06-2026 15:30,03-06-2026 15:45,47,112,64.79,2.21,98.57,9.67,2026,3,6,15,30,4,0.988834542,-0.149017611,1.09,1.34,2.02,1.09,1.56,1.598333333,1.287916667
03-06-2026 15:45,03-06-2026 16:00,46.67,110.5,65.57,2.18,115.66,8.95,2026,3,6,15,45,4,0.901379553,-0.433029909,2.21,1.52,2.03,1.1,1.725,1.685,1.299166667
03-06-2026 16:15,03-06-2026 16:30,46,109,67.34,1.7,90.11,8.38,2026,3,6,16,15,4,0.999998157,-0.001919861,2.68,1.09,1.53,1.89,2.1925,1.795,1.309791667
03-06-2026 16:30,03-06-2026 16:45,46,109,68.5,2.21,39.48,8.45,2026,3,6,16,30,4,0.635808834,0.77184657,1.7,2.21,1.34,0.82,2.1925,1.810833333,1.324270833
03-06-2026 16:45,03-06-2026 17:00,43,106.5,70.55,2.1,78.22,8.37,2026,3,6,16,45,4,0.978938712,0.20415435,2.21,2.18,1.52,1.59,2.1725,1.816666667,1.329583333
03-06-2026 17:00,03-06-2026 17:15,37,104,72.17,2.49,59.08,8.4,2026,3,6,17,0,4,0.857885594,0.513840742,2.1,2.68,1.42,1.08,2.125,1.8725,1.344270833
03-06-2026 17:15,03-06-2026 17:30,37,104,73.54,2.01,99.1,8.38,2026,3,6,17,15,4,0.987413807,-0.158158067,2.49,1.7,1.09,1.94,2.2025,1.9125,1.345
03-06-2026 17:30,03-06-2026 17:45,37,104,75.35,1.01,99.69,8.11,2026,3,6,17,30,4,0.985732861,-0.168317339,2.01,2.21,2.21,1.84,1.9025,1.885,1.336354167
03-06-2026 17:45,03-06-2026 18:00,36.2,89.6,77.91,1.9,59.01,7.84,2026,3,6,17,45,4,0.857257179,0.514888463,1.01,2.1,2.18,1.32,1.8525,1.916666667,1.342395833
03-06-2026 18:00,03-06-2026 18:15,35,80,79.86,1.6,31.37,7.35,2026,3,6,18,0,4,0.520562642,0.85382348,1.9,2.49,2.68,1.2,1.63,1.931666667,1.3465625
03-06-2026 18:15,03-06-2026 18:30,35,80,80.74,0.94,129.57,6.51,2026,3,6,18,15,4,0.770846892,-0.637020463,1.6,2.01,1.7,1.7,1.3625,1.919166667,1.338645833
03-06-2026 18:30,03-06-2026 18:45,35,80,81.08,2.12,59.07,6.21,2026,3,6,18,30,4,0.857795899,0.513990463,0.94,1.01,2.21,0.77,1.64,1.911666667,1.352708333
03-06-2026 18:45,03-06-2026 19:00,35,87.2,81.7,1.17,93.92,6.3,2026,3,6,18,45,4,0.997660476,-0.068363544,2.12,1.9,2.1,1.26,1.4575,1.8275,1.351770833
03-06-2026 19:00,03-06-2026 19:15,35,92,82.26,1.76,34.87,6.44,2026,3,6,19,0,4,0.571716365,0.820451338,1.17,1.6,2.49,1.16,1.4975,1.750833333,1.358020833
03-06-2026 19:15,03-06-2026 19:30,35,92,83.05,1.65,57.61,6.35,2026,3,6,19,15,4,0.844421432,0.535679424,1.76,0.94,2.01,1.58,1.675,1.746666667,1.35875
03-06-2026 19:30,03-06-2026 19:45,35,92,83.27,1.55,56.27,6.4,2026,3,6,19,30,4,0.831663492,0.555279962,1.65,2.12,1.01,1.12,1.5325,1.691666667,1.363229167
03-06-2026 19:45,03-06-2026 20:00,37.8,77,83.42,1.78,26.5,6.22,2026,3,6,19,45,4,0.446197813,0.894934362,1.55,1.17,1.9,0.87,1.685,1.665,1.372708333
03-06-2026 20:00,03-06-2026 20:15,42,67,83.59,1.64,61.31,6.45,2026,3,6,20,0,4,0.877229965,0.480070399,1.78,1.76,1.6,1.31,1.655,1.594166667,1.376145833
03-06-2026 20:15,03-06-2026 20:30,42,67,83.93,1.29,136.42,6.48,2026,3,6,20,15,4,0.689366718,-0.72441254,1.64,1.65,0.94,1.41,1.565,1.534166667,1.374895833
03-06-2026 20:30,03-06-2026 20:45,42,67,84.3,1.16,87.56,6.43,2026,3,6,20,30,4,0.999093352,0.042573163,1.29,1.55,2.12,1.37,1.4675,1.546666667,1.372708333
03-06-2026 20:45,03-06-2026 21:00,40,63.4,84.92,1.7,50.58,6.31,2026,3,6,20,45,4,0.772511964,0.635000209,1.16,1.78,1.17,1.39,1.4475,1.53,1.3759375
03-06-2026 21:00,03-06-2026 21:15,37,61,85.49,1.54,127.63,6.36,2026,3,6,21,0,4,0.791970064,-0.610559922,1.7,1.64,1.76,1.2,1.4225,1.525,1.379479167
03-06-2026 21:15,03-06-2026 21:30,37,61,85.82,0.63,118.45,6.46,2026,3,6,21,15,4,0.879233178,-0.476391666,1.54,1.29,1.65,1.55,1.2575,1.499166667,1.369895833
03-06-2026 21:30,03-06-2026 21:45,37,61,86.02,0.72,68.07,6.4,2026,3,6,21,30,4,0.927640831,0.373473545,0.63,1.16,1.55,0.94,1.1475,1.3825,1.367604167
03-06-2026 21:45,03-06-2026 22:00,51.03,88.4,86.34,1.06,123.97,6.32,2026,3,6,21,45,4,0.829330252,-0.558758744,0.72,1.7,1.78,1.37,0.9875,1.373333333,1.364375
03-06-2026 22:00,03-06-2026 22:15,35,70,86.46,0.69,116.75,6.4,2026,3,6,22,0,4,0.892978943,-0.450098441,1.06,1.54,1.64,1.36,0.775,1.284166667,1.357395833
03-06-2026 22:15,03-06-2026 22:30,35,70,86.56,0.76,83.29,6.41,2026,3,6,22,15,4,0.993150272,0.116844076,0.69,0.63,1.29,1.11,0.8075,1.21,1.35375
03-06-2026 22:30,03-06-2026 22:45,35,70,86.87,0.7,108.53,6.37,2026,3,6,22,30,4,0.948157385,-0.317801154,0.76,0.72,1.16,1.11,0.8025,1.139166667,1.349479167
03-06-2026 22:45,03-06-2026 23:00,34.6,63.4,87.15,1.01,99,6.32,2026,3,6,22,45,4,0.987688341,-0.156434465,0.7,1.06,1.7,1.39,0.79,1.075,1.345520833
03-06-2026 23:00,03-06-2026 23:15,34,59,87.23,1.19,44.06,6.41,2026,3,6,23,0,4,0.69541128,0.718611962,1.01,0.69,1.54,1.36,0.915,1.0375,1.34375
03-06-2026 23:15,03-06-2026 23:30,34,59,87.19,1.52,120.31,6.12,2026,3,6,23,15,4,0.863307481,-0.504678307,1.19,0.76,0.63,1.38,1.105,1.056666667,1.345208333
03-06-2026 23:30,03-06-2026 23:45,34,59,87.04,1.17,106.68,6.09,2026,3,6,23,30,4,0.957922744,-0.287026159,1.52,0.7,0.72,0.9,1.2225,1.0575,1.348020833
03-06-2026 23:45,03-07-2026 00:00,48.73,80.2,87.02,0.84,55.64,6.17,2026,3,6,23,45,4,0.825507719,0.564390828,1.17,1.01,1.06,1.07,1.18,0.985833333,1.345625
04-06-2026 00:00,04-06-2026 00:15,16,31,88.54,1.39,54.26,6.08,2026,4,6,0,0,0,0.81167594,0.58410801,0.53,0.69,1.02,1.65,0.82,0.981666667,1.206770833
04-06-2026 00:15,04-06-2026 00:30,16,31,88.62,1.12,121.12,6.24,2026,4,6,0,15,0,0.856086728,-0.516832191,1.39,0.36,1.12,1.1,1.01,0.98,1.206979167
04-06-2026 00:30,04-06-2026 00:45,16,31,88.8,0.96,122.29,6.29,2026,4,6,0,30,0,0.845355082,-0.534204815,1.12,1,0.85,1.48,1,0.98,1.2015625
04-06-2026 00:45,04-06-2026 01:00,27.54,52,88.89,1.1,101.28,6.28,2026,4,6,0,45,0,0.980682997,-0.195603833,0.96,0.53,0.95,1.35,1.1425,0.924166667,1.198958333
04-06-2026 01:00,04-06-2026 01:15,16,29,89.12,1.48,106.37,6.28,2026,4,6,1,0,0,0.959461677,-0.281839123,1.1,1.39,0.69,1.11,1.165,0.9625,1.2028125
04-06-2026 01:15,04-06-2026 01:30,16,29,89.39,1.32,38.02,6.31,2026,4,6,1,15,0,0.615936505,0.787795799,1.48,1.12,0.36,0.81,1.215,0.979166667,1.208125
04-06-2026 01:30,04-06-2026 01:45,16,29,89.56,0.83,57.8,6.38,2026,4,6,1,30,0,0.846193166,0.532876276,1.32,0.96,1,1.13,1.1825,0.9775,1.205
04-06-2026 01:45,04-06-2026 02:00,28.01,46.4,89.64,1.31,107.73,6.35,2026,4,6,1,45,0,0.952502159,-0.304531832,0.83,1.1,0.53,1.24,1.235,1.0075,1.205729167
04-06-2026 02:00,04-06-2026 02:15,10,28,89.72,0.51,83.74,6.38,2026,4,6,2,0,0,0.994037322,0.109040369,1.31,1.48,1.39,0.94,0.9925,0.9925,1.20125
04-06-2026 02:15,04-06-2026 02:30,10,28,89.81,0.83,102.54,6.32,2026,4,6,2,15,0,0.976144666,-0.217121144,0.51,1.32,1.12,1.38,0.87,1.031666667,1.195520833
04-06-2026 02:30,04-06-2026 02:45,10,28,89.94,0.66,92.82,6.46,2026,4,6,2,30,0,0.998789025,-0.049198416,0.83,0.83,0.96,1.22,0.8275,1.003333333,1.1896875
04-06-2026 02:45,04-06-2026 03:00,27.24,52.6,89.96,0.5,54.52,6.34,2026,4,6,2,45,0,0.814318172,0.58041874,0.66,1.31,1.1,1.29,0.625,1.000833333,1.181458333
04-06-2026 03:00,04-06-2026 03:15,11,31,90.09,1.22,161.75,6.46,2026,4,6,3,0,0,0.313163806,-0.949699126,0.5,0.51,1.48,1.2,0.8025,0.986666667,1.181666667
04-06-2026 03:15,04-06-2026 03:30,11,31,90.17,0.96,87.09,6.38,2026,4,6,3,15,0,0.998710512,0.050767249,1.22,0.83,1.32,0.89,0.835,0.973333333,1.182395833
04-06-2026 03:30,04-06-2026 03:45,11,31,90.16,0.4,26.5,6.41,2026,4,6,3,30,0,0.446197813,0.894934362,0.96,0.66,0.83,1.4,0.77,0.926666667,1.171979167
04-06-2026 03:45,04-06-2026 04:00,32.98,63,90.17,0.39,195.09,6.27,2026,4,6,3,45,0,-0.260335998,-0.965518083,0.4,0.5,1.31,0.84,0.7425,0.8675,1.167291667
04-06-2026 04:00,04-06-2026 04:15,16,36,90.17,0.97,54.38,6.38,2026,4,6,4,0,0,0.812897512,0.58240676,0.39,1.22,0.51,0.86,0.68,0.825,1.1684375
04-06-2026 04:15,04-06-2026 04:30,16,36,90.12,0.62,26.5,6.31,2026,4,6,4,15,0,0.446197813,0.894934362,0.97,0.96,0.83,0.59,0.595,0.766666667,1.16875
04-06-2026 04:30,04-06-2026 04:45,16,36,90.13,0.4,54.32,6.29,2026,4,6,4,30,0,0.812287172,0.583257705,0.62,0.4,0.66,0.89,0.595,0.730833333,1.163645833
04-06-2026 04:45,04-06-2026 05:00,27.1,50,90.1,0.78,90.43,6.24,2026,4,6,4,45,0,0.999971838,-0.007504845,0.4,0.39,0.5,0.68,0.6925,0.686666667,1.1646875
04-06-2026 05:00,04-06-2026 05:15,4,32,90.1,0.69,133.32,6.17,2026,4,6,5,0,0,0.727533318,-0.686072352,0.78,0.97,1.22,1.38,0.6225,0.701666667,1.1575
04-06-2026 05:15,04-06-2026 05:30,4,32,90.09,0.45,86.27,6.04,2026,4,6,5,15,0,0.997881692,0.065054807,0.69,0.62,0.96,1.43,0.58,0.67,1.147291667
04-06-2026 05:30,04-06-2026 05:45,4,32,90.2,0.55,81.89,6.11,2026,4,6,5,30,0,0.989999051,0.141074022,0.45,0.4,0.4,0.81,0.6175,0.660833333,1.144583333
04-06-2026 05:45,04-06-2026 06:00,27.9,66.6,90.24,0.27,26.5,6.32,2026,4,6,5,45,0,0.446197813,0.894934362,0.55,0.78,0.39,1.43,0.49,0.641666667,1.1325
04-06-2026 06:00,04-06-2026 06:15,11,47,90.28,0.27,78.77,7.85,2026,4,6,6,0,0,0.98085332,0.194747951,0.27,0.69,0.97,0.63,0.385,0.5625,1.12875
04-06-2026 06:15,04-06-2026 06:30,11,47,90.2,0.27,133.6,11.08,2026,4,6,6,15,0,0.724171861,-0.689619544,0.27,0.45,0.62,0.62,0.34,0.505,1.125104167
04-06-2026 06:30,04-06-2026 06:45,11,47,90,0.27,169.94,12.86,2026,4,6,6,30,0,0.174679371,-0.984625369,0.27,0.55,0.4,1.11,0.27,0.494166667,1.116354167
04-06-2026 06:45,04-06-2026 07:00,8.8,42.6,89.66,0.31,53.36,20.84,2026,4,6,6,45,0,0.802401036,0.596785202,0.27,0.27,0.78,1.13,0.28,0.4875,1.1078125
04-06-2026 07:00,04-06-2026 07:15,17,36,89.43,0.27,61.21,26.12,2026,4,6,7,0,0,0.876390749,0.481600722,0.31,0.27,0.69,1.96,0.28,0.429166667,1.090208333
04-06-2026 07:15,04-06-2026 07:30,17,36,89.1,0.33,49.67,27.06,2026,4,6,7,15,0,0.762329567,0.647189023,0.27,0.27,0.45,1.14,0.295,0.405,1.081770833
04-06-2026 07:30,04-06-2026 07:45,17,36,88.88,0.27,38.98,27.37,2026,4,6,7,30,0,0.629049078,0.777365588,0.33,0.27,0.55,1.66,0.295,0.394166667,1.067291667
04-06-2026 07:45,04-06-2026 08:00,29.44,58.2,88.62,0.27,51.6,25.88,2026,4,6,7,45,0,0.783693457,0.62114778,0.27,0.31,0.27,1.88,0.285,0.351666667,1.050520833
04-06-2026 08:00,04-06-2026 08:15,13,35,84.97,0.72,92.2,20.51,2026,4,6,8,0,0,0.999262916,-0.038387809,0.27,0.27,0.27,1.18,0.3975,0.354166667,1.045729167
04-06-2026 08:15,04-06-2026 08:30,13,35,79.39,0.84,86.76,46.95,2026,4,6,8,15,0,0.99840155,0.056518534,0.72,0.33,0.27,1.83,0.525,0.386666667,1.035416667
04-06-2026 08:30,04-06-2026 08:45,13,35,74.33,0.43,118.52,74.24,2026,4,6,8,30,0,0.878650499,-0.477465496,0.84,0.27,0.27,1.08,0.565,0.376666667,1.028645833
04-06-2026 08:45,04-06-2026 09:00,10.4,49.4,78.14,0.38,58.64,87.11,2026,4,6,8,45,0,0.853914323,0.520413614,0.43,0.27,0.31,1.3,0.5925,0.385833333,1.0190625
04-06-2026 09:00,04-06-2026 09:15,30,71,77.69,0.85,80.88,95.22,2026,4,6,9,0,0,0.987358539,0.15850273,0.38,0.72,0.27,1.24,0.625,0.434166667,1.015
04-06-2026 09:15,04-06-2026 09:30,30,71,74.47,0.44,81.89,116.78,2026,4,6,9,15,0,0.989999051,0.141074022,0.85,0.84,0.33,1.55,0.525,0.448333333,1.0034375
04-06-2026 09:30,04-06-2026 09:45,30,71,73.42,1.05,42.21,119.28,2026,4,6,9,30,0,0.671849874,0.740687348,0.44,0.43,0.27,1.74,0.68,0.513333333,0.99625
04-06-2026 09:45,04-06-2026 10:00,30,74.2,74.59,0.91,95.4,153.16,2026,4,6,9,45,0,0.995561965,-0.094108313,1.05,0.38,0.27,1.48,0.8125,0.563333333,0.9903125
04-06-2026 10:00,04-06-2026 10:15,33,79,77.51,0.97,80.15,84.35,2026,4,6,10,0,0,0.985258987,0.171069365,0.91,0.85,0.72,1.29,0.8425,0.621666667,0.986979167
04-06-2026 10:15,04-06-2026 10:30,33,79,78.55,0.82,55.65,102.88,2026,4,6,10,15,0,0.825606211,0.564246741,0.97,0.44,0.84,1.27,0.9375,0.6625,0.982291667
04-06-2026 10:30,04-06-2026 10:45,33,79,78.67,1.09,97.19,146.81,2026,4,6,10,30,0,0.992136561,-0.125160075,0.82,1.05,0.43,1.47,0.9475,0.730833333,0.978333333
04-06-2026 11:00,04-06-2026 11:15,25,63,79.41,1.52,74.84,86.19,2026,4,6,11,0,0,0.965199302,0.261515406,1.14,0.97,0.85,1.27,1.1425,0.87,0.976666667
04-06-2026 11:15,04-06-2026 11:30,25,63,82.33,0.82,142.32,33.16,2026,4,6,11,15,0,0.611250814,-0.791436948,1.52,0.82,0.44,0.88,1.1425,0.868333333,0.976041667
04-06-2026 11:30,04-06-2026 11:45,25,63,78.23,1.75,199.01,8.63,2026,4,6,11,30,0,-0.325733174,-0.945461739,0.82,1.09,1.05,1.28,1.3075,0.978333333,0.9809375
04-06-2026 12:00,04-06-2026 12:15,38,114,80.83,2.2,83.12,13.09,2026,4,6,12,0,0,0.992799217,0.119790294,2.76,1.52,0.97,1.92,1.8825,1.289166667,0.9984375
04-06-2026 12:15,04-06-2026 12:30,38,114,82,1.96,167.66,11.79,2026,4,6,12,15,0,0.213712441,-0.976896613,2.2,0.82,0.82,1.57,2.1675,1.415833333,1.0025
04-06-2026 12:30,04-06-2026 12:45,38,114,79.06,2.55,155.51,12.9,2026,4,6,12,30,0,0.414534418,-0.910033635,1.96,1.75,1.09,1.25,2.3675,1.540833333,1.016041667
04-06-2026 12:45,04-06-2026 13:00,33.8,89.2,78.74,1.44,121.07,14.64,2026,4,6,12,45,0,0.856537423,-0.516084918,2.55,2.76,1.14,1.32,2.0375,1.585,1.017291667
04-06-2026 13:00,04-06-2026 13:15,17,52,76.61,0.98,175.36,17.9,2026,4,6,13,0,0,0.080894788,-0.996722646,1.44,2.2,1.52,2.28,1.7325,1.585833333,1.00375
04-06-2026 13:15,04-06-2026 13:30,17,52,74.74,1.41,201.31,28.15,2026,4,6,13,15,0,-0.363413836,-0.931627814,0.98,1.96,0.82,1.79,1.595,1.635,0.999791667
04-06-2026 13:30,04-06-2026 13:45,17,52,74.88,1.12,192.73,44.4,2026,4,6,13,30,0,-0.220356963,-0.975419299,1.41,2.55,1.75,2.09,1.2375,1.6375,0.9896875
04-06-2026 13:45,04-06-2026 14:00,37.52,86,74.57,0.41,255.35,58.26,2026,4,6,13,45,0,-0.96748883,-0.252913748,1.12,1.44,2.76,1.65,0.98,1.576666667,0.976770833
04-06-2026 14:00,04-06-2026 14:15,25,90,72.59,0.45,274.49,72.01,2026,4,6,14,0,0,-0.996931012,0.0782851,0.41,0.98,2.2,1.87,0.8475,1.4875,0.961979167
04-06-2026 14:15,04-06-2026 14:30,25,90,69.42,0.36,156.81,86.84,2026,4,6,14,15,0,0.393781484,-0.919204081,0.45,1.41,1.96,1.62,0.585,1.449166667,0.948854167
04-06-2026 14:30,04-06-2026 14:45,25,90,70.44,0.43,90.38,101.89,2026,4,6,14,30,0,0.999978007,-0.006632203,0.36,1.12,2.55,1.89,0.4125,1.339166667,0.933645833
04-06-2026 14:45,04-06-2026 15:00,41.06,102.4,71.76,0.51,37.04,102.07,2026,4,6,14,45,0,0.602372429,0.798215169,0.43,0.41,1.44,1.5,0.4375,1.151666667,0.923333333
04-06-2026 15:00,04-06-2026 15:15,36,80,72.91,0.37,43.92,110.96,2026,4,6,15,0,0,0.693653306,0.720309025,0.51,0.45,0.98,0.96,0.4175,0.999166667,0.9171875
04-06-2026 15:15,04-06-2026 15:30,36,80,72.76,0.54,82.54,117.61,2026,4,6,15,15,0,0.991535744,0.129834001,0.37,0.36,1.41,1.04,0.4625,0.880833333,0.911979167
04-06-2026 15:30,04-06-2026 15:45,36,80,72.06,0.47,48.69,117.84,2026,4,6,15,30,0,0.75114893,0.660132778,0.54,0.43,1.12,1.51,0.4725,0.7075,0.901145833
04-06-2026 15:45,04-06-2026 16:00,28.8,75.2,71.31,0.86,70.56,96.15,2026,4,6,15,45,0,0.942990536,0.332819545,0.47,0.51,0.41,1.78,0.56,0.659166667,0.8915625
04-06-2026 16:00,04-06-2026 16:15,27,68,72.81,0.71,41.88,87.61,2026,4,6,16,0,0,0.667572701,0.744544618,0.86,0.37,0.45,0.64,0.645,0.636666667,0.892291667
04-06-2026 16:15,04-06-2026 16:30,27,68,74.97,0.59,81.59,85.19,2026,4,6,16,15,0,0.989246822,0.146255687,0.71,0.54,0.36,1.14,0.6575,0.568333333,0.8865625
04-06-2026 16:30,04-06-2026 16:45,27,68,75.47,0.87,81.46,58.28,2026,4,6,16,30,0,0.988912432,0.148499838,0.59,0.47,0.43,1.03,0.7575,0.5475,0.884895833
04-06-2026 16:45,04-06-2026 17:00,36.74,83,76.48,0.62,81.63,39.12,2026,4,6,16,45,0,0.989348686,0.145565027,0.87,0.86,0.51,1.29,0.6975,0.565,0.877916667
04-06-2026 17:00,04-06-2026 17:15,22,53,78.27,0.73,91.78,30.47,2026,4,6,17,0,0,0.999517464,-0.031061864,0.62,0.71,0.37,1.06,0.7025,0.588333333,0.874479167
04-06-2026 17:15,04-06-2026 17:30,22,53,80.17,0.39,76.54,24.88,2026,4,6,17,15,0,0.972532659,0.232766465,0.73,0.59,0.54,1.1,0.6525,0.590833333,0.867083333
04-06-2026 17:30,04-06-2026 17:45,22,53,81.67,0.9,116.56,18.48,2026,4,6,17,30,0,0.894466614,-0.447134741,0.39,0.87,0.47,0.97,0.66,0.63,0.866354167
04-06-2026 17:45,04-06-2026 18:00,22,60.6,82.72,0.38,86.16,13.5,2026,4,6,17,45,0,0.997754957,0.066970481,0.9,0.62,0.86,1.09,0.6,0.619166667,0.858958333
04-06-2026 18:00,04-06-2026 18:15,26,72,83.21,0.74,46.09,10.42,2026,4,6,18,0,0,0.720430079,0.693527578,0.38,0.73,0.71,1.46,0.6025,0.65,0.851458333
04-06-2026 18:15,04-06-2026 18:30,26,72,83.44,0.45,69.57,7.57,2026,4,6,18,15,0,0.937099349,0.349062759,0.74,0.39,0.59,1.37,0.6175,0.6425,0.841875
04-06-2026 18:30,04-06-2026 18:45,26,72,83.88,0.27,94.09,6.51,2026,4,6,18,30,0,0.997453246,-0.071323357,0.45,0.9,0.87,0.93,0.46,0.625833333,0.835
04-06-2026 18:45,04-06-2026 19:00,20.8,66,84.29,0.3,43,6.38,2026,4,6,18,45,0,0.68199836,0.731353702,0.27,0.38,0.62,0.57,0.44,0.579166667,0.8321875
04-06-2026 19:00,04-06-2026 19:15,36,57,84.41,0.34,77.01,6.44,2026,4,6,19,0,0,0.974409311,0.224780991,0.3,0.74,0.73,0.56,0.34,0.548333333,0.829895833
04-06-2026 19:15,04-06-2026 19:30,36,57,84.5,0.34,96.11,6.34,2026,4,6,19,15,0,0.994319382,-0.106437614,0.34,0.45,0.39,1.01,0.3125,0.5275,0.822916667
04-06-2026 19:30,04-06-2026 19:45,36,57,84.59,0.43,79.59,6.18,2026,4,6,19,30,0,0.983539949,0.180690808,0.34,0.27,0.9,1.18,0.3525,0.490833333,0.815104167
04-06-2026 19:45,04-06-2026 20:00,45.91,83.6,84.7,0.38,88.93,6.34,2026,4,6,19,45,0,0.999825627,0.018673938,0.43,0.3,0.38,1.19,0.3725,0.470833333,0.806666667
04-06-2026 20:00,04-06-2026 20:15,50,60,84.98,0.74,45.69,6.32,2026,4,6,20,0,0,0.715570826,0.698540187,0.38,0.34,0.74,0.55,0.4725,0.471666667,0.808645833
04-06-2026 20:15,04-06-2026 20:30,50,60,85.51,0.76,67.99,6.29,2026,4,6,20,15,0,0.927118459,0.374768412,0.74,0.34,0.45,0.4,0.5775,0.5025,0.812395833
04-06-2026 20:30,04-06-2026 20:45,50,60,85.9,0.64,51.47,6.27,2026,4,6,20,30,0,0.782282102,0.622924324,0.76,0.43,0.27,0.53,0.63,0.480833333,0.813541667
04-06-2026 20:45,04-06-2026 21:00,57.55,75.6,86.03,0.65,80.77,6.31,2026,4,6,20,45,0,0.987052416,0.160398029,0.64,0.38,0.3,0.89,0.6975,0.503333333,0.811041667
04-06-2026 21:00,04-06-2026 21:15,48,63,86,0.31,85.01,6.28,2026,4,6,21,0,0,0.996209894,0.086981873,0.65,0.74,0.34,1.72,0.59,0.4675,0.796354167
04-06-2026 21:15,04-06-2026 21:30,48,63,86.06,0.48,26.5,6.22,2026,4,6,21,15,0,0.446197813,0.894934362,0.31,0.76,0.34,1.14,0.52,0.47,0.789479167
04-06-2026 21:30,04-06-2026 21:45,48,63,85.61,0.33,146.55,6.2,2026,4,6,21,30,0,0.551209073,-0.83436716,0.48,0.64,0.43,0.96,0.4425,0.475,0.782916667
04-06-2026 21:45,04-06-2026 22:00,38.4,63.4,85.35,0.74,106.35,5.97,2026,4,6,21,45,0,0.959559999,-0.28150419,0.33,0.65,0.38,1.77,0.465,0.511666667,0.7721875
04-06-2026 22:00,04-06-2026 22:15,53,64,85.4,0.46,52.95,5.97,2026,4,6,22,0,0,0.798110023,0.602511735,0.74,0.31,0.74,1.02,0.5025,0.521666667,0.766354167
04-06-2026 22:15,04-06-2026 22:30,53,64,85.69,0.46,67.6,6,2026,4,6,22,15,0,0.924546034,0.381070376,0.46,0.48,0.76,1.12,0.4975,0.531666667,0.759479167
04-06-2026 22:30,04-06-2026 22:45,53,64,86.26,0.52,125.53,5.9,2026,4,6,22,30,0,0.813811351,-0.581129146,0.46,0.33,0.64,0.85,0.545,0.539166667,0.756041667
04-06-2026 22:45,04-06-2026 23:00,40.4,58,86.68,0.67,110.83,5.89,2026,4,6,22,45,0,0.934639615,-0.355596387,0.52,0.74,0.65,0.95,0.5275,0.563333333,0.753125
04-06-2026 23:00,04-06-2026 23:15,35,49,86.88,0.41,93.78,6.06,2026,4,6,23,0,0,0.997824541,-0.065925598,0.67,0.46,0.31,0.69,0.515,0.535833333,0.750208333
04-06-2026 23:15,04-06-2026 23:30,35,49,86.92,0.56,114.31,6.03,2026,4,6,23,15,0,0.91133144,-0.411673422,0.41,0.46,0.48,0.36,0.54,0.519166667,0.752291667
04-06-2026 23:30,04-06-2026 23:45,35,49,86.88,1.08,108.7,5.97,2026,4,6,23,30,0,0.947210278,-0.320612991,0.56,0.52,0.33,1,0.68,0.555833333,0.753125
04-06-2026 23:45,04-07-2026 00:00,24.2,43.4,86.75,0.85,189.51,5.97,2026,4,6,23,45,0,-0.165219743,-0.98625678,1.08,0.67,0.74,0.53,0.725,0.5725,0.756458333
05-06-2026 00:00,05-06-2026 00:15,12.8,45,86.61,0.8,164.7,6.45,2026,5,6,0,0,2,0.26387305,-0.964557418,0.85,0.96,0.72,0.74,0.7275,0.6475,0.8040625
05-06-2026 00:15,05-06-2026 00:30,16,45,86.41,0.61,64.19,6.39,2026,5,6,0,15,2,0.900242796,0.435388228,0.8,0.45,0.7,0.76,0.7675,0.673333333,0.8025
05-06-2026 00:30,05-06-2026 00:45,12.8,45,85.98,0.82,52.05,6.35,2026,5,6,0,30,2,0.788547719,0.614973572,0.61,0.81,0.48,0.3,0.77,0.705833333,0.807916667
05-06-2026 00:45,05-06-2026 01:00,15.2,37.2,85.78,0.64,183.26,6.36,2026,5,6,0,45,2,-0.056867039,-0.998381761,0.82,0.85,0.71,0.61,0.7175,0.7125,0.808229167
05-06-2026 01:00,05-06-2026 01:15,12,32,85.57,0.68,156.45,6.34,2026,5,6,1,0,2,0.399549203,-0.916711751,0.64,0.8,0.96,0.53,0.6875,0.709166667,0.809791667
05-06-2026 01:15,05-06-2026 01:30,12,32,85.39,0.57,65.93,6.54,2026,5,6,1,15,2,0.913047853,0.407852446,0.68,0.61,0.45,0.32,0.6775,0.698333333,0.812395833
05-06-2026 01:30,05-06-2026 01:45,12,32,85.1,0.41,78.17,6.36,2026,5,6,1,30,2,0.978760181,0.205008558,0.57,0.82,0.81,0.27,0.575,0.6925,0.813854167
05-06-2026 01:45,05-06-2026 02:00,11.4,35,85.07,0.53,26.5,6.41,2026,5,6,1,45,2,0.446197813,0.894934362,0.41,0.64,0.85,1.1,0.5475,0.6775,0.807916667
05-06-2026 02:00,05-06-2026 02:15,9,37,85.06,0.37,26.5,6.43,2026,5,6,2,0,2,0.446197813,0.894934362,0.53,0.68,0.8,0.97,0.47,0.628333333,0.801666667
05-06-2026 02:15,05-06-2026 02:30,9,37,85.08,0.42,40.85,6.59,2026,5,6,2,15,2,0.654080958,0.75642455,0.37,0.57,0.61,0.84,0.4325,0.625833333,0.797291667
05-06-2026 02:30,05-06-2026 02:45,9,37,85.06,0.69,67.07,6.29,2026,5,6,2,30,2,0.920981534,0.389606228,0.42,0.41,0.82,1.75,0.5025,0.615833333,0.78625
05-06-2026 02:45,05-06-2026 03:00,11,26.8,84.91,0.41,176.12,6.08,2026,5,6,2,45,2,0.067667029,-0.99770796,0.69,0.53,0.64,2.37,0.4725,0.579166667,0.765833333
05-06-2026 03:00,05-06-2026 03:15,15.2,20,84.71,0.46,45.8,5.94,2026,5,6,3,0,2,0.716910608,0.697165103,0.41,0.37,0.68,0.98,0.495,0.550833333,0.760416667
05-06-2026 03:15,05-06-2026 03:30,19,20,84.71,0.56,110.31,6.06,2026,5,6,3,15,2,0.937828369,-0.347099339,0.46,0.42,0.57,0.73,0.53,0.546666667,0.758645833
05-06-2026 03:30,05-06-2026 03:45,15.2,20,85.02,0.7,149.82,6.04,2026,5,6,3,30,2,0.502718227,-0.864450336,0.56,0.69,0.41,1,0.5325,0.536666667,0.755520833
05-06-2026 03:45,05-06-2026 04:00,17.4,27.2,85.43,0.51,26.5,6.11,2026,5,6,3,45,2,0.446197813,0.894934362,0.7,0.41,0.53,0.31,0.5575,0.525833333,0.757604167
05-06-2026 04:00,05-06-2026 04:15,8.8,32,85.65,0.48,80.42,6.13,2026,5,6,4,0,2,0.98605419,0.166424559,0.51,0.46,0.37,0.36,0.5625,0.509166667,0.758854167
05-06-2026 04:15,05-06-2026 04:30,11,32,85.75,0.33,64.94,6.06,2026,5,6,4,15,2,0.905864725,0.423567113,0.48,0.56,0.42,0.96,0.505,0.489166667,0.752291667
05-06-2026 04:30,05-06-2026 04:45,8.8,32,85.93,0.69,26.5,6.14,2026,5,6,4,30,2,0.446197813,0.894934362,0.33,0.7,0.69,0.68,0.5025,0.5125,0.752395833
05-06-2026 04:45,05-06-2026 05:00,11.6,32,86.07,0.33,116.76,6.06,2026,5,6,4,45,2,0.892900373,-0.450254288,0.69,0.51,0.41,0.9,0.4575,0.495833333,0.746458333
05-06-2026 05:00,05-06-2026 05:15,14,32,86.32,0.53,72.25,6.01,2026,5,6,5,0,2,0.9523958,0.304864299,0.33,0.48,0.46,0.51,0.47,0.509166667,0.746666667
05-06-2026 05:15,05-06-2026 05:30,14,32,86.44,0.49,93.22,5.99,2026,5,6,5,15,2,0.998421218,-0.056170023,0.53,0.33,0.56,0.27,0.51,0.515,0.748958333
05-06-2026 05:30,05-06-2026 05:45,11.2,32,86.58,0.27,143.39,6.89,2026,5,6,5,30,2,0.596364984,-0.802713402,0.49,0.69,0.7,0.27,0.405,0.48,0.748958333
05-06-2026 05:45,05-06-2026 06:00,13.6,32,86.56,0.31,79.41,9.28,2026,5,6,5,45,2,0.98296744,0.183779793,0.27,0.33,0.51,0.27,0.4,0.471666667,0.749375
05-06-2026 06:00,05-06-2026 06:15,9.6,32,86.15,0.41,79.46,12.62,2026,5,6,6,0,2,0.983127444,0.182921922,0.31,0.53,0.48,0.27,0.37,0.4675,0.750833333
05-06-2026 06:15,05-06-2026 06:30,12,32,85.5,0.59,122.47,19.33,2026,5,6,6,15,2,0.84367266,-0.536857936,0.41,0.49,0.33,0.27,0.395,0.47,0.754166667
05-06-2026 06:30,05-06-2026 06:45,9.6,32,84.97,0.4,209.77,30.14,2026,5,6,6,30,2,-0.496519532,-0.868025549,0.59,0.27,0.69,0.27,0.4275,0.445,0.755520833
05-06-2026 06:45,05-06-2026 07:00,13.8,37.4,84.12,0.46,81.88,39.01,2026,5,6,6,45,2,0.989974414,0.141246807,0.4,0.31,0.33,0.27,0.465,0.440833333,0.7575
05-06-2026 07:00,05-06-2026 07:15,16.8,41,82.96,0.34,170.67,48.34,2026,5,6,7,0,2,0.162120515,-0.986770966,0.46,0.41,0.53,0.27,0.4475,0.429166667,0.758229167
05-06-2026 07:15,05-06-2026 07:30,21,41,82,0.6,132.35,63.63,2026,5,6,7,15,2,0.739043499,-0.673657707,0.34,0.59,0.49,0.27,0.45,0.451666667,0.761666667
05-06-2026 07:30,05-06-2026 07:45,16.8,41,80.94,0.47,85.67,38.36,2026,5,6,7,30,2,0.997145738,0.075500841,0.6,0.4,0.27,0.37,0.4675,0.433333333,0.762708333
05-06-2026 07:45,05-06-2026 08:00,20.6,50,80.42,0.62,147.68,59.86,2026,5,6,7,45,2,0.534647369,-0.845075258,0.47,0.46,0.31,0.29,0.5075,0.4575,0.766145833
05-06-2026 08:00,05-06-2026 08:15,19,56,79.62,0.51,83.94,70.49,2026,5,6,8,0,2,0.994411888,0.105569867,0.62,0.34,0.41,0.41,0.55,0.455833333,0.7671875
05-06-2026 08:15,05-06-2026 08:30,19,56,78.78,0.78,79.59,135.88,2026,5,6,8,15,2,0.983539949,0.180690808,0.51,0.6,0.59,0.44,0.595,0.48,0.770729167
05-06-2026 08:30,05-06-2026 08:45,19,56,76.92,0.41,153.4,104.75,2026,5,6,8,30,2,0.447759088,-0.894154237,0.78,0.47,0.4,0.35,0.58,0.491666667,0.771354167
05-06-2026 08:45,05-06-2026 09:00,18.8,58.4,75.93,0.61,161.37,113.68,2026,5,6,8,45,2,0.319455516,-0.947601273,0.41,0.62,0.46,0.28,0.5775,0.516666667,0.774791667
05-06-2026 13:00,05-06-2026 13:15,4.8,32,73.04,1,50.89,108.48,2026,5,6,13,0,2,0.775936322,0.630811243,1.07,1.52,1.23,0.98,1.2,1.080833333,0.775729167
05-06-2026 13:15,05-06-2026 13:30,6,32,74.59,0.7,104.19,105.87,2026,5,6,13,15,2,0.969488149,-0.245138182,1,1.65,0.88,1.39,0.9625,1.0625,0.768541667
05-06-2026 13:30,05-06-2026 13:45,4.8,32,74.71,1.3,94.13,129.63,2026,5,6,13,30,2,0.99740321,-0.072019693,0.7,1.08,0.73,0.99,1.0175,1.115833333,0.771770833
05-06-2026 15:45,05-06-2026 16:00,9.2,32.6,71.49,1.12,45.95,142.73,2026,5,6,15,45,2,0.718733323,0.695285848,1.32,0.87,1.12,1.39,1.1475,0.995833333,0.748958333
05-06-2026 16:00,05-06-2026 16:15,14,27,72.83,1.67,64.06,79.28,2026,5,6,16,0,2,0.899252615,0.437429692,1.12,1.34,0.62,1.44,1.23,1.051666667,0.751354167
05-06-2026 16:15,05-06-2026 16:30,14,27,74.71,1.64,55.02,70.94,2026,5,6,16,15,2,0.81935221,0.573290463,1.67,0.81,1.07,0.93,1.4375,1.13,0.75875
05-06-2026 16:30,05-06-2026 16:45,11.2,27,74.45,1.23,59.55,63.59,2026,5,6,16,30,2,0.862071743,0.506786257,1.64,1.32,0.68,1.25,1.415,1.124166667,0.758541667
05-06-2026 16:45,05-06-2026 17:00,32.43,51.8,75.56,1.33,43.47,34.31,2026,5,6,16,45,2,0.687974676,0.725734693,1.23,1.12,0.87,0.87,1.4675,1.141666667,0.763333333
05-06-2026 17:00,05-06-2026 17:15,7.2,17,76.31,1.01,26.5,30.18,2026,5,6,17,0,2,0.446197813,0.894934362,1.33,1.67,1.34,1.32,1.3025,1.174166667,0.760104167
05-06-2026 17:15,05-06-2026 17:30,9,17,76.46,0.93,45.93,26.74,2026,5,6,17,15,2,0.718490578,0.695536691,1.01,1.64,0.81,1.11,1.125,1.1625,0.758229167
05-06-2026 17:30,05-06-2026 17:45,7.2,17,76.45,0.87,44.82,22.98,2026,5,6,17,30,2,0.704881854,0.70932473,0.93,1.23,1.32,0.82,1.035,1.178333333,0.75875
05-06-2026 17:45,05-06-2026 18:00,9.8,24.2,76.78,0.69,62.77,15.35,2026,5,6,17,45,2,0.889176915,0.457563562,0.87,1.33,1.12,0.65,0.875,1.163333333,0.759166667
05-06-2026 18:00,05-06-2026 18:15,13,29,77.58,0.71,78.36,9.43,2026,5,6,18,0,2,0.979434632,0.201761745,0.69,1.01,1.67,0.57,0.8,1.110833333,0.760625
05-06-2026 18:15,05-06-2026 18:30,13,29,78.38,1.01,64.63,6.92,2026,5,6,18,15,2,0.903559759,0.428462089,0.71,0.93,1.64,0.95,0.82,1.1275,0.76125
05-06-2026 18:30,05-06-2026 18:45,10.4,29,78.78,0.55,62.86,6.56,2026,5,6,18,30,2,0.889894557,0.456166282,1.01,0.87,1.23,1.14,0.74,1.063333333,0.755104167
05-06-2026 18:45,05-06-2026 19:00,12,20,79.11,0.59,45.69,6.39,2026,5,6,18,45,2,0.715570826,0.698540187,0.55,0.69,1.33,0.9,0.715,1.019166667,0.751875
05-06-2026 19:00,05-06-2026 19:15,8,14,78.9,0.49,64.73,6.44,2026,5,6,19,0,2,0.90430619,0.426884428,0.59,0.71,1.01,0.68,0.66,0.920833333,0.749895833
05-06-2026 19:15,05-06-2026 19:30,8,14,78.63,0.56,26.5,6.57,2026,5,6,19,15,2,0.446197813,0.894934362,0.49,1.01,0.93,0.61,0.5475,0.830833333,0.749375
05-06-2026 19:30,05-06-2026 19:45,6.4,14,79.1,0.56,66.36,6.35,2026,5,6,19,30,2,0.91608301,0.400988677,0.56,0.55,0.87,0.67,0.55,0.775,0.748229167
05-06-2026 19:45,05-06-2026 20:00,7.2,18.2,78.92,0.64,63.24,6.39,2026,5,6,19,45,2,0.892900373,0.450254288,0.56,0.59,0.69,0.59,0.5625,0.7175,0.74875
05-06-2026 20:00,05-06-2026 20:15,4,21,79.72,0.68,26.5,6.22,2026,5,6,20,0,2,0.446197813,0.894934362,0.64,0.49,0.71,0.67,0.61,0.69,0.748854167
05-06-2026 20:15,05-06-2026 20:30,4,21,80.18,0.41,85.31,6.28,2026,5,6,20,15,2,0.996651673,0.081764561,0.68,0.56,1.01,0.74,0.5725,0.646666667,0.745416667
05-06-2026 20:30,05-06-2026 20:45,3.2,21,78.93,0.59,26.5,6.35,2026,5,6,20,30,2,0.446197813,0.894934362,0.41,0.56,0.55,0.56,0.58,0.623333333,0.745729167
05-06-2026 20:45,05-06-2026 21:00,23.66,45.2,78.73,0.78,58.57,6.15,2026,5,6,20,45,2,0.85327788,0.521456479,0.59,0.64,0.59,0.85,0.615,0.630833333,0.745
05-06-2026 21:00,05-06-2026 21:15,0.8,11,78.58,0.63,37.72,6.21,2026,5,6,21,0,2,0.611803192,0.791010022,0.78,0.68,0.49,0.66,0.6025,0.624166667,0.7446875
05-06-2026 21:15,05-06-2026 21:30,1,11,79.13,0.53,35.9,6.2,2026,5,6,21,15,2,0.586372357,0.81004164,0.63,0.41,0.56,0.3,0.6325,0.584166667,0.747083333
05-06-2026 21:30,05-06-2026 21:45,1,11,79.34,0.7,38.71,6.17,2026,5,6,21,30,2,0.625378858,0.78032127,0.53,0.59,0.56,0.43,0.66,0.596666667,0.749895833
05-06-2026 21:45,05-06-2026 22:00,18.3,34.4,79.28,0.29,26.5,6.07,2026,5,6,21,45,2,0.446197813,0.894934362,0.7,0.78,0.64,0.56,0.5375,0.571666667,0.747083333
05-06-2026 22:00,05-06-2026 22:15,2.2,10,78.62,0.33,59.74,6.08,2026,5,6,22,0,2,0.863747567,0.503924737,0.29,0.63,0.68,0.72,0.4625,0.558333333,0.743020833
05-06-2026 22:15,05-06-2026 22:30,2.8,10,78.72,0.27,133.22,5.99,2026,5,6,22,15,2,0.728729631,-0.684801522,0.33,0.53,0.41,0.7,0.3975,0.534166667,0.738541667
05-06-2026 22:30,05-06-2026 22:45,1.8,10,79.24,0.36,44.93,6.03,2026,5,6,22,30,2,0.70624236,0.707970147,0.27,0.7,0.59,0.48,0.3125,0.5175,0.737291667
05-06-2026 22:45,05-06-2026 23:00,3.34,12.4,79.58,0.27,43.57,6.04,2026,5,6,22,45,2,0.689240274,0.724532846,0.36,0.29,0.78,0.71,0.3075,0.486666667,0.732708333
05-06-2026 23:00,05-06-2026 23:15,0.7,14,79.79,0.27,47.56,6.2,2026,5,6,23,0,2,0.737984409,0.674817762,0.27,0.33,0.63,0.96,0.2925,0.4525,0.725520833
05-06-2026 23:15,05-06-2026 23:30,0.7,14,79.85,0.28,38.57,6.18,2026,5,6,23,15,2,0.623470308,0.781847028,0.27,0.27,0.53,0.45,0.295,0.441666667,0.72375
05-06-2026 23:30,05-06-2026 23:45,0.56,14,80.16,0.27,26.5,6.17,2026,5,6,23,30,2,0.446197813,0.894934362,0.28,0.36,0.7,0.81,0.2725,0.415,0.718125
05-06-2026 23:45,05-07-2026 00:00,20.96,44.8,80.64,0.37,26.5,6.25,2026,5,6,23,45,2,0.446197813,0.894934362,0.27,0.27,0.29,0.85,0.2975,0.380833333,0.713125
01-07-2026 00:00,01-07-2026 00:15,14.35,35,76.37,0.7,261.72,6.18,2026,1,7,0,0,2,-0.989576119,-0.144010783,0.61,0.66,0.8,0.86,0.89,0.825,1.190729167
01-07-2026 00:15,01-07-2026 00:30,14.35,35,75.82,0.97,272.32,6.13,2026,1,7,0,15,2,-0.999180326,0.040480575,0.7,1.29,0.76,1.01,0.81,0.864166667,1.1903125
01-07-2026 00:30,01-07-2026 00:45,14.35,35,75.17,0.7,141.33,6.2,2026,1,7,0,30,2,0.624833938,-0.780757677,0.97,0.96,0.89,1.18,0.745,0.875,1.1853125
01-07-2026 00:45,01-07-2026 01:00,15.25,37.2,75.01,0.86,270.21,6.04,2026,1,7,0,45,2,-0.999993283,0.003665183,0.7,0.61,0.93,1.02,0.8075,0.844166667,1.183645833
01-07-2026 01:00,01-07-2026 01:15,18.86,46,75.01,0.81,161.73,6.2,2026,1,7,1,0,2,0.313495295,-0.949589754,0.86,0.7,0.66,0.81,0.835,0.845,1.183645833
01-07-2026 01:15,01-07-2026 01:30,18.86,46,74.89,0.83,203.82,6.07,2026,1,7,1,15,2,-0.403864653,-0.914818748,0.81,0.97,1.29,0.78,0.8,0.850833333,1.184166667
01-07-2026 01:30,01-07-2026 01:45,18.86,46,75.07,1.04,199.65,6.08,2026,1,7,1,30,2,-0.336273542,-0.941764357,0.83,0.7,0.96,0.75,0.885,0.863333333,1.1871875
01-07-2026 01:45,01-07-2026 02:00,18.61,45.4,73.89,0.96,213.09,6.08,2026,1,7,1,45,2,-0.545955743,-0.837814017,1.04,0.86,0.61,0.74,0.91,0.865833333,1.189479167
01-07-2026 02:00,01-07-2026 02:15,17.63,43,73.82,0.61,92.32,5.97,2026,1,7,2,0,2,0.999180326,-0.040480575,0.96,0.81,0.7,1.39,0.86,0.861666667,1.181354167
01-07-2026 02:15,01-07-2026 02:30,17.63,43,73.59,1.66,211.4,6.08,2026,1,7,2,15,2,-0.521009632,-0.853550797,0.61,0.83,0.97,0.74,1.0675,0.8925,1.1909375
01-07-2026 02:30,01-07-2026 02:45,17.63,43,73.93,0.86,289.29,6.08,2026,1,7,2,30,2,-0.943858623,0.330349663,1.66,1.04,0.7,1.21,1.0225,0.884166667,1.187291667
01-07-2026 02:45,01-07-2026 03:00,28.95,70.6,73.5,1.7,202.63,6.01,2026,1,7,2,45,2,-0.384778662,-0.923008874,0.86,0.96,0.86,1.14,1.2075,0.975,1.193125
01-07-2026 03:00,01-07-2026 03:15,19.27,47,73.48,0.88,93.37,6.04,2026,1,7,3,0,2,0.998270744,-0.058783688,1.7,0.61,0.81,0.88,1.275,0.99,1.193125
01-07-2026 03:15,01-07-2026 03:30,19.27,47,73.94,1.13,216.06,5.96,2026,1,7,3,15,2,-0.58863213,-0.808401024,0.88,1.66,0.83,1.17,1.1425,1.003333333,1.192708333
01-07-2026 03:30,01-07-2026 03:45,19.27,47,74.2,0.92,239.18,6.28,2026,1,7,3,30,2,-0.858781108,-0.512342667,1.13,0.86,1.04,1.01,1.1575,1.021666667,1.191770833
01-07-2026 03:45,01-07-2026 04:00,25.83,63,75.37,1.33,159.9,6.06,2026,1,7,3,45,2,0.343659695,-0.939094252,0.92,1.7,0.96,1.56,1.065,1.060833333,1.189375
01-07-2026 04:00,01-07-2026 04:15,19.27,47,75.39,1.55,116.86,6.07,2026,1,7,4,0,2,0.892113171,-0.451812007,1.33,0.88,0.61,0.86,1.2325,1.1225,1.1965625
01-07-2026 04:15,01-07-2026 04:30,19.27,47,75.68,1.77,143.75,6.13,2026,1,7,4,15,2,0.591309648,-0.806444604,1.55,1.13,1.66,1.47,1.3925,1.200833333,1.1996875
01-07-2026 04:30,01-07-2026 04:45,19.27,47,75.43,1,141.95,6.18,2026,1,7,4,30,2,0.61634891,-0.787473188,1.77,0.92,0.86,1.08,1.4125,1.1975,1.198854167
01-07-2026 04:45,01-07-2026 05:00,19.93,48.6,74.82,1.04,212.51,6.13,2026,1,7,4,45,2,-0.5374468,-0.843297656,1,1.33,1.7,1.19,1.34,1.204166667,1.197291667
01-07-2026 05:00,01-07-2026 05:15,22.55,55,74.64,1.81,204.71,6.04,2026,1,7,5,0,2,-0.418025632,-0.908435232,1.04,1.55,0.88,0.94,1.405,1.304166667,1.206354167
01-07-2026 05:15,01-07-2026 05:30,22.55,55,73.01,1.33,321.42,6.25,2026,1,7,5,15,2,-0.623606757,0.7817382,1.81,1.77,1.13,1.26,1.295,1.276666667,1.207083333
01-07-2026 05:30,01-07-2026 05:45,22.55,55,71.87,1.29,209.98,6.21,2026,1,7,5,30,2,-0.49969767,-0.866199884,1.33,1,0.92,1.04,1.3675,1.3125,1.2096875
01-07-2026 05:45,01-07-2026 06:00,21.89,53.4,72.26,1.26,150.71,6.08,2026,1,7,5,45,2,0.489230239,-0.872154673,1.29,1.04,1.33,1,1.4225,1.275833333,1.212395833
01-07-2026 06:00,01-07-2026 06:15,19.27,47,72.44,0.94,276.25,6.03,2026,1,7,6,0,2,-0.994056338,0.108866875,1.26,1.81,1.55,1.05,1.205,1.280833333,1.21125
01-07-2026 06:15,01-07-2026 06:30,19.27,47,72.24,0.94,210.37,6.31,2026,1,7,6,15,2,-0.505582084,-0.86277851,0.94,1.33,1.77,1.69,1.1075,1.265,1.2034375
01-07-2026 06:30,01-07-2026 06:45,19.27,47,72.57,1.57,150.2,7.89,2026,1,7,6,30,2,0.496973961,-0.867765453,0.94,1.29,1,1.17,1.1775,1.319166667,1.207604167
01-07-2026 06:45,01-07-2026 07:00,27.63,67.4,72.78,1.49,233.64,10.75,2026,1,7,6,45,2,-0.805307886,-0.59285682,1.57,1.26,1.04,1.14,1.235,1.3325,1.21125
01-07-2026 07:00,01-07-2026 07:15,18.04,44,72.48,1.48,203.69,15.98,2026,1,7,7,0,2,-0.401787957,-0.915732733,1.49,0.94,1.81,1.12,1.37,1.326666667,1.215
01-07-2026 07:15,01-07-2026 07:30,18.04,44,71.68,0.99,154.68,20.71,2026,1,7,7,15,2,0.427673422,-0.903933319,1.48,0.94,1.33,1.31,1.3825,1.261666667,1.211666667
01-07-2026 07:30,01-07-2026 07:45,18.04,44,71.45,1.44,204.13,28.38,2026,1,7,7,30,2,-0.408808363,-0.912620251,0.99,1.57,1.29,1.08,1.35,1.298333333,1.215416667
01-07-2026 07:45,01-07-2026 08:00,17.14,41.8,71.58,0.84,151.45,28.42,2026,1,7,7,45,2,0.477925491,-0.878400379,1.44,1.49,1.26,1.14,1.1875,1.281666667,1.212291667
01-07-2026 08:00,01-07-2026 08:15,13.53,33,71.99,1.88,150.1,35.25,2026,1,7,8,0,2,0.49848774,-0.866896749,0.84,1.48,0.94,0.81,1.2875,1.2875,1.2234375
01-07-2026 08:15,01-07-2026 08:30,13.53,33,71.69,1.74,80.47,41.35,2026,1,7,8,15,2,0.986199048,0.165564001,1.88,0.99,0.94,0.68,1.475,1.321666667,1.234479167
01-07-2026 08:30,01-07-2026 08:45,13.53,33,71.34,1.44,175.83,63.5,2026,1,7,8,30,2,0.072715994,-0.997352688,1.74,1.44,1.57,0.72,1.475,1.334166667,1.241979167
01-07-2026 08:45,01-07-2026 09:00,13.61,33.2,70.83,1.1,143.92,55.26,2026,1,7,8,45,2,0.58891428,-0.808195503,1.44,0.84,1.49,1.36,1.54,1.320833333,1.239270833
01-07-2026 09:00,01-07-2026 09:15,13.94,34,69.61,2.18,90,51.4,2026,1,7,9,0,2,1,6.12E-17,1.1,1.88,1.48,1.99,1.615,1.424166667,1.24125
01-07-2026 09:15,01-07-2026 09:30,13.94,34,68.62,1.72,246.39,53.29,2026,1,7,9,15,2,-0.916292842,-0.400508962,2.18,1.74,0.99,1.46,1.61,1.489166667,1.243958333
01-07-2026 09:30,01-07-2026 09:45,13.94,34,68.57,1.33,77.41,59.67,2026,1,7,9,30,2,0.97595482,0.217972908,1.72,1.44,1.44,1.62,1.5825,1.469166667,1.2409375
01-07-2026 09:45,01-07-2026 10:00,14.1,34.4,67.66,1.94,298.84,63.09,2026,1,7,9,45,2,-0.875970139,0.482365334,1.33,1.1,0.84,1.13,1.7925,1.506666667,1.249375
01-07-2026 10:00,01-07-2026 10:15,14.76,36,67.87,1.8,142.12,60.61,2026,1,7,10,0,2,0.61400972,-0.789298463,1.94,2.18,1.88,1.42,1.6975,1.533333333,1.253333333
01-07-2026 10:15,01-07-2026 10:30,14.76,36,67.65,1.93,201.15,64.72,2026,1,7,10,15,2,-0.360810826,-0.932639023,1.8,1.72,1.74,2.7,1.75,1.611666667,1.2453125
01-07-2026 10:30,01-07-2026 10:45,14.76,36,67.16,1.82,140.02,61.58,2026,1,7,10,30,2,0.642520171,-0.766268772,1.93,1.33,1.44,1.4,1.8725,1.643333333,1.2496875
01-07-2026 10:45,01-07-2026 11:00,24.19,59,67.2,1.96,147.89,65.46,2026,1,7,10,45,2,0.531546422,-0.847029162,1.82,1.94,1.1,2.01,1.8775,1.736666667,1.249166667
01-07-2026 11:00,01-07-2026 11:15,13.12,32,67.34,1.73,160.61,74.67,2026,1,7,11,0,2,0.331996503,-0.943280617,1.96,1.8,2.18,1.98,1.86,1.724166667,1.2465625
01-07-2026 11:15,01-07-2026 11:30,13.12,32,66.63,1.31,240.53,63.78,2026,1,7,11,15,2,-0.870613409,-0.491967775,1.73,1.93,1.72,2.41,1.705,1.688333333,1.235104167
01-07-2026 11:30,01-07-2026 11:45,13.12,32,65.61,2.19,58.8,70.68,2026,1,7,11,30,2,0.85536426,0.518027009,1.31,1.82,1.33,2.31,1.7975,1.750833333,1.233854167
01-07-2026 11:45,01-07-2026 12:00,13.45,32.8,65.9,1.56,196.65,73.93,2026,1,7,11,45,2,-0.286524553,-0.958072899,2.19,1.96,1.94,2.4,1.6975,1.789166667,1.225104167
01-07-2026 12:00,01-07-2026 12:15,14.76,36,66.25,1.19,153.06,82.49,2026,1,7,12,0,2,0.453057191,-0.891481453,1.56,1.73,1.8,1.96,1.5625,1.706666667,1.217083333
01-07-2026 15:00,01-07-2026 15:15,18.04,44,67.64,1.95,223.67,105.43,2026,1,7,15,0,2,-0.690503772,-0.723328792,2.54,2.17,2.34,1.08,1.905,1.975833333,1.28125
01-07-2026 15:15,01-07-2026 15:30,18.04,44,66.99,2.09,194.95,141.59,2026,1,7,15,15,2,-0.257976017,-0.966151321,1.95,1.53,1.55,0.49,2.045,1.9675,1.297916667
01-07-2026 15:30,01-07-2026 15:45,18.04,44,66.77,1.91,64.36,123.75,2026,1,7,15,30,2,0.901530654,0.432715241,2.09,1.6,1.57,1.47,2.1225,1.914166667,1.3025
01-07-2026 15:45,01-07-2026 16:00,24.19,59,67.44,2.54,144.73,107.65,2026,1,7,15,45,2,0.577430217,-0.816440044,1.91,2.54,1.87,1.4,2.1225,1.971666667,1.314375
01-07-2026 16:00,01-07-2026 16:15,20.91,51,68.2,1.5,157.1,92.7,2026,1,7,16,0,2,0.38912395,-0.921185406,2.54,1.95,2.17,1.5,2.01,1.901666667,1.314375
01-07-2026 16:15,01-07-2026 16:30,20.91,51,68.97,1.92,149.95,64.72,2026,1,7,16,15,2,0.500755559,-0.865588742,1.5,2.09,1.53,1.52,1.9675,1.9325,1.318541667
01-07-2026 16:30,01-07-2026 16:45,20.91,51,70.1,1.39,94.75,61.34,2026,1,7,16,30,2,0.996565502,-0.082808208,1.92,1.91,1.6,1.78,1.8375,1.9175,1.314479167
01-07-2026 16:45,01-07-2026 17:00,20.25,49.4,70.58,1.92,253.72,40.93,2026,1,7,16,45,2,-0.959903205,-0.280331657,1.39,2.54,2.54,1.74,1.6825,1.921666667,1.316354167
01-07-2026 17:00,01-07-2026 17:15,17.63,43,71.42,2.43,160.08,24.23,2026,1,7,17,0,2,0.340707752,-0.940169255,1.92,1.5,1.95,0.94,1.915,1.943333333,1.331875
01-07-2026 17:15,01-07-2026 17:30,17.63,43,69.99,2.07,299.95,18.72,2026,1,7,17,15,2,-0.866461406,0.49924406,2.43,1.92,2.09,1.23,1.9525,1.988333333,1.340625
01-07-2026 17:30,01-07-2026 17:45,17.63,43,71.33,1.3,319.57,11.54,2026,1,7,17,30,2,-0.648518553,0.761198848,2.07,1.39,1.91,1.49,1.93,1.963333333,1.338645833
01-07-2026 17:45,01-07-2026 18:00,29.36,71.6,70.54,1.73,80.32,8.05,2026,1,7,17,45,2,0.985762223,0.168145294,1.3,1.92,2.54,0.57,1.8825,1.895833333,1.350729167
01-07-2026 18:00,01-07-2026 18:15,17.63,43,71.09,1.22,140.71,6.59,2026,1,7,18,0,2,0.633245802,-0.773950744,1.73,2.43,1.5,1.17,1.58,1.835,1.35125
01-07-2026 18:15,01-07-2026 18:30,17.63,43,71.15,2.3,91.9,6.2,2026,1,7,18,15,2,0.999450216,-0.033155178,1.22,2.07,1.92,0.84,1.6375,1.8525,1.366458333
01-07-2026 18:30,01-07-2026 18:45,17.63,43,71.15,0.92,204.16,6.17,2026,1,7,18,30,2,-0.409286154,-0.912406074,2.3,1.3,1.39,0.99,1.5425,1.77,1.365729167
01-07-2026 18:45,01-07-2026 19:00,23.7,57.8,71.07,1.16,215.58,6.04,2026,1,7,18,45,2,-0.581839109,-0.813303911,0.92,1.73,1.92,0.62,1.4,1.655,1.371354167
01-07-2026 19:00,01-07-2026 19:15,15.99,39,71.93,1.32,137.88,6.14,2026,1,7,19,0,2,0.670685577,-0.741741773,1.16,1.22,2.43,0.4,1.425,1.64,1.3809375
01-07-2026 19:15,01-07-2026 19:30,15.99,39,71.5,1.35,181.27,6.04,2026,1,7,19,15,2,-0.022163866,-0.999754351,1.32,2.3,2.07,0.73,1.1875,1.5925,1.387395833
01-07-2026 19:30,01-07-2026 19:45,15.99,39,71.61,1.27,146.26,6.2,2026,1,7,19,30,2,0.555425106,-0.831566565,1.35,0.92,1.3,1.03,1.275,1.5825,1.389895833
01-07-2026 19:45,01-07-2026 20:00,22.47,54.8,71.91,1.06,211.45,6.06,2026,1,7,19,45,2,-0.521754297,-0.853095806,1.27,1.16,1.73,1.05,1.25,1.510833333,1.39
01-07-2026 20:00,01-07-2026 20:15,15.58,38,72.12,1.22,201.06,6.21,2026,1,7,20,0,2,-0.359345396,-0.933204633,1.06,1.32,1.22,0.59,1.225,1.41,1.3965625
01-07-2026 20:15,01-07-2026 20:30,15.58,38,72.09,1.14,318.83,6.03,2026,1,7,20,15,2,-0.658295406,0.752759695,1.22,1.35,2.3,0.73,1.1725,1.3325,1.400833333
01-07-2026 20:30,01-07-2026 20:45,15.58,38,72.66,1.32,85.1,6.1,2026,1,7,20,30,2,0.996345296,0.085416923,1.14,1.27,0.92,0.35,1.185,1.334166667,1.4109375
01-07-2026 20:45,01-07-2026 21:00,15.74,38.4,72.13,0.72,190.61,5.97,2026,1,7,20,45,2,-0.184122902,-0.982903229,1.32,1.06,1.16,0.93,1.1,1.25,1.40875
01-07-2026 21:00,01-07-2026 21:15,16.4,40,72.39,1.17,195.51,6,2026,1,7,21,0,2,-0.267406557,-0.963583797,0.72,1.22,1.32,1.01,1.0875,1.245833333,1.410416667
01-07-2026 21:15,01-07-2026 21:30,16.4,40,72.44,1.12,290.89,6,2026,1,7,21,15,2,-0.934266723,0.356574944,1.17,1.14,1.35,0.5,1.0825,1.1475,1.416875
01-07-2026 21:30,01-07-2026 21:45,16.4,40,72.54,0.81,212.76,6.04,2026,1,7,21,30,2,-0.541121252,-0.840944582,1.12,1.32,1.27,0.57,0.955,1.138333333,1.419375
01-07-2026 21:45,01-07-2026 22:00,16.4,40,72.91,1,215.91,6.11,2026,1,7,21,45,2,-0.586513727,-0.809939287,0.81,0.72,1.06,1.23,1.025,1.125,1.416979167
01-07-2026 22:00,01-07-2026 22:15,16.4,40,72.36,0.91,210.85,6.13,2026,1,7,22,0,2,-0.512792254,-0.858512728,1,1.17,1.22,0.8,0.96,1.090833333,1.418125
01-07-2026 22:15,01-07-2026 22:30,16.4,40,72.28,1.54,203.2,6.15,2026,1,7,22,15,2,-0.39394191,-0.919135339,0.91,1.12,1.14,0.76,1.065,1.106666667,1.42625
01-07-2026 22:30,01-07-2026 22:45,16.4,40,72.53,0.69,229.41,6.21,2026,1,7,22,30,2,-0.759384877,-0.65064169,1.54,0.81,1.32,0.89,1.035,1.058333333,1.424166667
01-07-2026 22:45,01-07-2026 23:00,15.66,38.2,73.11,0.93,246.06,6.11,2026,1,7,22,45,2,-0.91397089,-0.405779758,0.69,1,0.72,0.93,1.0175,1.0475,1.424166667
01-07-2026 23:00,01-07-2026 23:15,12.71,31,73.62,1.05,268.5,6,2026,1,7,23,0,2,-0.999657325,-0.026176948,0.93,0.91,1.17,0.66,1.0525,1.033333333,1.428229167
01-07-2026 23:15,01-07-2026 23:30,12.71,31,74.11,0.95,327.86,6.06,2026,1,7,23,15,2,-0.531989853,0.846750729,1.05,1.54,1.12,1.29,0.905,1.0175,1.4246875
01-07-2026 23:30,01-07-2026 23:45,12.71,31,74.1,1.05,266.09,6.18,2026,1,7,23,30,2,-0.997672393,-0.068189418,0.95,0.69,0.81,0.96,0.995,0.995,1.425625
01-07-2026 23:45,01-08-2026 00:00,23.45,57.2,73.95,1.95,303.99,6.04,2026,1,7,23,45,2,-0.829135158,0.559048201,1.05,0.93,1,0.61,1.25,1.0975,1.439583333
02-07-2026 00:00,02-07-2026 00:15,36.875,64.80625,80.1853125,0.3378125,306.3578125,7.47125,2026,2,7,0,0,5,-0.80533052,0.592826074,0.32625,0.2915625,0.27,1.3,0.32046875,0.361119792,0.981337891
02-07-2026 00:15,02-07-2026 00:30,37.65,67.0875,80.574375,0.349375,303.239375,7.6675,2026,2,7,0,15,5,-0.836387818,0.548138138,0.3378125,0.303125,0.32,0.98,0.33203125,0.344401042,0.97476888
02-07-2026 00:30,02-07-2026 00:45,38.425,69.36875,80.9634375,0.3609375,300.1209375,7.86375,2026,2,7,0,30,5,-0.864968097,0.501826854,0.349375,0.3146875,0.27,1.33,0.34359375,0.333645833,0.964674479
02-07-2026 00:45,02-07-2026 01:00,39.2,71.65,81.3525,0.3725,297.0025,8.06,2026,2,7,0,45,5,-0.890986714,0.454029377,0.3609375,0.32625,0.28,1.09,0.35515625,0.316354167,0.957200521
02-07-2026 01:00,02-07-2026 01:15,39.975,73.93125,81.7415625,0.3840625,293.8840625,8.25625,2026,2,7,1,0,5,-0.914366615,0.404887261,0.3725,0.3378125,0.2915625,0.97,0.36671875,0.325859375,0.951097005
02-07-2026 01:15,02-07-2026 01:30,40.75,76.2125,82.130625,0.395625,290.765625,8.4525,2026,2,7,1,15,5,-0.935038557,0.354546043,0.3840625,0.349375,0.303125,0.64,0.37828125,0.332161458,0.948551432
02-07-2026 01:30,02-07-2026 01:45,41.525,78.49375,82.5196875,0.4071875,287.6471875,8.64875,2026,2,7,1,30,5,-0.95294132,0.303154814,0.395625,0.3609375,0.3146875,0.655,0.38984375,0.34359375,0.945970052
02-07-2026 01:45,02-07-2026 02:00,42.3,80.775,82.90875,0.41875,284.52875,8.845,2026,2,7,1,45,5,-0.968021882,0.250865772,0.4071875,0.3725,0.32625,0.67,0.40140625,0.35515625,0.943352865
02-07-2026 02:00,02-07-2026 02:15,43.075,83.05625,83.2978125,0.4303125,281.4103125,9.04125,2026,2,7,2,0,5,-0.980235583,0.197833773,0.41875,0.3840625,0.3378125,1.09,0.41296875,0.36671875,0.93648112
02-07-2026 02:15,02-07-2026 02:30,43.85,85.3375,83.686875,0.441875,278.291875,9.2375,2026,2,7,2,15,5,-0.98954625,0.144215877,0.4303125,0.395625,0.349375,0.83,0.42453125,0.37828125,0.932438151
02-07-2026 02:30,02-07-2026 02:45,44.625,87.61875,84.0759375,0.4534375,275.1734375,9.43375,2026,2,7,2,30,5,-0.995926309,0.090170875,0.441875,0.4071875,0.3609375,0.57,0.43609375,0.38984375,0.931223958
02-07-2026 02:45,02-07-2026 03:00,45.4,89.9,84.465,0.465,272.055,9.63,2026,2,7,2,45,5,-0.999356865,0.035858827,0.4534375,0.41875,0.3725,0.42,0.44765625,0.40140625,0.931692708
02-07-2026 03:00,02-07-2026 03:15,46.175,92.18125,84.8540625,0.4765625,268.9365625,9.82625,2026,2,7,3,0,5,-0.999827759,-0.01855942,0.465,0.4303125,0.3840625,0.27,0.45921875,0.41296875,0.933844401
02-07-2026 03:15,02-07-2026 03:30,46.95,94.4625,85.243125,0.488125,265.818125,10.0225,2026,2,7,3,15,5,-0.997337596,-0.072922702,0.4765625,0.441875,0.395625,0.38,0.47078125,0.42453125,0.934970703
02-07-2026 03:30,02-07-2026 03:45,47.725,96.74375,85.6321875,0.4996875,262.6996875,10.21875,2026,2,7,3,30,5,-0.99189375,-0.127070019,0.488125,0.4534375,0.4071875,0.35,0.48234375,0.43609375,0.936529948
02-07-2026 03:45,02-07-2026 04:00,48.5,99.025,86.02125,0.51125,259.58125,10.415,2026,2,7,3,45,5,-0.983512343,-0.180841009,0.4996875,0.465,0.41875,0.32,0.49390625,0.44765625,0.938522135
02-07-2026 04:00,02-07-2026 04:15,49.275,101.30625,86.4103125,0.5228125,256.4628125,10.61125,2026,2,7,4,0,5,-0.972218199,-0.234076426,0.51125,0.4765625,0.4303125,0.29,0.50546875,0.45921875,0.940947266
02-07-2026 04:15,02-07-2026 04:30,50.05,103.5875,86.799375,0.534375,253.344375,10.8075,2026,2,7,4,15,5,-0.958044765,-0.28661861,0.5228125,0.488125,0.441875,0.34,0.51703125,0.47078125,0.942972005
02-07-2026 04:30,02-07-2026 04:45,50.825,105.86875,87.1884375,0.5459375,250.2259375,11.00375,2026,2,7,4,30,5,-0.941034017,-0.338311954,0.534375,0.4996875,0.4534375,0.39,0.52859375,0.48234375,0.944596354
02-07-2026 04:45,02-07-2026 05:00,51.6,108.15,87.5775,0.5575,247.1075,11.2,2026,2,7,4,45,5,-0.921236334,-0.389003364,0.5459375,0.51125,0.465,0.27,0.54015625,0.49390625,0.947591146
02-07-2026 05:00,02-07-2026 05:15,52.375,110.43125,87.9665625,0.5690625,243.9890625,11.39625,2026,2,7,5,0,5,-0.898710347,-0.438542714,0.5575,0.5228125,0.4765625,0.34,0.55171875,0.50546875,0.949977214
02-07-2026 05:15,02-07-2026 05:30,53.15,112.7125,88.355625,0.580625,240.870625,11.5925,2026,2,7,5,15,5,-0.873522769,-0.486783291,0.5690625,0.534375,0.488125,0.34,0.56328125,0.51703125,0.952483724
02-07-2026 05:30,02-07-2026 05:45,53.925,114.99375,88.7446875,0.5921875,237.7521875,11.78875,2026,2,7,5,30,5,-0.845748194,-0.533582226,0.580625,0.5459375,0.4996875,0.28,0.57484375,0.52859375,0.955735677
02-07-2026 05:45,02-07-2026 06:00,54.7,117.275,89.13375,0.60375,234.63375,11.985,2026,2,7,5,45,5,-0.815468879,-0.578800922,0.5921875,0.5575,0.51125,0.315,0.58640625,0.54015625,0.95874349
02-07-2026 06:00,02-07-2026 06:15,55.475,119.55625,89.5228125,0.6153125,231.5153125,12.18125,2026,2,7,6,0,5,-0.782774498,-0.62230546,0.60375,0.5690625,0.5228125,0.35,0.59796875,0.55171875,0.961507161
02-07-2026 06:15,02-07-2026 06:30,56.25,121.8375,89.911875,0.626875,228.396875,12.3775,2026,2,7,6,15,5,-0.747761878,-0.663966998,0.6153125,0.580625,0.534375,0.365,0.60953125,0.56328125,0.964235026
02-07-2026 06:30,02-07-2026 06:45,57.025,124.11875,90.3009375,0.6384375,225.2784375,12.57375,2026,2,7,6,30,5,-0.71053471,-0.703662153,0.626875,0.5921875,0.5459375,0.38,0.62109375,0.57484375,0.966927083
02-07-2026 06:45,02-07-2026 07:00,57.8,126.4,90.69,0.65,222.16,12.77,2026,2,7,6,45,5,-0.671203246,-0.741273365,0.6384375,0.60375,0.5575,0.4,0.63265625,0.58640625,0.96953125
02-07-2026 07:45,02-07-2026 08:00,66.6,131,87.78,1.11,268.6,32.74,2026,2,7,7,45,5,-0.99970149,-0.024432178,0.68,0.65,0.60375,0.5,0.715,0.6446875,0.978958333
02-07-2026 08:45,02-07-2026 09:00,67.4,135.8,82.72,0.56,132.22,50.36,2026,2,7,8,45,5,0.740570076,-0.671979138,0.81,1.11,0.65,1.845,0.8025,0.71671875,0.963802083
02-07-2026 09:45,02-07-2026 10:00,63.6,121,76.26,1.28,210.13,60.14,2026,2,7,9,45,5,-0.501963661,-0.864888712,0.94,0.56,1.11,2.036666667,1.495,1.004166667,0.947690972
02-07-2026 10:00,02-07-2026 10:15,65,109,74.59,0.67,267.93,59.97,2026,2,7,10,0,5,-0.999347443,-0.036120457,1.28,1.74,0.83,2.003333333,1.2275,1.008333333,0.933802083
02-07-2026 10:15,02-07-2026 10:30,65,109,73.73,1.33,269.76,60.97,2026,2,7,10,15,5,-0.999991227,-0.004188778,0.67,2.02,1.01,1.97,1.055,1.081666667,0.927135417
02-07-2026 10:30,02-07-2026 10:45,65,109,73.36,0.93,121.21,66.59,2026,2,7,10,30,5,0.855273834,-0.518176291,1.33,0.94,0.81,1.936666667,1.0525,1.1025,0.916649306
02-07-2026 10:45,02-07-2026 11:00,54.2,100.2,72.13,0.77,123.47,101.89,2026,2,7,10,45,5,0.834174701,-0.551500288,0.93,1.28,0.56,1.903333333,0.925,1.074166667,0.90484375
02-07-2026 11:00,02-07-2026 11:15,56,84,72.7,1.05,202.79,98.15,2026,2,7,11,0,5,-0.387354685,-0.921930772,0.77,0.67,1.74,1.87,1.02,1.0925,0.896302083
02-07-2026 11:15,02-07-2026 11:30,56,84,73.23,1.27,89.65,69.8,2026,2,7,11,15,5,0.999981342,0.006108614,1.05,1.33,2.02,1.836666667,1.005,1.114166667,0.890399306
02-07-2026 11:30,02-07-2026 11:45,56,84,73.52,1.04,212.27,89.49,2026,2,7,11,30,5,-0.533909698,-0.845541504,1.27,0.93,0.94,1.803333333,1.0325,1.133333333,0.882447917
02-07-2026 11:45,02-07-2026 12:00,49.2,79.8,73.33,0.85,275.49,113.9,2026,2,7,11,45,5,-0.995412911,0.095672022,1.04,0.77,1.28,1.77,1.0525,1.1575,0.872864583
02-07-2026 15:15,02-07-2026 15:30,43,79,71.06,1.9,82.92,154.04,2026,2,7,15,15,5,0.992375022,0.12325508,0.92,1.81,0.67,1.52,1.42,1.3725,0.846822917
02-07-2026 15:30,02-07-2026 15:45,43,79,72.56,1.22,272,136.21,2026,2,7,15,30,5,-0.999390827,0.034899497,1.9,1.45,1.82,1.37,1.3625,1.314166667,0.845260417
02-07-2026 15:45,02-07-2026 16:00,43.4,70,73.36,0.99,247.15,119.68,2026,2,7,15,45,5,-0.921524629,-0.388319916,1.22,1.41,0.81,2.13,1.2575,1.2775,0.833385417
02-07-2026 16:00,02-07-2026 16:15,44,64,73.19,1.03,270.33,102.57,2026,2,7,16,0,5,-0.999983414,0.005759555,0.99,0.92,1.06,1.31,1.285,1.2575,0.83046875
02-07-2026 16:15,02-07-2026 16:30,44,64,73.93,1.43,92.24,84.8,2026,2,7,16,15,5,0.999235873,-0.039085417,1.03,1.9,1.81,2.39,1.1675,1.320833333,0.82046875
02-07-2026 16:30,02-07-2026 16:45,44,64,75.03,1.57,150.36,68.02,2026,2,7,16,30,5,0.494548768,-0.869149881,1.43,1.22,1.45,1.65,1.255,1.3,0.819635417
02-07-2026 16:45,02-07-2026 17:00,46.8,66.4,75.16,0.7,206.14,52.69,2026,2,7,16,45,5,-0.440566004,-0.897720221,1.57,0.99,1.41,1.95,1.1825,1.290833333,0.806614583
02-07-2026 17:00,02-07-2026 17:15,51,68,75.69,1.2,210.48,38.6,2026,2,7,17,0,5,-0.507237567,-0.861806272,0.7,1.03,0.92,1.69,1.225,1.3025,0.801510417
02-07-2026 17:15,02-07-2026 17:30,51,68,76.37,0.6,209.72,27.06,2026,2,7,17,15,5,-0.495761848,-0.868458514,1.2,1.43,1.9,1.54,1.0175,1.201666667,0.79171875
02-07-2026 17:30,02-07-2026 17:45,51,68,77.17,0.57,214.39,17.69,2026,2,7,17,30,5,-0.564822985,-0.825212091,0.6,1.57,1.22,1.5,0.7675,1.128333333,0.78203125
02-07-2026 17:45,02-07-2026 18:00,48.6,71,78.68,1.21,270.73,11.45,2026,2,7,17,45,5,-0.999918836,0.012740559,0.57,0.7,0.99,0.53,0.895,1.111666667,0.789114583
02-07-2026 18:00,02-07-2026 18:15,45,73,79.58,0.77,293.47,8.03,2026,2,7,18,0,5,-0.917268733,0.398268843,1.21,1.2,1.03,0.83,0.7875,1.099166667,0.788489583
02-07-2026 18:15,02-07-2026 18:30,45,73,80.24,0.93,205.76,7.47,2026,2,7,18,15,5,-0.434602452,-0.900622401,0.77,0.6,1.43,0.89,0.87,1.018333333,0.78890625
02-07-2026 18:30,02-07-2026 18:45,45,73,80.85,0.27,216.73,7.43,2026,2,7,18,30,5,-0.598044874,-0.801462619,0.93,0.57,1.57,1.23,0.795,0.939166667,0.77890625
02-07-2026 18:45,02-07-2026 19:00,43.8,70,81.01,0.27,338.52,7.34,2026,2,7,18,45,5,-0.366176427,0.930545444,0.27,1.21,0.7,0.55,0.56,0.879166667,0.775989583
02-07-2026 19:00,02-07-2026 19:15,42,68,81.72,0.27,326.97,6.79,2026,2,7,19,0,5,-0.545078087,0.838385281,0.27,0.77,1.2,0.75,0.435,0.815833333,0.770989583
02-07-2026 19:15,02-07-2026 19:30,42,68,82.39,0.27,333.88,6.52,2026,2,7,19,15,5,-0.440252614,0.897873953,0.27,0.93,0.6,0.56,0.27,0.719166667,0.76796875
02-07-2026 19:30,02-07-2026 19:45,42,68,82.7,0.27,209.24,6.58,2026,2,7,19,30,5,-0.488468955,-0.872581274,0.27,0.27,0.57,0.42,0.27,0.610833333,0.76640625
02-07-2026 19:45,02-07-2026 20:00,50.4,82.4,82.93,0.45,88.07,6.25,2026,2,7,19,45,5,0.999432719,0.033678485,0.27,0.27,1.21,0.28,0.315,0.59,0.768177083
02-07-2026 20:00,02-07-2026 20:15,41,68,83.08,0.31,259.99,6.39,2026,2,7,20,0,5,-0.984777431,-0.173820056,0.45,0.27,0.77,0.6,0.325,0.515833333,0.76515625
02-07-2026 20:15,02-07-2026 20:30,41,68,83.35,0.3,335.69,6.24,2026,2,7,20,15,5,-0.411673422,0.91133144,0.31,0.27,0.93,0.28,0.3325,0.490833333,0.765364583
02-07-2026 20:30,02-07-2026 20:45,41,68,83.73,0.27,336.65,6.2,2026,2,7,20,30,5,-0.396346848,0.918100853,0.3,0.27,0.27,0.39,0.3325,0.465833333,0.764114583
02-07-2026 20:45,02-07-2026 21:00,35,56.6,83.94,0.27,335.74,6.07,2026,2,7,20,45,5,-0.410877979,0.911690346,0.27,0.45,0.27,0.4,0.2875,0.3875,0.762760417
02-07-2026 21:00,02-07-2026 21:15,26,49,84.4,0.27,203.86,6.06,2026,2,7,21,0,5,-0.404503218,-0.914536575,0.27,0.31,0.27,0.29,0.2775,0.345833333,0.762552083
02-07-2026 21:15,02-07-2026 21:30,26,49,84.76,0.27,342.36,6.06,2026,2,7,21,15,5,-0.30303527,0.952979342,0.27,0.3,0.27,0.55,0.27,0.290833333,0.759635417
02-07-2026 21:30,02-07-2026 21:45,26,49,84.74,0.27,330.51,6.06,2026,2,7,21,30,5,-0.492271647,0.870441627,0.27,0.27,0.27,0.49,0.27,0.290833333,0.75734375
02-07-2026 21:45,02-07-2026 22:00,32.8,58,85,0.27,183.31,6.06,2026,2,7,21,45,5,-0.05773827,-0.998331755,0.27,0.27,0.45,0.58,0.27,0.290833333,0.754114583
02-07-2026 22:00,02-07-2026 22:15,43,64,85.09,0.27,340.66,6.06,2026,2,7,22,0,5,-0.331173209,0.943569979,0.27,0.27,0.31,0.27,0.27,0.290833333,0.754114583
02-07-2026 22:15,02-07-2026 22:30,43,64,85.43,0.27,341.06,6,2026,2,7,22,15,5,-0.324577831,0.945858991,0.27,0.27,0.3,0.32,0.27,0.290833333,0.75359375
02-07-2026 22:30,02-07-2026 22:45,43,64,85.74,0.27,345.04,6.06,2026,2,7,22,30,5,-0.258144639,0.966106281,0.27,0.27,0.27,0.27,0.27,0.290833333,0.75359375
02-07-2026 22:45,02-07-2026 23:00,42.8,75,85.95,0.27,340.01,5.92,2026,2,7,22,45,5,-0.341856131,0.9397523,0.27,0.27,0.27,0.28,0.27,0.275833333,0.753489583
02-07-2026 23:00,02-07-2026 23:15,38,58,86.3,0.27,343.75,5.93,2026,2,7,23,0,5,-0.279829014,0.960049854,0.27,0.27,0.27,0.2915625,0.27,0.2725,0.753264974
02-07-2026 23:15,02-07-2026 23:30,38,58,86.51,0.27,89.57,6.18,2026,2,7,23,15,5,0.999971838,0.007504845,0.27,0.27,0.27,0.303125,0.27,0.27,0.752919922
02-07-2026 23:30,02-07-2026 23:45,38,58,86.69,0.27,26.5,6.13,2026,2,7,23,30,5,0.446197813,0.894934362,0.27,0.27,0.27,0.3146875,0.27,0.27,0.752454427
02-07-2026 23:45,02-08-2026 00:00,38.4,57.4,87.07,0.27,26.5,6.15,2026,2,7,23,45,5,0.446197813,0.894934362,0.27,0.27,0.27,0.32625,0.27,0.27,0.75186849
03-07-2026 00:00,03-07-2026 00:15,24,51,87.15,0.27,147.93,6.07,2026,3,7,0,0,5,0.530954955,-0.847400045,0.84,1.19,0.69,1.37,0.95,0.88,1.334166667
03-07-2026 00:15,03-07-2026 00:30,24,51,87.07,0.51,115.65,6.04,2026,3,7,0,15,5,0.901455117,-0.432872582,0.27,1.52,0.76,0.99,0.6975,0.87,1.329166667
03-07-2026 00:30,03-07-2026 00:45,24,51,86.7,0.61,160.4,6.21,2026,3,7,0,30,5,0.33545157,-0.942057453,0.51,1.17,0.7,0.55,0.5575,0.860833333,1.329791667
03-07-2026 00:45,03-07-2026 01:00,25.33,50.5,86.75,0.39,189.73,5.95,2026,3,7,0,45,5,-0.16900547,-0.985615113,0.61,0.84,1.01,0.6,0.445,0.805,1.327604167
03-07-2026 01:00,03-07-2026 01:15,28,50,86.69,0.4,139.14,6.11,2026,3,7,1,0,5,0.654212969,-0.75631038,0.39,0.27,1.19,0.92,0.4775,0.780833333,1.3221875
03-07-2026 01:15,03-07-2026 01:30,28,50,86.68,0.73,103.14,6.03,2026,3,7,1,15,5,0.973817497,-0.227331216,0.4,0.51,1.52,0.61,0.5325,0.778333333,1.3234375
03-07-2026 01:30,03-07-2026 01:45,28,50,86.81,0.72,163.16,6.08,2026,3,7,1,30,5,0.289700062,-0.957117482,0.73,0.61,1.17,0.75,0.56,0.78,1.323125
03-07-2026 01:45,03-07-2026 02:00,29.4,54.8,86.73,0.4,154.13,6,2026,3,7,1,45,5,0.436330721,-0.899786365,0.72,0.39,0.84,0.91,0.5625,0.729166667,1.3178125
03-07-2026 02:00,03-07-2026 02:15,35,58,86.86,0.55,193.1,6.03,2026,3,7,2,0,5,-0.226651307,-0.973975967,0.4,0.4,0.27,0.96,0.6,0.675833333,1.313541667
03-07-2026 02:15,03-07-2026 02:30,35,58,86.76,0.54,170.47,5.97,2026,3,7,2,15,5,0.165564001,-0.986199048,0.55,0.73,0.51,1.28,0.5525,0.594166667,1.305833333
03-07-2026 02:30,03-07-2026 02:45,35,58,86.56,0.95,151.25,5.98,2026,3,7,2,30,5,0.480988769,-0.876726756,0.54,0.72,0.61,1.02,0.61,0.575833333,1.305104167
03-07-2026 02:45,03-07-2026 03:00,33.67,56,86.48,0.63,180.16,5.95,2026,3,7,2,45,5,-0.002792523,-0.999996101,0.95,0.4,0.39,1.12,0.6675,0.558333333,1.3
03-07-2026 03:00,03-07-2026 03:15,31,54,86.46,0.74,104.78,6,2026,3,7,3,0,5,0.966912497,-0.255108257,0.63,0.55,0.4,0.49,0.715,0.5975,1.302604167
03-07-2026 03:15,03-07-2026 03:30,31,54,86.96,0.65,231.48,6.07,2026,3,7,3,15,5,-0.782390811,-0.62278778,0.74,0.54,0.73,1.53,0.7425,0.609166667,1.2934375
03-07-2026 03:30,03-07-2026 03:45,31,54,87.61,0.71,228.49,6.23,2026,3,7,3,30,5,-0.74884006,-0.662750756,0.65,0.95,0.72,1.67,0.6825,0.6175,1.2834375
03-07-2026 03:45,03-07-2026 04:00,39.03,68.83,88.1,0.97,203.91,6.12,2026,3,7,3,45,5,-0.405301148,-0.914183231,0.71,0.63,0.4,0.7,0.7675,0.665833333,1.28625
03-07-2026 04:00,03-07-2026 04:15,38,70,88.58,0.98,221.94,6.11,2026,3,7,4,0,5,-0.66835202,-0.74384513,0.97,0.74,0.55,1.25,0.8275,0.714166667,1.2834375
03-07-2026 04:15,03-07-2026 04:30,38,70,88.89,1.02,141.97,6.28,2026,3,7,4,15,5,0.616073992,-0.787688286,0.98,0.65,0.54,1.1,0.92,0.738333333,1.282604167
03-07-2026 04:30,03-07-2026 04:45,38,70,89.01,0.27,75.66,6.21,2026,3,7,4,30,5,0.968843057,0.247675453,1.02,0.71,0.95,1.21,0.81,0.700833333,1.2728125
03-07-2026 04:45,03-07-2026 05:00,56.3,87.4,89.26,0.47,225.43,6.31,2026,3,7,4,45,5,-0.712393595,-0.701780141,0.27,0.97,0.63,1.19,0.685,0.706666667,1.2653125
03-07-2026 05:00,03-07-2026 05:15,41,59,88.92,0.42,73.6,6.34,2026,3,7,5,0,5,0.959313975,0.282341457,0.47,0.98,0.74,1.17,0.545,0.695833333,1.2575
03-07-2026 05:15,03-07-2026 05:30,41,59,88.58,0.51,188.76,6.28,2026,3,7,5,15,5,-0.152295885,-0.988334945,0.42,1.02,0.65,1.35,0.4175,0.693333333,1.24875
03-07-2026 05:30,03-07-2026 05:45,41,59,88.52,0.47,195.88,6.36,2026,3,7,5,30,5,-0.273623491,-0.961836881,0.51,0.27,0.71,0.88,0.4675,0.653333333,1.244479167
03-07-2026 05:45,03-07-2026 06:00,40,64.4,88.61,0.58,259.56,6.31,2026,3,7,5,45,5,-0.983445205,-0.181205764,0.47,0.47,0.97,1.33,0.495,0.649166667,1.236666667
03-07-2026 06:00,03-07-2026 06:15,36,68,88.32,0.97,177,6.64,2026,3,7,6,0,5,0.052335956,-0.998629535,0.58,0.42,0.98,1.21,0.6325,0.668333333,1.234166667
03-07-2026 06:15,03-07-2026 06:30,36,68,87.74,0.33,174.87,7.49,2026,3,7,6,15,5,0.089415811,-0.995994384,0.97,0.51,1.02,0.76,0.5875,0.641666667,1.2296875
03-07-2026 06:30,03-07-2026 06:45,36,68,87.14,0.27,136.89,8.11,2026,3,7,6,30,5,0.683401201,-0.730043012,0.33,0.47,0.27,0.59,0.5375,0.605,1.226354167
03-07-2026 06:45,03-07-2026 07:00,45.66,85.8,86.35,0.56,197.1,8.2,2026,3,7,6,45,5,-0.294040325,-0.955793015,0.27,0.58,0.47,1.02,0.5325,0.570833333,1.2215625
03-07-2026 07:00,03-07-2026 07:15,32,73,84.87,0.91,192.28,8.38,2026,3,7,7,0,5,-0.21268932,-0.977119877,0.56,0.97,0.42,1.19,0.5175,0.565,1.218645833
03-07-2026 07:15,03-07-2026 07:30,32,73,83.15,0.78,161.01,8.61,2026,3,7,7,15,5,0.325403125,-0.945575384,0.91,0.33,0.51,0.88,0.63,0.545,1.217604167
03-07-2026 07:30,03-07-2026 07:45,32,73,82.28,1.32,144.3,8.65,2026,3,7,7,30,5,0.583541211,-0.812083527,0.78,0.27,0.47,1.16,0.8925,0.6325,1.219270833
03-07-2026 07:45,03-07-2026 08:00,32,78.5,82.45,1.17,125.58,8.58,2026,3,7,7,45,5,0.813303911,-0.581839109,1.32,0.56,0.58,0.84,1.045,0.690833333,1.222708333
03-07-2026 08:00,03-07-2026 08:15,36.8,84,82.71,1.16,161.43,8.67,2026,3,7,8,0,5,0.318463015,-0.947935287,1.17,0.91,0.97,1.32,1.1075,0.7525,1.221041667
03-07-2026 08:15,03-07-2026 08:30,46,84,82.13,2.04,101.92,8.61,2026,3,7,8,15,5,0.978436947,-0.206545737,1.16,0.78,0.33,1.19,1.4225,0.88,1.229895833
03-07-2026 08:30,03-07-2026 08:45,46,84,81.26,2.49,93.2,8.75,2026,3,7,8,30,5,0.998440764,-0.055821505,2.04,1.32,0.27,1.49,1.715,1.048333333,1.2403125
03-07-2026 08:45,03-07-2026 09:00,41.2,80.4,79.55,2.08,192,8.75,2026,3,7,8,45,5,-0.207911691,-0.978147601,2.49,1.17,0.56,1.93,1.9425,1.173333333,1.241875
03-07-2026 09:00,03-07-2026 09:15,34,78,77.24,2.01,161.65,8.69,2026,3,7,9,0,5,0.314820866,-0.949151106,2.08,1.16,0.91,1.86,2.155,1.26,1.2434375
03-07-2026 09:15,03-07-2026 09:30,34,78,75.99,1.59,138.29,8.55,2026,3,7,9,15,5,0.665360657,-0.746522066,2.01,2.04,0.78,1.75,2.0425,1.365,1.241770833
03-07-2026 09:30,03-07-2026 09:45,34,78,76.21,2.2,98.34,8.55,2026,3,7,9,30,5,0.989424768,-0.145046985,1.59,2.49,1.32,1.9,1.97,1.525833333,1.244895833
03-07-2026 09:45,03-07-2026 10:00,34.4,76.8,76.38,1.96,69.15,8.75,2026,3,7,9,45,5,0.934515431,0.355922616,2.2,2.08,1.17,1.31,1.94,1.6425,1.251666667
03-07-2026 10:15,03-07-2026 10:30,36,76,76.44,1.38,61.33,8.96,2026,3,7,10,15,5,0.877397488,0.479764159,2.81,1.59,2.04,1.21,2.0875,1.850833333,1.265104167
03-07-2026 10:30,03-07-2026 10:45,36,76,75.76,1.06,37.01,8.79,2026,3,7,10,30,5,0.601954402,0.798530461,1.38,2.2,2.49,1.26,1.8025,1.829166667,1.263020833
03-07-2026 10:45,03-07-2026 11:00,52.84,103.8,75.24,2.06,78.52,8.86,2026,3,7,10,45,5,0.979994237,0.199025864,1.06,1.96,2.08,1.02,1.8275,1.903333333,1.273854167
03-07-2026 11:00,03-07-2026 11:15,35,85,75.33,1.43,94.31,8.86,2026,3,7,11,0,5,0.997172032,-0.075152767,2.06,2.81,2.01,1.17,1.4825,1.925833333,1.2765625
03-07-2026 11:15,03-07-2026 11:30,35,85,74.46,1.07,99.99,8.93,2026,3,7,11,15,5,0.984838045,-0.173476294,1.43,1.38,1.59,1.04,1.405,1.845,1.276875
03-07-2026 11:30,03-07-2026 11:45,35,85,74.82,1.55,85.68,8.94,2026,3,7,11,30,5,0.9971589,0.075326806,1.07,1.06,2.2,1.24,1.5275,1.766666667,1.280104167
03-07-2026 11:45,03-07-2026 12:00,35,88,73.7,1.75,111.4,8.87,2026,3,7,11,45,5,0.931055816,-0.364876784,1.55,2.06,1.96,2.58,1.45,1.739166667,1.271458333
03-07-2026 12:00,03-07-2026 12:15,31,91,73.83,1.85,120.27,9.15,2026,3,7,12,0,5,0.863659602,-0.504075482,1.75,1.43,2.81,1.3,1.555,1.725833333,1.2771875
03-07-2026 12:15,03-07-2026 12:30,31,91,74.31,1.69,91.64,9.25,2026,3,7,12,15,5,0.999590378,-0.028619491,1.85,1.07,1.38,1.79,1.71,1.734166667,1.276145833
03-07-2026 12:30,03-07-2026 12:45,31,91,74.18,1.57,53.31,9.25,2026,3,7,12,30,5,0.801879937,0.597485202,1.69,1.55,1.06,1.88,1.715,1.681666667,1.272916667
03-07-2026 12:45,03-07-2026 13:00,33,98.8,73.53,1.5,80.02,9.18,2026,3,7,12,45,5,0.984868308,0.173304404,1.57,1.75,2.06,1.14,1.6525,1.643333333,1.276666667
03-07-2026 13:00,03-07-2026 13:15,41,104,73.6,1.37,108.14,9.12,2026,3,7,13,0,5,0.950298607,-0.311339939,1.5,1.85,1.43,1.65,1.5325,1.523333333,1.27375
03-07-2026 13:30,03-07-2026 13:45,41,104,74.04,2.64,40.02,9.14,2026,3,7,13,30,5,0.64305497,0.765820021,2.97,1.57,1.55,2.02,2.12,1.7875,1.296458333
03-07-2026 13:45,03-07-2026 14:00,38.67,108,72.76,1.48,67.7,9.04,2026,3,7,13,45,5,0.925209718,0.37945616,2.64,1.5,1.75,2.03,2.115,1.739166667,1.290729167
03-07-2026 14:00,03-07-2026 14:15,27,112,73.18,1.94,146.76,9.07,2026,3,7,14,0,5,0.548147262,-0.836381838,1.48,1.37,1.85,1.82,2.2575,1.781666667,1.291979167
03-07-2026 14:15,03-07-2026 14:30,27,112,74.3,2.55,123.69,9.01,2026,3,7,14,15,5,0.832050948,-0.554699216,1.94,2.97,1.69,1.53,2.1525,1.905,1.302604167
03-07-2026 14:30,03-07-2026 14:45,27,112,74.12,2.48,60.33,9.06,2026,3,7,14,30,5,0.868890817,0.495003786,2.55,2.64,1.57,1.34,2.1125,1.9825,1.314479167
03-07-2026 14:45,03-07-2026 15:00,29.33,102,73.53,1.46,48.31,9.02,2026,3,7,14,45,5,0.746754276,0.665100032,2.48,1.48,1.5,1.52,2.1075,1.958333333,1.313854167
03-07-2026 15:00,03-07-2026 15:15,34,92,73.32,1.74,138.67,8.96,2026,3,7,15,0,5,0.660394938,-0.750918454,1.46,1.94,1.37,1.42,2.0575,1.949166667,1.3171875
03-07-2026 15:15,03-07-2026 15:30,34,92,73.11,1.88,109.79,8.91,2026,3,7,15,15,5,0.940939876,-0.3385737,1.74,2.55,2.97,1.09,1.89,1.965,1.325416667
03-07-2026 15:30,03-07-2026 15:45,34,92,73.67,1.47,39.59,8.91,2026,3,7,15,30,5,0.6372895,0.770624483,1.88,2.48,2.64,2.21,1.6375,1.956666667,1.317708333
03-07-2026 15:45,03-07-2026 16:00,34,88.5,74.81,2,63.01,8.73,2026,3,7,15,45,5,0.891085747,0.453834983,1.47,1.46,1.48,2.18,1.7725,1.998333333,1.315833333
03-07-2026 16:00,03-07-2026 16:15,37,85,75.36,1.87,89.76,8.92,2026,3,7,16,0,5,0.999991227,0.004188778,2,1.74,1.94,2.68,1.805,2.04,1.307395833
03-07-2026 16:15,03-07-2026 16:30,37,85,75.18,2.25,52.7,8.57,2026,3,7,16,15,5,0.795473481,0.6059884,1.87,1.88,2.55,1.7,1.8975,1.98,1.313125
03-07-2026 16:30,03-07-2026 16:45,37,85,75.62,2.15,36.61,8.58,2026,3,7,16,30,5,0.596364984,0.802713402,2.25,1.47,2.48,2.21,2.0675,1.939166667,1.3125
03-07-2026 16:45,03-07-2026 17:00,37,78.5,77.3,2.58,66.73,8.23,2026,3,7,16,45,5,0.918653363,0.395064551,2.15,2,1.46,2.1,2.2125,2.030833333,1.3175
03-07-2026 17:00,03-07-2026 17:15,31,72,77.29,1.99,60.32,8.37,2026,3,7,17,0,5,0.868804409,0.495155429,2.58,1.87,1.74,2.49,2.2425,2.035,1.312291667
03-07-2026 17:15,03-07-2026 17:30,31,72,77.94,1.95,46.59,8.11,2026,3,7,17,15,5,0.726454741,0.687214312,1.99,2.25,1.88,2.01,2.1675,1.985,1.311666667
03-07-2026 17:30,03-07-2026 17:45,31,72,78.18,1.48,131.81,8.02,2026,3,7,17,30,5,0.745359656,-0.66666257,1.95,2.15,1.47,1.01,2,1.901666667,1.3165625
03-07-2026 17:45,03-07-2026 18:00,31,72,78.61,1.44,68.56,7.78,2026,3,7,17,45,5,0.930800857,0.365526695,1.48,2.58,2,1.9,1.715,1.9,1.311770833
03-07-2026 18:00,03-07-2026 18:15,31,72,79.75,1.45,51.71,7.4,2026,3,7,18,0,5,0.78488453,0.619642053,1.44,1.99,1.87,1.6,1.58,1.875833333,1.310208333
03-07-2026 18:15,03-07-2026 18:30,31,72,80,0.8,71.45,6.41,2026,3,7,18,15,5,0.948046394,0.318132104,1.45,1.95,2.25,0.94,1.2925,1.785833333,1.30875
03-07-2026 18:30,03-07-2026 18:45,31,72,80.37,0.79,141.76,6.18,2026,3,7,18,30,5,0.618956876,-0.785424971,0.8,1.48,2.15,2.12,1.12,1.729166667,1.294895833
03-07-2026 18:45,03-07-2026 19:00,29.6,67.2,79.88,1.39,132.96,6.14,2026,3,7,18,45,5,0.731829648,-0.681487613,0.79,1.44,2.58,1.17,1.1075,1.678333333,1.2971875
03-07-2026 19:00,03-07-2026 19:15,24,64,80.45,1.04,78,6.15,2026,3,7,19,0,5,0.978147601,0.207911691,1.39,1.45,1.99,1.76,1.005,1.609166667,1.2896875
03-07-2026 19:15,03-07-2026 19:30,24,64,80.83,0.75,100.91,6.11,2026,3,7,19,15,5,0.981925694,-0.189266824,1.04,0.8,1.95,1.65,0.9925,1.484166667,1.2803125
03-07-2026 19:30,03-07-2026 19:45,24,64,81.37,0.56,75.63,6.25,2026,3,7,19,30,5,0.968713242,0.248182704,0.75,0.79,1.48,1.55,0.935,1.351666667,1.27
03-07-2026 19:45,03-07-2026 20:00,32.4,70,81.73,0.78,103.02,6.08,2026,3,7,19,45,5,0.974291483,-0.22529116,0.56,1.39,1.44,1.78,0.7825,1.201666667,1.259583333
03-07-2026 20:00,03-07-2026 20:15,23,56,81.85,1.33,46.91,6.07,2026,3,7,20,0,5,0.730281519,0.683146326,0.78,1.04,1.45,1.64,0.855,1.146666667,1.256354167
03-07-2026 20:15,03-07-2026 20:30,23,56,82.29,1.13,86.75,6.21,2026,3,7,20,15,5,0.998391671,0.056692788,1.33,0.75,0.8,1.29,0.95,1.078333333,1.2546875
03-07-2026 20:30,03-07-2026 20:45,23,56,82.47,0.63,82.64,6.39,2026,3,7,20,30,5,0.991760837,0.128103248,1.13,0.56,0.79,1.16,0.9675,1.0075,1.249166667
03-07-2026 20:45,03-07-2026 21:00,26.6,60.8,82.61,1.37,54.5,6.15,2026,3,7,20,45,5,0.814115518,0.580702956,0.63,0.78,1.39,1.7,1.115,1.001666667,1.245729167
03-07-2026 21:00,03-07-2026 21:15,32,64,82.7,0.95,88.86,6.25,2026,3,7,21,0,5,0.999802066,0.019895441,1.37,1.33,1.04,1.54,1.02,0.96,1.239583333
03-07-2026 21:15,03-07-2026 21:30,32,64,82.83,1.28,110.74,6.27,2026,3,7,21,15,5,0.935197031,-0.354127821,0.95,1.13,0.75,0.63,1.0575,1,1.246354167
03-07-2026 21:30,03-07-2026 21:45,32,64,83.39,0.78,78.32,6.32,2026,3,7,21,30,5,0.979293537,0.20244547,1.28,0.63,0.56,0.72,1.095,0.999166667,1.246979167
03-07-2026 21:45,03-07-2026 22:00,31.33,61.5,83.69,0.46,61.52,6.25,2026,3,7,21,45,5,0.878983619,0.476851966,0.78,1.37,0.78,1.06,0.8675,0.921666667,1.240729167
03-07-2026 22:00,03-07-2026 22:15,30,59,83.65,0.88,67.54,6.32,2026,3,7,22,0,5,0.924146471,0.38203835,0.46,0.95,1.33,0.69,0.85,0.908333333,1.242708333
03-07-2026 22:15,03-07-2026 22:30,30,59,83.51,0.87,104.01,6.33,2026,3,7,22,15,5,0.970253488,-0.24209124,0.88,1.28,1.13,0.76,0.7475,0.918333333,1.243854167
03-07-2026 22:30,03-07-2026 22:45,30,59,83.38,0.49,73.56,6.35,2026,3,7,22,30,5,0.959116629,0.283011115,0.87,0.78,0.63,0.7,0.675,0.9125,1.241666667
03-07-2026 22:45,03-07-2026 23:00,28,57.2,83.38,0.3,75.18,6.28,2026,3,7,22,45,5,0.966734162,0.255783227,0.49,0.46,1.37,1.01,0.635,0.8725,1.234270833
03-07-2026 23:00,03-07-2026 23:15,25,56,83.4,0.49,68.05,6.32,2026,3,7,23,0,5,0.927510407,0.37379733,0.3,0.88,0.95,1.19,0.5375,0.8025,1.226979167
03-07-2026 23:15,03-07-2026 23:30,25,56,83.42,0.53,118.48,6.37,2026,3,7,23,15,5,0.878983619,-0.476851966,0.49,0.87,1.28,1.52,0.4525,0.7525,1.216666667
03-07-2026 23:30,03-07-2026 23:45,25,56,83.96,0.51,141.01,6.33,2026,3,7,23,30,5,0.629184744,-0.777255787,0.53,0.49,0.78,1.17,0.4575,0.7425,1.209791667
03-07-2026 23:45,03-08-2026 00:00,25.8,65,84.12,0.87,52.25,6.29,2026,3,7,23,45,5,0.790689574,0.61221728,0.51,0.3,0.46,0.84,0.6,0.700833333,1.210104167
04-07-2026 00:00,04-07-2026 00:15,13,35,86.94,0.62,123.54,6.15,2026,4,7,0,0,1,0.833500294,-0.552519013,0.85,0.41,0.46,1.39,0.7775,0.598333333,0.7484375
04-07-2026 00:15,04-07-2026 00:30,13,35,87.4,0.52,99.75,5.96,2026,4,7,0,15,1,0.985556059,-0.169349504,0.62,0.56,0.46,1.12,0.7675,0.601666667,0.7421875
04-07-2026 00:30,04-07-2026 00:45,13,35,88.04,0.29,81.7,6.1,2026,4,7,0,30,1,0.989525789,0.144356201,0.52,1.08,0.52,0.96,0.57,0.598333333,0.735208333
04-07-2026 00:45,04-07-2026 01:00,22.49,51,88.57,0.38,149.32,5.97,2026,4,7,0,45,1,0.510242742,-0.860030432,0.29,0.85,0.67,1.1,0.4525,0.568333333,0.727708333
04-07-2026 01:00,04-07-2026 01:15,10,37,88.89,0.89,140.59,5.96,2026,4,7,1,0,1,0.634865371,-0.77262278,0.38,0.62,0.41,1.48,0.52,0.604166667,0.7215625
04-07-2026 01:15,04-07-2026 01:30,10,37,88.93,0.27,88.27,6.06,2026,4,7,1,15,1,0.99954419,0.030189608,0.89,0.52,0.56,1.32,0.4575,0.588333333,0.710625
04-07-2026 01:30,04-07-2026 01:45,10,37,88.71,0.63,67.69,6.04,2026,4,7,1,30,1,0.925143477,0.379617633,0.27,0.29,1.08,0.83,0.5425,0.5975,0.708541667
04-07-2026 01:45,04-07-2026 02:00,26.59,56.8,88.68,0.77,154.69,6.11,2026,4,7,1,45,1,0.427515649,-0.904007948,0.63,0.38,0.85,1.31,0.64,0.605833333,0.702916667
04-07-2026 02:00,04-07-2026 02:15,19,30,88.62,0.33,143.24,6.27,2026,4,7,2,0,1,0.598464437,-0.801149373,0.77,0.89,0.62,0.51,0.5,0.599166667,0.701041667
04-07-2026 02:15,04-07-2026 02:30,19,30,88.23,0.7,105.91,6.41,2026,4,7,2,15,1,0.96169348,-0.27412707,0.33,0.27,0.52,0.83,0.6075,0.610833333,0.6996875
04-07-2026 02:30,04-07-2026 02:45,19,30,87.99,0.84,134.54,6.32,2026,4,7,2,30,1,0.712760948,-0.701407036,0.7,0.63,0.29,0.66,0.66,0.590833333,0.7015625
04-07-2026 02:45,04-07-2026 03:00,15.2,29.6,87.91,0.83,138.99,6.21,2026,4,7,2,45,1,0.656190741,-0.754595065,0.84,0.77,0.38,0.5,0.675,0.589166667,0.705
04-07-2026 03:00,04-07-2026 03:15,18,29,87.75,0.58,92.71,6.39,2026,4,7,3,0,1,0.998881638,-0.047280789,0.83,0.33,0.89,1.22,0.7375,0.585833333,0.698333333
04-07-2026 03:15,04-07-2026 03:30,18,29,87.7,0.59,184.43,6.38,2026,4,7,3,15,1,-0.077241073,-0.997012446,0.58,0.7,0.27,0.96,0.71,0.591666667,0.694479167
04-07-2026 03:30,04-07-2026 03:45,18,29,87.64,0.72,202.12,6.32,2026,4,7,3,30,1,-0.37654766,-0.926397247,0.59,0.84,0.63,0.4,0.68,0.6275,0.6978125
04-07-2026 03:45,04-07-2026 04:00,26.14,46.4,87.18,0.64,120.26,6.28,2026,4,7,3,45,1,0.863747567,-0.503924737,0.72,0.83,0.77,0.39,0.6325,0.649166667,0.700416667
04-07-2026 04:00,04-07-2026 04:15,12,27,86.7,0.97,78.1,6.34,2026,4,7,4,0,1,0.978508985,0.206204185,0.64,0.58,0.33,0.97,0.73,0.655833333,0.700416667
04-07-2026 04:15,04-07-2026 04:30,12,27,86.28,1.21,102.43,6.39,2026,4,7,4,15,1,0.976559709,-0.215246682,0.97,0.59,0.7,0.62,0.885,0.734166667,0.7065625
04-07-2026 04:30,04-07-2026 04:45,12,27,85.13,1.27,168.75,6.35,2026,4,7,4,30,1,0.195090322,-0.98078528,1.21,0.72,0.84,0.4,1.0225,0.7875,0.715625
04-07-2026 04:45,04-07-2026 05:00,12,27.4,83.52,0.96,141.63,6.18,2026,4,7,4,45,1,0.620737354,-0.784018582,1.27,0.64,0.83,0.78,1.1025,0.803333333,0.7175
04-07-2026 05:00,04-07-2026 05:15,16,28,82.81,0.44,103.58,6.31,2026,4,7,5,0,1,0.972043021,-0.23480282,0.96,0.97,0.58,0.69,0.97,0.8125,0.714895833
04-07-2026 05:15,04-07-2026 05:30,16,28,82.88,0.57,156.79,6.34,2026,4,7,5,15,1,0.394102323,-0.919066569,0.44,1.21,0.59,0.45,0.81,0.801666667,0.716145833
04-07-2026 05:30,04-07-2026 05:45,16,28,83.12,0.69,172.81,6.38,2026,4,7,5,30,1,0.125160075,-0.992136561,0.57,1.27,0.72,0.55,0.665,0.789166667,0.717604167
04-07-2026 05:45,04-07-2026 06:00,28.53,49.2,82.47,1.1,165.81,6.55,2026,4,7,5,45,1,0.245138182,-0.969488149,0.69,0.96,0.64,0.27,0.7,0.811666667,0.72625
04-07-2026 06:00,04-07-2026 06:15,23,41,81.7,0.88,121.5,8.03,2026,4,7,6,0,1,0.852640164,-0.522498565,1.1,0.44,0.97,0.27,0.81,0.836666667,0.732604167
04-07-2026 06:15,04-07-2026 06:30,23,41,81.14,0.96,188.12,9.73,2026,4,7,6,15,1,-0.141246807,-0.989974414,0.88,0.57,1.21,0.27,0.9075,0.8675,0.739791667
04-07-2026 06:30,04-07-2026 06:45,23,41,81,0.76,72.66,11.93,2026,4,7,6,30,1,0.95455296,0.29804135,0.96,0.69,1.27,0.27,0.925,0.870833333,0.744895833
04-07-2026 06:45,04-07-2026 07:00,23,39,81.08,0.69,179.78,15.59,2026,4,7,6,45,1,0.003839715,-0.999992628,0.76,1.1,0.96,0.31,0.8225,0.875,0.748854167
04-07-2026 07:00,04-07-2026 07:15,22,36,80.89,0.49,105.62,19.27,2026,4,7,7,0,1,0.963068637,-0.269256011,0.69,0.88,0.44,0.27,0.725,0.835,0.751145833
04-07-2026 07:15,04-07-2026 07:30,22,36,80.56,1,124.91,36.87,2026,4,7,7,15,1,0.820052005,-0.572289008,0.49,0.96,0.57,0.33,0.735,0.8175,0.758125
04-07-2026 07:30,04-07-2026 07:45,22,36,79.48,1.5,169.38,70.19,2026,4,7,7,30,1,0.184294449,-0.982871078,1,0.76,0.69,0.27,0.92,0.836666667,0.7709375
04-07-2026 07:45,04-07-2026 08:00,22,51.2,78.21,1.08,232.97,95.38,2026,4,7,7,45,1,-0.798320291,-0.602233105,1.5,0.69,1.1,0.27,1.0175,0.846666667,0.779375
04-07-2026 08:00,04-07-2026 08:15,26,74,76.73,0.71,144.28,118.87,2026,4,7,8,0,1,0.583824646,-0.811879783,1.08,0.49,0.88,0.72,1.0725,0.869166667,0.779270833
04-07-2026 08:15,04-07-2026 08:30,26,74,75.22,1.22,105.27,129.87,2026,4,7,8,15,1,0.96469545,-0.263367973,0.71,1,0.96,0.84,1.1275,0.923333333,0.783229167
04-07-2026 08:30,04-07-2026 08:45,26,74,74.11,1.66,148.15,156.37,2026,4,7,8,30,1,0.527697266,-0.849432514,1.22,1.5,0.76,0.43,1.1675,1.004166667,0.796041667
04-07-2026 15:30,04-07-2026 15:45,7,38,75.91,1.69,47.79,163.41,2026,4,7,15,30,1,0.740687348,0.671849874,1.27,1.45,1.96,0.47,1.34,1.4375,0.877916667
04-07-2026 15:45,04-07-2026 16:00,23.67,60,75.27,1.38,26.5,141.56,2026,4,7,15,45,1,0.446197813,0.894934362,1.69,1.23,1.6,0.86,1.3775,1.468333333,0.883333333
04-07-2026 16:00,04-07-2026 16:15,8,47,76.26,0.85,43.83,125.34,2026,4,7,16,0,1,0.692520992,0.721397724,1.38,1.17,1.7,0.71,1.2975,1.43,0.884791667
04-07-2026 16:15,04-07-2026 16:30,8,47,76.32,0.76,61.37,104.85,2026,4,7,16,15,1,0.877732213,0.479151503,0.85,1.27,1.39,0.59,1.17,1.370833333,0.8865625
04-07-2026 16:30,04-07-2026 16:45,8,47,76.52,1.14,41.76,86.63,2026,4,7,16,30,1,0.666011867,0.745941145,0.76,1.69,1.45,0.87,1.0325,1.3025,0.889375
04-07-2026 16:45,04-07-2026 17:00,28.98,78.2,77.87,0.8,33.41,68.17,2026,4,7,16,45,1,0.55062644,0.834751774,1.14,1.38,1.23,0.62,0.8875,1.235833333,0.89125
04-07-2026 17:00,04-07-2026 17:15,26,64,78.85,0.98,37.33,50.87,2026,4,7,17,0,1,0.606404826,0.795156077,0.8,0.85,1.17,0.73,0.92,1.175833333,0.893854167
04-07-2026 17:15,04-07-2026 17:30,26,64,80.11,1.43,26.5,34.5,2026,4,7,17,15,1,0.446197813,0.894934362,0.98,0.76,1.27,0.39,1.0875,1.179166667,0.9046875
04-07-2026 17:30,04-07-2026 17:45,26,64,80.72,0.86,55.94,20.48,2026,4,7,17,30,1,0.828451533,0.560060763,1.43,1.14,1.69,0.9,1.0175,1.13,0.904270833
04-07-2026 17:45,04-07-2026 18:00,26,53.2,81.89,0.78,39.21,14.29,2026,4,7,17,45,1,0.632164546,0.774834167,0.86,0.8,1.38,0.38,1.0125,1.0925,0.9084375
04-07-2026 18:00,04-07-2026 18:15,6,37,82.28,1.29,53.6,9.19,2026,4,7,18,0,1,0.804893797,0.593418887,0.78,0.98,0.85,0.74,1.09,1.1025,0.914166667
04-07-2026 18:15,04-07-2026 18:30,6,37,81.12,1.07,46.64,6.56,2026,4,7,18,15,1,0.727054171,0.686580099,1.29,1.43,0.76,0.45,1,1.085833333,0.920625
04-07-2026 18:30,04-07-2026 18:45,6,37,80.94,0.76,62.17,6.15,2026,4,7,18,30,1,0.884336654,0.466849742,1.07,0.86,1.14,0.27,0.975,1.008333333,0.925729167
04-07-2026 18:45,04-07-2026 19:00,6,35.4,81.99,0.62,52.53,6.14,2026,4,7,18,45,1,0.793671978,0.608345947,0.76,0.78,0.8,0.3,0.935,0.945,0.9290625
04-07-2026 19:00,04-07-2026 19:15,19,33,82.14,1.07,26.5,6.46,2026,4,7,19,0,1,0.446197813,0.894934362,0.62,1.29,0.98,0.34,0.88,0.963333333,0.936666667
04-07-2026 19:15,04-07-2026 19:30,19,33,82.49,0.65,90.99,6.42,2026,4,7,19,15,1,0.999850726,-0.0172779,1.07,1.07,1.43,0.34,0.775,0.954166667,0.939895833
04-07-2026 19:30,04-07-2026 19:45,19,33,83.17,1.26,47.58,6.39,2026,4,7,19,30,1,0.73821992,0.674560116,0.65,0.76,0.86,0.43,0.9,0.964166667,0.948541667
04-07-2026 19:45,04-07-2026 20:00,19,35.4,83.85,0.79,121.98,6.21,2026,4,7,19,45,1,0.848233021,-0.529623207,1.26,0.62,0.78,0.38,0.9425,0.963333333,0.9528125
04-07-2026 20:00,04-07-2026 20:15,26,39,84.11,0.7,56.55,6.36,2026,4,7,20,0,1,0.83436716,0.551209073,0.79,1.07,1.29,0.74,0.85,0.94,0.952395833
04-07-2026 20:15,04-07-2026 20:30,26,39,84.6,1.23,130.05,6.32,2026,4,7,20,15,1,0.765483213,-0.643455865,0.7,0.65,1.07,0.76,0.995,0.923333333,0.957291667
04-07-2026 20:30,04-07-2026 20:45,26,39,85.27,0.71,61.98,6.29,2026,4,7,20,30,1,0.882783663,0.469779741,1.23,1.26,0.76,0.64,0.8575,0.910833333,0.958020833
04-07-2026 20:45,04-07-2026 21:00,44.59,69,85.68,0.89,50.48,6.15,2026,4,7,20,45,1,0.771402503,0.636347529,0.71,0.79,0.62,0.65,0.8825,0.92,0.960520833
04-07-2026 21:00,04-07-2026 21:15,13,45,85.79,1.09,46.12,6.25,2026,4,7,21,0,1,0.720793111,0.693150266,0.89,0.7,1.07,0.31,0.98,0.903333333,0.968645833
04-07-2026 21:15,04-07-2026 21:30,13,45,85.93,1.07,80.28,6.31,2026,4,7,21,15,1,0.985644595,0.168833445,1.09,1.23,0.65,0.48,0.94,0.903333333,0.974791667
04-07-2026 21:30,04-07-2026 21:45,13,45,86.14,0.55,59.42,6.27,2026,4,7,21,30,1,0.860919664,0.508740929,1.07,0.71,1.26,0.33,0.9,0.885833333,0.977083333
04-07-2026 21:45,04-07-2026 22:00,32.89,69,86.3,0.44,33.14,6.17,2026,4,7,21,45,1,0.546686666,0.837337261,0.55,0.89,0.79,0.74,0.7875,0.870833333,0.973958333
04-07-2026 22:00,04-07-2026 22:15,28,41,86.2,0.69,28.08,6.34,2026,4,7,22,0,1,0.470703932,0.882291226,0.44,1.09,0.7,0.46,0.6875,0.839166667,0.976354167
04-07-2026 22:15,04-07-2026 22:30,28,41,86.26,0.54,96.56,6.32,2026,4,7,22,15,1,0.993452765,-0.114243618,0.69,1.07,1.23,0.46,0.555,0.83,0.9771875
04-07-2026 22:30,04-07-2026 22:45,28,41,86.51,1.11,47.28,6.41,2026,4,7,22,30,1,0.734677828,0.678416162,0.54,0.55,0.71,0.52,0.695,0.8175,0.983333333
04-07-2026 22:45,04-07-2026 23:00,44.11,65.2,86.65,1.15,26.5,6.35,2026,4,7,22,45,1,0.446197813,0.894934362,1.11,0.44,0.89,0.67,0.8725,0.8475,0.988333333
04-07-2026 23:00,04-07-2026 23:15,7,36,86.76,1.52,52.78,6.43,2026,4,7,23,0,1,0.796318825,0.604877119,1.15,0.69,1.09,0.41,1.08,0.915833333,0.999895833
04-07-2026 23:15,04-07-2026 23:30,7,36,87,1.61,44.33,6.2,2026,4,7,23,15,1,0.698789926,0.715326946,1.52,0.54,1.07,0.56,1.3475,0.9475,1.010833333
04-07-2026 23:30,04-07-2026 23:45,7,36,87.27,0.64,36.37,6.15,2026,4,7,23,30,1,0.592997364,0.8052044,1.61,1.11,0.55,1.08,1.23,0.941666667,1.00625
04-07-2026 23:45,04-08-2026 00:00,18.5,48.2,87.41,1.28,32.35,6.08,2026,4,7,23,45,1,0.535089776,0.844795201,0.64,1.15,0.44,0.85,1.2625,0.974166667,1.010729167
05-07-2026 00:00,05-07-2026 00:15,15.77,19,80.83,0.27,26.5,6.38,2026,5,7,0,0,3,0.446197813,0.894934362,0.37,0.27,0.33,0.8,0.2975,0.350833333,0.707604167
05-07-2026 00:15,05-07-2026 00:30,10.58,19,80.83,0.42,32.01,6.44,2026,5,7,0,15,3,0.530067268,0.847955595,0.27,0.28,0.27,0.61,0.3325,0.341666667,0.705625
05-07-2026 00:30,05-07-2026 00:45,5.39,19,81.05,0.27,34.61,6.34,2026,5,7,0,30,3,0.567987401,0.823037249,0.42,0.27,0.36,0.82,0.3325,0.305833333,0.699895833
05-07-2026 00:45,05-07-2026 01:00,0.2,18.4,81.52,0.54,26.5,6.49,2026,5,7,0,45,3,0.446197813,0.894934362,0.27,0.37,0.27,0.64,0.375,0.326666667,0.698854167
05-07-2026 01:00,05-07-2026 01:15,0.8,18,81.85,0.27,97.57,6.39,2026,5,7,1,0,3,0.991284654,-0.131737373,0.54,0.27,0.27,0.68,0.375,0.321666667,0.694583333
05-07-2026 01:15,05-07-2026 01:30,1,18,81.9,0.27,33.29,6.28,2026,5,7,1,15,3,0.548876934,0.835903171,0.27,0.42,0.28,0.57,0.3375,0.321666667,0.691458333
05-07-2026 01:30,05-07-2026 01:45,1,18,81.65,0.32,56.02,6.34,2026,5,7,1,30,3,0.829232717,0.558903481,0.27,0.27,0.27,0.41,0.35,0.318333333,0.690520833
05-07-2026 01:45,05-07-2026 02:00,1.4,19.2,81.4,0.35,99.4,6.27,2026,5,7,1,45,3,0.986572162,-0.163325962,0.32,0.54,0.37,0.53,0.3025,0.325,0.688645833
05-07-2026 02:00,05-07-2026 02:15,3,20,81.2,0.27,65.41,6.52,2026,5,7,2,0,3,0.90930875,0.416122094,0.35,0.27,0.27,0.37,0.3025,0.325,0.687604167
05-07-2026 02:15,05-07-2026 02:30,3,20,81.15,0.27,26.5,6.36,2026,5,7,2,15,3,0.446197813,0.894934362,0.27,0.27,0.42,0.42,0.3025,0.324166667,0.686041667
05-07-2026 02:30,05-07-2026 02:45,2.4,20,81.44,0.27,48.81,6.46,2026,5,7,2,30,3,0.75252986,0.658558129,0.27,0.32,0.27,0.69,0.29,0.324166667,0.681666667
05-07-2026 02:45,05-07-2026 03:00,17.43,38.6,81.64,0.27,54.76,6.49,2026,5,7,2,45,3,0.816742274,0.57700265,0.27,0.35,0.54,0.41,0.27,0.315833333,0.680208333
05-07-2026 03:00,05-07-2026 03:15,4.8,21,81.85,0.27,47.07,6.62,2026,5,7,3,0,3,0.732186374,0.681104334,0.27,0.27,0.27,0.46,0.27,0.315833333,0.678229167
05-07-2026 03:15,05-07-2026 03:30,6,21,81.72,0.27,47.25,6.32,2026,5,7,3,15,3,0.734322509,0.678800746,0.27,0.27,0.27,0.56,0.27,0.303333333,0.675208333
05-07-2026 03:30,05-07-2026 03:45,6,21,81.79,0.27,34.84,6.43,2026,5,7,3,30,3,0.571286699,0.820750576,0.27,0.27,0.32,0.7,0.27,0.303333333,0.670729167
05-07-2026 03:45,05-07-2026 04:00,6,15,81.91,0.27,26.5,6.27,2026,5,7,3,45,3,0.446197813,0.894934362,0.27,0.27,0.35,0.51,0.27,0.280833333,0.668229167
05-07-2026 04:00,05-07-2026 04:15,6,11,82.07,0.27,57.79,6.2,2026,5,7,4,0,3,0.846100149,0.533023957,0.27,0.27,0.27,0.48,0.27,0.280833333,0.666041667
05-07-2026 04:15,05-07-2026 04:30,6,11,82.85,0.27,26.5,6.11,2026,5,7,4,15,3,0.446197813,0.894934362,0.27,0.27,0.27,0.33,0.27,0.280833333,0.665416667
05-07-2026 04:30,05-07-2026 04:45,4.8,11,83.29,0.27,183.21,6.01,2026,5,7,4,30,3,-0.055995765,-0.998431006,0.27,0.27,0.27,0.69,0.27,0.276666667,0.661041667
05-07-2026 04:45,05-07-2026 05:00,19.14,36,83.46,0.27,205.34,5.94,2026,5,7,4,45,3,-0.427988928,-0.903783977,0.27,0.27,0.27,0.33,0.27,0.27,0.660416667
05-07-2026 05:00,05-07-2026 05:15,0.8,20,83.25,0.27,26.5,6.11,2026,5,7,5,0,3,0.446197813,0.894934362,0.27,0.27,0.27,0.53,0.27,0.27,0.657708333
05-07-2026 05:15,05-07-2026 05:30,1,20,83.16,0.27,26.5,6.15,2026,5,7,5,15,3,0.446197813,0.894934362,0.27,0.27,0.27,0.49,0.27,0.27,0.655416667
05-07-2026 05:30,05-07-2026 05:45,1,20,83.09,0.27,26.5,7.06,2026,5,7,5,30,3,0.446197813,0.894934362,0.27,0.27,0.27,0.27,0.27,0.27,0.655416667
05-07-2026 05:45,05-07-2026 06:00,1.6,16.4,83.21,0.27,178.71,9.74,2026,5,7,5,45,3,0.022512845,-0.999746554,0.27,0.27,0.27,0.31,0.27,0.27,0.655
05-07-2026 06:00,05-07-2026 06:15,4,14,82.83,0.27,165.16,11.62,2026,5,7,6,0,3,0.256120666,-0.966644818,0.27,0.27,0.27,0.41,0.27,0.27,0.653541667
05-07-2026 06:15,05-07-2026 06:30,4,14,82.33,0.27,26.5,15.94,2026,5,7,6,15,3,0.446197813,0.894934362,0.27,0.27,0.27,0.59,0.27,0.27,0.650208333
05-07-2026 06:30,05-07-2026 06:45,4,14,81.63,0.27,130.62,21.97,2026,5,7,6,30,3,0.759044098,-0.651039213,0.27,0.27,0.27,0.4,0.27,0.27,0.648854167
05-07-2026 06:45,05-07-2026 07:00,5.2,12.8,80.66,0.27,62.17,33.84,2026,5,7,6,45,3,0.884336654,0.466849742,0.27,0.27,0.27,0.46,0.27,0.27,0.646875
05-07-2026 07:00,05-07-2026 07:15,10,12,79.65,0.27,234.12,20.81,2026,5,7,7,0,3,-0.810246274,-0.586089563,0.27,0.27,0.27,0.34,0.27,0.27,0.646145833
05-07-2026 07:15,05-07-2026 07:30,10,12,79.81,0.27,48.77,30.08,2026,5,7,7,15,3,0.752069917,0.659083333,0.27,0.27,0.27,0.6,0.27,0.27,0.642708333
05-07-2026 07:30,05-07-2026 07:45,8,12,79.42,0.35,26.5,132.07,2026,5,7,7,30,3,0.446197813,0.894934362,0.27,0.27,0.27,0.47,0.29,0.276666667,0.641458333
05-07-2026 08:00,05-07-2026 08:15,4.8,11,75.11,0.72,81.47,159.85,2026,5,7,8,0,3,0.988938335,0.148327238,0.52,0.27,0.27,0.51,0.465,0.335,0.642604167
05-07-2026 15:45,05-07-2026 16:00,0.444444444,5.2,71.75,1.32,47.17,154.96,2026,5,7,15,45,3,0.733374009,0.679825391,1.87,1.45,1.39,1.12,1.67,1.665,0.719479167
05-07-2026 16:00,05-07-2026 16:15,0.2,6,71.46,1.02,35.6,136.64,2026,5,7,16,0,3,0.58212297,0.813100761,1.32,1.5,2.38,1.67,1.55,1.596666667,0.712708333
05-07-2026 16:15,05-07-2026 16:30,0.2,6,71.51,1.84,56.55,108.76,2026,5,7,16,15,3,0.83436716,0.551209073,1.02,1.99,1.97,1.64,1.5125,1.6575,0.714791667
05-07-2026 16:30,05-07-2026 16:45,0.2,6,72.15,0.94,36.31,93.42,2026,5,7,16,30,3,0.592153831,0.805824944,1.84,1.87,1.8,1.23,1.28,1.6225,0.711770833
05-07-2026 16:45,05-07-2026 17:00,19.21,35.83,74.09,0.88,31.91,50.85,2026,5,7,16,45,3,0.5285865,0.848879445,0.94,1.32,1.45,1.33,1.17,1.58,0.707083333
05-07-2026 17:00,05-07-2026 17:15,0.7,12,74.18,0.95,86.54,36.99,2026,5,7,17,0,3,0.998177175,0.060351695,0.88,1.02,1.5,1.01,1.1525,1.460833333,0.706458333
05-07-2026 17:15,05-07-2026 17:30,0.7,12,74.18,0.82,48.18,19.23,2026,5,7,17,15,3,0.745243291,0.66679265,0.95,1.84,1.99,0.93,0.8975,1.365,0.7053125
05-07-2026 17:30,05-07-2026 17:45,0.7,12,75.3,0.58,30.97,12.96,2026,5,7,17,30,3,0.514589193,0.857436856,0.82,0.94,1.87,0.87,0.8075,1.263333333,0.702291667
05-07-2026 17:45,05-07-2026 18:00,0.76,9.6,76.48,0.47,26.5,10.72,2026,5,7,17,45,3,0.446197813,0.894934362,0.58,0.88,1.32,0.69,0.705,1.181666667,0.7
05-07-2026 18:00,05-07-2026 18:15,0.8,8,76.85,0.45,26.5,9.02,2026,5,7,18,0,3,0.446197813,0.894934362,0.47,0.95,1.02,0.71,0.58,1.094166667,0.697291667
05-07-2026 18:15,05-07-2026 18:30,1,8,78.1,0.53,92.16,7.07,2026,5,7,18,15,3,0.999289473,-0.037690183,0.45,0.82,1.84,1.01,0.5075,0.9725,0.692291667
05-07-2026 18:30,05-07-2026 18:45,0.8,8,78.87,0.41,33.85,6.46,2026,5,7,18,30,3,0.557020574,0.830498693,0.53,0.58,0.94,0.55,0.465,0.850833333,0.690833333
05-07-2026 18:45,05-07-2026 19:00,17.11,30.6,78.78,0.51,85.72,6.28,2026,5,7,18,45,3,0.997211245,0.074630639,0.41,0.47,0.88,0.59,0.475,0.783333333,0.69
05-07-2026 19:00,05-07-2026 19:15,15.29625,5,78.43,0.64,87.73,6.38,2026,5,7,19,0,3,0.999215271,0.03960861,0.51,0.45,0.95,0.49,0.5225,0.751666667,0.6915625
05-07-2026 19:15,05-07-2026 19:30,13.4825,5,78.37,0.66,63.01,6.41,2026,5,7,19,15,3,0.891085747,0.453834983,0.64,0.53,0.82,0.56,0.555,0.653333333,0.692604167
05-07-2026 19:30,05-07-2026 19:45,11.66875,5,78.05,0.7,43.99,6.46,2026,5,7,19,30,3,0.694532811,0.71946103,0.66,0.41,0.58,0.56,0.6275,0.633333333,0.6940625
05-07-2026 19:45,05-07-2026 20:00,9.855,5,78.61,0.9,46.94,6.48,2026,5,7,19,45,3,0.730639114,0.682763858,0.7,0.51,0.47,0.64,0.725,0.635,0.696770833
05-07-2026 20:00,05-07-2026 20:15,8.04125,5,78.5,0.28,42.24,6.58,2026,5,7,20,0,3,0.672237605,0.740335466,0.9,0.64,0.45,0.68,0.635,0.579166667,0.692604167
05-07-2026 20:15,05-07-2026 20:30,6.2275,5,78.96,0.41,50.13,6.53,2026,5,7,20,15,3,0.767500909,0.641047857,0.28,0.66,0.53,0.41,0.5725,0.545,0.692604167
05-07-2026 20:30,05-07-2026 20:45,4.41375,5,78.79,0.42,85.41,6.45,2026,5,7,20,30,3,0.996792861,0.080024952,0.41,0.7,0.41,0.59,0.5025,0.531666667,0.690833333
05-07-2026 20:45,05-07-2026 21:00,2.6,8,79.44,0.35,111.3,6.48,2026,5,7,20,45,3,0.931691228,-0.36325123,0.42,0.9,0.51,0.78,0.365,0.521666667,0.686354167
05-07-2026 21:00,05-07-2026 21:15,7,10,79.27,0.34,68.6,6.37,2026,5,7,21,0,3,0.931055816,0.364876784,0.35,0.28,0.64,0.63,0.38,0.5125,0.683333333
05-07-2026 21:15,05-07-2026 21:30,7,10,79.87,0.69,40.93,6.36,2026,5,7,21,15,3,0.655136488,0.755510544,0.34,0.41,0.66,0.53,0.45,0.525833333,0.685
05-07-2026 21:30,05-07-2026 21:45,7,10,79.72,0.63,36.59,6.35,2026,5,7,21,30,3,0.596084748,0.802921524,0.69,0.42,0.7,0.7,0.5025,0.544166667,0.684270833
05-07-2026 21:45,05-07-2026 22:00,27.64,44.4,79.82,0.4,26.5,6.22,2026,5,7,21,45,3,0.446197813,0.894934362,0.63,0.35,0.9,0.29,0.515,0.535,0.685416667
05-07-2026 22:00,05-07-2026 22:15,0.56,6,79.62,0.35,59.21,6.13,2026,5,7,22,0,3,0.859049252,0.51189294,0.4,0.34,0.28,0.33,0.5175,0.510833333,0.685625
05-07-2026 22:15,05-07-2026 22:30,0.7,6,79.14,0.58,26.5,6.15,2026,5,7,22,15,3,0.446197813,0.894934362,0.35,0.69,0.41,0.27,0.49,0.504166667,0.688854167
05-07-2026 22:30,05-07-2026 22:45,0.7,6,79.16,0.54,26.5,6.2,2026,5,7,22,30,3,0.446197813,0.894934362,0.58,0.63,0.42,0.36,0.4675,0.490833333,0.690729167
05-07-2026 22:45,05-07-2026 23:00,19.38,33.83,79.08,0.63,74.02,6.16,2026,5,7,22,45,3,0.961357853,0.275301795,0.54,0.4,0.35,0.27,0.525,0.468333333,0.694479167
05-07-2026 23:00,05-07-2026 23:15,9.79,6,79.72,0.66,57.34,6.21,2026,5,7,23,0,3,0.841887736,0.539652704,0.63,0.35,0.34,0.27,0.6025,0.5,0.698541667
05-07-2026 23:15,05-07-2026 23:30,0.2,6,80.08,0.81,58.84,6.04,2026,5,7,23,15,3,0.855725703,0.517429726,0.66,0.58,0.69,0.28,0.66,0.533333333,0.7040625
05-07-2026 23:30,05-07-2026 23:45,0.4,6,80.37,0.58,77.3,6.08,2026,5,7,23,30,3,0.975534544,0.219846204,0.81,0.54,0.63,0.27,0.67,0.546666667,0.707291667
05-07-2026 23:45,05-08-2026 00:00,1.34,7.8,80.64,0.71,47.51,5.89,2026,5,7,23,45,3,0.737395238,0.675461518,0.58,0.63,0.4,0.37,0.69,0.576666667,0.710833333
01-08-2026 00:00,01-08-2026 00:15,24.6,60,73.95,1.1,292.53,6,2026,1,8,0,0,3,-0.923679033,0.383167122,1.95,1.05,0.91,0.7,1.2625,1.091666667,1.44375
01-08-2026 00:15,01-08-2026 00:30,13.53,33,74.06,0.85,202.37,6.01,2026,1,8,0,15,3,-0.380586233,-0.924745435,1.1,0.95,1.54,0.97,1.2375,1.069166667,1.4425
01-08-2026 00:30,01-08-2026 00:45,13.53,33,74.51,0.89,246.85,6.14,2026,1,8,0,30,3,-0.919478768,-0.393139663,0.85,1.05,0.69,0.7,1.1975,1.075833333,1.444479167
01-08-2026 00:45,01-08-2026 01:00,12.96,31.6,74.91,0.94,266.88,6.17,2026,1,8,0,45,3,-0.998517732,-0.054427365,0.89,1.95,0.93,0.86,0.945,1.070833333,1.4453125
01-08-2026 01:00,01-08-2026 01:15,10.66,26,74.84,1,306.01,6.14,2026,1,8,1,0,3,-0.808914394,0.587926443,0.94,1.1,1.05,0.81,0.92,1.078333333,1.447291667
01-08-2026 01:15,01-08-2026 01:30,10.66,26,74.39,1.13,295.74,6.06,2026,1,8,1,15,3,-0.900774051,0.434288049,1,0.85,0.95,0.83,0.99,1.044166667,1.450416667
01-08-2026 01:30,01-08-2026 01:45,10.66,26,74.23,0.79,270.47,6.04,2026,1,8,1,30,3,-0.999966355,0.008202955,1.13,0.89,1.05,1.04,0.965,1.0525,1.4478125
01-08-2026 01:45,01-08-2026 02:00,10.74,26.2,74.28,0.88,338.38,5.94,2026,1,8,1,45,3,-0.368449083,0.92964793,0.79,0.94,1.95,0.96,0.95,1.048333333,1.446979167
01-08-2026 02:00,01-08-2026 02:15,11.07,27,74.3,1.49,210.95,6.03,2026,1,8,2,0,3,-0.514289859,-0.85761643,0.88,1,1.1,0.61,1.0725,1.085,1.456145833
01-08-2026 02:15,01-08-2026 02:30,11.07,27,74.09,1.55,191.61,5.93,2026,1,8,2,15,3,-0.201248886,-0.97954014,1.49,1.13,0.85,1.66,1.1775,1.135,1.455
01-08-2026 02:30,01-08-2026 02:45,11.07,27,73.26,1.24,217.67,5.94,2026,1,8,2,30,3,-0.611112673,-0.791543619,1.55,0.79,0.89,0.86,1.29,1.150833333,1.458958333
01-08-2026 02:45,01-08-2026 03:00,24.44,59.6,73.85,0.92,321.3,6.04,2026,1,8,2,45,3,-0.625242656,0.780430407,1.24,0.88,0.94,1.7,1.3,1.065,1.450833333
01-08-2026 03:00,01-08-2026 03:15,9.02,22,73.77,0.85,209.21,5.93,2026,1,8,3,0,3,-0.488012005,-0.872836916,0.92,1.49,1,0.88,1.14,1.044166667,1.450520833
01-08-2026 03:15,01-08-2026 03:30,9.02,22,73.12,1.14,270.73,6.08,2026,1,8,3,15,3,-0.999918836,0.012740559,0.85,1.55,1.13,1.13,1.0375,1.068333333,1.450625
01-08-2026 03:30,01-08-2026 03:45,9.02,22,73.89,1.18,151.7,5.96,2026,1,8,3,30,3,0.474088209,-0.880477354,1.14,1.24,0.79,0.92,1.0225,1.0925,1.453333333
01-08-2026 03:45,01-08-2026 04:00,16.24,39.6,73.41,1.84,193.9,6.01,2026,1,8,3,45,3,-0.240228042,-0.970716482,1.18,0.92,0.88,1.33,1.2525,1.1675,1.458645833
01-08-2026 04:00,01-08-2026 04:15,9.02,22,73.51,1.78,255.82,6.04,2026,1,8,4,0,3,-0.969530919,-0.244968971,1.84,0.85,1.49,1.55,1.485,1.2325,1.461041667
01-08-2026 04:15,01-08-2026 04:30,9.02,22,73.75,1.23,250.49,6.04,2026,1,8,4,15,3,-0.942583216,-0.333971376,1.78,1.14,1.55,1.77,1.5075,1.240833333,1.455416667
01-08-2026 04:30,01-08-2026 04:45,9.02,22,73.1,1.16,231.72,5.96,2026,1,8,4,30,3,-0.784992666,-0.619505055,1.23,1.18,1.24,1,1.5025,1.271666667,1.457083333
01-08-2026 04:45,01-08-2026 05:00,9.1,22.2,74.12,0.65,95.61,6.08,2026,1,8,4,45,3,0.995210353,-0.097756598,1.16,1.84,0.92,1.04,1.205,1.2525,1.453020833
01-08-2026 05:00,01-08-2026 05:15,9.43,23,73.64,1.92,214.75,6.2,2026,1,8,5,0,3,-0.569996763,-0.821646938,0.65,1.78,0.85,1.81,1.24,1.288333333,1.454166667
01-08-2026 05:15,01-08-2026 05:30,9.43,23,73.72,1.6,335.78,6.21,2026,1,8,5,15,3,-0.410241399,0.91197697,1.92,1.23,1.14,1.33,1.3325,1.2925,1.456979167
01-08-2026 05:30,01-08-2026 05:45,9.43,23,72.97,1.95,244.2,6,2026,1,8,5,30,3,-0.900318771,-0.435231099,1.6,1.16,1.18,1.29,1.53,1.351666667,1.463854167
01-08-2026 05:45,01-08-2026 06:00,9.76,23.8,73.39,1.2,203.16,5.92,2026,1,8,5,45,3,-0.393300136,-0.919410139,1.95,0.65,1.84,1.26,1.6675,1.375,1.463229167
01-08-2026 06:00,01-08-2026 06:15,11.07,27,72.81,2.25,206.59,5.99,2026,1,8,6,0,3,-0.447603022,-0.894232372,1.2,1.92,1.78,0.94,1.75,1.491666667,1.476875
01-08-2026 06:15,01-08-2026 06:30,11.07,27,73.31,1.21,266.21,6.25,2026,1,8,6,15,3,-0.99781302,-0.06609975,2.25,1.6,1.23,0.94,1.6525,1.4975,1.4796875
01-08-2026 06:30,01-08-2026 06:45,11.07,27,73.06,1.62,258.64,8.06,2026,1,8,6,30,3,-0.980408927,-0.196972934,1.21,1.95,1.16,1.57,1.57,1.534166667,1.480208333
01-08-2026 06:45,01-08-2026 07:00,19.27,47,72.73,2.11,217.27,12.01,2026,1,8,6,45,3,-0.605571808,-0.795790667,1.62,1.2,0.65,1.49,1.7975,1.556666667,1.486666667
01-08-2026 07:00,01-08-2026 07:15,9.02,22,71.5,1.17,190.98,18.52,2026,1,8,7,0,3,-0.190466331,-0.981693729,2.11,2.25,1.92,1.48,1.5275,1.505833333,1.4834375
01-08-2026 07:15,01-08-2026 07:30,9.02,22,72.27,1.43,223.26,23.56,2026,1,8,7,15,3,-0.685310105,-0.728251372,1.17,1.21,1.6,0.99,1.5825,1.5225,1.488020833
01-08-2026 07:30,01-08-2026 07:45,9.02,22,72.94,1.22,145.83,40.07,2026,1,8,7,30,3,0.561650242,-0.827374767,1.43,1.62,1.95,1.44,1.4825,1.5275,1.485729167
01-08-2026 07:45,01-08-2026 08:00,9.02,22,71.09,1.66,207.45,50.68,2026,1,8,7,45,3,-0.460974375,-0.887413447,1.22,2.11,1.2,0.84,1.37,1.611666667,1.494270833
01-08-2026 08:00,01-08-2026 08:15,9.02,22,71.41,1.37,158.3,67.1,2026,1,8,8,0,3,0.369746757,-0.929132572,1.66,1.17,2.25,1.88,1.42,1.565833333,1.488958333
01-08-2026 08:15,01-08-2026 08:30,9.02,22,71.25,1.76,146.99,63.25,2026,1,8,8,15,3,0.544785402,-0.838575498,1.37,1.43,1.21,1.74,1.5025,1.579166667,1.489166667
01-08-2026 08:30,01-08-2026 08:45,9.02,22,71.36,2.22,210.18,50.75,2026,1,8,8,30,3,-0.502718227,-0.864450336,1.76,1.22,1.62,1.44,1.7525,1.601666667,1.497291667
01-08-2026 08:45,01-08-2026 09:00,8.94,21.8,71.7,1.2,134.28,40.55,2026,1,8,8,45,3,0.715936483,-0.698165419,2.22,1.66,2.11,1.1,1.6375,1.601666667,1.498333333
01-08-2026 09:00,01-08-2026 09:15,8.61,21,72.06,0.84,89.82,39.92,2026,1,8,9,0,3,0.999995065,0.003141587,1.2,1.37,1.17,2.18,1.505,1.484166667,1.484375
01-08-2026 09:15,01-08-2026 09:30,8.61,21,71.09,1,284.23,47.7,2026,1,8,9,15,3,-0.969316774,0.245814953,0.84,1.76,1.43,1.72,1.315,1.466666667,1.476875
01-08-2026 09:30,01-08-2026 09:45,8.61,21,70.98,1.85,221.13,52.18,2026,1,8,9,30,3,-0.657769721,-0.753219088,1,2.22,1.22,1.33,1.2225,1.485833333,1.482291667
01-08-2026 09:45,01-08-2026 10:00,19.93,48.6,68.82,1.46,204.72,46.74,2026,1,8,9,45,3,-0.418184178,-0.908362259,1.85,1.2,1.66,1.94,1.2875,1.431666667,1.477291667
01-08-2026 10:00,01-08-2026 10:15,5.74,14,69.31,1.3,204.92,51.21,2026,1,8,10,0,3,-0.421352406,-0.90689699,1.46,0.84,1.37,1.8,1.4025,1.4425,1.472083333
01-08-2026 10:15,01-08-2026 10:30,5.74,14,68.75,1.77,124.57,53.99,2026,1,8,10,15,3,0.823433578,-0.567412674,1.3,1,1.76,1.93,1.595,1.470833333,1.470416667
01-08-2026 10:30,01-08-2026 10:45,5.74,14,68.29,1.42,195.45,56.03,2026,1,8,10,30,3,-0.266397348,-0.963863296,1.77,1.85,2.22,1.82,1.4875,1.4875,1.46625
01-08-2026 10:45,01-08-2026 11:00,5.82,14.2,67.52,2.21,116.87,65.67,2026,1,8,10,45,3,0.892034302,-0.451967703,1.42,1.46,1.2,1.96,1.675,1.533333333,1.468854167
01-08-2026 11:00,01-08-2026 11:15,6.15,15,67.37,1.72,141.24,66.07,2026,1,8,11,0,3,0.626059578,-0.779775227,2.21,1.3,0.84,1.73,1.78,1.5625,1.46875
01-08-2026 11:15,01-08-2026 11:30,6.15,15,67.13,1.42,161.46,73.08,2026,1,8,11,15,3,0.317966634,-0.948101904,1.72,1.77,1,1.31,1.6925,1.534166667,1.469895833
01-08-2026 11:30,01-08-2026 11:45,6.15,15,67.22,2.29,27.43,77.52,2026,1,8,11,30,3,0.460664581,0.887574303,1.42,1.42,1.85,2.19,1.91,1.54,1.4709375
01-08-2026 11:45,01-08-2026 12:00,6.72,16.4,67.04,1.45,186.23,86.39,2026,1,8,11,45,3,-0.108519877,-0.994094279,2.29,2.21,1.46,1.56,1.72,1.560833333,1.469791667
01-08-2026 12:00,01-08-2026 12:15,9.02,22,67.3,1.76,150.49,89.89,2026,1,8,12,0,3,0.492575458,-0.870269739,1.45,1.72,1.3,1.19,1.73,1.6375,1.475729167
01-08-2026 15:00,01-08-2026 15:15,10.66,26,66.41,1.29,28.19,148.12,2026,1,8,15,0,3,0.472396941,0.881385914,2.06,2.92,2.21,1.95,1.835,1.985833333,1.476979167
01-08-2026 15:15,01-08-2026 15:30,10.66,26,66.05,1.56,152.85,138.69,2026,1,8,15,15,3,0.456321591,-0.889814928,1.29,2.08,2.35,2.09,1.705,1.9375,1.471458333
01-08-2026 15:30,01-08-2026 15:45,10.66,26,66.87,1.62,116.64,105.56,2026,1,8,15,30,3,0.893841424,-0.448383216,1.56,1.91,1.37,1.91,1.6325,1.925833333,1.4684375
01-08-2026 15:45,01-08-2026 16:00,10.58,25.8,67.41,1.41,130.94,110.48,2026,1,8,15,45,3,0.75539619,-0.655268339,1.62,2.06,2.16,2.54,1.47,1.911666667,1.456666667
01-08-2026 16:00,01-08-2026 16:15,10.25,25,67.53,1.35,132.69,102.4,2026,1,8,16,0,3,0.735032945,-0.678031393,1.41,1.29,2.92,1.5,1.485,1.84,1.455104167
01-08-2026 16:15,01-08-2026 16:30,10.25,25,67.91,2.07,143.74,84.44,2026,1,8,16,15,3,0.59145039,-0.806341389,1.35,1.56,2.08,1.92,1.6125,1.816666667,1.456666667
01-08-2026 16:30,01-08-2026 16:45,10.25,25,68.18,1.21,171.91,59.68,2026,1,8,16,30,3,0.140728438,-0.990048235,2.07,1.62,1.91,1.39,1.51,1.803333333,1.454791667
01-08-2026 16:45,01-08-2026 17:00,10.25,25,67.97,1.89,117.61,44.77,2026,1,8,16,45,3,0.886122705,-0.4634507,1.21,1.41,2.06,1.92,1.63,1.780833333,1.454479167
01-08-2026 17:00,01-08-2026 17:15,10.25,25,68.47,1.7,147.25,32.58,2026,1,8,17,0,3,0.540974471,-0.841039013,1.89,1.35,1.29,2.43,1.7175,1.679166667,1.446875
01-08-2026 17:15,01-08-2026 17:30,10.25,25,68.52,1.82,144.61,22.36,2026,1,8,17,15,3,0.579138897,-0.815228887,1.7,2.07,1.56,2.07,1.655,1.6575,1.444270833
01-08-2026 17:30,01-08-2026 17:45,10.25,25,69.38,1.34,95.97,13.09,2026,1,8,17,30,3,0.99457649,-0.104007719,1.82,1.21,1.62,1.3,1.6875,1.61,1.4446875
01-08-2026 17:45,01-08-2026 18:00,22.55,55,68.81,1.5,317.2,7.75,2026,1,8,17,45,3,-0.679441304,0.733729865,1.34,1.89,1.41,1.73,1.59,1.563333333,1.442291667
01-08-2026 18:00,01-08-2026 18:15,11.48,28,69.16,1.51,183.07,6.71,2026,1,8,18,0,3,-0.053555973,-0.998564849,1.5,1.7,1.35,1.22,1.5425,1.581666667,1.4453125
01-08-2026 18:15,01-08-2026 18:30,11.48,28,69.34,1.29,210.46,6.13,2026,1,8,18,15,3,-0.506936709,-0.861983279,1.51,1.82,2.07,2.3,1.41,1.559166667,1.434791667
01-08-2026 18:30,01-08-2026 18:45,11.48,28,68.44,1.58,236,6.15,2026,1,8,18,30,3,-0.829037573,-0.559192903,1.29,1.34,1.21,0.92,1.47,1.555833333,1.441666667
01-08-2026 18:45,01-08-2026 19:00,20.09,49,69.74,1.72,248.13,6.1,2026,1,8,18,45,3,-0.928031423,-0.372501918,1.58,1.5,1.89,1.16,1.525,1.581666667,1.4475
01-08-2026 19:00,01-08-2026 19:15,31,95.5,70.19,2.15,149.23,6.13,2026,1,8,19,0,3,0.511593044,-0.859227884,1.72,1.51,1.7,1.32,1.685,1.648333333,1.456145833
01-08-2026 19:15,01-08-2026 19:30,31,95.47,70.71,1.14,334.67,6.08,2026,1,8,19,15,3,-0.427831181,0.903858662,2.15,1.29,1.82,1.35,1.6475,1.570833333,1.453958333
01-08-2026 19:30,01-08-2026 19:45,31,92.66,71,1.61,135.02,6.08,2026,1,8,19,30,3,0.706859911,-0.707353565,1.14,1.58,1.34,1.27,1.655,1.604166667,1.4575
01-08-2026 19:45,01-08-2026 20:00,26.52,80.04,70.39,1.87,201.77,6.07,2026,1,8,19,45,3,-0.370881631,-0.928680147,1.61,1.72,1.5,1.06,1.6925,1.6025,1.4659375
01-08-2026 20:00,01-08-2026 20:15,8.61,21,70.31,1.92,80.52,6.14,2026,1,8,20,0,3,0.986343154,0.164703317,1.87,2.15,1.51,1.22,1.635,1.620833333,1.473229167
01-08-2026 20:15,01-08-2026 20:30,8.61,21,70.98,1.2,267.62,6.13,2026,1,8,20,15,3,-0.999137387,-0.041526892,1.92,1.14,1.29,1.14,1.65,1.569166667,1.473854167
01-08-2026 20:30,01-08-2026 20:45,8.61,21,70.81,1.56,176.41,6.08,2026,1,8,20,30,3,0.06261633,-0.998037672,1.2,1.61,1.58,1.32,1.6375,1.5875,1.476354167
01-08-2026 20:45,01-08-2026 21:00,8.86,21.6,70.22,1.47,254.02,6.04,2026,1,8,20,45,3,-0.961357853,-0.275301795,1.56,1.87,1.72,0.72,1.5375,1.585,1.484166667
01-08-2026 21:00,01-08-2026 21:15,9.84,24,70.37,2.02,78.69,6.13,2026,1,8,21,0,3,0.980580445,0.196117291,1.47,1.92,2.15,1.17,1.5625,1.6275,1.493020833
01-08-2026 21:15,01-08-2026 21:30,9.84,24,70.34,2.3,174.12,6.14,2026,1,8,21,15,3,0.102445314,-0.994738638,2.02,1.2,1.14,1.12,1.8375,1.711666667,1.5053125
01-08-2026 21:30,01-08-2026 21:45,9.84,24,70.98,1.67,194.57,6.22,2026,1,8,21,30,3,-0.251562632,-0.967841021,2.3,1.56,1.61,0.81,1.865,1.719166667,1.514270833
01-08-2026 21:45,01-08-2026 22:00,22.06,53.8,71.41,1.77,152.37,6.04,2026,1,8,21,45,3,0.463759987,-0.885960877,1.67,1.47,1.87,1,1.94,1.723333333,1.522291667
01-08-2026 22:00,01-08-2026 22:15,9.43,23,72.03,1.36,147.48,6.01,2026,1,8,22,0,3,0.537593975,-0.843203841,1.77,2.02,1.92,0.91,1.775,1.6575,1.526979167
01-08-2026 22:15,01-08-2026 22:30,9.43,23,72.09,1.75,157.93,5.97,2026,1,8,22,15,3,0.375739082,-0.926725494,1.36,2.3,1.2,1.54,1.6375,1.708333333,1.529166667
01-08-2026 22:30,01-08-2026 22:45,9.43,23,72.59,1.41,232.95,6.03,2026,1,8,22,30,3,-0.798110023,-0.602511735,1.75,1.67,1.56,0.69,1.5725,1.691666667,1.536666667
01-08-2026 22:45,01-08-2026 23:00,17.3,42.2,72.42,1.67,147.72,6.13,2026,1,8,22,45,3,0.534057265,-0.845448306,1.41,1.77,1.47,0.93,1.5475,1.675,1.544375
01-08-2026 23:00,01-08-2026 23:15,10.25,25,71.51,1.7,212.24,6.07,2026,1,8,23,0,3,-0.5334669,-0.845820942,1.67,1.36,2.02,1.05,1.6325,1.656666667,1.551145833
01-08-2026 23:15,01-08-2026 23:30,10.25,25,71.21,1.43,223.43,6.15,2026,1,8,23,15,3,-0.68746785,-0.726214813,1.7,1.75,2.3,0.95,1.5525,1.675833333,1.556145833
01-08-2026 23:30,01-08-2026 23:45,10.25,25,70.36,1.39,311.9,6.13,2026,1,8,23,30,3,-0.744311546,0.667832555,1.43,1.41,1.67,1.05,1.5475,1.661666667,1.5596875
01-08-2026 23:45,01-09-2026 00:00,10.09,24.6,70.82,1.44,181.93,6.03,2026,1,8,23,45,3,-0.033678485,-0.999432719,1.39,1.67,1.77,1.95,1.49,1.659166667,1.554375
02-08-2026 00:00,02-08-2026 00:15,39,57,87.32,0.27,26.5,6.48,2026,2,8,0,0,6,0.446197813,0.894934362,0.27,0.27,0.27,0.3378125,0.27,0.27,0.751162109
02-08-2026 00:15,02-08-2026 00:30,39,57,87.83,0.27,26.5,6.46,2026,2,8,0,15,6,0.446197813,0.894934362,0.27,0.27,0.27,0.349375,0.27,0.27,0.750335286
02-08-2026 00:30,02-08-2026 00:45,39,57,88.27,0.27,26.5,6.13,2026,2,8,0,30,6,0.446197813,0.894934362,0.27,0.27,0.27,0.3609375,0.27,0.27,0.749388021
02-08-2026 00:45,02-08-2026 01:00,52.8,69.6,88.75,0.27,26.5,6.52,2026,2,8,0,45,6,0.446197813,0.894934362,0.27,0.27,0.27,0.3725,0.27,0.27,0.748320313
02-08-2026 01:00,02-08-2026 01:15,54,57,89.3,0.27,26.5,6.74,2026,2,8,1,0,6,0.446197813,0.894934362,0.27,0.27,0.27,0.3840625,0.27,0.27,0.747132161
02-08-2026 01:15,02-08-2026 01:30,54,57,89.51,0.27,26.5,6.66,2026,2,8,1,15,6,0.446197813,0.894934362,0.27,0.27,0.27,0.395625,0.27,0.27,0.745823568
02-08-2026 01:30,02-08-2026 01:45,54,57,89.96,0.27,26.5,6.84,2026,2,8,1,30,6,0.446197813,0.894934362,0.27,0.27,0.27,0.4071875,0.27,0.27,0.744394531
02-08-2026 01:45,02-08-2026 02:00,56.56,72.4,90.05,0.27,26.5,6.93,2026,2,8,1,45,6,0.446197813,0.894934362,0.27,0.27,0.27,0.41875,0.27,0.27,0.742845052
02-08-2026 02:00,02-08-2026 02:15,48,68,90.28,0.27,26.5,6.88,2026,2,8,2,0,6,0.446197813,0.894934362,0.27,0.27,0.27,0.4303125,0.27,0.27,0.74117513
02-08-2026 02:15,02-08-2026 02:30,48,68,90.67,0.27,26.5,6.95,2026,2,8,2,15,6,0.446197813,0.894934362,0.27,0.27,0.27,0.441875,0.27,0.27,0.739384766
02-08-2026 02:30,02-08-2026 02:45,48,68,90.67,0.27,26.5,6.98,2026,2,8,2,30,6,0.446197813,0.894934362,0.27,0.27,0.27,0.4534375,0.27,0.27,0.737473958
02-08-2026 02:45,02-08-2026 03:00,56,79.2,91.01,0.27,26.5,6.93,2026,2,8,2,45,6,0.446197813,0.894934362,0.27,0.27,0.27,0.465,0.27,0.27,0.735442708
02-08-2026 03:00,02-08-2026 03:15,51,63,91.26,0.27,26.5,6.98,2026,2,8,3,0,6,0.446197813,0.894934362,0.27,0.27,0.27,0.4765625,0.27,0.27,0.733291016
02-08-2026 03:15,02-08-2026 03:30,51,63,91.4,0.27,26.5,7.05,2026,2,8,3,15,6,0.446197813,0.894934362,0.27,0.27,0.27,0.488125,0.27,0.27,0.73101888
02-08-2026 03:30,02-08-2026 03:45,51,63,91.51,0.27,26.5,6.76,2026,2,8,3,30,6,0.446197813,0.894934362,0.27,0.27,0.27,0.4996875,0.27,0.27,0.728626302
02-08-2026 03:45,02-08-2026 04:00,45.81,80.6,91.68,0.27,26.5,6.34,2026,2,8,3,45,6,0.446197813,0.894934362,0.27,0.27,0.27,0.51125,0.27,0.27,0.726113281
02-08-2026 04:00,02-08-2026 04:15,50,80,91.96,0.27,26.5,6.36,2026,2,8,4,0,6,0.446197813,0.894934362,0.27,0.27,0.27,0.5228125,0.27,0.27,0.723479818
02-08-2026 04:15,02-08-2026 04:30,50,80,92.09,0.27,26.5,6.07,2026,2,8,4,15,6,0.446197813,0.894934362,0.27,0.27,0.27,0.534375,0.27,0.27,0.720725911
02-08-2026 04:30,02-08-2026 04:45,50,80,92.22,0.27,26.5,6.17,2026,2,8,4,30,6,0.446197813,0.894934362,0.27,0.27,0.27,0.5459375,0.27,0.27,0.717851562
02-08-2026 04:45,02-08-2026 05:00,50.4,83,92.53,0.27,271.89,6.04,2026,2,8,4,45,6,-0.999455987,0.032980741,0.27,0.27,0.27,0.5575,0.27,0.27,0.714856771
02-08-2026 05:00,02-08-2026 05:15,51,85,92.51,0.27,267.87,6.15,2026,2,8,5,0,6,-0.99930907,-0.037166951,0.27,0.27,0.27,0.5690625,0.27,0.27,0.711741536
02-08-2026 05:15,02-08-2026 05:30,51,85,92.32,0.27,302.94,6,2026,2,8,5,15,6,-0.839240453,0.543760483,0.27,0.27,0.27,0.580625,0.27,0.27,0.708505859
02-08-2026 05:30,02-08-2026 05:45,51,85,92.35,0.27,292.42,5.93,2026,2,8,5,30,6,-0.924412959,0.381393081,0.27,0.27,0.27,0.5921875,0.27,0.27,0.70514974
02-08-2026 05:45,02-08-2026 06:00,57.8,115,92.6,0.27,273.79,5.93,2026,2,8,5,45,6,-0.99781302,0.06609975,0.27,0.27,0.27,0.60375,0.27,0.27,0.701673177
02-08-2026 06:00,02-08-2026 06:15,68,135,92.57,0.27,266.47,6.03,2026,2,8,6,0,6,-0.998102697,-0.061571153,0.27,0.27,0.27,0.6153125,0.27,0.27,0.698076172
02-08-2026 06:15,02-08-2026 06:30,68,135,92.55,0.27,290.55,6.61,2026,2,8,6,15,6,-0.936366219,0.351024648,0.27,0.27,0.27,0.626875,0.27,0.27,0.694358724
02-08-2026 06:30,02-08-2026 06:45,68,135,92.59,0.27,300.13,8.63,2026,2,8,6,30,6,-0.864888712,0.501963661,0.27,0.27,0.27,0.6384375,0.27,0.27,0.690520833
02-08-2026 11:45,02-08-2026 12:00,79.8,119,66.14,0.83,157.44,114.85,2026,2,8,11,45,6,0.383650707,-0.923478281,0.72,0.55,0.45,0.85,0.84,0.678333333,0.615208333
02-08-2026 15:15,02-08-2026 15:30,56,92,72.46,0.62,179.56,154.55,2026,2,8,15,15,6,0.007679373,-0.999970513,0.86,0.48,0.65,1.9,0.725,0.705833333,0.521041667
02-08-2026 15:30,02-08-2026 15:45,56,92,72.69,1.05,96.06,138.27,2026,2,8,15,30,6,0.994411888,-0.105569867,0.62,0.56,0.71,1.22,0.8475,0.748333333,0.519270833
02-08-2026 15:45,02-08-2026 16:00,53.2,84.2,73.1,0.82,31.78,120.56,2026,2,8,15,45,6,0.526659095,0.850076583,1.05,0.86,0.65,0.99,0.8375,0.736666667,0.5175
02-08-2026 16:00,02-08-2026 16:15,49,79,73.4,0.55,102.16,101.44,2026,2,8,16,0,6,0.977563189,-0.21064238,0.82,0.86,0.87,1.03,0.76,0.723333333,0.5125
02-08-2026 16:15,02-08-2026 16:30,49,79,73.69,0.44,147.41,84.75,2026,2,8,16,15,6,0.538623741,-0.842546417,0.55,0.62,0.48,1.43,0.715,0.705833333,0.5021875
02-08-2026 16:30,02-08-2026 16:45,49,79,73.9,0.5,89.64,69.08,2026,2,8,16,30,6,0.999980261,0.006283144,0.44,1.05,0.56,1.57,0.5775,0.688333333,0.491041667
02-08-2026 16:45,02-08-2026 17:00,59,88.17,74.37,0.93,223.11,51.93,2026,2,8,16,45,6,-0.683401201,-0.730043012,0.5,0.82,0.86,0.7,0.605,0.711666667,0.4934375
02-08-2026 17:00,02-08-2026 17:15,61,77,74.65,0.38,50.2,37.39,2026,2,8,17,0,6,0.768283524,0.640109699,0.93,0.55,0.86,1.2,0.5625,0.670833333,0.484895833
02-08-2026 17:15,02-08-2026 17:30,61,77,73.89,1.15,269.47,27.23,2026,2,8,17,15,6,-0.999957217,-0.009250113,0.38,0.44,0.62,0.6,0.74,0.726666667,0.490625
02-08-2026 17:30,02-08-2026 17:45,61,77,74.47,0.45,162.92,17.21,2026,2,8,17,30,6,0.293706673,-0.955895596,1.15,0.5,1.05,0.57,0.7275,0.7175,0.489375
02-08-2026 17:45,02-08-2026 18:00,61.4,78.2,75.51,0.27,149.15,11.04,2026,2,8,17,45,6,0.512792254,-0.858512728,0.45,0.93,0.82,1.21,0.5625,0.668333333,0.479583333
02-08-2026 18:00,02-08-2026 18:15,62,79,76.51,0.28,160.36,7.59,2026,2,8,18,0,6,0.336109168,-0.941823034,0.27,0.38,0.55,0.77,0.5375,0.62,0.474479167
02-08-2026 18:15,02-08-2026 18:30,62,79,77.36,0.37,215.08,6.89,2026,2,8,18,15,6,-0.574719629,-0.818350382,0.28,1.15,0.44,0.93,0.3425,0.599166667,0.468645833
02-08-2026 18:30,02-08-2026 18:45,62,79,78.32,0.27,84.51,6.82,2026,2,8,18,30,6,0.995412911,0.095672022,0.37,0.45,0.5,0.27,0.2975,0.534166667,0.468645833
02-08-2026 18:45,02-08-2026 19:00,61.2,77.8,78.79,0.28,150.1,6.96,2026,2,8,18,45,6,0.49848774,-0.866896749,0.27,0.27,0.93,0.27,0.3,0.489166667,0.46875
02-08-2026 19:00,02-08-2026 19:15,60,77,79.07,0.27,189.59,7.05,2026,2,8,19,0,6,-0.166596655,-0.986025129,0.28,0.28,0.38,0.27,0.2975,0.465833333,0.46875
02-08-2026 19:15,02-08-2026 19:30,60,77,79.41,0.28,211.65,7.07,2026,2,8,19,15,6,-0.524728978,-0.851269346,0.27,0.37,1.15,0.27,0.275,0.4525,0.468854167
02-08-2026 19:30,02-08-2026 19:45,60,77,79.72,0.41,26.5,6.93,2026,2,8,19,30,6,0.446197813,0.894934362,0.28,0.27,0.45,0.27,0.31,0.445,0.4703125
02-08-2026 19:45,02-08-2026 20:00,64.2,89.6,80,0.32,266.58,7.21,2026,2,8,19,45,6,-0.998219065,-0.059654821,0.41,0.28,0.27,0.45,0.32,0.394166667,0.468958333
02-08-2026 20:00,02-08-2026 20:15,56,79,80.19,0.44,198.84,7.17,2026,2,8,20,0,6,-0.322926503,-0.946424046,0.32,0.27,0.28,0.31,0.3625,0.399166667,0.4703125
02-08-2026 20:15,02-08-2026 20:30,56,79,80.57,0.27,335.83,7.23,2026,2,8,20,15,6,-0.409445393,0.912334626,0.44,0.28,0.37,0.3,0.36,0.325833333,0.47
02-08-2026 20:30,02-08-2026 20:45,56,79,80.56,0.28,338.28,6.98,2026,2,8,20,30,6,-0.370071063,0.929003449,0.27,0.41,0.27,0.27,0.3275,0.311666667,0.470104167
02-08-2026 20:45,02-08-2026 21:00,56.4,77.2,80.55,0.27,212.6,6.48,2026,2,8,20,45,6,-0.538770785,-0.842452397,0.28,0.32,0.28,0.27,0.315,0.311666667,0.470104167
02-08-2026 21:00,02-08-2026 21:15,57,76,80.88,0.27,26.5,6.53,2026,2,8,21,0,6,0.446197813,0.894934362,0.27,0.44,0.27,0.27,0.2725,0.310833333,0.470104167
02-08-2026 21:15,02-08-2026 21:30,57,76,80.82,0.27,269.77,6.32,2026,2,8,21,15,6,-0.999991943,-0.004014246,0.27,0.27,0.28,0.27,0.2725,0.3025,0.470104167
02-08-2026 21:30,02-08-2026 21:45,57,76,80.7,0.27,210.03,6.32,2026,2,8,21,30,6,-0.500453381,-0.865763486,0.27,0.28,0.41,0.27,0.27,0.3025,0.470104167
02-08-2026 21:45,02-08-2026 22:00,52.2,73,80.62,0.31,272.35,6.14,2026,2,8,21,45,6,-0.999158993,0.041003739,0.27,0.27,0.32,0.27,0.28,0.305,0.470520833
02-08-2026 22:00,02-08-2026 22:15,45,71,80.01,0.27,26.5,6.17,2026,2,8,22,0,6,0.446197813,0.894934362,0.31,0.27,0.44,0.27,0.28,0.305,0.470520833
02-08-2026 22:15,02-08-2026 22:30,45,71,78.74,0.27,26.5,6.21,2026,2,8,22,15,6,0.446197813,0.894934362,0.27,0.27,0.27,0.27,0.28,0.304166667,0.470520833
02-08-2026 22:30,02-08-2026 22:45,45,71,77.43,0.27,26.5,6.21,2026,2,8,22,30,6,0.446197813,0.894934362,0.27,0.27,0.28,0.27,0.28,0.2925,0.470520833
02-08-2026 22:45,02-08-2026 23:00,44.6,71,77.53,0.27,200.73,6.06,2026,2,8,22,45,6,-0.353964593,-0.935258824,0.27,0.31,0.27,0.27,0.27,0.288333333,0.470520833
02-08-2026 23:00,02-08-2026 23:15,44,71,78.61,0.27,26.5,6.09,2026,2,8,23,0,6,0.446197813,0.894934362,0.27,0.27,0.27,0.27,0.27,0.274166667,0.470520833
02-08-2026 23:15,02-08-2026 23:30,44,71,78.85,0.27,26.5,6.1,2026,2,8,23,15,6,0.446197813,0.894934362,0.27,0.27,0.27,0.27,0.27,0.274166667,0.470520833
02-08-2026 23:30,02-08-2026 23:45,44,71,78.51,0.27,26.5,6.08,2026,2,8,23,30,6,0.446197813,0.894934362,0.27,0.27,0.27,0.27,0.27,0.273333333,0.470520833
02-08-2026 23:45,02-09-2026 00:00,42.4,69.8,77.66,0.27,26.5,6.07,2026,2,8,23,45,6,0.446197813,0.894934362,0.27,0.27,0.31,0.27,0.27,0.273333333,0.470520833
03-08-2026 00:00,03-08-2026 00:15,29,71,84.16,0.44,113.53,6.19,2026,3,8,0,0,6,0.916851164,-0.399229186,0.87,0.49,0.88,0.27,0.5875,0.658333333,1.211875
03-08-2026 00:15,03-08-2026 00:30,29,71,84.41,0.69,140.14,6.36,2026,3,8,0,15,6,0.640913893,-0.767612781,0.44,0.53,0.87,0.51,0.6275,0.609166667,1.21375
03-08-2026 00:30,03-08-2026 00:45,29,71,84.75,0.71,64.19,6.32,2026,3,8,0,30,6,0.900242796,0.435388228,0.69,0.51,0.49,0.61,0.6775,0.603333333,1.214791667
03-08-2026 00:45,03-08-2026 01:00,27.33,62.5,85,0.49,103.18,6.2,2026,3,8,0,45,6,0.973658553,-0.228011013,0.71,0.87,0.3,0.39,0.5825,0.605833333,1.215833333
03-08-2026 01:00,03-08-2026 01:15,24,54,85.14,0.82,87.24,6.13,2026,3,8,1,0,6,0.998839998,0.04815246,0.49,0.44,0.49,0.4,0.6775,0.600833333,1.220208333
03-08-2026 01:15,03-08-2026 01:30,24,54,85.17,0.65,87.62,6.01,2026,3,8,1,15,6,0.999137387,0.041526892,0.82,0.69,0.53,0.73,0.6675,0.5825,1.219375
03-08-2026 01:30,03-08-2026 01:45,24,54,85.16,0.63,144.98,6.17,2026,3,8,1,30,6,0.573862339,-0.818951778,0.65,0.71,0.51,0.72,0.6475,0.594166667,1.2184375
03-08-2026 01:45,03-08-2026 02:00,24,59.5,85.25,0.27,137.58,5.97,2026,3,8,1,45,6,0.674560116,-0.73821992,0.63,0.49,0.87,0.4,0.5925,0.591666667,1.217083333
03-08-2026 02:00,03-08-2026 02:15,22,65,85.32,0.73,66.21,6.05,2026,3,8,2,0,6,0.915030086,0.4033856,0.27,0.82,0.44,0.55,0.57,0.611666667,1.218958333
03-08-2026 02:15,03-08-2026 02:30,22,65,85.26,0.77,87.63,6.07,2026,3,8,2,15,6,0.999144619,0.041352509,0.73,0.65,0.69,0.54,0.6,0.631666667,1.221354167
03-08-2026 02:30,03-08-2026 02:45,22,65,85.31,0.27,98.34,6.08,2026,3,8,2,30,6,0.989424768,-0.145046985,0.77,0.63,0.71,0.95,0.51,0.611666667,1.214270833
03-08-2026 02:45,03-08-2026 03:00,21.6,62,85.41,0.57,161.41,6,2026,3,8,2,45,6,0.318793888,-0.947824064,0.27,0.27,0.49,0.63,0.585,0.586666667,1.213645833
03-08-2026 03:00,03-08-2026 03:15,20,60,85.2,0.58,113.92,6.03,2026,3,8,3,0,6,0.914112478,-0.405460697,0.57,0.73,0.82,0.74,0.5475,0.598333333,1.211979167
03-08-2026 03:15,03-08-2026 03:30,20,60,85.4,0.27,78.04,5.96,2026,3,8,3,15,6,0.978292512,0.207228764,0.58,0.77,0.65,0.65,0.4225,0.563333333,1.208020833
03-08-2026 03:30,03-08-2026 03:45,20,60,85.45,0.54,177.01,5.97,2026,3,8,3,30,6,0.052161662,-0.998638654,0.27,0.27,0.63,0.71,0.49,0.549166667,1.20625
03-08-2026 03:45,03-08-2026 04:00,20.2,49.2,85.73,0.29,104.27,5.83,2026,3,8,3,45,6,0.969144927,-0.246491603,0.54,0.57,0.27,0.97,0.42,0.5325,1.199166667
03-08-2026 04:00,03-08-2026 04:15,21,42,85.87,0.27,209.96,6.04,2026,3,8,4,0,6,-0.499395278,-0.866374259,0.29,0.58,0.73,0.98,0.3425,0.486666667,1.191770833
03-08-2026 04:15,03-08-2026 04:30,21,42,86.21,0.27,244.52,6,2026,3,8,4,15,6,-0.902735506,-0.430196009,0.27,0.27,0.77,1.02,0.3425,0.455,1.183958333
03-08-2026 04:30,03-08-2026 04:45,21,42,86.48,0.27,143.4,5.96,2026,3,8,4,30,6,0.596224875,-0.802817475,0.27,0.54,0.27,0.27,0.275,0.425,1.183958333
03-08-2026 04:45,03-08-2026 05:00,20.4,48,86.61,0.27,26.5,6.01,2026,3,8,4,45,6,0.446197813,0.894934362,0.27,0.29,0.57,0.47,0.27,0.425,1.181875
03-08-2026 05:00,03-08-2026 05:15,18,52,87.71,0.27,70.75,6.35,2026,3,8,5,0,6,0.94408902,0.329690645,0.27,0.27,0.58,0.42,0.27,0.386666667,1.1803125
03-08-2026 05:15,03-08-2026 05:30,18,52,88.5,0.27,233.02,6.28,2026,3,8,5,15,6,-0.798845534,-0.60153621,0.27,0.27,0.27,0.51,0.27,0.345,1.1778125
03-08-2026 05:30,03-08-2026 05:45,18,52,88.73,0.27,262.64,6.24,2026,3,8,5,30,6,-0.991760837,-0.128103248,0.27,0.27,0.54,0.47,0.27,0.345,1.175729167
03-08-2026 05:45,03-08-2026 06:00,45.59,97,88.81,0.27,278.19,6.22,2026,3,8,5,45,6,-0.989801109,0.142456183,0.27,0.27,0.29,0.58,0.27,0.32,1.1725
03-08-2026 06:00,03-08-2026 06:15,55,99,88.82,0.27,256.81,6.68,2026,3,8,6,0,6,-0.973618743,-0.228180945,0.27,0.27,0.27,0.97,0.27,0.294166667,1.165208333
03-08-2026 06:15,03-08-2026 06:30,55,99,89.01,0.27,217.06,7.57,2026,3,8,6,15,6,-0.602651022,-0.798004853,0.27,0.27,0.27,0.33,0.27,0.294166667,1.164583333
03-08-2026 06:30,03-08-2026 06:45,55,99,88.73,0.27,135.67,8.12,2026,3,8,6,30,6,0.698789926,-0.715326946,0.27,0.27,0.27,0.27,0.27,0.271666667,1.164583333
03-08-2026 06:45,03-08-2026 07:00,56.6,96,88.11,0.27,236.44,8.19,2026,3,8,6,45,6,-0.833307378,-0.552809926,0.27,0.27,0.27,0.56,0.27,0.27,1.1615625
03-08-2026 07:00,03-08-2026 07:15,59,94,87.19,0.27,151.23,8.37,2026,3,8,7,0,6,0.481294775,-0.876558806,0.27,0.27,0.27,0.91,0.27,0.27,1.154895833
03-08-2026 07:15,03-08-2026 07:30,59,94,86.15,0.43,154.72,8.29,2026,3,8,7,15,6,0.427042253,-0.904231671,0.27,0.27,0.27,0.78,0.31,0.283333333,1.15125
03-08-2026 07:30,03-08-2026 07:45,59,94,85.15,0.55,85.14,8.5,2026,3,8,7,30,6,0.996404686,0.084721322,0.43,0.27,0.27,1.32,0.38,0.306666667,1.143229167
03-08-2026 07:45,03-08-2026 08:00,52.39,81.8,83.96,1.01,61.27,8.5,2026,3,8,7,45,6,0.876894599,0.480682704,0.55,0.27,0.27,1.17,0.565,0.368333333,1.1415625
03-08-2026 08:00,03-08-2026 08:15,32,64,82.51,1.48,135.43,8.7,2026,3,8,8,0,6,0.701780141,-0.712393595,1.01,0.27,0.27,1.16,0.8675,0.469166667,1.144895833
03-08-2026 08:15,03-08-2026 08:30,32,64,81.25,0.87,110.03,8.7,2026,3,8,8,15,6,0.939513411,-0.342512118,1.48,0.43,0.27,2.04,0.9775,0.519166667,1.132708333
03-08-2026 08:30,03-08-2026 08:45,32,64,80.71,1.3,52.85,8.77,2026,3,8,8,30,6,0.797057227,0.603903781,0.87,0.55,0.27,2.49,1.165,0.605,1.1203125
03-08-2026 08:45,03-08-2026 09:00,28.67,61,79.71,1.78,112.94,8.74,2026,3,8,8,45,6,0.920913521,-0.389766964,1.3,1.01,0.27,2.08,1.3575,0.730833333,1.1171875
03-08-2026 09:00,03-08-2026 09:15,22,58,77.56,1.67,116.34,8.69,2026,3,8,9,0,6,0.89617689,-0.443696948,1.78,1.48,0.27,2.01,1.405,0.8475,1.113645833
03-08-2026 09:15,03-08-2026 09:30,22,58,76.83,2.07,165.52,8.54,2026,3,8,9,15,6,0.250042042,-0.968234981,1.67,0.87,0.43,1.59,1.705,0.9975,1.118645833
03-08-2026 09:30,03-08-2026 09:45,22,58,77.33,2.18,89.84,8.65,2026,3,8,9,30,6,0.999996101,0.002792523,2.07,1.3,0.55,2.2,1.925,1.156666667,1.1184375
03-08-2026 09:45,03-08-2026 10:00,20,46.6,76.9,1.97,81.9,8.91,2026,3,8,9,45,6,0.990023658,0.140901232,2.18,1.78,1.01,1.96,1.9725,1.298333333,1.118541667
03-08-2026 10:15,03-08-2026 10:30,17,39,76.4,1.86,64.45,8.51,2026,3,8,10,15,6,0.902209249,0.431298587,2.74,2.07,0.87,1.38,2.1875,1.623333333,1.1228125
03-08-2026 10:45,03-08-2026 11:00,20.2,46.2,75.27,1.5,67.58,8.58,2026,3,8,10,45,6,0.924412959,0.381393081,2.73,1.97,1.78,2.06,2.2075,1.845833333,1.134375
03-08-2026 11:00,03-08-2026 11:15,25,51,74.43,1.05,69.3,8.61,2026,3,8,11,0,6,0.935444031,0.353474844,1.5,2.74,1.67,1.43,1.785,1.81,1.130416667
03-08-2026 11:15,03-08-2026 11:30,25,51,73.87,1.35,52.92,8.51,2026,3,8,11,15,6,0.79779444,0.602929542,1.05,1.86,2.07,1.07,1.6575,1.85,1.133333333
03-08-2026 11:30,03-08-2026 11:45,25,51,74.24,1.76,55.84,8.49,2026,3,8,11,30,6,0.827472781,0.56150583,1.35,2.73,2.18,1.55,1.415,1.888333333,1.135520833
03-08-2026 11:45,03-08-2026 12:00,44.3,78.8,73.14,1.93,55.04,8.76,2026,3,8,11,45,6,0.819552277,0.573004421,1.76,1.5,1.97,1.75,1.5225,1.900833333,1.137395833
03-08-2026 12:00,03-08-2026 12:15,24,51,72.57,2.31,77.94,8.58,2026,3,8,12,0,6,0.97792934,0.20893589,1.93,1.05,2.74,1.85,1.8375,1.954166667,1.1421875
03-08-2026 12:15,03-08-2026 12:30,24,51,72.26,1.95,89.93,8.42,2026,3,8,12,15,6,0.999999254,0.00122173,2.31,1.35,1.86,1.69,1.9875,1.944166667,1.144895833
03-08-2026 12:30,03-08-2026 12:45,24,51,71.73,1.49,69.31,8.31,2026,3,8,12,30,6,0.93550571,0.353311573,1.95,1.76,2.73,1.57,1.92,1.886666667,1.1440625
03-08-2026 12:45,03-08-2026 13:00,25.67,62,71.72,1.02,75.15,8.33,2026,3,8,12,45,6,0.966600102,0.256289373,1.49,1.93,1.5,1.5,1.6925,1.8075,1.1390625
03-08-2026 13:00,03-08-2026 13:15,29,73,71.19,0.87,58.73,8.13,2026,3,8,13,0,6,0.854730733,0.519071647,1.02,2.31,1.05,1.37,1.3325,1.651666667,1.133854167
03-08-2026 13:15,03-08-2026 13:30,29,73,71.39,1.1,71.02,8.12,2026,3,8,13,15,6,0.945632163,0.325238086,0.87,1.95,1.35,2.97,1.12,1.588333333,1.114375
03-08-2026 13:30,03-08-2026 13:45,29,73,71.41,1.27,58.21,8.56,2026,3,8,13,30,6,0.849984651,0.526807453,1.1,1.49,1.76,2.64,1.065,1.466666667,1.100104167
03-08-2026 13:45,03-08-2026 14:00,27,55.6,70.96,1.66,88.35,8.57,2026,3,8,13,45,6,0.999585368,0.028793952,1.27,1.02,1.93,1.48,1.225,1.48,1.101979167
03-08-2026 14:00,03-08-2026 14:15,24,44,71.89,1.76,69.51,8.44,2026,3,8,14,0,6,0.936733298,0.350043896,1.66,0.87,2.31,1.94,1.4475,1.539166667,1.100104167
03-08-2026 14:15,03-08-2026 14:30,24,44,71.61,1.37,95.29,8.63,2026,3,8,14,15,6,0.995740805,-0.092196799,1.76,1.1,1.95,2.55,1.515,1.540833333,1.0878125
03-08-2026 14:30,03-08-2026 14:45,24,44,71.82,1.88,80.83,8.49,2026,3,8,14,30,6,0.987219843,0.159364302,1.37,1.27,1.49,2.48,1.6675,1.550833333,1.0815625
03-08-2026 14:45,03-08-2026 15:00,25,40,71.94,1.14,54.99,8.56,2026,3,8,14,45,6,0.819051924,0.573719397,1.88,1.66,1.02,1.46,1.5375,1.485,1.078229167
03-08-2026 15:00,03-08-2026 15:15,27,36,72.16,1.84,58.81,8.51,2026,3,8,15,0,6,0.85545466,0.517877712,1.14,1.76,0.87,1.74,1.5575,1.445833333,1.079270833
03-08-2026 15:15,03-08-2026 15:30,27,36,72.06,1.55,56.29,8.48,2026,3,8,15,15,6,0.831857271,0.554989622,1.84,1.37,1.1,1.88,1.6025,1.4125,1.075833333
03-08-2026 15:30,03-08-2026 15:45,27,36,72.69,1.05,49.69,8.47,2026,3,8,15,30,6,0.762555432,0.64692288,1.55,1.88,1.27,1.47,1.395,1.375833333,1.071458333
03-08-2026 15:45,03-08-2026 16:00,27,35.4,72.66,1.57,76.28,8.41,2026,3,8,15,45,6,0.971466389,0.237177266,1.05,1.14,1.66,2,1.5025,1.421666667,1.066979167
03-08-2026 16:00,03-08-2026 16:15,27,35,73.07,1.33,81.45,8.53,2026,3,8,16,0,6,0.988886499,0.148672434,1.57,1.84,1.76,1.87,1.375,1.46,1.061354167
03-08-2026 16:15,03-08-2026 16:30,27,35,73.47,1.15,57.9,8.34,2026,3,8,16,15,6,0.847121921,0.53139858,1.33,1.55,1.37,2.25,1.275,1.464166667,1.049895833
03-08-2026 16:30,03-08-2026 16:45,27,35,73.73,0.62,68.37,8.53,2026,3,8,16,30,6,0.929583609,0.368611332,1.15,1.05,1.88,2.15,1.1675,1.41,1.033958333
03-08-2026 16:45,03-08-2026 17:00,36.97,51.8,73.84,1.12,116.64,8.34,2026,3,8,16,45,6,0.893841424,-0.448383216,0.62,1.57,1.14,2.58,1.055,1.365,1.01875
03-08-2026 17:00,03-08-2026 17:15,20,30,74.41,1.1,51.21,8.37,2026,3,8,17,0,6,0.779447316,0.626467782,1.12,1.33,1.84,1.99,0.9975,1.31,1.009479167
03-08-2026 17:15,03-08-2026 17:30,20,30,75.52,0.76,52.94,8.25,2026,3,8,17,15,6,0.798004853,0.602651022,1.1,1.15,1.55,1.95,0.9,1.259166667,0.997083333
03-08-2026 17:30,03-08-2026 17:45,20,30,76.56,0.88,38.6,8.16,2026,3,8,17,30,6,0.623879597,0.781520472,0.76,0.62,1.05,1.48,0.965,1.175833333,0.990833333
03-08-2026 17:45,03-08-2026 18:00,21.2,33.6,77.22,0.9,73.88,7.69,2026,3,8,17,45,6,0.960682295,0.277650012,0.88,1.12,1.57,1.44,0.91,1.155833333,0.985208333
03-08-2026 18:00,03-08-2026 18:15,23,36,78.46,0.56,48.41,7.34,2026,3,8,18,0,6,0.747913956,0.663795687,0.9,1.1,1.33,1.45,0.775,1.049166667,0.9759375
03-08-2026 18:15,03-08-2026 18:30,23,36,79.63,0.53,71.68,6.49,2026,3,8,18,15,6,0.949315816,0.314323849,0.56,0.76,1.15,0.8,0.7175,0.964166667,0.973125
03-08-2026 18:30,03-08-2026 18:45,23,36,80.3,0.7,69.52,6.3,2026,3,8,18,30,6,0.936794378,0.3498804,0.53,0.88,0.62,0.79,0.6725,0.935,0.9721875
03-08-2026 18:45,03-08-2026 19:00,20,32,79.82,0.52,71.42,6.21,2026,3,8,18,45,6,0.94787969,0.318628456,0.7,0.9,1.12,1.39,0.5775,0.8475,0.963125
03-08-2026 19:00,03-08-2026 19:15,14,28,79.56,1.06,124.24,6.32,2026,3,8,19,0,6,0.826687965,-0.562660652,0.52,0.56,1.1,1.04,0.7025,0.825,0.963333333
03-08-2026 19:15,03-08-2026 19:30,14,28,79.94,0.56,54.78,6.35,2026,3,8,19,15,6,0.816943636,0.576717518,1.06,0.53,0.76,0.75,0.71,0.775833333,0.961354167
03-08-2026 19:30,03-08-2026 19:45,14,28,80.11,0.63,51.19,6.19,2026,3,8,19,30,6,0.77922859,0.626739822,0.56,0.7,0.88,0.56,0.6925,0.776666667,0.962083333
03-08-2026 19:45,03-08-2026 20:00,14,29.8,80.63,0.54,77.57,6.38,2026,3,8,19,45,6,0.976559709,0.215246682,0.63,0.52,0.9,0.78,0.6975,0.728333333,0.959583333
03-08-2026 20:00,03-08-2026 20:15,14,31,80.84,0.81,92.14,6.22,2026,3,8,20,0,6,0.999302568,-0.037341363,0.54,1.06,0.56,1.33,0.635,0.704166667,0.954166667
03-08-2026 20:15,03-08-2026 20:30,14,31,81.26,0.46,95.93,6.31,2026,3,8,20,15,6,0.994648859,-0.103313348,0.81,0.56,0.53,1.13,0.61,0.679166667,0.9471875
03-08-2026 20:30,03-08-2026 20:45,14,31,81.48,0.61,95.52,6.28,2026,3,8,20,30,6,0.995362681,-0.096193205,0.46,0.63,0.7,0.63,0.605,0.656666667,0.946979167
03-08-2026 20:45,03-08-2026 21:00,14.8,29.2,80.77,0.91,55.2,6.14,2026,3,8,20,45,6,0.821149209,0.570713568,0.61,0.54,0.52,1.37,0.6975,0.6575,0.9421875
03-08-2026 21:00,03-08-2026 21:15,21,28,81.15,0.53,65.16,6.2,2026,3,8,21,0,6,0.907484425,0.420085728,0.91,0.81,1.06,0.95,0.6275,0.655,0.9378125
03-08-2026 21:15,03-08-2026 21:30,20,28,81.25,0.57,106.98,6.22,2026,3,8,21,15,6,0.956406755,-0.292037874,0.53,0.46,0.56,1.28,0.655,0.658333333,0.930416667
03-08-2026 21:30,03-08-2026 21:45,19,28,81.09,0.33,87.63,6.18,2026,3,8,21,30,6,0.999144619,0.041352509,0.57,0.61,0.63,0.78,0.585,0.6275,0.925729167
03-08-2026 21:45,03-08-2026 22:00,20.2,27.4,81.43,0.27,74.46,6.03,2026,3,8,21,45,6,0.963443651,0.267911052,0.33,0.91,0.54,0.46,0.425,0.606666667,0.92375
03-08-2026 22:00,03-08-2026 22:15,19,27,81.63,0.53,70.26,6.31,2026,3,8,22,0,6,0.941234979,0.337752447,0.27,0.53,0.81,0.88,0.425,0.5625,0.920104167
03-08-2026 22:15,03-08-2026 22:30,19,27,81.84,0.35,80.55,6.34,2026,3,8,22,15,6,0.986429257,0.164186847,0.53,0.57,0.46,0.87,0.37,0.545,0.9146875
03-08-2026 22:30,03-08-2026 22:45,19,27,81.68,0.53,44.11,6.38,2026,3,8,22,30,6,0.696038123,0.718004827,0.35,0.33,0.61,0.49,0.42,0.536666667,0.915104167
03-08-2026 22:45,03-08-2026 23:00,32.26,46.8,81.42,0.27,53.28,6.31,2026,3,8,22,45,6,0.801566985,0.597904983,0.53,0.27,0.91,0.3,0.42,0.514166667,0.914791667
03-08-2026 23:00,03-08-2026 23:15,25,29,81.27,0.4,128.29,6.27,2026,3,8,23,0,6,0.78488453,-0.619642053,0.27,0.53,0.53,0.49,0.3875,0.48,0.913854167
03-08-2026 23:15,03-08-2026 23:30,25,29,80.99,0.35,30.35,6.21,2026,3,8,23,15,6,0.505280886,0.862954938,0.4,0.35,0.57,0.53,0.3875,0.470833333,0.911979167
03-08-2026 23:30,03-08-2026 23:45,25,29,81.41,0.51,64.04,6.22,2026,3,8,23,30,6,0.899099868,0.437743563,0.35,0.53,0.33,0.51,0.3825,0.4625,0.911979167
03-08-2026 23:45,03-09-2026 00:00,43.9,60.8,81.84,0.27,89.93,6.24,2026,3,8,23,45,6,0.999999254,0.00122173,0.51,0.27,0.27,0.87,0.3825,0.409166667,0.905729167
04-08-2026 00:00,04-08-2026 00:15,10,23,87.6,0.87,101.4,6.14,2026,4,8,0,0,2,0.980271175,-0.19765734,1.28,1.52,0.69,0.62,1.1,0.955833333,1.013333333
04-08-2026 00:15,04-08-2026 00:30,10,23,87.59,1.02,94.85,6.04,2026,4,8,0,15,2,0.996419457,-0.084547415,0.87,1.61,0.54,0.52,0.9525,0.951666667,1.018541667
04-08-2026 00:30,04-08-2026 00:45,10,23,87.55,0.97,143.33,6.13,2026,4,8,0,30,2,0.597205256,-0.80208845,1.02,0.64,1.11,0.29,1.035,0.986666667,1.025625
04-08-2026 00:45,04-08-2026 01:00,8,22.6,87.43,0.58,109.02,5.99,2026,4,8,0,45,2,0.945404873,-0.325898183,0.97,1.28,1.15,0.38,0.86,0.998333333,1.027708333
04-08-2026 01:00,04-08-2026 01:15,12,22,87.27,0.74,105.05,6.17,2026,4,8,1,0,2,0.965699596,-0.259661876,0.58,0.87,1.52,0.89,0.8275,1.0025,1.026145833
04-08-2026 01:15,04-08-2026 01:30,12,22,86.89,0.93,154.76,6.03,2026,4,8,1,15,2,0.426410876,-0.904529582,0.74,1.02,1.61,0.27,0.805,1.035,1.033020833
04-08-2026 01:30,04-08-2026 01:45,12,22,86.78,0.55,60.01,6.06,2026,4,8,1,30,2,0.866112657,0.499848842,0.93,0.97,0.64,0.63,0.7,0.988333333,1.0321875
04-08-2026 01:45,04-08-2026 02:00,12,25.2,86.81,0.42,40.47,6.03,2026,4,8,1,45,2,0.649049812,0.760745912,0.55,0.58,1.28,0.77,0.66,0.9275,1.028541667
04-08-2026 02:00,04-08-2026 02:15,16,30,86.78,0.48,180.7,5.97,2026,4,8,2,0,2,-0.012217001,-0.99992537,0.42,0.74,0.87,0.33,0.595,0.840833333,1.030104167
04-08-2026 02:15,04-08-2026 02:30,16,30,86.76,0.61,233.26,6,2026,4,8,2,15,2,-0.801358228,-0.598184746,0.48,0.93,1.02,0.7,0.515,0.7575,1.029166667
04-08-2026 02:30,04-08-2026 02:45,16,30,86.74,0.88,223.08,6.08,2026,4,8,2,30,2,-0.683018857,-0.73040074,0.61,0.55,0.97,0.84,0.5975,0.7775,1.029583333
04-08-2026 02:45,04-08-2026 03:00,33.08,56.6,86.66,1.08,92.99,5.93,2026,4,8,2,45,2,0.998638654,-0.052161662,0.88,0.42,0.58,0.83,0.7625,0.760833333,1.0321875
04-08-2026 03:00,04-08-2026 03:15,19,37,86.72,0.56,185.55,6.04,2026,4,8,3,0,2,-0.096714363,-0.995312178,1.08,0.48,0.74,0.58,0.7825,0.735,1.031979167
04-08-2026 03:15,04-08-2026 03:30,19,37,86.68,0.91,56.87,6.01,2026,4,8,3,15,2,0.837432663,0.546540515,0.56,0.61,0.93,0.59,0.8575,0.725833333,1.0353125
04-08-2026 03:30,04-08-2026 03:45,19,37,86.65,0.73,154.73,6.18,2026,4,8,3,30,2,0.426884428,-0.90430619,0.91,0.88,0.55,0.72,0.82,0.705833333,1.035416667
04-08-2026 03:45,04-08-2026 04:00,34.93,65.6,86.4,0.88,111.68,6.14,2026,4,8,3,45,2,0.929261581,-0.369422406,0.73,1.08,0.42,0.64,0.77,0.730833333,1.037916667
04-08-2026 04:00,04-08-2026 04:15,18,36,85.89,0.87,107.57,6.28,2026,4,8,4,0,2,0.953348858,-0.30187076,0.88,0.56,0.48,0.97,0.8475,0.741666667,1.036875
04-08-2026 04:15,04-08-2026 04:30,18,36,85.38,0.95,175.44,6.15,2026,4,8,4,15,2,0.079503022,-0.996834625,0.87,0.91,0.61,1.21,0.8575,0.743333333,1.034166667
04-08-2026 04:30,04-08-2026 04:45,18,36,85.03,0.62,231.16,6.34,2026,4,8,4,30,2,-0.778900323,-0.627147739,0.95,0.73,0.88,1.27,0.83,0.749166667,1.027395833
04-08-2026 04:45,04-08-2026 05:00,18,40.8,84.4,0.97,140.04,6.27,2026,4,8,4,45,2,0.642252653,-0.766493007,0.62,0.88,1.08,0.96,0.8525,0.795,1.0275
04-08-2026 05:00,04-08-2026 05:15,25,48,84.45,0.74,155.08,6.34,2026,4,8,5,0,2,0.421352406,-0.90689699,0.97,0.87,0.56,0.44,0.82,0.816666667,1.030625
04-08-2026 05:15,04-08-2026 05:30,25,48,84.92,0.84,199.95,6.38,2026,4,8,5,15,2,-0.341199977,-0.939990732,0.74,0.95,0.91,0.57,0.7925,0.835833333,1.0334375
04-08-2026 05:30,04-08-2026 05:45,25,48,85.39,0.72,99.61,6.35,2026,4,8,5,30,2,0.985966915,-0.166940833,0.84,0.62,0.73,0.69,0.8175,0.8225,1.03375
04-08-2026 05:45,04-08-2026 06:00,25,50,85.75,0.83,103.84,6.72,2026,4,8,5,45,2,0.970967515,-0.239211379,0.72,0.97,0.88,1.1,0.7825,0.801666667,1.0309375
04-08-2026 06:00,04-08-2026 06:15,27,53,85.91,0.28,37.19,9.19,2026,4,8,6,0,2,0.604460085,0.796635428,0.83,0.74,0.87,0.88,0.6675,0.778333333,1.0246875
04-08-2026 06:15,04-08-2026 06:30,27,53,85.68,0.63,166.67,13.84,2026,4,8,6,15,2,0.230559261,-0.973058286,0.28,0.84,0.95,0.96,0.615,0.755,1.02125
04-08-2026 06:30,04-08-2026 06:45,27,53,85.1,1.06,65.08,19.14,2026,4,8,6,30,2,0.90689699,0.421352406,0.63,0.72,0.62,0.76,0.7,0.7825,1.024375
04-08-2026 06:45,04-08-2026 07:00,27,56.6,84.68,1.38,190.77,24.45,2026,4,8,6,45,2,-0.186866965,-0.982385229,1.06,0.83,0.97,0.69,0.8375,0.824166667,1.0315625
04-08-2026 07:00,04-08-2026 07:15,26,62,84.28,1.31,167.67,32.29,2026,4,8,7,0,2,0.213541937,-0.976933898,1.38,0.28,0.74,0.49,1.095,0.860833333,1.040104167
04-08-2026 07:15,04-08-2026 07:30,26,62,84,1.35,142.83,59.48,2026,4,8,7,15,2,0.60418197,-0.796846376,1.31,0.63,0.84,1,1.275,0.894166667,1.04375
04-08-2026 07:30,04-08-2026 07:45,26,62,83.82,1.76,74.86,80.05,2026,4,8,7,30,2,0.965290529,0.261178472,1.35,1.06,0.72,1.5,1.45,0.989166667,1.046458333
04-08-2026 07:45,04-08-2026 08:00,26,58.8,83.7,1.6,75.2,73.55,2026,4,8,7,45,2,0.966823389,0.255445758,1.76,1.38,0.83,1.08,1.505,1.041666667,1.051875
04-08-2026 08:00,04-08-2026 08:15,12,54,83.05,1.2,163.74,109.82,2026,4,8,8,0,2,0.27999657,-0.960001,1.6,1.31,0.28,0.71,1.4775,1.08,1.056979167
04-08-2026 08:15,04-08-2026 08:30,12,54,81.09,1.91,180.63,118.05,2026,4,8,8,15,2,-0.010995353,-0.999939549,1.2,1.35,0.63,1.22,1.6175,1.169166667,1.064166667
04-08-2026 08:30,04-08-2026 08:45,12,54,80.8,1.77,100.87,60.25,2026,4,8,8,30,2,0.982057588,-0.188581265,1.91,1.76,1.06,1.66,1.62,1.256666667,1.0653125
04-08-2026 08:45,04-08-2026 09:00,12,58,81.68,1.74,141.48,110.37,2026,4,8,8,45,2,0.62278778,-0.782390811,1.77,1.6,1.38,1.9,1.655,1.3325,1.063645833
04-08-2026 15:30,04-08-2026 15:45,13,59,74.1,1.11,35.21,164.17,2026,4,8,15,30,2,0.576574926,0.817044279,1.3,1.29,1.56,1.69,1.3225,1.643333333,1.1725
04-08-2026 15:45,04-08-2026 16:00,30.81,77.6,75.15,1.64,26.5,141.54,2026,4,8,15,45,2,0.446197813,0.894934362,1.11,1.2,1.89,1.38,1.4325,1.536666667,1.175208333
04-08-2026 16:00,04-08-2026 16:15,18,54,77.01,0.93,32.22,107.8,2026,4,8,16,0,2,0.533171621,0.846007106,1.64,1.68,1.69,0.85,1.245,1.4925,1.176041667
04-08-2026 16:15,04-08-2026 16:30,18,54,78.03,1.46,35.25,74.68,2026,4,8,16,15,2,0.57714519,0.816641555,0.93,1.3,2.23,0.76,1.285,1.498333333,1.183333333
04-08-2026 16:30,04-08-2026 16:45,18,54,79.3,1.13,57.08,55.64,2026,4,8,16,30,2,0.83943021,0.543467499,1.46,1.11,1.29,1.14,1.29,1.4625,1.183229167
04-08-2026 16:45,04-08-2026 17:00,31.69,68.8,80.57,0.86,40,26.22,2026,4,8,16,45,2,0.64278761,0.766044443,1.13,1.64,1.2,0.8,1.095,1.376666667,1.183854167
04-08-2026 17:00,04-08-2026 17:15,25,49,81.56,0.86,38.98,14.81,2026,4,8,17,0,2,0.629049078,0.777365588,0.86,0.93,1.68,0.98,1.0775,1.3075,1.182604167
04-08-2026 17:15,04-08-2026 17:30,25,49,82.3,0.88,34.83,10.68,2026,4,8,17,15,2,0.571143442,0.820850272,0.86,1.46,1.3,1.43,0.9325,1.195,1.176875
04-08-2026 17:30,04-08-2026 17:45,25,49,83.07,0.9,34.82,9.74,2026,4,8,17,30,2,0.571000168,0.820949942,0.88,1.13,1.11,0.86,0.875,1.1625,1.177291667
04-08-2026 17:45,04-08-2026 18:00,20,51.8,83.68,0.59,39.72,8.19,2026,4,8,17,45,2,0.63903635,0.769176536,0.9,0.86,1.64,0.78,0.8075,1.111666667,1.1753125
04-08-2026 18:00,04-08-2026 18:15,21,56,84.2,0.58,31.6,7.85,2026,4,8,18,0,2,0.523985906,0.851726934,0.59,0.86,0.93,1.29,0.7375,1.02,1.167916667
04-08-2026 18:15,04-08-2026 18:30,21,56,84.54,0.54,30.16,6.41,2026,4,8,18,15,2,0.502416446,0.864625765,0.58,0.88,1.46,1.07,0.6525,0.956666667,1.162395833
04-08-2026 18:30,04-08-2026 18:45,21,56,84.79,0.57,33.05,6.24,2026,4,8,18,30,2,0.545370706,0.838194961,0.54,0.9,1.13,0.76,0.57,0.911666667,1.160416667
04-08-2026 18:45,04-08-2026 19:00,34.74,72,84.94,0.72,31.91,6.14,2026,4,8,18,45,2,0.5285865,0.848879445,0.57,0.59,0.86,0.62,0.6025,0.835,1.161458333
04-08-2026 19:00,04-08-2026 19:15,61.85,80.2,84.86,0.69,32.81,5.93,2026,4,8,19,0,2,0.541854909,0.840472045,0.72,0.58,0.86,1.07,0.63,0.815,1.1575
04-08-2026 19:15,04-08-2026 19:30,45.2,54,84.53,0.99,37.18,5.99,2026,4,8,19,15,2,0.604321037,0.796740914,0.69,0.54,0.88,0.65,0.7425,0.775833333,1.161041667
04-08-2026 19:30,04-08-2026 19:45,47,54,84.39,1.05,51.54,5.96,2026,4,8,19,30,2,0.783042563,0.621968121,0.99,0.57,0.9,1.26,0.8625,0.769166667,1.158854167
04-08-2026 19:45,04-08-2026 20:00,47.8,55.6,84.46,0.84,43.83,5.9,2026,4,8,19,45,2,0.692520992,0.721397724,1.05,0.72,0.59,0.79,0.8925,0.7675,1.159375
04-08-2026 20:00,04-08-2026 20:15,18,58,84.79,1.48,26.5,5.99,2026,4,8,20,0,2,0.446197813,0.894934362,0.84,0.69,0.58,0.7,1.09,0.819166667,1.1675
04-08-2026 20:15,04-08-2026 20:30,18,58,85.03,1.59,26.5,5.99,2026,4,8,20,15,2,0.446197813,0.894934362,1.48,0.99,0.54,1.23,1.24,0.878333333,1.17125
04-08-2026 20:30,04-08-2026 20:45,18,58,85.3,2.2,26.5,6.14,2026,4,8,20,30,2,0.446197813,0.894934362,1.59,1.05,0.57,0.71,1.5275,0.986666667,1.186770833
04-08-2026 20:45,04-08-2026 21:00,18,58.8,85.4,1.35,82.98,6.14,2026,4,8,20,45,2,0.992503551,0.1222158,2.2,0.84,0.72,0.89,1.655,1.05,1.1915625
04-08-2026 21:00,04-08-2026 21:15,22,60,85.36,1.24,31.37,6.24,2026,4,8,21,0,2,0.520562642,0.85382348,1.35,1.48,0.69,1.09,1.595,1.105,1.193125
04-08-2026 21:15,04-08-2026 21:30,22,60,85.54,1.8,62.45,6.29,2026,4,8,21,15,2,0.886607544,0.4625225,1.24,1.59,0.99,1.07,1.6475,1.21,1.200729167
04-08-2026 21:30,04-08-2026 21:45,22,60,85.73,1.25,26.5,6.28,2026,4,8,21,30,2,0.446197813,0.894934362,1.8,2.2,1.05,0.55,1.41,1.266666667,1.208020833
04-08-2026 21:45,04-08-2026 22:00,19.6,54.8,85.97,1.03,26.5,6.18,2026,4,8,21,45,2,0.446197813,0.894934362,1.25,1.35,0.84,0.44,1.33,1.2925,1.214166667
04-08-2026 22:00,04-08-2026 22:15,10,47,86.07,1.4,26.5,6.46,2026,4,8,22,0,2,0.446197813,0.894934362,1.03,1.24,1.48,0.69,1.37,1.351666667,1.2215625
04-08-2026 22:15,04-08-2026 22:30,10,47,86.2,1.21,26.5,6.42,2026,4,8,22,15,2,0.446197813,0.894934362,1.4,1.8,1.59,0.54,1.2225,1.37,1.228541667
04-08-2026 22:30,04-08-2026 22:45,10,47,86.51,1.28,26.5,6.35,2026,4,8,22,30,2,0.446197813,0.894934362,1.21,1.25,2.2,1.11,1.23,1.389166667,1.2303125
04-08-2026 22:45,04-08-2026 23:00,10,44.2,86.69,1.12,68.7,6.34,2026,4,8,22,45,2,0.931691228,0.36325123,1.28,1.03,1.35,1.15,1.2525,1.4125,1.23
04-08-2026 23:00,04-08-2026 23:15,12,40,86.86,1.21,58.93,6.35,2026,4,8,23,0,2,0.856537423,0.516084918,1.12,1.4,1.24,1.52,1.205,1.39,1.226770833
04-08-2026 23:15,04-08-2026 23:30,12,40,86.79,1.47,68.94,6.46,2026,4,8,23,15,2,0.933204633,0.359345396,1.21,1.21,1.8,1.61,1.27,1.38,1.2253125
04-08-2026 23:30,04-08-2026 23:45,12,40,87.01,1.74,36.44,6.49,2026,4,8,23,30,2,0.593980664,0.804479317,1.47,1.28,1.25,0.64,1.385,1.341666667,1.236770833
04-08-2026 23:45,04-09-2026 00:00,12,44.4,87.26,1.57,26.5,6.38,2026,4,8,23,45,2,0.446197813,0.894934362,1.74,1.12,1.03,1.28,1.4975,1.36,1.239791667
05-08-2026 00:00,05-08-2026 00:15,0.7,9,80.74,0.84,63.5,6,2026,5,8,0,0,4,0.894934362,0.446197813,0.71,0.66,0.35,0.27,0.735,0.618333333,0.716770833
05-08-2026 00:15,05-08-2026 00:30,0.7,9,80.53,0.46,84.11,6.11,2026,5,8,0,15,4,0.994720743,0.102618927,0.84,0.81,0.58,0.42,0.6475,0.599166667,0.7171875
05-08-2026 00:30,05-08-2026 00:45,0.7,9,80.44,0.52,70.83,5.92,2026,5,8,0,30,4,0.944548435,0.328372127,0.46,0.58,0.54,0.27,0.6325,0.59,0.719791667
05-08-2026 00:45,05-08-2026 01:00,0.7,8.4,80.97,0.56,26.5,6.01,2026,5,8,0,45,4,0.446197813,0.894934362,0.52,0.71,0.63,0.54,0.595,0.603333333,0.72
05-08-2026 01:00,05-08-2026 01:15,0.7,8,80.69,0.5,26.5,6.07,2026,5,8,1,0,4,0.446197813,0.894934362,0.56,0.84,0.66,0.27,0.51,0.615833333,0.722395833
05-08-2026 01:15,05-08-2026 01:30,0.7,8,80.85,0.65,26.5,6.18,2026,5,8,1,15,4,0.446197813,0.894934362,0.5,0.46,0.81,0.27,0.5575,0.621666667,0.726354167
05-08-2026 01:30,05-08-2026 01:45,0.7,8,80.93,0.72,52.61,6.29,2026,5,8,1,30,4,0.794520616,0.607237179,0.65,0.52,0.58,0.32,0.6075,0.636666667,0.730520833
05-08-2026 01:45,05-08-2026 02:00,0.7,9.8,81.19,0.41,64.64,6.15,2026,5,8,1,45,4,0.903634526,0.428304382,0.72,0.56,0.71,0.35,0.57,0.618333333,0.731145833
05-08-2026 02:00,05-08-2026 02:15,0.56,11,81.28,0.52,50.95,6.28,2026,5,8,2,0,4,0.77659648,0.629998339,0.41,0.5,0.84,0.27,0.575,0.606666667,0.73375
05-08-2026 02:15,05-08-2026 02:30,0.7,11,81.3,0.43,26.5,6.17,2026,5,8,2,15,4,0.446197813,0.894934362,0.52,0.65,0.46,0.27,0.52,0.575,0.735416667
05-08-2026 02:30,05-08-2026 02:45,0.56,11,81.56,0.27,26.5,6.17,2026,5,8,2,30,4,0.446197813,0.894934362,0.43,0.72,0.52,0.27,0.4075,0.549166667,0.735416667
05-08-2026 02:45,05-08-2026 03:00,1.16,9.2,81.84,0.27,26.5,6.1,2026,5,8,2,45,4,0.446197813,0.894934362,0.27,0.41,0.56,0.27,0.3725,0.5125,0.735416667
05-08-2026 03:00,05-08-2026 03:15,3,8,82.13,0.51,26.5,6.13,2026,5,8,3,0,4,0.446197813,0.894934362,0.27,0.52,0.5,0.27,0.37,0.485,0.737916667
05-08-2026 03:15,05-08-2026 03:30,3,8,82.07,0.6,26.5,6.29,2026,5,8,3,15,4,0.446197813,0.894934362,0.51,0.43,0.65,0.27,0.4125,0.496666667,0.741354167
05-08-2026 03:30,05-08-2026 03:45,2.4,8,81.7,0.28,134.39,6.21,2026,5,8,3,30,4,0.714594783,-0.699538631,0.6,0.27,0.72,0.27,0.415,0.476666667,0.741458333
05-08-2026 03:45,05-08-2026 04:00,3,6.8,81.82,0.32,233.17,6.2,2026,5,8,3,45,4,-0.800417613,-0.599442778,0.28,0.27,0.41,0.27,0.4275,0.456666667,0.741979167
05-08-2026 04:00,05-08-2026 04:15,3,6,82,0.35,190.16,6.14,2026,5,8,4,0,4,-0.176397599,-0.984318997,0.32,0.51,0.52,0.27,0.3875,0.444166667,0.7428125
05-08-2026 04:15,05-08-2026 04:30,3,6,81.99,0.27,26.5,6.28,2026,5,8,4,15,4,0.446197813,0.894934362,0.35,0.6,0.43,0.27,0.305,0.4125,0.7428125
05-08-2026 04:30,05-08-2026 04:45,3,6,81.67,0.27,315.17,6.29,2026,5,8,4,30,4,-0.705005644,0.709201694,0.27,0.28,0.27,0.27,0.3025,0.375,0.7428125
05-08-2026 04:45,05-08-2026 05:00,3.4,6.6,81.36,0.27,317.12,6.18,2026,5,8,4,45,4,-0.680465122,0.732780471,0.27,0.32,0.27,0.27,0.29,0.363333333,0.7428125
05-08-2026 05:00,05-08-2026 05:15,5,7,81.71,0.27,321.77,6.32,2026,5,8,5,0,4,-0.618819784,0.785532988,0.27,0.35,0.51,0.27,0.27,0.3425,0.7428125
05-08-2026 05:15,05-08-2026 05:30,5,7,82.37,0.27,291.12,6.2,2026,5,8,5,15,4,-0.932827815,0.360322448,0.27,0.27,0.6,0.27,0.27,0.329166667,0.7428125
05-08-2026 05:30,05-08-2026 05:45,4,7,82.82,0.27,88.23,6.65,2026,5,8,5,30,4,0.99952287,0.030887414,0.27,0.27,0.28,0.27,0.27,0.329166667,0.7428125
05-08-2026 05:45,05-08-2026 06:00,4.4,7,83.16,0.27,26.5,8.1,2026,5,8,5,45,4,0.446197813,0.894934362,0.27,0.27,0.32,0.27,0.27,0.329166667,0.7428125
05-08-2026 06:00,05-08-2026 06:15,0.2,7,82.87,0.27,26.5,10.15,2026,5,8,6,0,4,0.446197813,0.894934362,0.27,0.27,0.35,0.27,0.27,0.309166667,0.7428125
05-08-2026 06:15,05-08-2026 06:30,0.4,7,82.41,0.27,26.5,13.72,2026,5,8,6,15,4,0.446197813,0.894934362,0.27,0.27,0.27,0.27,0.27,0.281666667,0.7428125
05-08-2026 06:30,05-08-2026 06:45,9.61,7,81.9,0.27,26.5,22.39,2026,5,8,6,30,4,0.446197813,0.894934362,0.27,0.27,0.27,0.27,0.27,0.280833333,0.7428125
05-08-2026 06:45,05-08-2026 07:00,18.82,33.67,80.54,0.27,26.5,31.45,2026,5,8,6,45,4,0.446197813,0.894934362,0.27,0.27,0.27,0.27,0.27,0.276666667,0.7428125
05-08-2026 07:00,05-08-2026 07:15,5,14,80.24,0.27,26.5,22.18,2026,5,8,7,0,4,0.446197813,0.894934362,0.27,0.27,0.27,0.27,0.27,0.27,0.7428125
05-08-2026 07:15,05-08-2026 07:30,5,14,80.17,0.27,91.55,28.7,2026,5,8,7,15,4,0.999634101,-0.027049304,0.27,0.27,0.27,0.27,0.27,0.27,0.7428125
05-08-2026 07:30,05-08-2026 07:45,5,14,80.93,0.27,26.5,108.58,2026,5,8,7,30,4,0.446197813,0.894934362,0.27,0.27,0.27,0.35,0.27,0.27,0.741979167
05-08-2026 07:45,05-08-2026 08:00,4.4,23.6,78.17,0.27,44.07,95.92,2026,5,8,7,45,4,0.695536691,0.718490578,0.27,0.27,0.27,0.52,0.27,0.27,0.739375
05-08-2026 08:00,05-08-2026 08:15,1.6,30,78.08,1.31,53.85,126.24,2026,5,8,8,0,4,0.807475405,0.589901237,0.27,0.27,0.27,0.72,0.53,0.356666667,0.745520833
05-08-2026 08:15,05-08-2026 08:30,2,30,76.77,0.51,47.14,141.37,2026,5,8,8,15,4,0.733017953,0.680209292,1.31,0.27,0.27,0.7,0.59,0.376666667,0.743541667
05-08-2026 08:30,05-08-2026 08:45,1.6,30,75.77,0.63,26.5,90.77,2026,5,8,8,30,4,0.446197813,0.894934362,0.51,0.27,0.27,1,0.68,0.406666667,0.7396875
05-08-2026 08:45,05-08-2026 09:00,2.2,26.4,76.59,1,86.01,112.93,2026,5,8,8,45,4,0.99757621,0.069582365,0.63,0.27,0.27,1.02,0.8625,0.4675,0.739479167
05-08-2026 09:00,05-08-2026 09:15,3,24,76.77,0.55,28.01,154.08,2026,5,8,9,0,4,0.469625659,0.882865641,1,1.31,0.27,0.78,0.6725,0.490833333,0.737083333
05-08-2026 09:15,05-08-2026 09:30,3,24,75.83,0.31,33.84,142.67,2026,5,8,9,15,4,0.556875616,0.830595899,0.55,0.51,0.27,0.89,0.6225,0.494166667,0.731041667
05-08-2026 09:30,05-08-2026 09:45,2.4,24,74.61,1.62,28.49,108.86,2026,5,8,9,30,4,0.47700537,0.878900379,0.31,0.63,0.27,0.65,0.87,0.606666667,0.741145833
05-08-2026 09:45,05-08-2026 10:00,18.36,39.67,77.16,0.79,26.5,133.45,2026,5,8,9,45,4,0.446197813,0.894934362,1.62,1,0.27,0.52,0.8175,0.65,0.743958333
05-08-2026 10:00,05-08-2026 10:15,3,13,80.88,1.44,26.5,44.98,2026,5,8,10,0,4,0.446197813,0.894934362,0.79,0.55,1.31,0.69,1.04,0.7475,0.751770833
05-08-2026 10:15,05-08-2026 10:30,3,13,84.7,1.8,54.7,95,2026,5,8,10,15,4,0.81613759,0.577857624,1.44,0.31,0.51,0.92,1.4125,0.875,0.7609375
05-08-2026 11:00,05-08-2026 11:15,15,31,77.89,1.3,111.11,141.11,2026,5,8,11,0,4,0.932890689,-0.360159634,1.36,1.44,0.55,0.82,1.3775,1.03,0.768541667
05-08-2026 11:15,05-08-2026 11:30,15,31,77.4,1.75,111.14,160.37,2026,5,8,11,15,4,0.932701982,-0.360648045,1.3,1.8,0.31,0.57,1.365,1.133333333,0.780833333
05-08-2026 11:45,05-08-2026 12:00,13.4,26.2,77.21,2.24,28.8,157.93,2026,5,8,11,45,4,0.481753674,0.87630668,1.71,1.36,0.79,1.18,1.75,1.326666667,0.7978125
05-08-2026 12:00,05-08-2026 12:15,5.6,23,77.73,1.63,97.92,148.94,2026,5,8,12,0,4,0.990461426,-0.137790291,2.24,1.3,1.44,0.92,1.8325,1.416666667,0.805208333
05-08-2026 12:45,05-08-2026 13:00,25.26,48.33,74.07,1.29,32.41,157.66,2026,5,8,12,45,4,0.53597415,0.844234393,0.88,2.24,1.36,1.03,1.2975,1.486666667,0.807083333
05-08-2026 13:00,05-08-2026 13:15,9,19,74.24,0.59,33.83,150.53,2026,5,8,13,0,4,0.556730642,0.83069308,1.29,1.63,1.3,1.84,1.0375,1.415833333,0.7940625
05-08-2026 13:15,05-08-2026 13:30,9,19,73.75,0.65,41.98,123.97,2026,5,8,13,15,4,0.668871159,0.743378351,0.59,1.39,1.75,1.11,0.8525,1.32,0.789270833
05-08-2026 13:30,05-08-2026 13:45,7.5,19,74.5,1.1,184.26,115.85,2026,5,8,13,30,4,-0.074282542,-0.997237236,0.65,0.88,1.71,1.36,0.9075,1.324166667,0.7865625
05-08-2026 13:45,05-08-2026 14:00,8.25,16,75.29,0.7,35.14,119.91,2026,5,8,13,45,4,0.575576288,0.817748089,1.1,1.29,2.24,1.39,0.76,1.269166667,0.779375
05-08-2026 14:00,05-08-2026 14:15,4.8,15,75,0.9,109.54,113.15,2026,5,8,14,0,4,0.94240822,-0.334464866,0.7,0.59,1.63,2.38,0.8375,1.235833333,0.763958333
05-08-2026 14:15,05-08-2026 14:30,6,15,74.02,0.76,64.86,137.11,2026,5,8,14,15,4,0.905272431,0.424831526,0.9,0.65,1.39,1.97,0.865,1.153333333,0.751354167
05-08-2026 14:30,05-08-2026 14:45,4.8,15,72.67,0.52,52.27,149.53,2026,5,8,14,30,4,0.79090323,0.61194124,0.76,1.1,0.88,1.8,0.72,1.054166667,0.738020833
05-08-2026 15:30,05-08-2026 15:45,4,16,68.25,1.13,86.85,122.9,2026,5,8,15,30,4,0.998489097,0.05495018,1.32,0.52,1.1,1.87,1.2375,0.955,0.718645833
05-08-2026 15:45,05-08-2026 16:00,17.63,33.33,68.71,0.65,73.27,89.76,2026,5,8,15,45,4,0.957671902,0.287861995,1.13,0.83,0.7,1.32,1.1925,0.901666667,0.711666667
05-08-2026 16:00,05-08-2026 16:15,5,12,70.12,0.75,26.5,77.05,2026,5,8,16,0,4,0.446197813,0.894934362,0.65,1.67,0.9,1.02,0.9625,0.915,0.708854167
05-08-2026 16:15,05-08-2026 16:30,5,12,71.47,0.41,32.51,52.07,2026,5,8,16,15,4,0.5374468,0.843297656,0.75,1.32,0.76,1.84,0.735,0.895,0.693958333
05-08-2026 16:30,05-08-2026 16:45,5,12,73.15,1.14,75.45,44.75,2026,5,8,16,30,4,0.967928774,0.251224777,0.41,1.13,0.52,0.94,0.7375,0.898333333,0.696041667
05-08-2026 16:45,05-08-2026 17:00,4.4,13.8,74.61,0.47,33.23,38.16,2026,5,8,16,45,4,0.548001277,0.836477495,1.14,0.65,0.83,0.88,0.6925,0.879166667,0.691770833
05-08-2026 17:00,05-08-2026 17:15,2,15,76.42,1.15,69.43,32.85,2026,5,8,17,0,4,0.936243631,0.351351481,0.47,0.75,1.67,0.95,0.7925,0.9,0.693854167
05-08-2026 17:15,05-08-2026 17:30,2,15,77.76,0.55,173.75,26.72,2026,5,8,17,15,4,0.108866875,-0.994056338,1.15,0.41,1.32,0.82,0.8275,0.8825,0.691041667
05-08-2026 17:30,05-08-2026 17:45,2,15,78.64,0.47,99.93,20.58,2026,5,8,17,30,4,0.985019169,-0.172444879,0.55,1.14,1.13,0.58,0.66,0.878333333,0.689895833
05-08-2026 17:45,05-08-2026 18:00,2.17,15,78.47,0.65,32.75,14.44,2026,5,8,17,45,4,0.540974471,0.841039013,0.47,0.47,0.65,0.47,0.705,0.863333333,0.691770833
05-08-2026 18:00,05-08-2026 18:15,5,15,78.31,0.37,42.88,8.83,2026,5,8,18,0,4,0.680465122,0.732780471,0.65,1.15,0.75,0.45,0.51,0.755,0.6909375
05-08-2026 18:15,05-08-2026 18:30,5,15,78.13,0.28,36.7,7.71,2026,5,8,18,15,4,0.597625147,0.801775644,0.37,0.55,0.41,0.53,0.4425,0.668333333,0.688333333
05-08-2026 18:30,05-08-2026 18:45,4,15,79.27,0.57,26.81,6.34,2026,5,8,18,30,4,0.451033319,0.892507112,0.28,0.47,1.14,0.41,0.4675,0.621666667,0.69
05-08-2026 18:45,05-08-2026 19:00,4,15,80.04,0.41,40.09,6.35,2026,5,8,18,45,4,0.643990116,0.76503381,0.57,0.65,0.47,0.51,0.4075,0.601666667,0.688958333
05-08-2026 19:00,05-08-2026 19:15,4,15,80.42,0.61,26.5,6.37,2026,5,8,19,0,4,0.446197813,0.894934362,0.41,0.37,1.15,0.64,0.4675,0.59,0.688645833
05-08-2026 19:15,05-08-2026 19:30,4,15,81.33,0.99,26.5,6.43,2026,5,8,19,15,4,0.446197813,0.894934362,0.61,0.28,0.55,0.66,0.645,0.638333333,0.692083333
05-08-2026 19:30,05-08-2026 19:45,3.2,15,81.9,0.9,26.5,6.45,2026,5,8,19,30,4,0.446197813,0.894934362,0.99,0.57,0.47,0.7,0.7275,0.618333333,0.694166667
05-08-2026 19:45,05-08-2026 20:00,4.17,15.67,82,0.67,33.27,6.46,2026,5,8,19,45,4,0.548585115,0.836094714,0.9,0.41,0.65,0.9,0.7925,0.635,0.691770833
05-08-2026 20:00,05-08-2026 20:15,9,16,83.04,0.73,26.5,6.47,2026,5,8,20,0,4,0.446197813,0.894934362,0.67,0.61,0.37,0.28,0.8225,0.6,0.696458333
05-08-2026 20:15,05-08-2026 20:30,9,16,82.9,0.36,26.5,6.45,2026,5,8,20,15,4,0.446197813,0.894934362,0.73,0.99,0.28,0.41,0.665,0.584166667,0.6959375
05-08-2026 20:30,05-08-2026 20:45,7.2,16,82.31,0.27,26.5,6.45,2026,5,8,20,30,4,0.446197813,0.894934362,0.36,0.9,0.57,0.42,0.5075,0.5675,0.694375
05-08-2026 20:45,05-08-2026 21:00,3.33,10.67,82.63,0.27,26.5,6.32,2026,5,8,20,45,4,0.446197813,0.894934362,0.27,0.67,0.41,0.35,0.4075,0.535833333,0.693541667
05-08-2026 21:00,05-08-2026 21:15,2,8,82.27,0.34,26.5,6.39,2026,5,8,21,0,4,0.446197813,0.894934362,0.27,0.73,0.61,0.34,0.31,0.533333333,0.693541667
05-08-2026 21:15,05-08-2026 21:30,0.6,8,80.94,0.35,26.5,6.38,2026,5,8,21,15,4,0.446197813,0.894934362,0.34,0.36,0.99,0.69,0.3075,0.539166667,0.69
05-08-2026 21:30,05-08-2026 21:45,0.4,8,81.02,0.42,26.5,6.31,2026,5,8,21,30,4,0.446197813,0.894934362,0.35,0.27,0.9,0.63,0.345,0.526666667,0.6878125
05-08-2026 21:45,05-08-2026 22:00,0.67,7.33,80.65,0.27,76.89,6.32,2026,5,8,21,45,4,0.973936394,0.226821295,0.42,0.27,0.67,0.4,0.345,0.515,0.686458333
05-08-2026 22:00,05-08-2026 22:15,1.25,7,80.59,0.27,76.27,6.37,2026,5,8,22,0,4,0.971424979,0.237346816,0.27,0.34,0.73,0.35,0.3275,0.486666667,0.685625
05-08-2026 22:15,05-08-2026 22:30,0.4,7,80.93,0.27,26.5,6.51,2026,5,8,22,15,4,0.446197813,0.894934362,0.27,0.35,0.36,0.58,0.3075,0.426666667,0.682395833
05-08-2026 22:30,05-08-2026 22:45,0.4,7,81.37,0.27,26.5,6.41,2026,5,8,22,30,4,0.446197813,0.894934362,0.27,0.42,0.27,0.54,0.27,0.374166667,0.679583333
05-08-2026 22:45,05-08-2026 23:00,0.67,5.67,81.8,0.27,26.5,6.19,2026,5,8,22,45,4,0.446197813,0.894934362,0.27,0.27,0.27,0.63,0.27,0.340833333,0.675833333
05-08-2026 23:00,05-08-2026 23:15,0.725,5,82.52,0.27,26.5,6.12,2026,5,8,23,0,4,0.446197813,0.894934362,0.27,0.27,0.34,0.66,0.27,0.3025,0.671770833
05-08-2026 23:15,05-08-2026 23:30,0.78,5,82.92,0.27,26.5,6.15,2026,5,8,23,15,4,0.446197813,0.894934362,0.27,0.27,0.35,0.81,0.27,0.295,0.666145833
05-08-2026 23:30,05-08-2026 23:45,0.835,5,83.32,0.27,26.5,6.14,2026,5,8,23,30,4,0.446197813,0.894934362,0.27,0.27,0.42,0.58,0.27,0.295,0.662916667
05-08-2026 23:45,05-09-2026 00:00,0.89,5,83.54,0.27,85.79,6,2026,5,8,23,45,4,0.99730168,0.07341226,0.27,0.27,0.27,0.71,0.27,0.295,0.658333333
01-09-2026 00:00,01-09-2026 00:15,22,23,71.18,1.26,214.86,6.11,2026,1,9,0,0,4,-0.57157316,-0.820551109,1.44,1.7,1.36,1.1,1.38,1.595833333,1.556041667
01-09-2026 00:15,01-09-2026 00:30,22,23,70.97,1.23,156.8,6.24,2026,1,9,0,15,4,0.39394191,-0.919135339,1.26,1.43,1.75,0.85,1.33,1.506666667,1.56
01-09-2026 00:30,01-09-2026 00:45,22,23,70.57,1.39,140.85,6.04,2026,1,9,0,30,4,0.631352795,-0.775495743,1.23,1.39,1.41,0.89,1.33,1.483333333,1.565208333
01-09-2026 00:45,01-09-2026 01:00,18.75,21.2,70.41,1.29,124.75,6.07,2026,1,9,0,45,4,0.821646938,-0.569996763,1.39,1.44,1.67,0.94,1.2925,1.443333333,1.568854167
01-09-2026 01:00,01-09-2026 01:15,10,14,70.29,1.86,215.27,6.01,2026,1,9,1,0,4,-0.577430217,-0.816440044,1.29,1.26,1.7,1,1.4425,1.485,1.5778125
01-09-2026 01:15,01-09-2026 01:30,10,14,70.5,1.03,322.98,6.03,2026,1,9,1,15,4,-0.602093763,0.798425388,1.86,1.23,1.43,1.13,1.3925,1.425,1.576770833
01-09-2026 01:30,01-09-2026 01:45,10,14,70.78,1.11,277.52,6.06,2026,1,9,1,30,4,-0.991399239,0.130872264,1.03,1.39,1.39,0.79,1.3225,1.4,1.580104167
01-09-2026 01:45,01-09-2026 02:00,10,14.4,70.71,1.81,120.06,6.11,2026,1,9,1,45,4,0.86550133,-0.500906625,1.11,1.29,1.44,0.88,1.4525,1.411666667,1.589791667
01-09-2026 02:00,01-09-2026 02:15,10.885,14.45,70.95,1.84,194.11,6.07,2026,1,9,2,0,4,-0.243784283,-0.969829482,1.81,1.86,1.26,1.49,1.4475,1.423333333,1.5934375
01-09-2026 02:15,01-09-2026 02:30,11.77,14.5,71.15,1.88,95.92,6.24,2026,1,9,2,15,4,0.994666875,-0.103139747,1.84,1.03,1.23,1.55,1.66,1.460833333,1.596875
01-09-2026 02:30,01-09-2026 02:45,12.655,14.55,70.98,1.94,154.01,5.92,2026,1,9,2,30,4,0.438214271,-0.898870543,1.88,1.11,1.39,1.24,1.8675,1.506666667,1.604166667
01-09-2026 02:45,01-09-2026 03:00,13.54,14.6,70.24,1.29,273.7,6.13,2026,1,9,2,45,4,-0.997915618,0.064532308,1.94,1.81,1.29,0.92,1.7375,1.494166667,1.608020833
01-09-2026 03:00,01-09-2026 03:15,3.69,9,70.71,1.43,228.78,6.17,2026,1,9,3,0,4,-0.752184937,-0.658952062,1.29,1.84,1.86,0.85,1.635,1.508333333,1.6140625
01-09-2026 03:15,01-09-2026 03:30,3.69,9,71.29,2.19,195.52,6.17,2026,1,9,3,15,4,-0.26757473,-0.963537111,1.43,1.88,1.03,1.14,1.7125,1.588333333,1.625
01-09-2026 03:30,01-09-2026 03:45,3.69,9,71.67,1.25,185.25,6.06,2026,1,9,3,30,4,-0.091501619,-0.995804928,2.19,1.94,1.11,1.18,1.54,1.576666667,1.625729167
01-09-2026 03:45,01-09-2026 04:00,3.77,9.2,70.79,2.05,86.59,6.06,2026,1,9,3,45,4,0.998229462,0.059480598,1.25,1.29,1.81,1.84,1.73,1.64,1.627916667
01-09-2026 04:00,01-09-2026 04:15,4.1,10,70.48,1.37,197.72,6,2026,1,9,4,0,4,-0.304365584,-0.952555296,2.05,1.43,1.84,1.78,1.715,1.599166667,1.623645833
01-09-2026 04:15,01-09-2026 04:30,4.1,10,70.99,1.53,150.2,6.06,2026,1,9,4,15,4,0.496973961,-0.867765453,1.37,2.19,1.88,1.23,1.55,1.640833333,1.626770833
01-09-2026 04:30,01-09-2026 04:45,4.1,10,71.14,0.92,153.05,6.06,2026,1,9,4,30,4,0.453212777,-0.891402366,1.53,1.25,1.94,1.16,1.4675,1.625,1.624270833
01-09-2026 04:45,01-09-2026 05:00,12.55,30.6,71.31,1.47,189.39,6.08,2026,1,9,4,45,4,-0.16315377,-0.986600652,0.92,2.05,1.29,0.65,1.3225,1.596666667,1.6328125
01-09-2026 05:00,01-09-2026 05:15,4.92,12,71.38,1.6,263.41,6.04,2026,1,9,5,0,4,-0.993392811,-0.114763772,1.47,1.37,1.43,1.92,1.38,1.576666667,1.629479167
01-09-2026 05:15,01-09-2026 05:30,4.92,12,71.44,1.51,180.35,6,2026,1,9,5,15,4,-0.006108614,-0.999981342,1.6,1.53,2.19,1.6,1.375,1.545833333,1.628541667
01-09-2026 05:30,01-09-2026 05:45,4.92,12,71.43,1.66,193.7,5.92,2026,1,9,5,30,4,-0.236838146,-0.97154912,1.51,0.92,1.25,1.95,1.56,1.5225,1.625520833
01-09-2026 05:45,01-09-2026 06:00,5.49,13.4,71.87,1.77,217.86,6.04,2026,1,9,5,45,4,-0.613734166,-0.789512744,1.66,1.47,2.05,1.2,1.635,1.5625,1.631458333
01-09-2026 06:00,01-09-2026 06:15,7.79,19,72.08,1.87,279.11,6.15,2026,1,9,6,0,4,-0.987386188,0.158330401,1.77,1.6,1.37,2.25,1.7025,1.599166667,1.6275
01-09-2026 06:15,01-09-2026 06:30,7.79,19,72.19,1.25,328.56,6.06,2026,1,9,6,15,4,-0.521605396,0.853186856,1.87,1.51,1.53,1.21,1.6375,1.520833333,1.627916667
01-09-2026 06:30,01-09-2026 06:45,7.79,19,72.54,1.24,263.57,6.73,2026,1,9,6,30,4,-0.993709418,-0.111989253,1.25,1.66,0.92,1.62,1.5325,1.52,1.623958333
01-09-2026 06:45,01-09-2026 07:00,7.87,19.2,72.19,1.25,238.9,9,2026,1,9,6,45,4,-0.856267085,-0.516533329,1.24,1.77,1.47,2.11,1.4025,1.453333333,1.615
01-09-2026 07:00,01-09-2026 07:15,8.2,20,72.61,1.52,176.64,12.58,2026,1,9,7,0,4,0.058609456,-0.998280988,1.25,1.87,1.6,1.17,1.315,1.465833333,1.618645833
01-09-2026 07:15,01-09-2026 07:30,8.2,20,73.02,1.54,206.08,14.4,2026,1,9,7,15,4,-0.439625672,-0.898181089,1.52,1.25,1.51,1.43,1.3875,1.466666667,1.619791667
01-09-2026 07:30,01-09-2026 07:45,8.2,20,72.86,2.02,222.85,16.36,2026,1,9,7,30,4,-0.680081346,-0.733136661,1.54,1.24,1.66,1.22,1.5825,1.558333333,1.628125
01-09-2026 07:45,01-09-2026 08:00,17.22,42,73.09,2.3,170.7,22.21,2026,1,9,7,45,4,0.161603821,-0.986855716,2.02,1.25,1.77,1.66,1.845,1.6275,1.634791667
01-09-2026 08:00,01-09-2026 08:15,11.89,29,73.59,1.67,175.9,22.01,2026,1,9,8,0,4,0.071497444,-0.997440783,2.3,1.52,1.87,1.37,1.8825,1.633333333,1.637916667
01-09-2026 08:15,01-09-2026 08:30,11.89,29,73.68,2.37,304.55,21.61,2026,1,9,8,15,4,-0.823631592,0.567125207,1.67,1.54,1.25,1.76,2.09,1.705,1.644270833
01-09-2026 08:30,01-09-2026 08:45,11.89,29,72.97,1.63,88.99,29.34,2026,1,9,8,30,4,0.999844634,0.017626913,2.37,2.02,1.24,2.22,1.9925,1.7025,1.638125
01-09-2026 08:45,01-09-2026 09:00,11.4,27.8,72.47,1.38,190.3,37.48,2026,1,9,8,45,4,-0.178802215,-0.983885038,1.63,2.3,1.25,1.2,1.7625,1.67,1.64
01-09-2026 09:00,01-09-2026 09:15,9.43,23,72.3,2.01,165.69,37.27,2026,1,9,9,0,4,0.247168134,-0.968972607,1.38,1.67,1.52,0.84,1.8475,1.681666667,1.6521875
01-09-2026 09:15,01-09-2026 09:30,9.43,23,72.37,1.34,90.29,59.08,2026,1,9,9,15,4,0.999987191,-0.005061433,2.01,2.37,1.54,1,1.59,1.689166667,1.655729167
01-09-2026 09:30,01-09-2026 09:45,9.43,23,71.89,2.67,184.88,72.42,2026,1,9,9,30,4,-0.085069128,-0.996375052,1.34,1.63,2.02,1.85,1.85,1.808333333,1.664270833
01-09-2026 09:45,01-09-2026 10:00,9.84,24,71.15,1.78,214.27,72.24,2026,1,9,9,45,4,-0.563093428,-0.826393243,2.67,1.38,2.3,1.46,1.95,1.8525,1.667604167
01-09-2026 10:00,01-09-2026 10:15,11.48,28,70.9,2.1,126.32,72.75,2026,1,9,10,0,4,0.805721582,-0.592294465,1.78,2.01,1.67,1.3,1.9725,1.900833333,1.6759375
01-09-2026 10:15,01-09-2026 10:30,11.48,28,70.74,1.95,170.22,79.17,2026,1,9,10,15,4,0.169865517,-0.985467253,2.1,1.34,2.37,1.77,2.125,1.935,1.6778125
01-09-2026 10:30,01-09-2026 10:45,11.48,28,71.03,2.34,169.39,76.19,2026,1,9,10,30,4,0.184122902,-0.982903229,1.95,2.67,1.63,1.42,2.0425,1.961666667,1.687395833
01-09-2026 10:45,01-09-2026 11:00,15.18,28.8,71.22,2.07,177.67,84,2026,1,9,10,45,4,0.040654964,-0.999173245,2.34,1.78,1.38,2.21,2.115,1.9425,1.6859375
01-09-2026 11:00,01-09-2026 11:15,20.08,33.6,70.66,2.1,263.22,99.46,2026,1,9,11,0,4,-0.993006778,-0.118057351,2.07,2.1,2.01,1.72,2.115,1.978333333,1.689895833
01-09-2026 11:15,01-09-2026 11:30,24.98,38.4,70.32,1.82,199.89,111.26,2026,1,9,11,15,4,-0.340215434,-0.94034752,2.1,1.95,1.34,1.42,2.0825,1.9325,1.6940625
01-09-2026 11:30,01-09-2026 11:45,29.88,43.2,69.81,1.57,215.61,93.49,2026,1,9,11,30,4,-0.582264874,-0.812999149,1.82,2.34,2.67,2.29,1.89,1.9275,1.6865625
01-09-2026 11:45,01-09-2026 12:00,34.78,48,70.34,2.01,44.25,87.47,2026,1,9,11,45,4,0.69779046,0.716301943,1.57,2.07,1.78,1.45,1.875,1.98,1.692395833
01-09-2026 12:00,01-09-2026 12:15,9.84,24,70.48,2.21,172.7,90.54,2026,1,9,12,0,4,0.127064609,-0.991894443,2.01,2.1,2.1,1.76,1.9025,1.996666667,1.697083333
01-09-2026 12:15,01-09-2026 12:30,9.84,24,70.84,1.83,305.18,64.63,2026,1,9,12,15,4,-0.817346061,0.576147044,2.21,1.82,1.95,2.14,1.905,2.0375,1.693854167
01-09-2026 12:30,01-09-2026 12:45,9.84,24,71.12,2.02,137.83,57.57,2026,1,9,12,30,4,0.671332613,-0.741156207,1.83,1.57,2.34,1.76,2.0175,1.983333333,1.6965625
01-09-2026 12:45,01-09-2026 13:00,9.68,23.6,71.34,1.67,211.93,64.67,2026,1,9,12,45,4,-0.528882783,-0.848694882,2.02,2.01,2.07,1.58,1.9325,1.974166667,1.6975
01-09-2026 13:00,01-09-2026 13:15,9.02,22,71.31,2.25,132.63,79.89,2026,1,9,13,0,4,0.735742575,-0.677261296,1.67,2.21,2.1,2.21,1.9425,1.986666667,1.697916667
01-09-2026 13:15,01-09-2026 13:30,9.02,22,71.67,1.67,151.78,62.2,2026,1,9,13,15,4,0.472858369,-0.881138447,2.25,1.83,1.82,2.35,1.9025,1.963333333,1.690833333
01-09-2026 13:45,01-09-2026 14:00,21.89,53.4,72.14,1.95,127.5,57.63,2026,1,9,13,45,4,0.79335334,-0.608761429,2.94,1.67,2.01,2.16,2.2025,2.003333333,1.705
01-09-2026 14:00,01-09-2026 14:15,10.66,26,71.91,1.6,192.86,53.82,2026,1,9,14,0,4,-0.22256955,-0.974916815,1.95,2.25,2.21,2.92,2.04,1.961666667,1.69125
01-09-2026 14:15,01-09-2026 14:30,10.66,26,67.09,2.11,119.11,48.62,2026,1,9,14,15,4,0.873687328,-0.486487875,1.6,1.67,1.83,2.08,2.15,1.985833333,1.6915625
01-09-2026 14:30,01-09-2026 14:45,10.66,26,68.1,1.55,279.29,74.67,2026,1,9,14,30,4,-0.986883907,0.16143158,2.11,2.94,2.02,1.91,1.8025,1.984166667,1.6878125
01-09-2026 14:45,01-09-2026 15:00,10.74,26.2,70.78,1.75,252.21,69.67,2026,1,9,14,45,4,-0.952182732,-0.305529122,1.55,1.95,1.67,2.06,1.7525,1.9625,1.684583333
01-09-2026 15:00,01-09-2026 15:15,11.07,27,70.91,2.32,260.91,47.14,2026,1,9,15,0,4,-0.987441396,-0.157985729,1.75,1.6,2.25,1.29,1.9325,1.971666667,1.6953125
01-09-2026 15:15,01-09-2026 15:30,11.07,27,72.12,1.45,190.95,29.59,2026,1,9,15,15,4,-0.189952292,-0.981793322,2.32,2.11,1.67,1.56,1.7675,1.94,1.694166667
01-09-2026 15:30,01-09-2026 15:45,11.07,27,72.28,1.91,121.06,25.38,2026,1,9,15,30,4,0.856627484,-0.515935416,1.45,1.55,2.94,1.62,1.8575,1.930833333,1.6971875
01-09-2026 16:00,01-09-2026 16:15,12.3,30,70.95,1.75,118.77,20.31,2026,1,9,16,0,4,0.876558806,-0.481294775,2.91,2.32,1.6,1.35,2.005,1.9925,1.716979167
01-09-2026 16:15,01-09-2026 16:30,12.3,30,72.78,1.96,184.57,20.84,2026,1,9,16,15,4,-0.079677001,-0.996820734,1.75,1.45,2.11,2.07,2.1325,2.016666667,1.715833333
01-09-2026 16:30,01-09-2026 16:45,12.3,30,71.37,2.4,114.52,10.76,2026,1,9,16,30,4,0.90981646,-0.415010854,1.96,1.91,1.55,1.21,2.255,1.971666667,1.728229167
01-09-2026 16:45,01-09-2026 17:00,20.25,49.4,69.19,1.67,180.57,10.97,2026,1,9,16,45,4,-0.009948213,-0.999950515,2.4,2.91,1.75,1.89,1.945,1.948333333,1.7259375
01-09-2026 17:00,01-09-2026 17:15,33,34,69.42,1.76,154.74,12.33,2026,1,9,17,0,4,0.426726591,-0.904380681,1.67,1.75,2.32,1.7,1.9475,1.961666667,1.7265625
01-09-2026 17:15,01-09-2026 17:30,33,34,75.44,1.72,26.5,9.95,2026,1,9,17,15,4,0.446197813,0.894934362,1.76,1.96,1.45,1.82,1.8875,1.929166667,1.725520833
01-09-2026 17:30,01-09-2026 17:45,33,34,75.1,1.15,181.01,7.88,2026,1,9,17,30,4,-0.017626913,-0.999844634,1.72,2.4,1.91,1.34,1.575,1.895833333,1.723541667
01-09-2026 17:45,01-09-2026 18:00,33,33.8,70.65,2.2,264.39,6.9,2026,1,9,17,45,4,-0.995210353,-0.097756598,1.15,1.67,2.91,1.5,1.7075,1.933333333,1.730833333
01-09-2026 18:00,01-09-2026 18:15,13.53,33,69.47,1.59,75.32,6.27,2026,1,9,18,0,4,0.967356272,0.253420289,2.2,1.76,1.75,1.51,1.665,1.8725,1.731666667
01-09-2026 18:15,01-09-2026 18:30,13.53,33,70.63,1.47,191.9,6.06,2026,1,9,18,15,4,-0.206204185,-0.978508985,1.59,1.72,1.96,1.29,1.6025,1.874166667,1.733541667
01-09-2026 18:30,01-09-2026 18:45,13.53,33,72.85,1.64,248.78,6.15,2026,1,9,18,30,4,-0.932197514,-0.36194999,1.47,1.15,2.4,1.58,1.725,1.851666667,1.734166667
01-09-2026 18:45,01-09-2026 19:00,22.22,54.2,72.84,1.91,117.57,6.07,2026,1,9,18,45,4,0.886446039,-0.462831957,1.64,2.2,1.67,1.72,1.6525,1.768333333,1.736145833
01-09-2026 19:00,01-09-2026 19:15,11.48,28,74.12,1.92,239.25,6.28,2026,1,9,19,0,4,-0.859406412,-0.511293086,1.91,1.59,1.76,2.15,1.735,1.7825,1.73375
01-09-2026 19:15,01-09-2026 19:30,11.48,28,74.08,1.36,153.89,6.14,2026,1,9,19,15,4,0.440095899,-0.897950778,1.92,1.47,1.72,1.14,1.7075,1.7325,1.736041667
01-09-2026 19:45,01-09-2026 20:00,11.07,27,74.26,1.47,219.4,6.07,2026,1,9,19,45,4,-0.634730513,-0.772733573,2.71,1.91,2.2,1.87,1.865,1.741666667,1.743333333
01-09-2026 20:00,01-09-2026 20:15,9.43,23,74.36,1.89,207.6,6.06,2026,1,9,20,0,4,-0.463296035,-0.886203579,1.47,1.92,1.59,1.92,1.8575,1.7525,1.743020833
01-09-2026 20:15,01-09-2026 20:30,9.43,23,73.31,1.69,192.11,6.04,2026,1,9,20,15,4,-0.209789215,-0.977746637,1.89,1.36,1.47,1.2,1.94,1.75,1.748125
01-09-2026 20:30,01-09-2026 20:45,9.43,23,73.28,1.46,298.23,5.96,2026,1,9,20,30,4,-0.881055904,0.473012149,1.69,2.71,1.64,1.56,1.6275,1.775833333,1.747083333
01-09-2026 20:45,01-09-2026 21:00,18.86,46,73.79,1.81,182.13,6,2026,1,9,20,45,4,-0.037166951,-0.99930907,1.46,1.47,1.91,1.47,1.7125,1.743333333,1.750625
01-09-2026 21:00,01-09-2026 21:15,9.43,23,74.23,1.42,195.54,5.93,2026,1,9,21,0,4,-0.267911052,-0.963443651,1.81,1.89,1.92,2.02,1.595,1.729166667,1.744375
01-09-2026 21:15,01-09-2026 21:30,9.43,23,73.99,1.7,84.7,6.08,2026,1,9,21,15,4,0.995724698,0.092370587,1.42,1.69,1.36,2.3,1.5975,1.748333333,1.738125
01-09-2026 21:30,01-09-2026 21:45,9.43,23,73.85,2.15,141.22,6,2026,1,9,21,30,4,0.626331733,-0.779556643,1.7,1.46,2.71,1.67,1.77,1.790833333,1.743125
01-09-2026 21:45,01-09-2026 22:00,9.76,23.8,74.14,1.79,86.96,6.03,2026,1,9,21,45,4,0.998592754,0.053033118,2.15,1.81,1.47,1.77,1.765,1.780833333,1.743333333
01-09-2026 22:00,01-09-2026 22:15,11.07,27,74.44,1.28,255.22,5.93,2026,1,9,22,0,4,-0.966912497,-0.255108257,1.79,1.42,1.89,1.36,1.73,1.7275,1.7425
01-09-2026 22:15,01-09-2026 22:30,11.07,27,74.38,1.87,195.36,6.11,2026,1,9,22,15,4,-0.264882987,-0.964280562,1.28,1.7,1.69,1.75,1.7725,1.77,1.74375
01-09-2026 22:30,01-09-2026 22:45,11.07,27,76.5,1.6,203.51,5.89,2026,1,9,22,30,4,-0.39890912,-0.916990466,1.87,2.15,1.46,1.41,1.635,1.6775,1.745729167
01-09-2026 22:45,01-09-2026 23:00,10.74,26.2,77.65,1.48,308.78,5.89,2026,1,9,22,45,4,-0.779556643,0.626331733,1.6,1.79,1.81,1.67,1.5575,1.678333333,1.74375
01-09-2026 23:00,01-09-2026 23:15,9.43,23,76.41,1.98,256.04,6.04,2026,1,9,23,0,4,-0.970464383,-0.241244442,1.48,1.28,1.42,1.7,1.7325,1.685833333,1.746666667
01-09-2026 23:15,01-09-2026 23:30,9.43,23,75.58,1.83,116.9,5.99,2026,1,9,23,15,4,0.89179753,-0.452434709,1.98,1.87,1.7,1.43,1.7225,1.6975,1.750833333
01-09-2026 23:30,01-09-2026 23:45,9.43,23,76.06,1.72,156.09,5.93,2026,1,9,23,30,4,0.405301148,-0.914183231,1.83,1.6,2.15,1.39,1.7525,1.719166667,1.754270833
01-09-2026 23:45,01-10-2026 00:00,13.74,24.8,75.07,1.38,192.49,5.97,2026,1,9,23,45,4,-0.216269215,-0.976333768,1.72,1.48,1.79,1.44,1.7275,1.683333333,1.753645833
02-09-2026 00:00,02-09-2026 00:15,40,69,78.04,0.27,26.5,6.15,2026,2,9,0,0,0,0.446197813,0.894934362,0.27,0.27,0.27,0.27,0.27,0.273333333,0.470520833
02-09-2026 00:15,02-09-2026 00:30,40,69,78.02,0.27,26.5,6.15,2026,2,9,0,15,0,0.446197813,0.894934362,0.27,0.27,0.27,0.27,0.27,0.273333333,0.470520833
02-09-2026 00:30,02-09-2026 00:45,40,69,78.29,0.27,26.5,6.07,2026,2,9,0,30,0,0.446197813,0.894934362,0.27,0.27,0.27,0.27,0.27,0.273333333,0.470520833
02-09-2026 00:45,02-09-2026 01:00,40.8,61.2,77.98,0.27,26.5,6.04,2026,2,9,0,45,0,0.446197813,0.894934362,0.27,0.27,0.27,0.27,0.27,0.27,0.470520833
02-09-2026 01:00,02-09-2026 01:15,42,56,78.72,0.27,26.5,6.29,2026,2,9,1,0,0,0.446197813,0.894934362,0.27,0.27,0.27,0.27,0.27,0.27,0.470520833
02-09-2026 01:15,02-09-2026 01:30,42,56,79.51,0.27,27.97,6.43,2026,2,9,1,15,0,0.469009188,0.883193287,0.27,0.27,0.27,0.27,0.27,0.27,0.470520833
02-09-2026 01:30,02-09-2026 01:45,42,56,79.32,0.53,51.51,6.32,2026,2,9,1,30,0,0.782716794,0.622378036,0.27,0.27,0.27,0.27,0.335,0.291666667,0.473229167
02-09-2026 01:45,02-09-2026 02:00,43.2,54.8,79.49,0.27,102.38,6.52,2026,2,9,1,45,0,0.976747176,-0.214394391,0.53,0.27,0.27,0.27,0.335,0.291666667,0.473229167
02-09-2026 02:00,02-09-2026 02:15,45,54,79.51,0.27,26.5,6.36,2026,2,9,2,0,0,0.446197813,0.894934362,0.27,0.27,0.27,0.27,0.335,0.291666667,0.473229167
02-09-2026 02:15,02-09-2026 02:30,45,54,79.72,0.28,52.01,6.52,2026,2,9,2,15,0,0.788118195,0.615523932,0.27,0.27,0.27,0.27,0.3375,0.2925,0.473333333
02-09-2026 02:30,02-09-2026 02:45,45,54,78.92,0.27,32.68,6.78,2026,2,9,2,30,0,0.539946545,0.84169931,0.28,0.53,0.27,0.27,0.2725,0.2925,0.473333333
02-09-2026 02:45,02-09-2026 03:00,43.5,55.33,79.06,0.27,26.5,6.64,2026,2,9,2,45,0,0.446197813,0.894934362,0.27,0.27,0.27,0.27,0.2725,0.2925,0.473333333
02-09-2026 03:00,02-09-2026 03:15,42,56,79.03,0.27,26.5,6.78,2026,2,9,3,0,0,0.446197813,0.894934362,0.27,0.27,0.27,0.27,0.2725,0.2925,0.473333333
02-09-2026 03:15,02-09-2026 03:30,42,56,78.48,0.27,176.05,6.71,2026,2,9,3,15,0,0.068885908,-0.997624544,0.27,0.28,0.27,0.27,0.27,0.2925,0.473333333
02-09-2026 03:30,02-09-2026 03:45,42,56,78.08,0.27,259.6,7.06,2026,2,9,3,30,0,-0.983571471,-0.180519145,0.27,0.27,0.53,0.27,0.27,0.2925,0.473333333
02-09-2026 03:45,02-09-2026 04:00,40,52,79.51,0.27,332.81,6.83,2026,2,9,3,45,0,-0.456942688,0.889496138,0.27,0.27,0.27,0.27,0.27,0.2925,0.473333333
02-09-2026 04:00,02-09-2026 04:15,38,50,81.1,0.27,329.5,6.87,2026,2,9,4,0,0,-0.507538363,0.86162916,0.27,0.27,0.27,0.27,0.27,0.2925,0.473333333
02-09-2026 04:15,02-09-2026 04:30,38,50,81.88,0.27,333.77,6.84,2026,2,9,4,15,0,-0.441975596,0.897027075,0.27,0.27,0.28,0.27,0.27,0.2925,0.473333333
02-09-2026 04:30,02-09-2026 04:45,38,50,82.87,0.27,332.34,7.02,2026,2,9,4,30,0,-0.464223811,0.885717931,0.27,0.27,0.27,0.27,0.27,0.270833333,0.473333333
02-09-2026 04:45,02-09-2026 05:00,45,62.67,83.81,0.27,321.77,7.01,2026,2,9,4,45,0,-0.618819784,0.785532988,0.27,0.27,0.27,0.27,0.27,0.270833333,0.473333333
02-09-2026 05:00,02-09-2026 05:15,52,69,84.67,0.27,334.41,6.74,2026,2,9,5,0,0,-0.431928343,0.901907926,0.27,0.27,0.27,0.27,0.27,0.270833333,0.473333333
02-09-2026 05:15,02-09-2026 05:30,52,69,85.29,0.27,320.26,6.58,2026,2,9,5,15,0,-0.639304804,0.768953424,0.27,0.27,0.27,0.27,0.27,0.27,0.473333333
02-09-2026 05:30,02-09-2026 05:45,52,69,85.49,0.27,312.8,6.34,2026,2,9,5,30,0,-0.733729865,0.679441304,0.27,0.27,0.27,0.27,0.27,0.27,0.473333333
02-09-2026 05:45,02-09-2026 06:00,53,77.67,85.96,0.27,324.29,6.21,2026,2,9,5,45,0,-0.583682938,0.811981667,0.27,0.27,0.27,0.27,0.27,0.27,0.473333333
02-09-2026 06:00,02-09-2026 06:15,54,82,86.16,0.27,338.42,6.3,2026,2,9,6,0,0,-0.367799977,0.929904929,0.27,0.27,0.27,0.27,0.27,0.27,0.473333333
02-09-2026 06:15,02-09-2026 06:30,54,82,86.46,0.27,170.27,6.65,2026,2,9,6,15,0,0.16900547,-0.985615113,0.27,0.27,0.27,0.27,0.27,0.27,0.473333333
02-09-2026 06:30,02-09-2026 06:45,54,82,87.09,0.27,85.31,8.34,2026,2,9,6,30,0,0.996651673,0.081764561,0.27,0.27,0.27,0.27,0.27,0.27,0.473333333
02-09-2026 06:45,02-09-2026 07:00,49.04,114.4,87.93,0.41,276.3,12.9,2026,2,9,6,45,0,-0.993960955,0.109734311,0.27,0.27,0.27,0.27,0.305,0.281666667,0.474791667
02-09-2026 09:45,02-09-2026 10:00,75,127.33,69.23,0.36,140.44,47.98,2026,2,9,9,45,0,0.636885915,-0.770958061,0.55,0.62,0.66,0.45,0.445,0.431666667,0.4475
02-09-2026 10:00,02-09-2026 10:15,65,121,69.25,0.9,116.96,49.98,2026,2,9,10,0,0,0.891323252,-0.453368349,0.36,0.37,0.59,0.61,0.5775,0.475833333,0.450520833
02-09-2026 10:15,02-09-2026 10:30,65,121,68.92,0.75,124.12,53.56,2026,2,9,10,15,0,0.827864584,-0.560928008,0.9,0.5,0.27,0.42,0.64,0.515833333,0.453958333
02-09-2026 10:30,02-09-2026 10:45,65,121,69.58,0.55,148.23,77.18,2026,2,9,10,30,0,0.526510721,-0.85016849,0.75,0.55,0.34,0.37,0.64,0.538333333,0.455833333
02-09-2026 10:45,02-09-2026 11:00,63.5,99,69.5,0.84,109.95,118.32,2026,2,9,10,45,0,0.939990732,-0.341199977,0.55,0.36,0.62,0.55,0.76,0.553333333,0.458854167
02-09-2026 11:00,02-09-2026 11:15,62,88,69.26,1.3,98,75.53,2026,2,9,11,0,0,0.990268069,-0.139173101,0.84,0.9,0.37,0.92,0.86,0.6125,0.4628125
02-09-2026 11:15,02-09-2026 11:30,62,88,69.44,0.89,74.46,72.75,2026,2,9,11,15,0,0.963443651,0.267911052,1.3,0.75,0.5,0.89,0.895,0.664166667,0.4628125
02-09-2026 11:30,02-09-2026 11:45,62,88,68.62,0.77,87.41,73.14,2026,2,9,11,30,0,0.998978472,0.045188634,0.89,0.55,0.55,0.72,0.95,0.7,0.463333333
02-09-2026 11:45,02-09-2026 12:00,62.5,93.33,67.43,1.08,167.37,148.07,2026,2,9,11,45,0,0.2186542,-0.975802409,0.77,0.84,0.36,0.83,1.01,0.738333333,0.4659375
02-09-2026 15:15,02-09-2026 15:30,55,78,65.54,0.45,65.89,165.19,2026,2,9,15,15,0,0.912762896,0.408489774,0.95,0.9,0.9,0.62,0.65,0.759166667,0.461458333
02-09-2026 15:30,02-09-2026 15:45,55,78,66.33,0.88,207.23,146.1,2026,2,9,15,30,0,-0.457563562,-0.889176915,0.45,0.56,0.91,1.05,0.73,0.766666667,0.4596875
02-09-2026 15:45,02-09-2026 16:00,54.5,79.33,66.85,1.14,90.2,127.84,2026,2,9,15,45,0,0.999993908,-0.003490651,0.88,0.64,0.62,0.82,0.855,0.81,0.463020833
02-09-2026 16:00,02-09-2026 16:15,54,80,67.21,0.75,137.19,109.27,2026,2,9,16,0,0,0.679569354,-0.733611268,1.14,0.95,0.97,0.55,0.805,0.805833333,0.465104167
02-09-2026 16:15,02-09-2026 16:30,54,80,68.07,0.93,170.24,92.4,2026,2,9,16,15,0,0.169521513,-0.985526487,0.75,0.45,0.9,0.44,0.925,0.808333333,0.470208333
02-09-2026 16:30,02-09-2026 16:45,54,80,68.72,0.52,202.99,75.87,2026,2,9,16,30,0,-0.390570464,-0.920573035,0.93,0.88,0.56,0.5,0.835,0.775833333,0.470416667
02-09-2026 16:45,02-09-2026 17:00,52,78,69.45,0.67,74.79,52.69,2026,2,9,16,45,0,0.964970719,0.262357602,0.52,1.14,0.64,0.93,0.7175,0.78,0.467708333
02-09-2026 17:00,02-09-2026 17:15,50,77,70.23,0.68,153.12,38.07,2026,2,9,17,0,0,0.452123386,-0.891955405,0.67,0.75,0.95,0.38,0.7,0.755833333,0.470833333
02-09-2026 17:15,02-09-2026 17:30,50,77,70.24,0.44,269.93,28.32,2026,2,9,17,15,0,-0.999999254,-0.00122173,0.68,0.93,0.45,1.15,0.5775,0.7175,0.4634375
02-09-2026 17:30,02-09-2026 17:45,50,77,70.62,0.27,213.29,18.23,2026,2,9,17,30,0,-0.548876934,-0.835903171,0.44,0.52,0.88,0.45,0.515,0.693333333,0.4615625
02-09-2026 17:45,02-09-2026 18:00,50,79,71.88,0.37,94.41,11.13,2026,2,9,17,45,0,0.997039347,-0.076893045,0.27,0.67,1.14,0.27,0.44,0.670833333,0.462604167
02-09-2026 18:00,02-09-2026 18:15,50,80,72.51,0.27,26.5,7.36,2026,2,9,18,0,0,0.446197813,0.894934362,0.37,0.68,0.75,0.28,0.3375,0.614166667,0.4625
02-09-2026 18:15,02-09-2026 18:30,50,80,73.42,0.32,26.5,6.21,2026,2,9,18,15,0,0.446197813,0.894934362,0.27,0.44,0.93,0.37,0.3075,0.603333333,0.461979167
02-09-2026 18:30,02-09-2026 18:45,50,80,74.42,0.28,296.36,6.18,2026,2,9,18,30,0,-0.896021956,0.444009746,0.32,0.27,0.52,0.27,0.31,0.553333333,0.462083333
02-09-2026 18:45,02-09-2026 19:00,52.5,78,74.81,0.29,165.38,6.01,2026,2,9,18,45,0,0.252407137,-0.967621123,0.28,0.37,0.67,0.28,0.29,0.4825,0.4621875
02-09-2026 19:00,02-09-2026 19:15,55,77,75.33,0.27,127.61,6.16,2026,2,9,19,0,0,0.792183141,-0.610283435,0.29,0.27,0.68,0.27,0.29,0.4425,0.4621875
02-09-2026 19:15,02-09-2026 19:30,55,77,75.65,0.29,163.84,6.06,2026,2,9,19,15,0,0.278320627,-0.960488224,0.27,0.32,0.44,0.28,0.2825,0.389166667,0.462291667
02-09-2026 19:30,02-09-2026 19:45,55,77,75.74,0.5,72.99,6.22,2026,2,9,19,30,0,0.956253713,0.292538607,0.29,0.28,0.27,0.41,0.3375,0.3875,0.463229167
02-09-2026 19:45,02-09-2026 20:00,54.2,77.6,75.74,0.47,267.27,6.06,2026,2,9,19,45,0,-0.998865073,-0.047629462,0.5,0.29,0.37,0.32,0.3825,0.370833333,0.464791667
02-09-2026 20:00,02-09-2026 20:15,53,78,75.87,0.31,317.37,6.11,2026,2,9,20,0,0,-0.677261296,0.735742575,0.47,0.27,0.27,0.44,0.3925,0.34,0.4634375
02-09-2026 20:15,02-09-2026 20:30,53,78,76.53,0.29,213.34,6.12,2026,2,9,20,15,0,-0.549606188,-0.835423867,0.31,0.29,0.32,0.27,0.3925,0.3275,0.463645833
02-09-2026 20:30,02-09-2026 20:45,53,78,76.43,0.55,240.05,6.11,2026,2,9,20,30,0,-0.866461406,-0.49924406,0.29,0.5,0.28,0.28,0.405,0.350833333,0.466458333
02-09-2026 20:45,02-09-2026 21:00,55.5,78,76.15,0.27,196.59,5.98,2026,2,9,20,45,0,-0.285521104,-0.958372422,0.55,0.47,0.29,0.27,0.355,0.3425,0.466458333
02-09-2026 21:00,02-09-2026 21:15,58,78,76.49,0.35,278.84,6.19,2026,2,9,21,0,0,-0.988121336,0.153675713,0.27,0.31,0.27,0.27,0.365,0.349166667,0.467291667
02-09-2026 21:15,02-09-2026 21:30,58,78,76.08,0.27,280.36,6.08,2026,2,9,21,15,0,-0.983697257,0.179832439,0.35,0.29,0.29,0.27,0.36,0.345,0.467291667
02-09-2026 21:30,02-09-2026 21:45,58,78,75.68,0.29,318.11,6.09,2026,2,9,21,30,0,-0.667702638,0.744428094,0.27,0.55,0.5,0.27,0.295,0.345833333,0.4675
02-09-2026 21:45,02-09-2026 22:00,53.2,79.6,75.96,0.34,324.18,6.01,2026,2,9,21,45,0,-0.585240754,0.810859581,0.29,0.27,0.47,0.31,0.3125,0.35,0.4678125
02-09-2026 22:00,02-09-2026 22:15,50,80,75.61,0.27,103.48,6.05,2026,2,9,22,0,0,0.972451349,-0.233105929,0.34,0.35,0.31,0.27,0.2925,0.35,0.4678125
02-09-2026 22:15,02-09-2026 22:30,50,80,75.84,0.27,183.94,6.15,2026,2,9,22,15,0,-0.068711789,-0.997636552,0.27,0.27,0.29,0.27,0.2925,0.348333333,0.4678125
02-09-2026 22:30,02-09-2026 22:45,50,80,75.51,0.27,26.5,5.94,2026,2,9,22,30,0,0.446197813,0.894934362,0.27,0.29,0.55,0.27,0.2875,0.329166667,0.4678125
02-09-2026 22:45,02-09-2026 23:00,54.2,79.2,74.95,0.32,157.53,5.94,2026,2,9,22,45,0,0.382199638,-0.924079778,0.27,0.34,0.27,0.27,0.2825,0.316666667,0.468333333
02-09-2026 23:00,02-09-2026 23:15,57,79,75.25,0.32,334.81,5.95,2026,2,9,23,0,0,-0.425621363,0.904901351,0.32,0.27,0.35,0.27,0.295,0.3175,0.468854167
02-09-2026 23:15,02-09-2026 23:30,57,79,75.43,0.7,226.93,5.86,2026,2,9,23,15,0,-0.730519938,-0.682891368,0.32,0.27,0.27,0.27,0.4025,0.351666667,0.473333333
02-09-2026 23:30,02-09-2026 23:45,57,79,75.56,0.34,243.62,6.01,2026,2,9,23,30,0,-0.895866913,-0.44432249,0.7,0.27,0.29,0.27,0.42,0.334166667,0.4740625
02-09-2026 23:45,02-10-2026 00:00,54.6,79,75.62,0.3,275.86,5.85,2026,2,9,23,45,0,-0.994774337,0.102098078,0.34,0.32,0.34,0.27,0.415,0.336666667,0.474375
03-09-2026 00:00,03-09-2026 00:15,21,28,81.85,0.56,48.7,6.2,2026,3,9,0,0,0,0.751264134,0.660001668,0.27,0.4,0.53,0.44,0.4225,0.411666667,0.906979167
03-09-2026 00:15,03-09-2026 00:30,21,28,82.05,0.6,78.97,6.35,2026,3,9,0,15,0,0.981527142,0.191322948,0.56,0.35,0.35,0.69,0.485,0.414166667,0.906041667
03-09-2026 00:30,03-09-2026 00:45,21,28,82.64,0.27,50.18,6.28,2026,3,9,0,30,0,0.768060036,0.640377842,0.6,0.51,0.53,0.71,0.425,0.409166667,0.901458333
03-09-2026 00:45,03-09-2026 01:00,17.4,28.6,82.92,0.33,65.01,6.28,2026,3,9,0,45,0,0.906381534,0.422460075,0.27,0.27,0.27,0.49,0.44,0.414166667,0.899791667
03-09-2026 01:00,03-09-2026 01:15,24,29,82.6,0.49,80.26,6.29,2026,3,9,1,0,0,0.985585601,0.169177489,0.33,0.56,0.4,0.82,0.4225,0.410833333,0.896354167
03-09-2026 01:15,03-09-2026 01:30,24,29,82.59,0.3,57.38,6.24,2026,3,9,1,15,0,0.842264279,0.539064824,0.49,0.6,0.35,0.65,0.3475,0.406666667,0.892708333
03-09-2026 01:30,03-09-2026 01:45,24,29,82.57,0.52,60.26,6.35,2026,3,9,1,30,0,0.868285407,0.496064967,0.3,0.27,0.51,0.63,0.41,0.405833333,0.8915625
03-09-2026 01:45,03-09-2026 02:00,19.6,34.4,82.7,0.42,55.66,6.31,2026,3,9,1,45,0,0.825704678,0.564102637,0.52,0.33,0.27,0.27,0.4325,0.418333333,0.893125
03-09-2026 02:00,03-09-2026 02:15,13,38,82.69,0.29,54.5,6.34,2026,3,9,2,0,0,0.814115518,0.580702956,0.42,0.49,0.56,0.73,0.3825,0.409166667,0.888541667
03-09-2026 02:15,03-09-2026 02:30,13,38,82.57,0.34,83.91,6.08,2026,3,9,2,15,0,0.994356476,0.106090525,0.29,0.3,0.6,0.77,0.3925,0.408333333,0.8840625
03-09-2026 02:30,03-09-2026 02:45,13,38,82.5,0.43,92.72,6.07,2026,3,9,2,30,0,0.998873371,-0.047455126,0.34,0.52,0.27,0.27,0.37,0.401666667,0.885729167
03-09-2026 02:45,03-09-2026 03:00,18.2,33.8,82.71,0.27,47.21,5.86,2026,3,9,2,45,0,0.733848438,0.679313234,0.43,0.42,0.33,0.57,0.3325,0.401666667,0.882604167
03-09-2026 03:00,03-09-2026 03:15,26,31,83.14,0.27,137.21,6,2026,3,9,3,0,0,0.679313234,-0.733848438,0.27,0.29,0.49,0.58,0.3275,0.3775,0.879375
03-09-2026 03:15,03-09-2026 03:30,26,31,83.28,0.27,174.67,6.11,2026,3,9,3,15,0,0.092891935,-0.995676197,0.27,0.34,0.3,0.27,0.31,0.35,0.879375
03-09-2026 03:30,03-09-2026 03:45,26,31,83.11,0.27,137.4,6.13,2026,3,9,3,30,0,0.67687597,-0.736097087,0.27,0.43,0.52,0.54,0.27,0.35,0.8765625
03-09-2026 03:45,03-09-2026 04:00,26.8,40,83.36,0.27,26.5,6.07,2026,3,9,3,45,0,0.446197813,0.894934362,0.27,0.27,0.42,0.29,0.27,0.345,0.876354167
03-09-2026 04:00,03-09-2026 04:15,28,46,83.76,0.27,58.65,6.14,2026,3,9,4,0,0,0.854005139,0.52026457,0.27,0.27,0.29,0.27,0.27,0.326666667,0.876354167
03-09-2026 04:15,03-09-2026 04:30,28,46,83.56,0.27,172.96,6.04,2026,3,9,4,15,0,0.122562242,-0.992460829,0.27,0.27,0.34,0.27,0.27,0.324166667,0.876354167
03-09-2026 04:30,03-09-2026 04:45,28,46,83.61,0.27,173.19,6.03,2026,3,9,4,30,0,0.118577272,-0.992944828,0.27,0.27,0.43,0.27,0.27,0.303333333,0.876354167
03-09-2026 04:45,03-09-2026 05:00,27.6,38.2,83.71,0.27,156.25,5.99,2026,3,9,4,45,0,0.40274669,-0.915311479,0.27,0.27,0.27,0.27,0.27,0.290833333,0.876354167
03-09-2026 05:00,03-09-2026 05:15,26,33,83.91,0.27,256.12,6.08,2026,3,9,5,0,0,-0.970800278,-0.239889184,0.27,0.27,0.27,0.27,0.27,0.289166667,0.876354167
03-09-2026 05:15,03-09-2026 05:30,26,33,84.17,0.27,163.53,6.01,2026,3,9,5,15,0,0.283513269,-0.958968314,0.27,0.27,0.27,0.27,0.27,0.283333333,0.876354167
03-09-2026 05:30,03-09-2026 05:45,26,33,84.45,0.27,73.64,6.1,2026,3,9,5,30,0,0.959510852,0.281671661,0.27,0.27,0.27,0.27,0.27,0.27,0.876354167
03-09-2026 05:45,03-09-2026 06:00,27,43.8,84.67,0.27,269.08,6,2026,3,9,5,45,0,-0.999871089,-0.016056339,0.27,0.27,0.27,0.27,0.27,0.27,0.876354167
03-09-2026 06:00,03-09-2026 06:15,31,51,84.87,0.27,228.76,6.41,2026,3,9,6,0,0,-0.751954874,-0.659214584,0.27,0.27,0.27,0.27,0.27,0.27,0.876354167
03-09-2026 06:15,03-09-2026 06:30,31,51,85.28,0.27,283.47,8.09,2026,3,9,6,15,0,-0.972492019,0.2329362,0.27,0.27,0.27,0.27,0.27,0.27,0.876354167
03-09-2026 06:30,03-09-2026 06:45,31,51,85.81,0.27,282.98,12.11,2026,3,9,6,30,0,-0.974448528,0.224610921,0.27,0.27,0.27,0.27,0.27,0.27,0.876354167
03-09-2026 06:45,03-09-2026 07:00,32.4,72,86.06,0.27,282.35,16.74,2026,3,9,6,45,0,-0.976859298,0.213882938,0.27,0.27,0.27,0.27,0.27,0.27,0.876354167
03-09-2026 07:00,03-09-2026 07:15,38,86,85.81,0.27,282.94,20.74,2026,3,9,7,0,0,-0.974605099,0.223930573,0.27,0.27,0.27,0.27,0.27,0.27,0.876354167
03-09-2026 07:15,03-09-2026 07:30,38,86,85.18,0.27,180.94,29.83,2026,3,9,7,15,0,-0.016405359,-0.999865423,0.27,0.27,0.27,0.43,0.27,0.27,0.8746875
03-09-2026 07:30,03-09-2026 07:45,38,86,83.38,0.27,31.79,36.08,2026,3,9,7,30,0,0.526807453,0.849984651,0.27,0.27,0.27,0.55,0.27,0.27,0.871770833
03-09-2026 07:45,03-09-2026 08:00,53.49,103.8,82,0.27,262.52,45.54,2026,3,9,7,45,0,-0.991490363,-0.130180105,0.27,0.27,0.27,1.01,0.27,0.27,0.8640625
03-09-2026 08:00,03-09-2026 08:15,41,87,80.46,0.27,92.2,49.03,2026,3,9,8,0,0,0.999262916,-0.038387809,0.27,0.27,0.27,1.48,0.27,0.27,0.851458333
03-09-2026 08:15,03-09-2026 08:30,41,87,79.31,0.38,114.08,88.57,2026,3,9,8,15,0,0.912976656,-0.408011796,0.27,0.27,0.27,0.87,0.2975,0.279166667,0.846354167
03-09-2026 08:30,03-09-2026 08:45,41,87,78.28,0.54,85.66,97.57,2026,3,9,8,30,0,0.997132545,0.075674875,0.38,0.27,0.27,1.3,0.365,0.301666667,0.8384375
03-09-2026 08:45,03-09-2026 09:00,38.6,77.4,76.9,0.3,45.31,44.85,2026,3,9,8,45,0,0.710922229,0.703270634,0.54,0.27,0.27,1.78,0.3725,0.304166667,0.823020833
03-09-2026 09:00,03-09-2026 09:15,35,71,77.94,0.44,26.5,35.25,2026,3,9,9,0,0,0.446197813,0.894934362,0.3,0.27,0.27,1.67,0.415,0.318333333,0.810208333
03-09-2026 09:15,03-09-2026 09:30,35,71,78.72,0.84,66.96,83.69,2026,3,9,9,15,0,0.920231847,0.391373667,0.44,0.38,0.27,2.07,0.53,0.365833333,0.797395833
03-09-2026 09:30,03-09-2026 09:45,35,71,77.12,0.65,144.74,121.22,2026,3,9,9,30,0,0.577287712,-0.816540812,0.84,0.54,0.27,2.18,0.5575,0.3975,0.781458333
03-09-2026 09:45,03-09-2026 10:00,34.2,68.6,73.59,1,69.95,134.54,2026,3,9,9,45,0,0.939393794,0.342840049,0.65,0.3,0.27,1.97,0.7325,0.458333333,0.771354167
03-09-2026 15:15,03-09-2026 15:30,43,54,67.54,1.23,78.39,151.16,2026,3,9,15,15,0,0.97954014,0.201248886,0.86,1.26,0.8,1.55,0.9325,0.999166667,0.6475
03-09-2026 15:30,03-09-2026 15:45,43,54,67.86,0.99,131.95,135.11,2026,3,9,15,30,0,0.743728469,-0.668481835,1.23,0.65,0.93,1.05,1.0175,0.9775,0.646875
03-09-2026 15:45,03-09-2026 16:00,33.2,55.8,67.84,1.19,81.56,119,2026,3,9,15,45,0,0.989170107,0.146773635,0.99,0.99,0.9,1.57,1.0675,0.994166667,0.642916667
03-09-2026 16:00,03-09-2026 16:15,37,57,68.14,0.64,84.7,102.24,2026,3,9,16,0,0,0.995724698,0.092370587,1.19,0.86,1.13,1.33,1.0125,0.964166667,0.635729167
03-09-2026 16:15,03-09-2026 16:30,37,57,68.94,0.66,167.24,85.95,2026,3,9,16,15,0,0.220867661,-0.975303787,0.64,1.23,1.26,1.15,0.87,0.9525,0.630625
03-09-2026 16:30,03-09-2026 16:45,37,57,68.9,0.81,55,69.81,2026,3,9,16,30,0,0.819152044,0.573576436,0.66,0.99,0.65,0.62,0.825,0.9425,0.632604167
03-09-2026 16:45,03-09-2026 17:00,37.8,56.4,70.1,0.62,64.6,54.82,2026,3,9,16,45,0,0.903335293,0.428935133,0.81,1.19,0.99,1.12,0.6825,0.919166667,0.627395833
03-09-2026 17:00,03-09-2026 17:15,39,56,71.06,0.52,98.41,41.15,2026,3,9,17,0,0,0.989246822,-0.146255687,0.62,0.64,0.86,1.1,0.6525,0.868333333,0.621354167
03-09-2026 17:15,03-09-2026 17:30,39,56,71.88,0.56,106.79,29.36,2026,3,9,17,15,0,0.957369929,-0.288864709,0.52,0.66,1.23,0.76,0.6275,0.81,0.619270833
03-09-2026 17:30,03-09-2026 17:45,39,56,73.35,0.81,91.25,19.43,2026,3,9,17,30,0,0.999762027,-0.021814885,0.56,0.81,0.99,0.88,0.6275,0.823333333,0.618541667
03-09-2026 17:45,03-09-2026 18:00,37.8,55.4,74.37,0.61,53.82,12.39,2026,3,9,17,45,0,0.807166423,0.590323949,0.81,0.62,1.19,0.9,0.625,0.791666667,0.615520833
03-09-2026 18:00,03-09-2026 18:15,36,55,74.54,0.48,110.52,8.09,2026,3,9,18,0,0,0.936549887,-0.35053432,0.61,0.52,0.64,0.56,0.615,0.76,0.6146875
03-09-2026 18:15,03-09-2026 18:30,36,55,74.93,0.41,64.94,6.62,2026,3,9,18,15,0,0.905864725,0.423567113,0.48,0.56,0.66,0.53,0.5775,0.691666667,0.6134375
03-09-2026 18:30,03-09-2026 18:45,36,55,74.7,0.47,56.11,6.27,2026,3,9,18,30,0,0.830109617,0.557600236,0.41,0.81,0.81,0.7,0.4925,0.648333333,0.611041667
03-09-2026 18:45,03-09-2026 19:00,43.75,74.8,75.43,0.46,73.61,6.29,2026,3,9,18,45,0,0.959363238,0.282174021,0.47,0.61,0.62,0.52,0.455,0.5875,0.610416667
03-09-2026 19:00,03-09-2026 19:15,36,68,76.19,0.37,62.13,6.41,2026,3,9,19,0,0,0.884010516,0.467467012,0.46,0.48,0.52,1.06,0.4275,0.565,0.603229167
03-09-2026 19:15,03-09-2026 19:30,36,68,76.43,0.37,106.86,6.24,2026,3,9,19,15,0,0.957016299,-0.290034141,0.37,0.41,0.56,0.56,0.4175,0.540833333,0.60125
03-09-2026 19:30,03-09-2026 19:45,36,68,76.89,0.59,64.06,6.24,2026,3,9,19,30,0,0.899252615,0.437429692,0.37,0.47,0.81,0.63,0.4475,0.5225,0.600833333
03-09-2026 21:00,03-09-2026 21:15,32,58,76.53,0.27,221.52,6.06,2026,3,9,21,0,0,-0.662881443,-0.748724377,0.27,0.48,0.37,0.53,0.3325,0.4,0.5828125
03-09-2026 21:15,03-09-2026 21:30,32,58,76.49,0.27,111.99,6.08,2026,3,9,21,15,0,0.927249222,-0.374444764,0.27,0.39,0.37,0.57,0.3025,0.388333333,0.5796875
03-09-2026 21:30,03-09-2026 21:45,32,58,76.02,0.38,32.72,6.03,2026,3,9,21,30,0,0.54053403,0.841322151,0.27,0.4,0.59,0.33,0.2975,0.380833333,0.580208333
03-09-2026 21:45,03-09-2026 22:00,33,55,76.46,0.38,40.28,6.1,2026,3,9,21,45,0,0.646523519,0.762894055,0.38,0.27,0.32,0.27,0.325,0.374166667,0.581354167
03-09-2026 22:00,03-09-2026 22:15,37,53,76.6,0.29,47.87,6.15,2026,3,9,22,0,0,0.741624705,0.670815025,0.38,0.27,0.48,0.53,0.33,0.3675,0.578854167
03-09-2026 22:15,03-09-2026 22:30,37,53,76.87,0.41,159.75,6.03,2026,3,9,22,15,0,0.346117057,-0.938191336,0.29,0.27,0.39,0.35,0.365,0.370833333,0.579479167
03-09-2026 22:30,03-09-2026 22:45,37,53,76.45,0.41,76.99,6.14,2026,3,9,22,30,0,0.974330789,0.225121111,0.41,0.38,0.4,0.53,0.3725,0.355833333,0.578229167
03-09-2026 22:45,03-09-2026 23:00,35.4,54.8,76.56,0.32,68.78,6,2026,3,9,22,45,0,0.932197514,0.36194999,0.41,0.38,0.27,0.27,0.3575,0.355833333,0.57875
03-09-2026 23:00,03-09-2026 23:15,29,56,76.29,0.36,26.5,6.08,2026,3,9,23,0,0,0.446197813,0.894934362,0.32,0.29,0.27,0.4,0.375,0.345833333,0.578333333
03-09-2026 23:15,03-09-2026 23:30,29,56,76.14,0.28,26.5,6.08,2026,3,9,23,15,0,0.446197813,0.894934362,0.36,0.41,0.27,0.35,0.3425,0.336666667,0.577604167
03-09-2026 23:30,03-09-2026 23:45,29,56,75.43,0.49,45.34,6.2,2026,3,9,23,30,0,0.711290363,0.7028983,0.28,0.41,0.38,0.51,0.3625,0.344166667,0.577395833
04-09-2026 00:00,04-09-2026 00:15,20,51,87.56,0.94,74.43,6.41,2026,4,9,0,0,3,0.963303241,0.268415473,1.57,1.21,1.4,0.87,1.43,1.335,1.240520833
04-09-2026 00:15,04-09-2026 00:30,20,51,87.59,1.44,26.5,6.41,2026,4,9,0,15,3,0.446197813,0.894934362,0.94,1.47,1.21,1.02,1.4225,1.305,1.244895833
04-09-2026 00:30,04-09-2026 00:45,20,51,87.64,1.39,132.39,6.45,2026,4,9,0,30,3,0.738573017,-0.674173493,1.44,1.74,1.28,0.97,1.335,1.316666667,1.249270833
04-09-2026 00:45,04-09-2026 01:00,37.84,71.6,87.92,1.39,88.68,6.35,2026,4,9,0,45,3,0.999734629,0.023036308,1.39,1.57,1.12,0.58,1.29,1.346666667,1.257708333
04-09-2026 01:00,04-09-2026 01:15,18,44,88.09,1.04,59.81,6.24,2026,4,9,1,0,3,0.864362582,0.502869095,1.39,0.94,1.21,0.74,1.315,1.316666667,1.260833333
04-09-2026 01:15,04-09-2026 01:30,18,44,88.27,0.98,26.5,6.2,2026,4,9,1,15,3,0.446197813,0.894934362,1.04,1.44,1.47,0.93,1.2,1.2975,1.261354167
04-09-2026 01:30,04-09-2026 01:45,18,44,88.48,0.85,34.3,6.13,2026,4,9,1,30,3,0.563526049,0.826098294,0.98,1.39,1.74,0.55,1.065,1.261666667,1.264479167
04-09-2026 01:45,04-09-2026 02:00,18,41.6,88.66,0.9,32.99,6.14,2026,4,9,1,45,3,0.544492651,0.838765613,0.85,1.39,1.57,0.42,0.9425,1.243333333,1.269479167
04-09-2026 02:00,04-09-2026 02:15,16,38,88.84,0.61,26.5,6.14,2026,4,9,2,0,3,0.446197813,0.894934362,0.9,1.04,0.94,0.48,0.835,1.193333333,1.270833333
04-09-2026 02:15,04-09-2026 02:30,14,38,88.79,1.22,79.21,6.2,2026,4,9,2,15,3,0.98231994,0.18720987,0.61,0.98,1.44,0.61,0.895,1.1725,1.2771875
04-09-2026 02:30,04-09-2026 02:45,12,38,88.89,1.5,26.88,6.11,2026,4,9,2,30,3,0.452123386,0.891955405,1.22,0.85,1.39,0.88,1.0575,1.1525,1.283645833
04-09-2026 02:45,04-09-2026 03:00,10,38.8,89.04,1.37,65.24,6,2026,4,9,2,45,3,0.90807009,0.418818232,1.5,0.9,1.39,1.08,1.175,1.135833333,1.286666667
04-09-2026 03:00,04-09-2026 03:15,8,40,89.31,1.21,101.63,6.11,2026,4,9,3,0,3,0.979469831,-0.201590798,1.37,0.61,1.04,0.56,1.325,1.158333333,1.2934375
04-09-2026 03:15,04-09-2026 03:30,8,40,89.38,1.49,90.39,6.15,2026,4,9,3,15,3,0.999976834,-0.006806732,1.21,1.22,0.98,0.91,1.3925,1.1625,1.299479167
04-09-2026 03:30,04-09-2026 03:45,8,40,89.26,1.15,49.38,6.15,2026,4,9,3,30,3,0.759044098,0.651039213,1.49,1.5,0.85,0.73,1.305,1.1425,1.303854167
04-09-2026 03:45,04-09-2026 04:00,8,38.4,89.08,1.16,88.76,6.08,2026,4,9,3,45,3,0.999765819,0.021640393,1.15,1.37,0.9,0.88,1.2525,1.123333333,1.306770833
04-09-2026 04:00,04-09-2026 04:15,13,36,88.77,0.94,101.2,5.97,2026,4,9,4,0,3,0.980955155,-0.194234351,1.16,1.21,0.61,0.87,1.185,1.115,1.3075
04-09-2026 04:15,04-09-2026 04:30,13,36,88.3,0.69,103.79,6.04,2026,4,9,4,15,3,0.971175897,-0.238363959,0.94,1.49,1.22,0.95,0.985,1.090833333,1.304791667
04-09-2026 04:30,04-09-2026 04:45,13,36,87.63,0.91,99.03,6.08,2026,4,9,4,30,3,0.987606296,-0.156951596,0.69,1.15,1.5,0.62,0.925,1.095833333,1.3078125
04-09-2026 04:45,04-09-2026 05:00,33.93,64.6,87.38,1.08,86.49,6,2026,4,9,4,45,3,0.998124128,0.061222746,0.91,1.16,1.37,0.97,0.905,1.110833333,1.308958333
04-09-2026 05:00,04-09-2026 05:15,11,34,87.06,0.93,175.91,6.23,2026,4,9,5,0,3,0.071323357,-0.997453246,1.08,0.94,1.21,0.74,0.9025,1.1375,1.3109375
04-09-2026 05:15,04-09-2026 05:30,11,34,86.53,1.04,172.33,6.22,2026,4,9,5,15,3,0.133467289,-0.991053219,0.93,0.69,1.49,0.84,0.99,1.1225,1.313020833
04-09-2026 05:30,04-09-2026 05:45,11,34,86.79,0.55,93.29,6.22,2026,4,9,5,30,3,0.998351848,-0.057389783,1.04,0.91,1.15,0.72,0.9,1.043333333,1.31125
04-09-2026 05:45,04-09-2026 06:00,27.78,65.2,87.19,1.19,107.25,6.78,2026,4,9,5,45,3,0.955019944,-0.296541575,0.55,1.08,1.16,0.83,0.9275,1.028333333,1.315
04-09-2026 06:00,04-09-2026 06:15,30,56,87.31,1.13,118.19,8.72,2026,4,9,6,0,3,0.881385914,-0.472396941,1.19,0.93,0.94,0.28,0.9775,1.021666667,1.323854167
04-09-2026 06:15,04-09-2026 06:30,30,56,87.19,1.29,167.41,12.4,2026,4,9,6,15,3,0.217972908,-0.97595482,1.13,1.04,0.69,0.63,1.04,1.005,1.330729167
04-09-2026 06:30,04-09-2026 06:45,30,56,86.95,1,143.5,18.96,2026,4,9,6,30,3,0.594822787,-0.803856861,1.29,0.55,0.91,1.06,1.1525,0.9925,1.330104167
04-09-2026 06:45,04-09-2026 07:00,47.92,81.6,86.7,0.77,150.27,24.58,2026,4,9,6,45,3,0.495913415,-0.868371974,1,1.19,1.08,1.38,1.0475,0.96,1.32375
04-09-2026 07:00,04-09-2026 07:15,25,56,85.98,1.59,115.42,31.72,2026,4,9,7,0,3,0.903185511,-0.429250431,0.77,1.13,0.93,1.31,1.1625,1.014166667,1.326666667
04-09-2026 07:15,04-09-2026 07:30,25,56,85.03,1.28,114.63,61.92,2026,4,9,7,15,3,0.90901802,-0.41675681,1.59,1.29,1.04,1.35,1.16,1.063333333,1.3259375
04-09-2026 07:30,04-09-2026 07:45,25,56,83.74,1.19,179.36,81.77,2026,4,9,7,30,3,0.011169875,-0.999937615,1.28,1,0.55,1.76,1.2075,1.086666667,1.32
04-09-2026 07:45,04-09-2026 08:00,38.72,72,82.26,1.72,172.35,62.64,2026,4,9,7,45,3,0.133121339,-0.991099747,1.19,0.77,1.19,1.6,1.445,1.14,1.32125
04-09-2026 08:00,04-09-2026 08:15,20,48,82.29,1.84,153.33,54.18,2026,4,9,8,0,3,0.448851169,-0.893606529,1.72,1.59,1.13,1.2,1.5075,1.215833333,1.327916667
04-09-2026 08:15,04-09-2026 08:30,20,48,81.84,1.4,44.11,99.83,2026,4,9,8,15,3,0.696038123,0.718004827,1.84,1.28,1.29,1.91,1.5375,1.245833333,1.322604167
04-09-2026 08:30,04-09-2026 08:45,20,48,80.6,1.59,119.81,100.41,2026,4,9,8,30,3,0.867678702,-0.497125407,1.4,1.19,1,1.77,1.6375,1.3325,1.320729167
04-09-2026 08:45,04-09-2026 09:00,12,56,79.12,1.85,174.3,155.18,2026,4,9,8,45,3,0.09931975,-0.99505557,1.59,1.72,0.77,1.74,1.67,1.3875,1.321875
04-09-2026 09:00,04-09-2026 09:15,20,68,77.02,1.47,127.94,147.12,2026,4,9,9,0,3,0.788655041,-0.614835935,1.85,1.84,1.59,1.32,1.5775,1.415833333,1.3234375
04-09-2026 15:30,04-09-2026 15:45,22,66,76.94,2.46,26.5,163.23,2026,4,9,15,30,3,0.446197813,0.894934362,1.73,1.39,1.54,1.11,1.8625,1.633333333,1.323125
04-09-2026 15:45,04-09-2026 16:00,22,65.6,77.83,2.33,32.57,145.03,2026,4,9,15,45,3,0.538329604,0.842734381,2.46,1.4,1.04,1.64,2.095,1.7,1.3303125
04-09-2026 16:00,04-09-2026 16:15,19,65,77.74,2.46,61.55,126.13,2026,4,9,16,0,3,0.879233178,0.476391666,2.33,1.86,2.01,0.93,2.245,1.771666667,1.34625
04-09-2026 16:15,04-09-2026 16:30,19,65,77.26,0.98,42.54,107.38,2026,4,9,16,15,3,0.67610476,0.736805506,2.46,1.73,1.02,1.46,2.0575,1.685,1.34125
04-09-2026 16:30,04-09-2026 16:45,19,65,77.21,1.4,26.5,89.51,2026,4,9,16,30,3,0.446197813,0.894934362,0.98,2.46,1.39,1.13,1.7925,1.673333333,1.3440625
04-09-2026 16:45,04-09-2026 17:00,19,66.6,78.88,2.36,26.66,69.92,2026,4,9,16,45,3,0.448695198,0.893684854,1.4,2.33,1.4,0.86,1.8,1.783333333,1.3596875
04-09-2026 17:00,04-09-2026 17:15,21,69,79.98,0.9,77.27,52.59,2026,4,9,17,0,3,0.975419299,0.220356963,2.36,2.46,1.86,0.86,1.41,1.690833333,1.360104167
04-09-2026 17:15,04-09-2026 17:30,21,69,80.18,2.12,26.5,34.87,2026,4,9,17,15,3,0.446197813,0.894934362,0.9,0.98,1.73,0.88,1.695,1.7825,1.373020833
04-09-2026 17:30,04-09-2026 17:45,21,69,81.58,1.59,68.62,20.99,2026,4,9,17,30,3,0.931183125,0.364551762,2.12,1.4,2.46,0.9,1.7425,1.799166667,1.380208333
04-09-2026 17:45,04-09-2026 18:00,21,69,82.98,1.4,47.14,13.18,2026,4,9,17,45,3,0.733017953,0.680209292,1.59,2.36,2.33,0.59,1.5025,1.799166667,1.388645833
04-09-2026 18:00,04-09-2026 18:15,31,69,83.94,1.7,35.3,8.24,2026,4,9,18,0,3,0.577857624,0.81613759,1.4,0.9,2.46,0.58,1.7025,1.785833333,1.4003125
04-09-2026 18:15,04-09-2026 18:30,31,69,84.61,1.03,52.42,6.59,2026,4,9,18,15,3,0.792502576,0.609868565,1.7,2.12,0.98,0.54,1.43,1.7275,1.405416667
04-09-2026 18:30,04-09-2026 18:45,31,69,84.85,1.44,52.71,6.04,2026,4,9,18,30,3,0.795579234,0.605849555,1.03,1.59,1.4,0.57,1.3925,1.6425,1.414479167
04-09-2026 18:45,04-09-2026 19:00,31,64.6,85.3,1.35,27.46,6.06,2026,4,9,18,45,3,0.46112925,0.887332978,1.44,1.4,2.36,0.72,1.38,1.560833333,1.421041667
04-09-2026 19:00,04-09-2026 19:15,23,58,85.54,0.84,26.5,5.97,2026,4,9,19,0,3,0.446197813,0.894934362,1.35,1.7,0.9,0.69,1.165,1.425833333,1.422604167
04-09-2026 19:15,04-09-2026 19:30,23,58,85.46,1.03,26.5,6.03,2026,4,9,19,15,3,0.446197813,0.894934362,0.84,1.03,2.12,0.99,1.165,1.43,1.423020833
04-09-2026 19:30,04-09-2026 19:45,23,58,85.72,1.35,65.79,5.93,2026,4,9,19,30,3,0.912048557,0.410082223,1.03,1.44,1.59,1.05,1.1425,1.425833333,1.426145833
04-09-2026 19:45,04-09-2026 20:00,23,54.4,85.82,1.26,29.15,6,2026,4,9,19,45,3,0.487097705,0.873347483,1.35,1.35,1.4,0.84,1.12,1.334166667,1.430520833
04-09-2026 20:00,04-09-2026 20:15,15,49,85.76,1.66,52.75,5.92,2026,4,9,20,0,3,0.796002003,0.605293988,1.26,0.84,1.7,1.48,1.325,1.3975,1.432395833
04-09-2026 20:15,04-09-2026 20:30,15,49,85.95,1.01,65.59,5.97,2026,4,9,20,15,3,0.910611547,0.413263368,1.66,1.03,1.03,1.59,1.32,1.305,1.426354167
04-09-2026 20:30,04-09-2026 20:45,15,49,86.31,0.67,74.43,5.97,2026,4,9,20,30,3,0.963303241,0.268415473,1.01,1.35,1.44,2.2,1.15,1.228333333,1.410416667
04-09-2026 20:45,04-09-2026 21:00,29.29,66.2,86.55,1.31,60.99,5.85,2026,4,9,20,45,3,0.874535079,0.484962263,0.67,1.26,1.35,1.35,1.1625,1.220833333,1.41
04-09-2026 21:00,04-09-2026 21:15,21,51,86.72,1.18,72.58,6.07,2026,4,9,21,0,3,0.954135885,0.299373867,1.31,1.66,0.84,1.24,1.0425,1.1775,1.409375
04-09-2026 21:15,04-09-2026 21:30,21,51,86.95,0.98,52.71,6.01,2026,4,9,21,15,3,0.795579234,0.605849555,1.18,1.01,1.03,1.8,1.035,1.173333333,1.400833333
04-09-2026 21:30,04-09-2026 21:45,21,51,86.96,1.7,51.41,6,2026,4,9,21,30,3,0.781629348,0.623743186,0.98,0.67,1.35,1.25,1.2925,1.195,1.405520833
04-09-2026 21:45,04-09-2026 22:00,16.8,51,86.94,0.81,37.92,5.99,2026,4,9,21,45,3,0.614560605,0.788869611,1.7,1.31,1.26,1.03,1.1675,1.15,1.403229167
04-09-2026 22:00,04-09-2026 22:15,15,51,86.97,0.78,64.9,6.14,2026,4,9,22,0,3,0.905568799,0.424199423,0.81,1.18,1.66,1.4,1.0675,1.145,1.396770833
04-09-2026 22:15,04-09-2026 22:30,15,51,86.97,1.05,50.59,6.35,2026,4,9,22,15,3,0.77262278,0.634865371,0.78,0.98,1.01,1.21,1.085,1.146666667,1.395104167
04-09-2026 22:30,04-09-2026 22:45,15,51,87.02,0.4,52.35,6.38,2026,4,9,22,30,3,0.79175689,0.610836335,1.05,1.7,0.67,1.28,0.76,1.0675,1.3859375
04-09-2026 22:45,04-09-2026 23:00,29.03,67.6,87.05,0.78,52.33,6.25,2026,4,9,22,45,3,0.791543619,0.611112673,0.4,0.81,1.31,1.12,0.7525,1.0275,1.382395833
04-09-2026 23:00,04-09-2026 23:15,25,54,87.21,0.97,52.48,6.27,2026,4,9,23,0,3,0.793140794,0.609038324,0.78,0.78,1.18,1.21,0.8,0.97,1.379895833
04-09-2026 23:15,04-09-2026 23:30,25,54,87.16,0.72,49.62,6.38,2026,4,9,23,15,3,0.761764498,0.647854035,0.97,1.05,0.98,1.47,0.7175,0.945833333,1.372083333
04-09-2026 23:30,04-09-2026 23:45,25,54,87.15,0.52,110.88,6.38,2026,4,9,23,30,3,0.934328942,-0.356411879,0.72,0.4,1.7,1.74,0.7475,0.933333333,1.359375
04-09-2026 23:45,04-10-2026 00:00,20,56.4,87.22,0.74,86,6.45,2026,4,9,23,45,3,0.99756405,0.069756474,0.52,0.78,0.81,1.57,0.7375,0.885833333,1.350729167
05-09-2026 00:00,05-09-2026 00:15,0.945,5,83.55,0.27,26.5,6.03,2026,5,9,0,0,5,0.446197813,0.894934362,0.27,0.27,0.27,0.84,0.27,0.289166667,0.652395833
05-09-2026 00:15,05-09-2026 00:30,1,5,83.51,0.27,26.5,6.05,2026,5,9,0,15,5,0.446197813,0.894934362,0.27,0.27,0.27,0.46,0.27,0.2825,0.650416667
05-09-2026 00:30,05-09-2026 00:45,1.055,5,83.67,0.27,26.5,5.99,2026,5,9,0,30,5,0.446197813,0.894934362,0.27,0.27,0.27,0.52,0.27,0.27,0.6478125
05-09-2026 00:45,05-09-2026 01:00,1.11,4.25,84.13,0.27,26.5,5.76,2026,5,9,0,45,5,0.446197813,0.894934362,0.27,0.27,0.27,0.56,0.27,0.27,0.644791667
05-09-2026 01:00,05-09-2026 01:15,1.165,4,84.36,0.27,26.5,5.87,2026,5,9,1,0,5,0.446197813,0.894934362,0.27,0.27,0.27,0.5,0.27,0.27,0.642395833
05-09-2026 01:15,05-09-2026 01:30,1.22,4,84.7,0.39,26.5,5.93,2026,5,9,1,15,5,0.446197813,0.894934362,0.27,0.27,0.27,0.65,0.3,0.28,0.6396875
05-09-2026 01:30,05-09-2026 01:45,1.275,4,84.97,0.27,26.5,6.07,2026,5,9,1,30,5,0.446197813,0.894934362,0.39,0.27,0.27,0.72,0.3,0.28,0.635
05-09-2026 01:45,05-09-2026 02:00,1.33,4.67,84.88,0.27,26.5,6.02,2026,5,9,1,45,5,0.446197813,0.894934362,0.27,0.27,0.27,0.41,0.3,0.28,0.633541667
05-09-2026 02:00,05-09-2026 02:15,5.1225,5,84.55,0.27,26.5,6.04,2026,5,9,2,0,5,0.446197813,0.894934362,0.27,0.27,0.27,0.52,0.3,0.28,0.6309375
05-09-2026 02:15,05-09-2026 02:30,8.915,5,84.41,0.27,26.5,5.97,2026,5,9,2,15,5,0.446197813,0.894934362,0.27,0.39,0.27,0.43,0.27,0.28,0.629270833
05-09-2026 02:30,05-09-2026 02:45,12.7075,5,84.37,0.27,26.5,6.07,2026,5,9,2,30,5,0.446197813,0.894934362,0.27,0.27,0.27,0.27,0.27,0.28,0.629270833
05-09-2026 02:45,05-09-2026 03:00,16.5,28.4,84.68,0.27,26.5,6.01,2026,5,9,2,45,5,0.446197813,0.894934362,0.27,0.27,0.27,0.27,0.27,0.28,0.629270833
05-09-2026 03:00,05-09-2026 03:15,7,9,85,0.27,26.5,6.18,2026,5,9,3,0,5,0.446197813,0.894934362,0.27,0.27,0.27,0.51,0.27,0.28,0.626770833
05-09-2026 03:15,05-09-2026 03:30,7,9,85.35,0.27,26.5,6.27,2026,5,9,3,15,5,0.446197813,0.894934362,0.27,0.27,0.39,0.6,0.27,0.28,0.623333333
05-09-2026 03:30,05-09-2026 03:45,7,9,85.48,0.27,99.71,6.32,2026,5,9,3,30,5,0.985674047,-0.168661415,0.27,0.27,0.27,0.28,0.27,0.28,0.623229167
05-09-2026 03:45,05-09-2026 04:00,8.5,46.33,85.74,1.1,125.1,6.16,2026,5,9,3,45,5,0.818149717,-0.575005252,0.27,0.27,0.27,0.32,0.4775,0.349166667,0.631354167
05-09-2026 04:00,05-09-2026 04:15,23,65,86.53,0.78,26.5,6.26,2026,5,9,4,0,5,0.446197813,0.894934362,1.1,0.27,0.27,0.35,0.605,0.391666667,0.635833333
05-09-2026 04:15,05-09-2026 04:30,23,65,88.56,0.48,46.82,6.28,2026,5,9,4,15,5,0.729207535,0.684292606,0.78,0.27,0.27,0.27,0.6575,0.399166667,0.638020833
05-09-2026 04:30,05-09-2026 04:45,19.17,65,89.74,0.35,26.5,6.15,2026,5,9,4,30,5,0.446197813,0.894934362,0.48,0.27,0.27,0.27,0.6775,0.405833333,0.638854167
05-09-2026 04:45,05-09-2026 05:00,31.19,57,90.21,1.42,26.5,6.18,2026,5,9,4,45,5,0.446197813,0.894934362,0.35,1.1,0.27,0.27,0.7575,0.501666667,0.650833333
05-09-2026 05:00,05-09-2026 05:15,13,19,90.44,0.31,26.5,6.28,2026,5,9,5,0,5,0.446197813,0.894934362,1.42,0.78,0.27,0.27,0.64,0.505,0.65125
05-09-2026 05:15,05-09-2026 05:30,13,19,90.53,0.84,26.5,6.31,2026,5,9,5,15,5,0.446197813,0.894934362,0.31,0.48,0.27,0.27,0.73,0.5525,0.6571875
05-09-2026 05:30,05-09-2026 05:45,13,19,90.48,0.75,26.5,6.62,2026,5,9,5,30,5,0.446197813,0.894934362,0.84,0.35,0.27,0.27,0.83,0.5925,0.6621875
05-09-2026 05:45,05-09-2026 06:00,10,17.67,90.56,0.45,118.88,8.62,2026,5,9,5,45,5,0.875633171,-0.482976759,0.75,1.42,1.1,0.27,0.5875,0.6075,0.6640625
05-09-2026 06:00,05-09-2026 06:15,8,17,90.65,0.51,26.5,12.5,2026,5,9,6,0,5,0.446197813,0.894934362,0.45,0.31,0.78,0.27,0.6375,0.6275,0.6665625
05-09-2026 06:15,05-09-2026 06:30,8,17,90.47,0.53,26.5,18.19,2026,5,9,6,15,5,0.446197813,0.894934362,0.51,0.84,0.48,0.27,0.56,0.649166667,0.669270833
05-09-2026 06:30,05-09-2026 06:45,8,17,89.84,1.12,26.5,25.53,2026,5,9,6,30,5,0.446197813,0.894934362,0.53,0.75,0.35,0.27,0.6525,0.72,0.678125
05-09-2026 06:45,05-09-2026 07:00,28.24,62.2,89.37,0.54,26.5,23.12,2026,5,9,6,45,5,0.446197813,0.894934362,1.12,0.45,1.42,0.27,0.675,0.673333333,0.6809375
05-09-2026 07:00,05-09-2026 07:15,16,42,88.54,0.51,26.5,11.1,2026,5,9,7,0,5,0.446197813,0.894934362,0.54,0.51,0.31,0.27,0.675,0.650833333,0.6834375
05-09-2026 07:15,05-09-2026 07:30,16,42,90.47,0.44,45.72,13.06,2026,5,9,7,15,5,0.715936483,0.698165419,0.51,0.53,0.84,0.27,0.6525,0.6475,0.685208333
05-09-2026 07:30,05-09-2026 07:45,16,42,91.15,0.28,26.5,15.3,2026,5,9,7,30,5,0.446197813,0.894934362,0.44,1.12,0.75,0.27,0.4425,0.641666667,0.6853125
05-09-2026 07:45,05-09-2026 08:00,12.33,25.33,91.21,0.42,26.5,17.52,2026,5,9,7,45,5,0.446197813,0.894934362,0.28,0.54,0.45,0.27,0.4125,0.558333333,0.686875
05-09-2026 08:00,05-09-2026 08:15,10,17,91.48,0.42,26.5,20.45,2026,5,9,8,0,5,0.446197813,0.894934362,0.42,0.51,0.51,1.31,0.39,0.5675,0.677604167
05-09-2026 08:15,05-09-2026 08:30,10,17,91.33,0.29,26.5,26.57,2026,5,9,8,15,5,0.446197813,0.894934362,0.42,0.44,0.53,0.51,0.3525,0.521666667,0.6753125
05-09-2026 08:30,05-09-2026 08:45,8.33,17,91.25,0.27,26.5,37.36,2026,5,9,8,30,5,0.446197813,0.894934362,0.29,0.28,1.12,0.63,0.35,0.481666667,0.6715625
05-09-2026 08:45,05-09-2026 09:00,9,14.75,90.85,0.48,26.5,48.6,2026,5,9,8,45,5,0.446197813,0.894934362,0.27,0.42,0.54,1,0.365,0.484166667,0.666145833
05-09-2026 09:00,05-09-2026 09:15,6,14,90.35,0.27,26.5,55.44,2026,5,9,9,0,5,0.446197813,0.894934362,0.48,0.42,0.51,0.55,0.3275,0.464166667,0.663229167
05-09-2026 09:15,05-09-2026 09:30,6,14,89.97,0.6,26.5,63.87,2026,5,9,9,15,5,0.446197813,0.894934362,0.27,0.29,0.44,0.31,0.405,0.47,0.66625
05-09-2026 09:30,05-09-2026 09:45,6,14,89.13,0.64,26.5,115.63,2026,5,9,9,30,5,0.446197813,0.894934362,0.6,0.27,0.28,1.62,0.4975,0.43,0.656041667
05-09-2026 09:45,05-09-2026 10:00,25.54,43.4,86.81,0.71,148.94,152.2,2026,5,9,9,45,5,0.515935416,-0.856627484,0.64,0.48,0.42,0.79,0.555,0.444166667,0.655208333
05-09-2026 10:00,05-09-2026 10:15,13,15,84.33,0.95,87.3,142.83,2026,5,9,10,0,5,0.998889875,0.047106451,0.71,0.27,0.42,1.44,0.725,0.480833333,0.650104167
05-09-2026 10:15,05-09-2026 10:30,13,15,83.03,0.86,26.5,137.93,2026,5,9,10,15,5,0.446197813,0.894934362,0.95,0.6,0.29,1.8,0.79,0.515833333,0.6403125
05-09-2026 10:30,05-09-2026 10:45,13,15,82.51,0.38,26.5,102.67,2026,5,9,10,30,5,0.446197813,0.894934362,0.86,0.64,0.27,1.05,0.725,0.524166667,0.633333333
05-09-2026 10:45,05-09-2026 11:00,7.67,13.67,81.73,0.8,68.15,134.5,2026,5,9,10,45,5,0.928161394,0.372177951,0.38,0.71,0.48,1.36,0.7475,0.555833333,0.6275
05-09-2026 11:00,05-09-2026 11:15,7,13,79.25,0.43,26.5,131.21,2026,5,9,11,0,5,0.446197813,0.894934362,0.8,0.95,0.27,1.3,0.6175,0.556666667,0.6184375
05-09-2026 11:15,05-09-2026 11:30,7,13,80.19,0.67,37.1,142.95,2026,5,9,11,15,5,0.603207988,0.797583929,0.43,0.86,0.6,1.75,0.57,0.588333333,0.6071875
05-09-2026 12:45,05-09-2026 13:00,5,9.33,75.41,0.68,132.76,138.28,2026,5,9,12,45,5,0.734204025,-0.678928899,0.63,1.33,0.8,1.29,0.7175,0.713333333,0.558541667
05-09-2026 13:00,05-09-2026 13:15,6,7,76.92,1.03,44.35,61.17,2026,5,9,13,0,5,0.699039579,0.715082979,0.68,1.01,0.43,0.59,0.7225,0.72,0.563125
05-09-2026 13:15,05-09-2026 13:30,6,7,83.94,1.14,30.29,26.44,2026,5,9,13,15,5,0.504376925,0.863483594,1.03,0.55,0.67,0.65,0.87,0.743333333,0.568229167
05-09-2026 13:30,05-09-2026 13:45,6,7,89.63,0.33,98.33,30.31,2026,5,9,13,30,5,0.989450069,-0.144874296,1.14,0.63,0.27,1.1,0.795,0.739166667,0.560208333
05-09-2026 13:45,05-09-2026 14:00,4.6,14.2,90.27,0.27,31.86,31.74,2026,5,9,13,45,5,0.527845512,0.8493404,0.33,0.68,1.33,0.7,0.6925,0.695,0.555729167
05-09-2026 14:00,05-09-2026 14:15,5,16,90.63,0.27,26.5,32.82,2026,5,9,14,0,5,0.446197813,0.894934362,0.27,1.03,1.01,0.9,0.5025,0.681666667,0.549166667
05-09-2026 14:15,05-09-2026 14:30,5,16,90.57,0.42,26.5,32.99,2026,5,9,14,15,5,0.446197813,0.894934362,0.27,1.14,0.55,0.76,0.3225,0.660833333,0.545625
05-09-2026 14:30,05-09-2026 14:45,5,16,90.92,0.27,26.5,33.38,2026,5,9,14,30,5,0.446197813,0.894934362,0.42,0.33,0.63,0.52,0.3075,0.660833333,0.543020833
05-09-2026 14:45,05-09-2026 15:00,18.2,36.2,90.76,0.27,26.5,31.07,2026,5,9,14,45,5,0.446197813,0.894934362,0.27,0.27,0.68,0.83,0.3075,0.5725,0.5371875
05-09-2026 15:00,05-09-2026 15:15,3,15,90.65,0.27,26.5,29.45,2026,5,9,15,0,5,0.446197813,0.894934362,0.27,0.27,1.03,1.67,0.3075,0.510833333,0.522604167
05-09-2026 15:15,05-09-2026 15:30,3,15,90.44,0.27,26.5,28.83,2026,5,9,15,15,5,0.446197813,0.894934362,0.27,0.42,1.14,1.32,0.27,0.4875,0.511666667
05-09-2026 15:30,05-09-2026 15:45,2.5,15,90.51,0.27,26.5,34.27,2026,5,9,15,30,5,0.446197813,0.894934362,0.27,0.27,0.33,1.13,0.27,0.4575,0.502708333
05-09-2026 15:45,05-09-2026 16:00,4.25,15.75,90.22,0.27,26.5,36.55,2026,5,9,15,45,5,0.446197813,0.894934362,0.27,0.27,0.27,0.65,0.27,0.423333333,0.49875
05-09-2026 16:00,05-09-2026 16:15,8.8,16,89.72,0.27,26.5,33.05,2026,5,9,16,0,5,0.446197813,0.894934362,0.27,0.27,0.27,0.75,0.27,0.36,0.49375
05-09-2026 16:15,05-09-2026 16:30,9,16,89.26,0.27,26.5,35.28,2026,5,9,16,15,5,0.446197813,0.894934362,0.27,0.27,0.42,0.41,0.27,0.2875,0.492291667
05-09-2026 16:30,05-09-2026 16:45,7.83,16,88.96,0.27,26.5,34.67,2026,5,9,16,30,5,0.446197813,0.894934362,0.27,0.27,0.27,1.14,0.27,0.2825,0.483229167
05-09-2026 16:45,05-09-2026 17:00,10.18,20.5,88.39,0.3,73.3,30.83,2026,5,9,16,45,5,0.957822495,0.28736052,0.27,0.27,0.27,0.47,0.2775,0.285,0.481458333
05-09-2026 17:00,05-09-2026 17:15,0.7,22,88.06,0.27,26.5,30.11,2026,5,9,17,0,5,0.446197813,0.894934362,0.3,0.27,0.27,1.15,0.2775,0.285,0.472291667
05-09-2026 17:15,05-09-2026 17:30,0.7,22,87.54,0.27,26.5,23.76,2026,5,9,17,15,5,0.446197813,0.894934362,0.27,0.27,0.27,0.55,0.2775,0.2725,0.469375
05-09-2026 17:30,05-09-2026 17:45,0.58,22,86.09,0.28,26.5,18.79,2026,5,9,17,30,5,0.446197813,0.894934362,0.27,0.27,0.27,0.47,0.28,0.273333333,0.467395833
05-09-2026 17:45,05-09-2026 18:00,0.53,10.75,84.47,0.39,26.5,12.55,2026,5,9,17,45,5,0.446197813,0.894934362,0.28,0.3,0.27,0.65,0.3025,0.283333333,0.4646875
05-09-2026 18:00,05-09-2026 18:15,6.69,7,84.9,0.27,298.63,8.42,2026,5,9,18,0,5,-0.877732213,0.479151503,0.39,0.27,0.27,0.37,0.3025,0.283333333,0.463645833
05-09-2026 18:15,05-09-2026 18:30,12.85,7,84.29,0.29,35.73,6.51,2026,5,9,18,15,5,0.583966337,0.811777874,0.27,0.27,0.27,0.28,0.3075,0.285,0.46375
05-09-2026 18:30,05-09-2026 18:45,19.01,7,84.02,0.27,26.5,6.22,2026,5,9,18,30,5,0.446197813,0.894934362,0.29,0.28,0.27,0.57,0.305,0.285,0.460625
05-09-2026 18:45,05-09-2026 19:00,25.17,49.4,84.59,0.27,26.5,6.17,2026,5,9,18,45,5,0.446197813,0.894934362,0.27,0.39,0.3,0.41,0.275,0.285,0.459166667
05-09-2026 19:00,05-09-2026 19:15,3,17,85.08,0.27,218.92,6.11,2026,5,9,19,0,5,-0.628234677,-0.778023901,0.27,0.27,0.27,0.61,0.275,0.285,0.455625
05-09-2026 19:15,05-09-2026 19:30,3,17,86.16,0.27,58.85,5.99,2026,5,9,19,15,5,0.855815998,0.517280366,0.27,0.29,0.27,0.99,0.27,0.285,0.448125
05-09-2026 19:30,05-09-2026 19:45,2.5,17,87.03,0.27,53.13,6.16,2026,5,9,19,30,5,0.799998928,0.600001429,0.27,0.27,0.28,0.9,0.27,0.285,0.4415625
05-09-2026 19:45,05-09-2026 20:00,3,29,87.65,0.27,26.5,5.98,2026,5,9,19,45,5,0.446197813,0.894934362,0.27,0.27,0.39,0.67,0.27,0.2825,0.437395833
05-09-2026 20:00,05-09-2026 20:15,3,33,88.03,0.29,26.5,6.15,2026,5,9,20,0,5,0.446197813,0.894934362,0.27,0.27,0.27,0.73,0.275,0.284166667,0.4328125
05-09-2026 20:15,05-09-2026 20:30,3,33,88.3,0.27,26.5,5.99,2026,5,9,20,15,5,0.446197813,0.894934362,0.29,0.27,0.29,0.36,0.275,0.284166667,0.431875
05-09-2026 20:30,05-09-2026 20:45,2.5,33,88.77,0.27,26.5,6.22,2026,5,9,20,30,5,0.446197813,0.894934362,0.27,0.27,0.27,0.27,0.275,0.283333333,0.431875
05-09-2026 20:45,05-09-2026 21:00,2.6,65.8,88.69,0.27,26.5,6.28,2026,5,9,20,45,5,0.446197813,0.894934362,0.27,0.27,0.27,0.27,0.275,0.273333333,0.431875
05-09-2026 21:00,05-09-2026 21:15,4,74,88.37,0.27,26.5,6.39,2026,5,9,21,0,5,0.446197813,0.894934362,0.27,0.29,0.27,0.34,0.27,0.273333333,0.431145833
05-09-2026 21:15,05-09-2026 21:30,4,74,88.16,0.27,26.5,6.46,2026,5,9,21,15,5,0.446197813,0.894934362,0.27,0.27,0.27,0.35,0.27,0.271666667,0.4303125
05-09-2026 21:30,05-09-2026 21:45,4,74,88.2,0.27,26.5,6.41,2026,5,9,21,30,5,0.446197813,0.894934362,0.27,0.27,0.27,0.42,0.27,0.271666667,0.42875
05-09-2026 21:45,05-09-2026 22:00,4.25,32,88.28,0.27,26.5,6.41,2026,5,9,21,45,5,0.446197813,0.894934362,0.27,0.27,0.27,0.27,0.27,0.271666667,0.42875
05-09-2026 22:00,05-09-2026 22:15,5,18,88.66,0.27,26.5,6.35,2026,5,9,22,0,5,0.446197813,0.894934362,0.27,0.27,0.29,0.27,0.27,0.271666667,0.42875
05-09-2026 22:15,05-09-2026 22:30,5,18,88.23,0.27,26.5,6.56,2026,5,9,22,15,5,0.446197813,0.894934362,0.27,0.27,0.27,0.27,0.27,0.271666667,0.42875
05-09-2026 22:30,05-09-2026 22:45,4.17,18,88.2,0.27,26.5,6.49,2026,5,9,22,30,5,0.446197813,0.894934362,0.27,0.27,0.27,0.27,0.27,0.271666667,0.42875
05-09-2026 22:45,05-09-2026 23:00,5.5,17.25,88.12,0.27,26.5,6.57,2026,5,9,22,45,5,0.446197813,0.894934362,0.27,0.27,0.27,0.27,0.27,0.271666667,0.42875
05-09-2026 23:00,05-09-2026 23:15,7,17,88.26,0.27,26.5,6.41,2026,5,9,23,0,5,0.446197813,0.894934362,0.27,0.27,0.27,0.27,0.27,0.27,0.42875
05-09-2026 23:15,05-09-2026 23:30,7,17,88.17,0.27,26.5,6.38,2026,5,9,23,15,5,0.446197813,0.894934362,0.27,0.27,0.27,0.27,0.27,0.27,0.42875
05-09-2026 23:30,05-09-2026 23:45,5.83,17,88.12,0.27,26.5,6.41,2026,5,9,23,30,5,0.446197813,0.894934362,0.27,0.27,0.27,0.27,0.27,0.27,0.42875
05-09-2026 23:45,05-10-2026 00:00,5.6,37,85.38,0.31,39.48,6.27,2026,5,9,23,45,5,0.635808834,0.77184657,0.27,0.27,0.27,0.27,0.28,0.273333333,0.429166667
01-10-2026 00:00,01-10-2026 00:15,17.155,26.1,75.16,1.86,251.01,6.06,2026,1,10,0,0,5,-0.945575384,-0.325403125,1.38,1.98,1.28,1.26,1.6975,1.72,1.759895833
01-10-2026 00:15,01-10-2026 00:30,20.57,27.4,74.62,1.3,270.13,6.06,2026,1,10,0,15,5,-0.999997426,0.002268926,1.86,1.83,1.87,1.23,1.565,1.686666667,1.760625
01-10-2026 00:30,01-10-2026 00:45,23.985,28.7,75.61,1.97,154.33,6.01,2026,1,10,0,30,5,0.433187222,-0.901303961,1.3,1.72,1.6,1.39,1.6275,1.671666667,1.766666667
01-10-2026 00:45,01-10-2026 01:00,27.4,30,70.16,1.9,227.75,6.06,2026,1,10,0,45,5,-0.740218127,-0.672366807,1.97,1.38,1.48,1.29,1.7575,1.680833333,1.773020833
01-10-2026 01:00,01-10-2026 01:15,9.02,22,69.7,1.89,127.02,6.04,2026,1,10,1,0,5,0.798425388,-0.602093763,1.9,1.86,1.98,1.86,1.765,1.731666667,1.773333333
01-10-2026 01:15,01-10-2026 01:30,9.02,22,71.74,2.03,264.33,6.1,2026,1,10,1,15,5,-0.995107437,-0.098798726,1.89,1.3,1.83,1.03,1.9475,1.745,1.78375
01-10-2026 01:45,01-10-2026 02:00,9.18,22.4,73.41,1.42,281.41,5.96,2026,1,10,1,45,5,-0.980236662,0.197828427,2.98,1.9,1.38,1.81,2.08,1.855,1.799166667
01-10-2026 02:00,01-10-2026 02:15,9.84,24,73.17,1.82,211.43,6.11,2026,1,10,2,0,5,-0.521456479,-0.85327788,1.42,1.89,1.86,1.84,2.0625,1.841666667,1.798958333
01-10-2026 02:30,01-10-2026 02:45,9.84,24,72.9,2.39,241.82,6.11,2026,1,10,2,30,5,-0.88146835,-0.472243103,3.11,2.98,1.97,1.94,2.185,2.004166667,1.816458333
01-10-2026 02:45,01-10-2026 03:00,13.67,26.6,72.99,1.61,81.72,6.17,2026,1,10,2,45,5,0.989576119,0.144010783,2.39,1.42,1.9,1.29,2.2325,2.023333333,1.819791667
01-10-2026 03:00,01-10-2026 03:15,22,37,72.97,1.25,210.49,6.24,2026,1,10,3,0,5,-0.507387973,-0.861717729,1.61,1.82,1.89,1.43,2.09,1.9725,1.817916667
01-10-2026 03:15,01-10-2026 03:30,22,37,72.67,1.38,234.85,6.21,2026,1,10,3,15,5,-0.817647619,-0.575719003,1.25,3.11,2.03,2.19,1.6575,1.979166667,1.809479167
01-10-2026 03:30,01-10-2026 03:45,22,37,72.21,1.35,148,6.31,2026,1,10,3,30,5,0.529919264,-0.848048096,1.38,2.39,2.98,1.25,1.3975,1.9275,1.810520833
01-10-2026 03:45,01-10-2026 04:00,32.85,66.8,73.08,1.39,256.54,6.08,2026,1,10,3,45,5,-0.972532659,-0.232766465,1.35,1.61,1.42,2.05,1.3425,1.885,1.803645833
01-10-2026 04:00,01-10-2026 04:15,11.07,27,78.15,2.32,85.83,6.17,2026,1,10,4,0,5,0.997352688,0.072715994,1.39,1.25,1.82,1.37,1.61,1.920833333,1.813541667
01-10-2026 04:15,01-10-2026 04:30,11.07,27,83.06,1.53,96.65,6.03,2026,1,10,4,15,5,0.993272086,-0.115803988,2.32,1.38,3.11,1.53,1.6475,1.879166667,1.813541667
01-10-2026 04:30,01-10-2026 04:45,11.07,27,82.74,1.58,245.06,6.01,2026,1,10,4,30,5,-0.906749855,-0.421668947,1.53,1.35,2.39,0.92,1.705,1.7625,1.820416667
01-10-2026 04:45,01-10-2026 05:00,10.5,25.6,82.36,1.92,211.47,6.03,2026,1,10,4,45,5,-0.522052052,-0.852913627,1.58,1.39,1.61,1.47,1.8375,1.804166667,1.825104167
01-10-2026 05:00,01-10-2026 05:15,8.2,20,84.32,1.85,141.59,5.99,2026,1,10,5,0,5,0.621284551,-0.783585035,1.92,2.32,1.25,1.6,1.72,1.806666667,1.827708333
01-10-2026 05:15,01-10-2026 05:30,8.2,20,85.78,1.84,126.83,5.99,2026,1,10,5,15,5,0.800417613,-0.599442778,1.85,1.53,1.38,1.51,1.7975,1.700833333,1.831145833
01-10-2026 05:30,01-10-2026 05:45,8.2,20,87.02,1.55,257.8,5.93,2026,1,10,5,30,5,-0.977415894,-0.211324796,1.84,1.58,1.35,1.66,1.79,1.630833333,1.83
01-10-2026 05:45,01-10-2026 06:00,8.36,20.4,87,2.12,204.79,5.92,2026,1,10,5,45,5,-0.419293639,-0.907850673,1.55,1.92,1.39,1.77,1.84,1.673333333,1.833645833
01-10-2026 06:00,01-10-2026 06:15,9.02,22,85.41,2.39,265.54,5.89,2026,1,10,6,0,5,-0.996971866,-0.077763097,2.12,1.85,2.32,1.87,1.975,1.768333333,1.8390625
01-10-2026 06:15,01-10-2026 06:30,9.02,22,84.03,2.03,175.07,5.83,2026,1,10,6,15,5,0.085938597,-0.996300435,2.39,1.84,1.53,1.25,2.0225,1.8225,1.8471875
01-10-2026 06:30,01-10-2026 06:45,9.02,22,82.99,2.33,187.94,6.29,2026,1,10,6,30,5,-0.138136019,-0.990413267,2.03,1.55,1.58,1.24,2.2175,1.904166667,1.858541667
01-10-2026 07:00,01-10-2026 07:15,13.12,32,83.14,2.42,155.85,12.78,2026,1,10,7,0,5,0.409126903,-0.912477494,2.68,2.39,1.85,1.52,2.365,2.02,1.8828125
01-10-2026 07:15,01-10-2026 07:30,13.12,32,83.73,1.78,145.5,13.28,2026,1,10,7,15,5,0.566406237,-0.824126189,2.42,2.03,1.84,1.54,2.3025,2.040833333,1.8853125
01-10-2026 07:30,01-10-2026 07:45,13.12,32,83.74,1.77,147.04,17.73,2026,1,10,7,30,5,0.5440534,-0.839050593,1.78,2.33,1.55,2.02,2.1625,2.056666667,1.882708333
01-10-2026 07:45,01-10-2026 08:00,12.87,31.4,82.79,1.59,167.02,24.8,2026,1,10,7,45,5,0.224610921,-0.974448528,1.77,2.68,2.12,2.3,1.89,2.029166667,1.8753125
01-10-2026 08:00,01-10-2026 08:15,11.89,29,81.61,1.87,88.32,27.57,2026,1,10,8,0,5,0.999570155,0.02931733,1.59,2.42,2.39,1.67,1.7525,2.030833333,1.877395833
01-10-2026 08:15,01-10-2026 08:30,11.89,29,81.14,1.59,215.72,29.15,2026,1,10,8,15,5,-0.583824646,-0.811879783,1.87,1.78,2.03,2.37,1.705,2.01,1.869270833
01-10-2026 08:45,01-10-2026 09:00,12.63,30.8,78.81,1.8,130.99,29.62,2026,1,10,8,45,5,0.754824073,-0.655927297,3.41,1.59,2.68,1.38,2.1675,2.138333333,1.8921875
01-10-2026 09:00,01-10-2026 09:15,15.58,38,75.91,1.83,132.03,30.35,2026,1,10,9,0,5,0.742794368,-0.669519624,1.8,1.87,2.42,2.01,2.1575,2.091666667,1.8903125
01-10-2026 09:15,01-10-2026 09:30,15.58,38,72.61,1.86,218.01,59.96,2026,1,10,9,15,5,-0.615799,-0.787903288,1.83,1.59,1.78,1.34,2.225,2.0775,1.895729167
01-10-2026 09:30,01-10-2026 09:45,15.58,38,72.36,1.77,136.34,71.54,2026,1,10,9,30,5,0.690377516,-0.723449297,1.86,3.41,1.77,2.67,1.815,2.030833333,1.886354167
01-10-2026 09:45,01-10-2026 10:00,15.25,37.2,71.62,1.29,170.6,100.91,2026,1,10,9,45,5,0.163325962,-0.986572162,1.77,1.8,1.59,1.78,1.6875,1.915,1.88125
01-10-2026 10:00,01-10-2026 10:15,13.94,34,71.77,2.01,257.35,88.07,2026,1,10,10,0,5,-0.975726024,-0.218994806,1.29,1.83,1.87,2.1,1.7325,1.880833333,1.8803125
01-10-2026 10:15,01-10-2026 10:30,13.94,34,72.46,1.69,307.2,97.79,2026,1,10,10,15,5,-0.796529918,0.604599115,2.01,1.86,1.59,1.95,1.69,1.873333333,1.877604167
01-10-2026 10:30,01-10-2026 10:45,13.94,34,71.51,1.57,218.49,108.76,2026,1,10,10,30,5,-0.622378036,-0.782716794,1.69,1.77,3.41,2.34,1.64,1.856666667,1.869583333
01-10-2026 11:15,01-10-2026 11:30,11.07,27,69.9,2.26,263.61,98.61,2026,1,10,11,15,5,-0.993787359,-0.111295485,2.72,1.69,1.86,1.82,2.4675,2.1275,1.893645833
01-10-2026 11:30,01-10-2026 11:45,11.07,27,70.42,1.85,262.1,90.52,2026,1,10,11,30,5,-0.990509463,-0.137444546,2.26,1.57,1.77,1.57,2.5375,1.9975,1.8965625
01-10-2026 11:45,01-10-2026 12:00,11.23,27.4,69.97,2.51,82.3,64.56,2026,1,10,11,45,5,0.9909832,0.133986185,1.85,3.32,1.29,2.01,2.335,2.056666667,1.901770833
01-10-2026 12:00,01-10-2026 12:15,11.89,29,70.53,2.34,161.57,59.11,2026,1,10,12,0,5,0.316145824,-0.948710608,2.51,2.72,2.01,2.21,2.24,2.099166667,1.903125
01-10-2026 12:15,01-10-2026 12:30,11.89,29,71.05,2.11,116.65,77.39,2026,1,10,12,15,5,0.893763153,-0.448539214,2.34,2.26,1.69,1.83,2.2025,2.12,1.906041667
01-10-2026 12:30,01-10-2026 12:45,11.89,29,70.67,1.5,233.58,51.71,2026,1,10,12,30,5,-0.804686606,-0.593699811,2.11,1.85,1.57,2.02,2.115,2.0975,1.900625
01-10-2026 12:45,01-10-2026 13:00,10.99,26.8,71.53,1.13,200.24,77.72,2026,1,10,12,45,5,-0.345953307,-0.93825173,1.5,2.51,3.32,1.67,1.77,2.084166667,1.895
01-10-2026 13:00,01-10-2026 13:15,7.38,18,72.49,2,142.07,46.79,2026,1,10,13,0,5,0.614698279,-0.788762338,1.13,2.34,2.72,2.25,1.685,2.083333333,1.892395833
01-10-2026 13:15,01-10-2026 13:30,7.38,18,73.11,1.91,199.68,34.02,2026,1,10,13,15,5,-0.336766603,-0.941588156,2,2.11,2.26,1.67,1.635,2.101666667,1.894895833
01-10-2026 13:30,01-10-2026 13:45,7.38,18,77.32,1.36,283.81,23.2,2026,1,10,13,30,5,-0.971092633,0.238702949,1.91,1.5,1.85,2.94,1.6,2.084166667,1.8784375
01-10-2026 13:45,01-10-2026 14:00,7.46,18.2,81.85,1.47,203.73,21.8,2026,1,10,13,45,5,-0.402427161,-0.915452008,1.36,1.13,2.51,1.95,1.685,1.93,1.8734375
01-10-2026 14:00,01-10-2026 14:15,7.79,19,83.05,1.48,204.49,30.34,2026,1,10,14,0,5,-0.414534418,-0.910033635,1.47,2,2.34,1.6,1.555,1.826666667,1.8721875
01-10-2026 14:15,01-10-2026 14:30,7.79,19,81.37,1.48,91.07,33.1,2026,1,10,14,15,5,0.999825627,-0.018673938,1.48,1.91,2.11,2.11,1.4475,1.761666667,1.865625
01-10-2026 14:30,01-10-2026 14:45,7.79,19,77.28,2.49,165.06,23.15,2026,1,10,14,30,5,0.257807388,-0.966196331,1.48,1.36,1.5,1.55,1.73,1.815,1.875416667
01-10-2026 14:45,01-10-2026 15:00,20.58,50.2,77.48,1.55,89.87,33.61,2026,1,10,14,45,5,0.999997426,0.002268926,2.49,1.47,1.13,1.75,1.75,1.735,1.873333333
01-10-2026 15:00,01-10-2026 15:15,6.97,17,79.36,1.76,337.24,28.46,2026,1,10,15,0,5,-0.38687191,0.922133464,1.55,1.48,2,2.32,1.82,1.686666667,1.8675
01-10-2026 15:15,01-10-2026 15:30,6.97,17,78.46,1.29,270.82,22.63,2026,1,10,15,15,5,-0.999897589,0.014311211,1.76,1.48,1.91,1.45,1.7725,1.618333333,1.865833333
01-10-2026 15:30,01-10-2026 15:45,6.97,17,78.7,1.81,168.14,16.81,2026,1,10,15,30,5,0.205521007,-0.978652704,1.29,2.49,1.36,1.91,1.6025,1.644166667,1.864791667
01-10-2026 15:45,01-10-2026 16:00,20.09,49,82.82,2.23,233.97,22.17,2026,1,10,15,45,5,-0.80870912,-0.588208772,1.81,1.55,1.47,2.91,1.7725,1.735833333,1.857708333
01-10-2026 16:00,01-10-2026 16:15,12.71,31,86.25,2.29,99.46,33.93,2026,1,10,16,0,5,0.986400586,-0.164359008,2.23,1.76,1.48,1.75,1.905,1.76,1.863333333
01-10-2026 16:30,01-10-2026 16:45,12.71,31,81.74,2.32,170.05,28.67,2026,1,10,16,30,5,0.172788705,-0.984958915,2.79,1.81,2.49,2.4,2.4075,1.913333333,1.871145833
01-10-2026 17:00,01-10-2026 17:15,11.48,28,82.08,2.51,150.65,11.1,2026,1,10,17,0,5,0.490143289,-0.871641874,2.79,2.29,1.76,1.76,2.6025,2.109166667,1.890625
01-10-2026 17:15,01-10-2026 17:30,11.48,28,81.4,1.8,251.39,9.06,2026,1,10,17,15,5,-0.947712727,-0.319124721,2.51,2.79,1.29,1.72,2.355,2.135833333,1.891458333
01-10-2026 17:30,01-10-2026 17:45,11.48,28,80.7,2.36,183.11,7.13,2026,1,10,17,30,5,-0.05425309,-0.998527217,1.8,2.32,1.81,1.15,2.365,2.125,1.9040625
01-10-2026 17:45,01-10-2026 18:00,18.94,46.2,80.33,1.66,119.54,6.75,2026,1,10,17,45,5,0.870011707,-0.493031063,2.36,2.79,2.23,2.2,2.0825,2.134166667,1.8984375
01-10-2026 18:00,01-10-2026 18:15,11.89,29,79.28,2.34,172.33,6.08,2026,1,10,18,0,5,0.133467289,-0.991053219,1.66,2.51,2.29,1.59,2.04,2.1825,1.90625
01-10-2026 18:15,01-10-2026 18:30,11.89,29,77.37,1.44,272.26,5.99,2026,1,10,18,15,5,-0.999222169,0.039434214,2.34,1.8,2.79,1.47,1.95,2.195,1.9059375
01-10-2026 18:30,01-10-2026 18:45,11.89,29,77.21,1.25,299.92,6.01,2026,1,10,18,30,5,-0.866722691,0.498790313,1.44,2.36,2.32,1.64,1.6725,2.148333333,1.901875
01-10-2026 18:45,01-10-2026 19:00,12.87,31.4,76.18,1.59,165.17,5.97,2026,1,10,18,45,5,0.25595195,-0.966689505,1.25,1.66,2.79,1.91,1.655,2.095,1.898541667
01-10-2026 19:00,01-10-2026 19:15,16.81,41,75.69,0.95,243.79,5.94,2026,1,10,19,0,5,-0.897181299,-0.441662447,1.59,2.34,2.51,1.92,1.3075,1.983333333,1.8884375
01-10-2026 19:15,01-10-2026 19:30,16.81,41,75.22,1.66,191.98,6.11,2026,1,10,19,15,5,-0.20757024,-0.978220116,0.95,1.44,1.8,1.36,1.3625,1.889166667,1.8915625
01-10-2026 19:30,01-10-2026 19:45,16.81,41,76.06,1.68,153.94,5.99,2026,1,10,19,30,5,0.439312121,-0.898334492,1.66,1.25,2.36,2.71,1.47,1.835833333,1.880833333
01-10-2026 19:45,01-10-2026 20:00,15.91,38.8,80.6,1.03,235.64,5.89,2026,1,10,19,45,5,-0.825507719,-0.564390828,1.68,1.59,1.66,1.47,1.33,1.689166667,1.87625
01-10-2026 20:00,01-10-2026 20:15,12.3,30,83.21,0.58,257.09,6.01,2026,1,10,20,0,5,-0.974722215,-0.223420241,1.03,0.95,2.34,1.89,1.2375,1.528333333,1.862604167
01-10-2026 20:15,01-10-2026 20:30,12.3,30,84.2,1.11,137.19,6,2026,1,10,20,15,5,0.679569354,-0.733611268,0.58,1.66,1.44,1.69,1.1,1.470833333,1.8565625
01-10-2026 20:30,01-10-2026 20:45,12.3,30,84.15,0.78,160.9,5.99,2026,1,10,20,30,5,0.327217899,-0.944948912,1.11,1.68,1.25,1.46,0.875,1.339166667,1.849479167
01-10-2026 20:45,01-10-2026 21:00,24.11,58.8,84.56,1.19,144.89,6.07,2026,1,10,20,45,5,0.575148037,-0.818049348,0.78,1.03,1.59,1.81,0.915,1.3,1.843020833
01-10-2026 21:00,01-10-2026 21:15,14.76,36,84.96,0.69,197.25,6.1,2026,1,10,21,0,5,-0.296541575,-0.955019944,1.19,0.58,0.95,1.42,0.9425,1.1625,1.835416667
01-10-2026 21:15,01-10-2026 21:30,14.76,36,84.39,1.64,141.1,5.93,2026,1,10,21,15,5,0.627963058,-0.778243149,0.69,1.11,1.66,1.7,1.075,1.179166667,1.834791667
01-10-2026 21:30,01-10-2026 21:45,14.76,36,84.57,1.4,89.75,5.97,2026,1,10,21,30,5,0.999990481,0.004363309,1.64,0.78,1.68,2.15,1.23,1.191666667,1.826979167
01-10-2026 21:45,01-10-2026 22:00,13.53,33,84.53,2.09,112.63,5.94,2026,1,10,21,45,5,0.923008874,-0.384778662,1.4,1.19,1.03,1.79,1.455,1.233333333,1.830104167
01-10-2026 22:00,01-10-2026 22:15,8.61,21,84.66,2.4,259.37,6.01,2026,1,10,22,0,5,-0.982838898,-0.184465989,2.09,0.69,0.58,1.28,1.8825,1.354166667,1.841770833
01-10-2026 22:15,01-10-2026 22:30,8.61,21,86.14,2.12,238.57,5.87,2026,1,10,22,15,5,-0.85327788,-0.521456479,2.4,1.64,1.11,1.87,2.0025,1.3925,1.844375
01-10-2026 22:30,01-10-2026 22:45,8.61,21,87.02,2.19,93.84,6,2026,1,10,22,30,5,0.997754957,-0.066970481,2.12,1.4,0.78,1.6,2.2,1.435,1.850520833
01-10-2026 22:45,01-10-2026 23:00,8.69,21.2,87.74,1.74,293.98,5.94,2026,1,10,22,45,5,-0.91368738,0.406417731,2.19,2.09,1.19,1.48,2.1125,1.494166667,1.853229167
01-10-2026 23:00,01-10-2026 23:15,9.02,22,88.72,1.72,201.76,5.93,2026,1,10,23,0,5,-0.37071954,-0.928744864,1.74,2.4,0.69,1.98,1.9425,1.589166667,1.850520833
01-10-2026 23:15,01-10-2026 23:30,9.02,22,90.26,2.1,181.86,5.83,2026,1,10,23,15,5,-0.032457422,-0.999473119,1.72,2.12,1.64,1.83,1.9375,1.671666667,1.853333333
01-10-2026 23:30,01-10-2026 23:45,9.02,22,90.89,2.02,183.49,5.87,2026,1,10,23,30,5,-0.060874331,-0.998145438,2.1,2.19,1.4,1.72,1.895,1.775,1.856458333
01-10-2026 23:45,01-11-2026 00:00,8.86,21.6,91.3,1.85,228.88,5.83,2026,1,10,23,45,5,-0.753333879,-0.657638249,2.02,1.74,2.09,1.38,1.9225,1.83,1.861354167
02-10-2026 00:00,02-10-2026 00:15,53,79,75.68,0.27,146.69,5.99,2026,2,10,0,0,1,0.549168686,-0.835711526,0.3,0.32,0.27,0.27,0.4025,0.33,0.474375
02-10-2026 00:15,02-10-2026 00:30,53,79,75.72,0.27,26.5,5.84,2026,2,10,0,15,1,0.446197813,0.894934362,0.27,0.7,0.27,0.27,0.295,0.33,0.474375
02-10-2026 00:30,02-10-2026 00:45,53,79,76.59,0.42,35.91,5.84,2026,2,10,0,30,1,0.586513727,0.809939287,0.27,0.34,0.27,0.27,0.315,0.340833333,0.4759375
02-10-2026 18:00,02-10-2026 18:15,42,74,71.02,0.53,329.46,6.64,2026,2,10,18,0,1,-0.50813977,0.861274622,0.42,0.79,0.957692308,0.27,0.6975,0.870576923,0.5421875
02-10-2026 18:15,02-10-2026 18:30,42,74,71.35,0.3,203.96,6.17,2026,2,10,18,15,1,-0.406098769,-0.913829191,0.53,0.89,0.96,0.32,0.55,0.816346154,0.541979167
02-10-2026 18:30,02-10-2026 18:45,42,74,71.53,0.56,213.71,6.01,2026,2,10,18,30,1,-0.554989622,-0.831857271,0.3,0.95,1.19,0.28,0.4525,0.783589744,0.544895833
02-10-2026 18:45,02-10-2026 19:00,42.6,78.8,72.1,0.95,218.42,6.03,2026,2,10,18,45,1,-0.621421303,-0.783476588,0.56,0.42,0.9,0.29,0.585,0.783141026,0.551770833
02-10-2026 19:00,02-10-2026 19:15,43,80,72.76,0.5,277.09,6.08,2026,2,10,19,0,1,-0.992353495,0.12342828,0.95,0.53,0.79,0.27,0.5775,0.745,0.554166667
02-10-2026 19:15,02-10-2026 19:30,43,80,73.25,0.33,284.47,6.07,2026,2,10,19,15,1,-0.968278606,0.249873049,0.5,0.3,0.89,0.29,0.585,0.6925,0.554583333
02-10-2026 19:30,02-10-2026 19:45,43,80,73.17,0.52,247.91,6.13,2026,2,10,19,30,1,-0.92659428,-0.376062548,0.33,0.56,0.95,0.5,0.575,0.636666667,0.554791667
02-10-2026 19:45,02-10-2026 20:00,41.2,79.2,72.8,0.42,239.8,6.01,2026,2,10,19,45,1,-0.864274802,-0.503019947,0.52,0.95,0.42,0.47,0.4425,0.596666667,0.554270833
02-10-2026 20:00,02-10-2026 20:15,40,79,72.76,0.27,232.71,6.17,2026,2,10,20,0,1,-0.795579234,-0.605849555,0.42,0.5,0.53,0.31,0.385,0.553333333,0.553854167
02-10-2026 20:15,02-10-2026 20:30,40,79,72.81,0.35,265.46,6.13,2026,2,10,20,15,1,-0.996862316,-0.079155056,0.27,0.33,0.3,0.29,0.39,0.508333333,0.554479167
02-10-2026 20:30,02-10-2026 20:45,48.64,88.8,73.12,0.31,209.5,6.15,2026,2,10,20,30,1,-0.49242356,-0.870355696,0.35,0.52,0.56,0.55,0.3375,0.455,0.551979167
02-10-2026 20:45,02-10-2026 21:00,40.6,69.4,73.18,0.51,279.7,6.13,2026,2,10,20,45,1,-0.985703469,0.16848938,0.31,0.42,0.95,0.27,0.36,0.4625,0.554479167
02-10-2026 21:00,02-10-2026 21:15,41,67,73.6,0.48,183.79,6.18,2026,2,10,21,0,1,-0.06609975,-0.99781302,0.51,0.27,0.5,0.35,0.4125,0.458333333,0.555833333
02-10-2026 21:15,02-10-2026 21:30,41,67,73.54,0.47,279.56,6.14,2026,2,10,21,15,1,-0.986112223,0.166080351,0.48,0.35,0.33,0.27,0.4425,0.4725,0.557916667
02-10-2026 21:30,02-10-2026 21:45,49.05,78.6,73.44,0.5,330.8,6.13,2026,2,10,21,30,1,-0.487859659,0.872922077,0.47,0.31,0.52,0.29,0.49,0.4675,0.560104167
02-10-2026 21:45,02-10-2026 22:00,39.2,77.4,73.79,0.43,260.63,6.04,2026,2,10,21,45,1,-0.986657544,-0.162809372,0.5,0.51,0.42,0.34,0.47,0.424166667,0.561041667
02-10-2026 22:00,02-10-2026 22:15,38,80,73.56,0.36,313.09,6.17,2026,2,10,22,0,1,-0.730281519,0.683146326,0.43,0.48,0.27,0.27,0.44,0.4125,0.561979167
02-10-2026 22:15,02-10-2026 22:30,38,80,73.1,0.27,275.82,6.11,2026,2,10,22,15,1,-0.994845373,0.10140357,0.36,0.47,0.35,0.27,0.39,0.4075,0.561979167
02-10-2026 22:30,02-10-2026 22:45,53.67,99.8,72.4,0.44,200.49,6.1,2026,2,10,22,30,1,-0.350043896,-0.936733298,0.27,0.5,0.31,0.27,0.375,0.400833333,0.56375
02-10-2026 22:45,02-10-2026 23:00,46.4,70.4,72.75,0.38,302.41,5.9,2026,2,10,22,45,1,-0.844234393,0.53597415,0.44,0.43,0.51,0.32,0.3625,0.3975,0.564375
02-10-2026 23:00,02-10-2026 23:15,52,68,73,0.27,219.63,6.01,2026,2,10,23,0,1,-0.637827342,-0.770179383,0.38,0.36,0.48,0.32,0.34,0.3975,0.563854167
02-10-2026 23:15,02-10-2026 23:30,52,68,73.15,0.27,339.49,6,2026,2,10,23,15,1,-0.350370856,0.936611052,0.27,0.27,0.47,0.7,0.34,0.390833333,0.559375
02-10-2026 23:30,02-10-2026 23:45,61.23,84.6,73.74,0.48,338.66,5.99,2026,2,10,23,30,1,-0.363901585,0.931437403,0.27,0.44,0.5,0.34,0.35,0.405,0.560833333
02-10-2026 23:45,02-11-2026 00:00,46.6,69.6,73.41,0.31,324.91,5.86,2026,2,10,23,45,1,-0.574862449,0.818250062,0.48,0.38,0.43,0.3,0.3325,0.388333333,0.5609375
03-10-2026 01:00,03-10-2026 01:15,44,53,75.69,0.37,26.5,6.28,2026,3,10,1,0,1,0.446197813,0.894934362,0.27,0.34,0.36,0.49,0.4025,0.381666667,0.575208333
03-10-2026 01:15,03-10-2026 01:30,44,53,75.81,0.27,39.83,6.35,2026,3,10,1,15,1,0.640511884,0.767948258,0.37,0.47,0.28,0.3,0.3525,0.37,0.574895833
03-10-2026 01:30,03-10-2026 01:45,44,53,76.11,0.29,85.25,6.31,2026,3,10,1,30,1,0.996565502,0.082808208,0.27,0.5,0.49,0.52,0.3,0.36,0.5725
03-10-2026 01:45,03-10-2026 02:00,54.1,74,75.77,0.27,57.36,6.18,2026,3,10,1,45,1,0.842076059,0.539358796,0.29,0.27,0.36,0.42,0.3,0.355833333,0.5709375
03-10-2026 02:00,03-10-2026 02:15,41,57,74.1,0.34,78.02,6.32,2026,3,10,2,0,1,0.978220116,0.20757024,0.27,0.37,0.34,0.29,0.2925,0.354166667,0.571458333
03-10-2026 02:15,03-10-2026 02:30,41,57,74.29,0.29,71.99,6.38,2026,3,10,2,15,1,0.951002568,0.30918298,0.34,0.27,0.47,0.34,0.2975,0.355,0.5709375
03-10-2026 02:30,03-10-2026 02:45,41,57,75.2,0.27,71.78,6.38,2026,3,10,2,30,1,0.949862968,0.312666502,0.29,0.29,0.5,0.43,0.2925,0.336666667,0.569270833
03-10-2026 02:45,03-10-2026 03:00,30.8,50.4,75.74,0.27,72.55,6.28,2026,3,10,2,45,1,0.953979003,0.29987341,0.27,0.27,0.27,0.27,0.2925,0.329166667,0.569270833
03-10-2026 03:00,03-10-2026 03:15,31,46,76.41,0.27,72.03,6.28,2026,3,10,3,0,1,0.951218187,0.30851898,0.27,0.34,0.37,0.27,0.275,0.323333333,0.569270833
03-10-2026 03:15,03-10-2026 03:30,31,46,77.58,0.27,43.33,6.25,2026,3,10,3,15,1,0.68619932,0.727413564,0.27,0.29,0.27,0.27,0.27,0.306666667,0.569270833
03-10-2026 03:30,03-10-2026 03:45,31,46,78.29,0.27,26.5,6.42,2026,3,10,3,30,1,0.446197813,0.894934362,0.27,0.27,0.29,0.27,0.27,0.2875,0.569270833
03-10-2026 03:45,03-10-2026 04:00,36.2,53.2,79.09,0.3,32.38,6.34,2026,3,10,3,45,1,0.535532036,0.844514913,0.27,0.27,0.27,0.27,0.2775,0.29,0.569583333
03-10-2026 04:00,03-10-2026 04:15,44,58,79.4,0.27,27.03,6.18,2026,3,10,4,0,1,0.454456967,0.890768693,0.3,0.27,0.34,0.27,0.2775,0.281666667,0.569583333
03-10-2026 04:15,03-10-2026 04:30,44,58,79.2,0.27,26.5,6.08,2026,3,10,4,15,1,0.446197813,0.894934362,0.27,0.27,0.29,0.27,0.2775,0.281666667,0.569583333
03-10-2026 04:30,03-10-2026 04:45,44,58,79.77,0.33,312.82,5.99,2026,3,10,4,30,1,-0.73349265,0.679697383,0.27,0.27,0.27,0.27,0.2925,0.285,0.570208333
03-10-2026 04:45,03-10-2026 05:00,36.8,56.8,80.39,0.27,219.55,6.21,2026,3,10,4,45,1,-0.636751347,-0.771069207,0.33,0.3,0.27,0.27,0.285,0.285,0.570208333
03-10-2026 05:00,03-10-2026 05:15,26,56,80.64,0.27,26.5,6.13,2026,3,10,5,0,1,0.446197813,0.894934362,0.27,0.27,0.27,0.27,0.285,0.279166667,0.570208333
03-10-2026 05:15,03-10-2026 05:30,26,56,80.53,0.27,26.5,5.82,2026,3,10,5,15,1,0.446197813,0.894934362,0.27,0.27,0.27,0.27,0.285,0.2775,0.570208333
03-10-2026 05:30,03-10-2026 05:45,26,56,79.8,0.27,91.64,6.07,2026,3,10,5,30,1,0.999590378,-0.028619491,0.27,0.33,0.27,0.27,0.27,0.2775,0.570208333
03-10-2026 05:45,03-10-2026 06:00,28,53.6,79.32,0.28,346.36,5.97,2026,3,10,5,45,1,-0.235820613,0.971796604,0.27,0.27,0.3,0.27,0.2725,0.278333333,0.5703125
03-10-2026 06:00,03-10-2026 06:15,36,52,79.57,0.29,202.79,6.49,2026,3,10,6,0,1,-0.387354685,-0.921930772,0.28,0.27,0.27,0.27,0.2775,0.28,0.570520833
03-10-2026 06:15,03-10-2026 06:30,36,52,79.58,0.27,26.5,9.11,2026,3,10,6,15,1,0.446197813,0.894934362,0.29,0.27,0.27,0.27,0.2775,0.28,0.570520833
03-10-2026 06:30,03-10-2026 06:45,36,52,79.6,0.27,26.5,12.55,2026,3,10,6,30,1,0.446197813,0.894934362,0.27,0.27,0.33,0.27,0.2775,0.28,0.570520833
03-10-2026 06:45,03-10-2026 07:00,52.57,84.6,79.73,0.27,26.5,16.29,2026,3,10,6,45,1,0.446197813,0.894934362,0.27,0.28,0.27,0.27,0.275,0.2775,0.570520833
03-10-2026 07:00,03-10-2026 07:15,32,65,79.44,0.37,90.74,25.58,2026,3,10,7,0,1,0.999916597,-0.012915077,0.27,0.29,0.27,0.27,0.295,0.285833333,0.5715625
03-10-2026 07:15,03-10-2026 07:30,32,65,78.35,0.49,145.04,31.78,2026,3,10,7,15,1,0.573004421,-0.819552277,0.37,0.27,0.27,0.27,0.35,0.304166667,0.573854167
03-10-2026 07:30,03-10-2026 07:45,32,65,77.58,0.4,248.08,35.84,2026,3,10,7,30,1,-0.927706,-0.373311636,0.49,0.27,0.27,0.27,0.3825,0.31,0.575208333
03-10-2026 07:45,03-10-2026 08:00,26.2,65.6,76.92,0.45,216.81,41.66,2026,3,10,7,45,1,-0.599163343,-0.800626809,0.4,0.27,0.28,0.27,0.4275,0.325,0.577083333
03-10-2026 08:00,03-10-2026 08:15,35,66,76.36,0.45,91.58,92.46,2026,3,10,8,0,1,0.999619801,-0.027572707,0.45,0.37,0.29,0.27,0.4475,0.34,0.578958333
03-10-2026 08:15,03-10-2026 08:30,35,66,74.35,0.47,120.92,113.73,2026,3,10,8,15,1,0.857885594,-0.513840742,0.45,0.49,0.27,0.38,0.4425,0.356666667,0.579895833
03-10-2026 08:30,03-10-2026 08:45,35,66,72.31,0.81,141.74,132.3,2026,3,10,8,30,1,0.619231004,-0.785208867,0.47,0.4,0.27,0.54,0.545,0.401666667,0.582708333
03-10-2026 08:45,03-10-2026 09:00,35.4,62.4,71.51,0.6,138.05,124.23,2026,3,10,8,45,1,0.668481835,-0.743728469,0.81,0.45,0.27,0.3,0.5825,0.428333333,0.585833333
03-10-2026 09:30,03-10-2026 09:45,36,60,69.94,0.67,242.91,134.46,2026,3,10,9,30,1,-0.890292299,-0.455389529,0.61,0.81,0.4,0.65,0.6775,0.535,0.587708333
03-10-2026 15:30,03-10-2026 15:45,27,50,67.56,1.21,72.18,161.82,2026,3,10,15,30,1,0.952022627,0.306027642,0.98,0.69,0.93,0.99,1.0225,1.113333333,0.597708333
03-10-2026 15:45,03-10-2026 16:00,40.6,66.8,67.83,1.4,31.65,143.24,2026,3,10,15,45,1,0.524728978,0.851269346,1.21,1.02,0.98,1.19,1.1175,1.138333333,0.599895833
03-10-2026 16:00,03-10-2026 16:15,31,47,68.29,0.76,41.77,124.04,2026,3,10,16,0,1,0.666142049,0.745824893,1.4,0.88,0.9,0.64,1.0875,1.039166667,0.601145833
03-10-2026 16:15,03-10-2026 16:30,31,47,68.21,0.77,26.89,106.16,2026,3,10,16,15,1,0.452279054,0.891876481,0.76,0.98,1.45,0.66,1.035,0.9975,0.602291667
03-10-2026 16:30,03-10-2026 16:45,31,47,68.6,0.96,156.18,86.6,2026,3,10,16,30,1,0.403864653,-0.914818748,0.77,1.21,0.69,0.81,0.9725,1,0.603854167
03-10-2026 16:45,03-10-2026 17:00,38.49,65,68.98,1.01,254.49,70.11,2026,3,10,16,45,1,-0.963583797,-0.267406557,0.96,1.4,1.02,0.62,0.875,1.0025,0.607916667
03-10-2026 17:00,03-10-2026 17:15,13,49,69.26,0.98,41.26,54.15,2026,3,10,17,0,1,0.659477026,0.751724718,1.01,0.76,0.88,0.52,0.93,1.009166667,0.612708333
03-10-2026 17:15,03-10-2026 17:30,13,49,69.65,0.6,97.46,38.53,2026,3,10,17,15,1,0.991535744,-0.129834001,0.98,0.77,0.98,0.56,0.8875,0.938333333,0.613125
03-10-2026 17:30,03-10-2026 17:45,13,49,70.38,0.55,64.47,22.53,2026,3,10,17,30,1,0.902359746,0.43098363,0.6,0.96,1.21,0.81,0.785,0.926666667,0.610416667
03-10-2026 17:45,03-10-2026 18:00,13.8,45.4,72,0.3,26.5,12.71,2026,3,10,17,45,1,0.446197813,0.894934362,0.55,1.01,1.4,0.61,0.6075,0.866666667,0.6071875
03-10-2026 18:00,03-10-2026 18:15,30,43,73.91,0.47,146.72,8.07,2026,3,10,18,0,1,0.548731033,-0.835998956,0.3,0.98,0.76,0.48,0.48,0.8325,0.607083333
03-10-2026 18:15,03-10-2026 18:30,30,43,75.12,0.44,337.5,6.55,2026,3,10,18,15,1,-0.382683432,0.923879533,0.47,0.6,0.77,0.41,0.44,0.7875,0.607395833
03-10-2026 18:30,03-10-2026 18:45,30,43,75.69,0.54,150.02,6.2,2026,3,10,18,30,1,0.49969767,-0.866199884,0.44,0.55,0.96,0.47,0.4375,0.731666667,0.608125
03-10-2026 20:00,03-10-2026 20:15,27.6,34,76.61,0.35,337,6.32,2026,3,10,20,0,1,-0.390731128,0.920504853,0.28,0.28,0.47,0.48,0.405,0.448333333,0.606979167
03-10-2026 20:15,03-10-2026 20:30,27.4,34,76.83,0.27,339.8,6.42,2026,3,10,20,15,1,-0.345298199,0.938493023,0.35,0.48,0.44,0.39,0.3525,0.420833333,0.605729167
03-10-2026 20:30,03-10-2026 20:45,26.6,34,77.14,0.29,271.18,6.36,2026,3,10,20,30,1,-0.999787933,0.020593429,0.27,0.51,0.54,0.4,0.2975,0.399166667,0.604583333
03-10-2026 20:45,03-10-2026 21:00,26.2,33.4,77.55,0.3,152.38,6.27,2026,3,10,20,45,1,0.46360535,-0.886041804,0.29,0.28,0.58,0.27,0.3025,0.399166667,0.604895833
03-10-2026 21:00,03-10-2026 21:15,26,33,78.18,0.27,205.02,6.1,2026,3,10,21,0,1,-0.422934597,-0.90616021,0.3,0.35,0.28,0.27,0.2825,0.3825,0.604895833
03-10-2026 21:15,03-10-2026 21:30,26,33,78.46,0.27,312.04,6.11,2026,3,10,21,15,1,-0.742677503,0.669649256,0.27,0.27,0.48,0.27,0.2825,0.368333333,0.604895833
03-10-2026 21:30,03-10-2026 21:45,26,33,78.09,0.32,218.67,6.17,2026,3,10,21,30,1,-0.624833938,-0.780757677,0.27,0.29,0.51,0.38,0.29,0.35,0.604270833
03-10-2026 23:00,03-10-2026 23:15,26,30,79.03,0.27,26.5,6.07,2026,3,10,23,0,1,0.446197813,0.894934362,0.31,0.27,0.27,0.36,0.28,0.281666667,0.598958333
03-10-2026 23:15,03-10-2026 23:30,26,30,79.21,0.27,156.23,6.18,2026,3,10,23,15,1,0.403066169,-0.915170838,0.27,0.27,0.27,0.28,0.28,0.281666667,0.598854167
03-10-2026 23:30,03-10-2026 23:45,26,30,79.53,0.27,26.5,6,2026,3,10,23,30,1,0.446197813,0.894934362,0.27,0.27,0.32,0.49,0.28,0.28,0.5965625
04-10-2026 00:00,04-10-2026 00:15,22,60,87.34,0.65,87.69,6.38,2026,4,10,0,0,4,0.999187376,0.040306184,0.74,0.97,0.78,0.94,0.6575,0.841666667,1.347708333
04-10-2026 00:15,04-10-2026 00:30,22,60,87.43,0.66,52.86,6.42,2026,4,10,0,15,4,0.797162616,0.603764659,0.65,0.72,1.05,1.44,0.6425,0.815,1.339583333
04-10-2026 00:30,04-10-2026 00:45,22,60,87.55,0.88,77.24,6.42,2026,4,10,0,30,4,0.975303787,0.220867661,0.66,0.52,0.4,1.39,0.7325,0.746666667,1.334270833
04-10-2026 00:45,04-10-2026 01:00,21.6,58.4,87.63,0.75,113.1,6.35,2026,4,10,0,45,4,0.919821497,-0.392337117,0.88,0.74,0.78,1.39,0.735,0.741666667,1.327604167
04-10-2026 01:00,04-10-2026 01:15,20,56,87.65,0.75,81.05,6.42,2026,4,10,1,0,4,0.987824479,0.155572485,0.75,0.65,0.97,1.04,0.76,0.739166667,1.324583333
04-10-2026 01:15,04-10-2026 01:30,20,56,87.68,1,119.44,6.31,2026,4,10,1,15,4,0.870870883,-0.491511856,0.75,0.66,0.72,0.98,0.845,0.735,1.324791667
04-10-2026 01:30,04-10-2026 01:45,20,56,87.77,1.2,51.74,6.39,2026,4,10,1,30,4,0.785208867,0.619231004,1,0.88,0.52,0.85,0.925,0.801666667,1.3284375
04-10-2026 01:45,04-10-2026 02:00,20,56,87.74,1.1,26.5,6.39,2026,4,10,1,45,4,0.446197813,0.894934362,1.2,0.75,0.74,0.9,1.0125,0.828333333,1.330520833
04-10-2026 02:00,04-10-2026 02:15,27,56,87.66,0.84,66.37,6.42,2026,4,10,2,0,4,0.916152982,0.400828784,1.1,0.75,0.65,0.61,1.035,0.8175,1.332916667
04-10-2026 02:15,04-10-2026 02:30,27,56,87.82,0.85,41.08,6.32,2026,4,10,2,15,4,0.657112163,0.753792814,0.84,1,0.66,1.22,0.9975,0.828333333,1.3290625
04-10-2026 02:30,04-10-2026 02:45,27,56,87.72,0.95,91.26,6.31,2026,4,10,2,30,4,0.999758204,-0.021989376,0.85,1.2,0.88,1.5,0.935,0.864166667,1.323333333
04-10-2026 02:45,04-10-2026 03:00,27,50.8,87.68,1.06,59.69,6.1,2026,4,10,2,45,4,0.863307481,0.504678307,0.95,1.1,0.75,1.37,0.925,0.890833333,1.320104167
04-10-2026 03:00,04-10-2026 03:15,23,43,87.87,0.77,106.91,6.18,2026,4,10,3,0,4,0.956762832,-0.290869185,1.06,0.84,0.75,1.21,0.9075,0.900833333,1.315520833
04-10-2026 03:15,04-10-2026 03:30,23,43,87.91,0.29,89.97,6.22,2026,4,10,3,15,4,0.999999863,0.000523599,0.77,0.85,1,1.49,0.7675,0.87,1.303020833
04-10-2026 03:30,04-10-2026 03:45,23,43,87.56,0.68,148.95,6.08,2026,4,10,3,30,4,0.515785898,-0.856717519,0.29,0.95,1.2,1.15,0.7,0.853333333,1.298125
04-10-2026 03:45,04-10-2026 04:00,23,44.6,87.28,0.53,137.17,6.07,2026,4,10,3,45,4,0.679825391,-0.733374009,0.68,1.06,1.1,1.16,0.5675,0.835,1.2915625
04-10-2026 04:00,04-10-2026 04:15,12,47,87.11,0.78,63.85,6.08,2026,4,10,4,0,4,0.897643315,0.440722679,0.53,0.77,0.84,0.94,0.57,0.8375,1.289895833
04-10-2026 04:15,04-10-2026 04:30,12,47,86.86,0.81,190.87,6.08,2026,4,10,4,15,4,-0.188581265,-0.982057588,0.78,0.29,0.85,0.69,0.7,0.821666667,1.291145833
04-10-2026 04:30,04-10-2026 04:45,12,47,86.62,0.69,181.41,5.94,2026,4,10,4,30,4,-0.024606659,-0.99969721,0.81,0.68,0.95,0.91,0.7025,0.779166667,1.288854167
04-10-2026 04:45,04-10-2026 05:00,12,48.2,86.19,0.46,201.17,6.15,2026,4,10,4,45,4,-0.361136357,-0.93251302,0.69,0.53,1.06,1.08,0.685,0.725833333,1.282395833
04-10-2026 05:00,04-10-2026 05:15,22,50,85.84,0.73,80,6.01,2026,4,10,5,0,4,0.984807753,0.173648178,0.46,0.78,0.77,0.93,0.6725,0.716666667,1.2803125
04-10-2026 05:15,04-10-2026 05:30,22,50,85.73,0.51,26.5,6.11,2026,4,10,5,15,4,0.446197813,0.894934362,0.73,0.81,0.29,1.04,0.5975,0.688333333,1.274791667
04-10-2026 05:30,04-10-2026 05:45,22,50,85.99,0.32,26.5,6.11,2026,4,10,5,30,4,0.446197813,0.894934362,0.51,0.69,0.68,0.55,0.505,0.635833333,1.272395833
04-10-2026 05:45,04-10-2026 06:00,22,49.2,86.37,0.27,26.5,6.7,2026,4,10,5,45,4,0.446197813,0.894934362,0.32,0.46,0.53,1.19,0.4575,0.57,1.2628125
04-10-2026 06:00,04-10-2026 06:15,19,48,86.69,0.27,26.5,9.42,2026,4,10,6,0,4,0.446197813,0.894934362,0.27,0.73,0.78,1.13,0.3425,0.528333333,1.253854167
04-10-2026 06:15,04-10-2026 06:30,19,48,86.81,0.27,50.01,14.65,2026,4,10,6,15,4,0.766156619,0.6426539,0.27,0.51,0.81,1.29,0.2825,0.526666667,1.243229167
04-10-2026 06:30,04-10-2026 06:45,19,48,86.52,0.27,61.26,19.85,2026,4,10,6,30,4,0.876810691,0.480835744,0.27,0.32,0.69,1,0.27,0.4925,1.235625
04-10-2026 06:45,04-10-2026 07:00,30.67,65.4,86.24,0.27,62.11,22.38,2026,4,10,6,45,4,0.883847286,0.467775561,0.27,0.27,0.46,0.77,0.27,0.470833333,1.230416667
04-10-2026 07:00,04-10-2026 07:15,25,64,85.93,0.39,80.09,33.5,2026,4,10,7,0,4,0.985079304,0.172101032,0.27,0.27,0.73,1.59,0.3,0.438333333,1.217916667
04-10-2026 07:15,04-10-2026 07:30,25,64,85.38,0.8,108.77,35.45,2026,4,10,7,15,4,0.946817868,-0.321769987,0.39,0.27,0.51,1.28,0.4325,0.4375,1.212916667
04-10-2026 07:30,04-10-2026 07:45,25,64,84.65,1.55,121.57,30.3,2026,4,10,7,30,4,0.852001176,-0.523539871,0.8,0.27,0.32,1.19,0.7525,0.509166667,1.216666667
04-10-2026 07:45,04-10-2026 08:00,25,68.8,84.4,0.83,50.4,65.05,2026,4,10,7,45,4,0.770513243,0.63742399,1.55,0.27,0.27,1.72,0.8925,0.54,1.207395833
04-10-2026 08:00,04-10-2026 08:15,67,76,83.12,1.17,74.61,121.65,2026,4,10,8,0,4,0.964141738,0.265387847,0.83,0.39,0.27,1.84,1.0875,0.576666667,1.200416667
04-10-2026 08:15,04-10-2026 08:30,68.8,76,80.59,1.4,36,144.8,2026,4,10,8,15,4,0.587785252,0.809016994,1.17,0.8,0.27,1.4,1.2375,0.650833333,1.200416667
04-10-2026 08:30,04-10-2026 08:45,69.4,76,77.48,1.31,51.51,143.02,2026,4,10,8,30,4,0.782716794,0.622378036,1.4,1.55,0.27,1.59,1.1775,0.733333333,1.1975
04-10-2026 15:30,04-10-2026 15:45,44.4,51,75.12,1.16,37.72,163.71,2026,4,10,15,30,4,0.611803192,0.791010022,1.53,1.89,1.8,2.46,1.455,1.626666667,1.11625
04-10-2026 15:45,04-10-2026 16:00,39.2,55.4,75.47,1.16,52.54,144.17,2026,4,10,15,45,4,0.793778143,0.608207416,1.16,1.4,1.75,2.33,1.395,1.616666667,1.1040625
04-10-2026 16:00,04-10-2026 16:15,53.6,62,75.71,0.83,86.44,125.59,2026,4,10,16,0,4,0.998070321,0.06209375,1.16,1.73,1.99,2.46,1.17,1.558333333,1.087083333
04-10-2026 16:15,04-10-2026 16:30,56.2,62,76.37,0.8,49.41,106.76,2026,4,10,16,15,4,0.759384877,0.65064169,0.83,1.53,1.92,0.98,0.9875,1.496666667,1.085208333
04-10-2026 16:30,04-10-2026 16:45,54.2,62,76.47,0.7,38.87,88.39,2026,4,10,16,30,4,0.627555484,0.778571843,0.8,1.16,1.89,1.4,0.8725,1.405,1.077916667
04-10-2026 16:45,04-10-2026 17:00,52.8,60.4,76.45,1.61,33.43,69.83,2026,4,10,16,45,4,0.55091779,0.834559518,0.7,1.16,1.4,2.36,0.985,1.393333333,1.070104167
04-10-2026 17:00,04-10-2026 17:15,55.43,68.6,77.65,1,33.76,53.08,2026,4,10,17,0,4,0.555715343,0.831372634,1.61,0.83,1.73,0.9,1.0275,1.310833333,1.071145833
04-10-2026 17:15,04-10-2026 17:30,49.2,58,79.16,1.19,33.73,36.13,2026,4,10,17,15,4,0.555279962,0.831663492,1,0.8,1.53,2.12,1.125,1.25,1.061458333
04-10-2026 17:30,04-10-2026 17:45,51.2,58,80.62,0.77,82.04,22.14,2026,4,10,17,30,4,0.990364989,0.13848173,1.19,0.7,1.16,1.59,1.1425,1.156666667,1.052916667
04-10-2026 17:45,04-10-2026 18:00,51.4,58,81.56,0.86,49.55,14.95,2026,4,10,17,45,4,0.760972426,0.648784222,0.77,1.61,1.16,1.4,0.955,1.111666667,1.047291667
04-10-2026 18:00,04-10-2026 18:15,62.94,82,82.49,1.3,26.5,8.84,2026,4,10,18,0,4,0.446197813,0.894934362,0.86,1,0.83,1.7,1.03,1.075833333,1.043125
04-10-2026 18:15,04-10-2026 18:30,51.6,58,83.26,1.25,78.61,6.89,2026,4,10,18,15,4,0.980305657,0.197486248,1.3,1.19,0.8,1.03,1.045,1.0525,1.045416667
04-10-2026 18:30,04-10-2026 18:45,51.4,58,83.79,0.94,79.25,6.55,2026,4,10,18,30,4,0.982450398,0.186524036,1.25,0.77,0.7,1.44,1.0875,1.034166667,1.040208333
04-10-2026 18:45,04-10-2026 19:00,70.54,97.4,84.2,0.53,40.61,6.35,2026,4,10,18,45,4,0.650906725,0.759157714,0.94,0.86,1.61,1.35,1.005,0.981666667,1.031666667
04-10-2026 19:00,04-10-2026 19:15,45.6,53,84.54,0.97,26.5,6.45,2026,4,10,19,0,4,0.446197813,0.894934362,0.53,1.3,1,0.84,0.9225,0.993333333,1.033020833
04-10-2026 19:15,04-10-2026 19:30,45.8,53,84.92,0.87,34.79,6.39,2026,4,10,19,15,4,0.570570241,0.821248805,0.97,1.25,1.19,1.03,0.8275,0.999166667,1.031354167
04-10-2026 19:30,04-10-2026 19:45,46,53,85.12,0.51,40.21,6.35,2026,4,10,19,30,4,0.645590985,0.763683363,0.87,0.94,0.77,1.35,0.72,0.983333333,1.022604167
04-10-2026 19:45,04-10-2026 20:00,57.09,75.2,85.32,1.37,41.49,6.17,2026,4,10,19,45,4,0.662489321,0.749071358,0.51,0.53,0.86,1.26,0.93,0.963333333,1.02375
04-10-2026 20:00,04-10-2026 20:15,35,44,85.61,0.86,51.25,6.14,2026,4,10,20,0,4,0.779884483,0.625923472,1.37,0.97,1.3,1.66,0.9025,0.951666667,1.015416667
04-10-2026 20:15,04-10-2026 20:30,37,44,85.8,0.96,34.39,6.21,2026,4,10,20,15,4,0.564822985,0.825212091,0.86,0.87,1.25,1.01,0.925,0.9325,1.014895833
04-10-2026 20:30,04-10-2026 20:45,38,44,85.96,0.4,44.79,6.22,2026,4,10,20,30,4,0.704510356,0.709693708,0.96,0.51,0.94,0.67,0.8975,0.901666667,1.012083333
04-10-2026 20:45,04-10-2026 21:00,53.7,72.4,86.04,0.45,46.12,6.01,2026,4,10,20,45,4,0.720793111,0.693150266,0.4,1.37,0.53,1.31,0.6675,0.8675,1.003125
04-10-2026 21:00,04-10-2026 21:15,32.4,40,86.19,1.28,26.5,6.17,2026,4,10,21,0,4,0.446197813,0.894934362,0.45,0.86,0.97,1.18,0.7725,0.865833333,1.004166667
04-10-2026 21:15,04-10-2026 21:30,27.5,40,86.34,1.19,37.3,6,2026,4,10,21,15,4,0.6059884,0.795473481,1.28,0.96,0.87,0.98,0.83,0.860833333,1.006354167
04-10-2026 21:30,04-10-2026 21:45,32.4,40,86.7,0.83,36.7,6,2026,4,10,21,30,4,0.597625147,0.801775644,1.19,0.4,0.51,1.7,0.9375,0.851666667,0.997291667
04-10-2026 21:45,04-10-2026 22:00,30.4,38.8,86.74,0.7,26.5,5.97,2026,4,10,21,45,4,0.446197813,0.894934362,0.83,0.45,1.37,0.81,1,0.865833333,0.996145833
04-10-2026 22:00,04-10-2026 22:15,29.8,38,86.89,0.68,44.74,6.08,2026,4,10,22,0,4,0.703890763,0.710308239,0.7,1.28,0.86,0.78,0.85,0.841666667,0.995104167
04-10-2026 22:15,04-10-2026 22:30,31.2,38,87.02,1.15,74.1,6.06,2026,4,10,22,15,4,0.96174131,0.273959219,0.68,1.19,0.96,1.05,0.84,0.865,0.996145833
04-10-2026 22:30,04-10-2026 22:45,29.2,38,87.08,1.31,38.3,6.1,2026,4,10,22,30,4,0.619779032,0.784776371,1.15,0.83,0.4,0.4,0.96,0.931666667,1.005625
04-10-2026 22:45,04-10-2026 23:00,32,40.4,87.11,1.47,26.5,6.03,2026,4,10,22,45,4,0.446197813,0.894934362,1.31,0.7,0.45,0.78,1.1525,0.94,1.0128125
04-10-2026 23:00,04-10-2026 23:15,34.6,42,86.84,1.07,80.57,6.07,2026,4,10,23,0,4,0.986486509,0.163842508,1.47,0.68,1.28,0.97,1.25,0.9575,1.013854167
04-10-2026 23:15,04-10-2026 23:30,36.2,42,86.75,1.25,98.82,6.04,2026,4,10,23,15,4,0.988174919,-0.153330784,1.07,1.15,1.19,0.72,1.275,0.981666667,1.019375
04-10-2026 23:30,04-10-2026 23:45,27.4,42,86.83,1.04,78.22,6.1,2026,4,10,23,30,4,0.978938712,0.20415435,1.25,1.31,0.83,0.52,1.2075,1.035,1.024791667
04-10-2026 23:45,04-11-2026 00:00,34.6,43.2,86.7,1.08,88.51,6.25,2026,4,10,23,45,4,0.999661878,0.026002475,1.04,1.47,0.7,0.74,1.11,1.0875,1.028333333
05-10-2026 00:00,05-10-2026 00:15,7,42,86.31,0.32,26.5,6.42,2026,5,10,0,0,6,0.446197813,0.894934362,0.31,0.27,0.27,0.27,0.2925,0.2775,0.4296875
05-10-2026 00:15,05-10-2026 00:30,7,42,88.79,0.27,26.5,6.35,2026,5,10,0,15,6,0.446197813,0.894934362,0.32,0.27,0.27,0.27,0.2925,0.2775,0.4296875
05-10-2026 00:30,05-10-2026 00:45,7,42,89.92,0.27,26.5,6.29,2026,5,10,0,30,6,0.446197813,0.894934362,0.27,0.27,0.27,0.27,0.2925,0.2775,0.4296875
05-10-2026 00:45,05-10-2026 01:00,6.33,25.33,90.6,0.27,26.5,6.14,2026,5,10,0,45,6,0.446197813,0.894934362,0.27,0.31,0.27,0.27,0.2825,0.2775,0.4296875
05-10-2026 01:00,05-10-2026 01:15,9,17,90.74,0.27,26.5,6.14,2026,5,10,1,0,6,0.446197813,0.894934362,0.27,0.32,0.27,0.27,0.27,0.2775,0.4296875
05-10-2026 01:15,05-10-2026 01:30,9.6,17,91.11,0.27,26.5,6.07,2026,5,10,1,15,6,0.446197813,0.894934362,0.27,0.27,0.27,0.39,0.27,0.2775,0.4284375
05-10-2026 01:30,05-10-2026 01:45,9,17,91.06,0.27,26.5,6.12,2026,5,10,1,30,6,0.446197813,0.894934362,0.27,0.27,0.27,0.27,0.27,0.2775,0.4284375
05-10-2026 01:45,05-10-2026 02:00,12.4,18.2,90.93,0.27,140.17,6.01,2026,5,10,1,45,6,0.640511884,-0.767948258,0.27,0.27,0.31,0.27,0.27,0.2775,0.4284375
05-10-2026 02:00,05-10-2026 02:15,7,19,91.02,0.34,255.51,6.04,2026,5,10,2,0,6,-0.968191325,-0.250211027,0.27,0.27,0.32,0.27,0.2875,0.283333333,0.429166667
05-10-2026 02:15,05-10-2026 02:30,7,19,90.97,0.43,71.23,6.01,2026,5,10,2,15,6,0.946817868,0.321769987,0.34,0.27,0.27,0.27,0.3275,0.296666667,0.430833333
05-10-2026 02:30,05-10-2026 02:45,5.83,19,90.92,0.27,26.5,6.02,2026,5,10,2,30,6,0.446197813,0.894934362,0.43,0.27,0.27,0.27,0.3275,0.296666667,0.430833333
05-10-2026 02:45,05-10-2026 03:00,21.51,40.6,90.98,0.3,186.97,6.03,2026,5,10,2,45,6,-0.121349631,-0.992609826,0.27,0.27,0.27,0.27,0.335,0.295833333,0.431145833
05-10-2026 03:00,05-10-2026 03:15,11,19,91.04,0.27,318.05,5.93,2026,5,10,3,0,6,-0.668481835,0.743728469,0.3,0.34,0.27,0.27,0.3175,0.291666667,0.431145833
05-10-2026 03:15,05-10-2026 03:30,11,19,91.38,0.33,145.8,6.14,2026,5,10,3,15,6,0.562083378,-0.827080574,0.27,0.43,0.27,0.27,0.2925,0.296666667,0.431770833
05-10-2026 03:30,05-10-2026 03:45,11,19,91.61,0.27,222.69,6.08,2026,5,10,3,30,6,-0.678031393,-0.735032945,0.33,0.27,0.27,0.27,0.2925,0.296666667,0.431770833
05-10-2026 03:45,05-10-2026 04:00,12,18.4,91.84,0.27,206.9,6.13,2026,5,10,3,45,6,-0.452434709,-0.89179753,0.27,0.3,0.27,1.1,0.285,0.296666667,0.423125
05-10-2026 04:00,05-10-2026 04:15,16,18,92.08,0.27,221.22,6.13,2026,5,10,4,0,6,-0.658952062,-0.752184937,0.27,0.27,0.34,0.78,0.285,0.296666667,0.4178125
05-10-2026 04:15,05-10-2026 04:30,16,18,92.24,0.27,254.82,6.05,2026,5,10,4,15,6,-0.965107957,-0.261852308,0.27,0.33,0.43,0.48,0.27,0.296666667,0.415625
05-10-2026 04:30,05-10-2026 04:45,16,18,92.3,0.27,256.06,6.1,2026,5,10,4,30,6,-0.970548534,-0.240905672,0.27,0.27,0.27,0.35,0.27,0.296666667,0.414791667
05-10-2026 04:45,05-10-2026 05:00,14,22.2,92.43,0.27,256.06,5.94,2026,5,10,4,45,6,-0.970548534,-0.240905672,0.27,0.27,0.3,1.42,0.27,0.296666667,0.4028125
05-10-2026 05:00,05-10-2026 05:15,6,25,92.48,0.27,253.47,6.09,2026,5,10,5,0,6,-0.958670893,-0.284517343,0.27,0.27,0.27,0.31,0.27,0.290833333,0.402395833
05-10-2026 05:15,05-10-2026 05:30,6,25,92.52,0.27,255.01,6.26,2026,5,10,5,15,6,-0.965970984,-0.258650455,0.27,0.27,0.33,0.84,0.27,0.2775,0.396458333
05-10-2026 05:30,05-10-2026 05:45,6,25,92.47,0.27,285.39,6.96,2026,5,10,5,30,6,-0.964141738,0.265387847,0.27,0.27,0.27,0.75,0.27,0.2775,0.391458333
05-10-2026 05:45,05-10-2026 06:00,8.33,31.67,92.52,0.27,291.98,9.98,2026,5,10,5,45,6,-0.92731456,0.374282922,0.27,0.27,0.27,0.45,0.27,0.275,0.389583333
05-10-2026 06:00,05-10-2026 06:15,26,35,92.63,0.34,302.13,13.16,2026,5,10,6,0,6,-0.846843566,0.531842059,0.27,0.27,0.27,0.51,0.2875,0.280833333,0.3878125
05-10-2026 06:15,05-10-2026 06:30,26,35,92.62,0.27,306.44,15.48,2026,5,10,6,15,6,-0.804479317,0.593980664,0.34,0.27,0.27,0.53,0.2875,0.275833333,0.385104167
05-10-2026 06:30,05-10-2026 06:45,26,35,92.63,0.29,179.49,22.47,2026,5,10,6,30,6,0.008901062,-0.999960385,0.27,0.27,0.27,1.12,0.2925,0.2775,0.376458333
05-10-2026 06:45,05-10-2026 07:00,27.6,48.2,92.5,0.27,331.75,31.74,2026,5,10,6,45,6,-0.473319667,0.880890738,0.29,0.27,0.27,0.54,0.2925,0.2775,0.373645833
05-10-2026 07:00,05-10-2026 07:15,34,57,92.06,0.42,26.5,44.34,2026,5,10,7,0,6,0.446197813,0.894934362,0.27,0.34,0.27,0.51,0.3125,0.29,0.372708333
05-10-2026 07:15,05-10-2026 07:30,34,57,91.74,0.46,105.05,55.47,2026,5,10,7,15,6,0.965699596,-0.259661876,0.42,0.27,0.27,0.44,0.36,0.305833333,0.372916667
05-10-2026 07:30,05-10-2026 07:45,34,57,90.73,0.9,26.5,54.69,2026,5,10,7,30,6,0.446197813,0.894934362,0.46,0.29,0.27,0.28,0.5125,0.358333333,0.379375
05-10-2026 07:45,05-10-2026 08:00,34.4,62.4,89.03,0.99,88.25,79.99,2026,5,10,7,45,6,0.999533591,0.030538513,0.9,0.27,0.27,0.42,0.6925,0.418333333,0.3853125
05-10-2026 08:00,05-10-2026 08:15,36,66,87.2,0.84,88.04,117.74,2026,5,10,8,0,6,0.999414948,0.034201782,0.99,0.42,0.34,0.42,0.7975,0.465833333,0.3896875
05-10-2026 08:15,05-10-2026 08:30,36,66,85.11,1.67,37.4,83.38,2026,5,10,8,15,6,0.60737584,0.794414621,0.84,0.46,0.27,0.29,1.1,0.5825,0.4040625
05-10-2026 08:30,05-10-2026 08:45,30,66,83.83,1.1,128.93,85.56,2026,5,10,8,30,6,0.777914241,-0.628370459,1.67,0.9,0.29,0.27,1.15,0.651666667,0.412708333
05-10-2026 08:45,05-10-2026 09:00,25.6,54.8,82.77,0.81,143.22,109.89,2026,5,10,8,45,6,0.598744054,-0.800940421,1.1,0.99,0.27,0.48,1.105,0.696666667,0.416145833
05-10-2026 13:30,05-10-2026 13:45,6,7,75.13,0.93,144.07,137.11,2026,5,10,13,30,6,0.586796413,-0.809734506,1.6,0.93,0.57,0.33,1.0375,0.970833333,0.452083333
05-10-2026 15:45,05-10-2026 16:00,3.8,11,73.41,1,87.81,158.29,2026,5,10,15,45,6,0.999269601,0.038213404,0.66,1.29,0.92,0.27,0.785,1.069166667,0.5203125
05-10-2026 16:00,05-10-2026 16:15,5,12,73.6,0.85,50.66,139.07,2026,5,10,16,0,6,0.773397838,0.633920961,1,0.63,1.28,0.27,0.84,1.0425,0.526354167
05-10-2026 16:15,05-10-2026 16:30,5,12,73.93,0.99,61.49,122.01,2026,5,10,16,15,6,0.878733819,0.477312136,0.85,0.85,1.04,0.27,0.875,0.991666667,0.533854167
05-10-2026 16:30,05-10-2026 16:45,4.17,12,73.84,0.4,57.83,101.78,2026,5,10,16,30,6,0.846472063,0.532433137,0.99,0.66,1.46,0.27,0.81,0.9475,0.535208333
05-10-2026 16:45,05-10-2026 17:00,19.3,33.6,72.93,1.02,47.61,73.69,2026,5,10,16,45,6,0.738573017,0.674173493,0.4,1,1.29,0.3,0.815,0.955833333,0.542708333
05-10-2026 17:00,05-10-2026 17:15,0.7,8,73.4,0.6,26.5,30.78,2026,5,10,17,0,6,0.446197813,0.894934362,1.02,0.85,0.63,0.27,0.7525,0.899166667,0.546145833
05-10-2026 17:15,05-10-2026 17:30,0.7,8,74.13,0.73,131.26,23.1,2026,5,10,17,15,6,0.751724718,-0.659477026,0.6,0.99,0.85,0.27,0.6875,0.873333333,0.5509375
05-10-2026 17:30,05-10-2026 17:45,0.7,8,75.62,0.53,74.04,18.11,2026,5,10,17,30,6,0.961453893,0.274966201,0.73,0.4,0.66,0.28,0.72,0.795833333,0.553541667
05-10-2026 17:45,05-10-2026 18:00,0.56,9.6,77.57,0.36,39.89,14.1,2026,5,10,17,45,6,0.641315726,0.767277094,0.53,1.02,1,0.39,0.555,0.718333333,0.553229167
05-10-2026 18:00,05-10-2026 18:15,0.7,10,78.67,0.36,47.86,9.15,2026,5,10,18,0,6,0.741507614,0.670944452,0.36,0.6,0.85,0.27,0.495,0.695833333,0.554166667
05-10-2026 18:15,05-10-2026 18:30,0.7,10,79.51,0.27,43.37,6.65,2026,5,10,18,15,6,0.686706983,0.72693433,0.36,0.73,0.99,0.29,0.38,0.6475,0.553958333
05-10-2026 18:30,05-10-2026 18:45,0.58,10,80.02,0.29,26.5,6.09,2026,5,10,18,30,6,0.446197813,0.894934362,0.27,0.53,0.4,0.27,0.32,0.616666667,0.554166667
05-10-2026 18:45,05-10-2026 19:00,19.03,33.2,80.37,0.28,26.5,5.99,2026,5,10,18,45,6,0.446197813,0.894934362,0.29,0.36,1.02,0.27,0.3,0.556666667,0.554270833
05-10-2026 19:00,05-10-2026 19:15,6,7,80.3,0.34,89.78,6.09,2026,5,10,19,0,6,0.999992628,0.003839715,0.28,0.36,0.6,0.27,0.295,0.514166667,0.555
05-10-2026 19:15,05-10-2026 19:30,6,7,80.28,0.27,47.34,6.13,2026,5,10,19,15,6,0.735387861,0.677646437,0.34,0.27,0.73,0.27,0.295,0.454166667,0.555
05-10-2026 19:30,05-10-2026 19:45,6,7,80.41,0.27,31.78,6.14,2026,5,10,19,30,6,0.526659095,0.850076583,0.27,0.29,0.53,0.27,0.29,0.443333333,0.555
05-10-2026 19:45,05-10-2026 20:00,3.8,10.2,80.39,0.27,53.46,6.11,2026,5,10,19,45,6,0.8034414,0.59538384,0.27,0.28,0.36,0.27,0.2875,0.380833333,0.555
05-10-2026 20:00,05-10-2026 20:15,1,11,80.72,0.27,26.5,6.19,2026,5,10,20,0,6,0.446197813,0.894934362,0.27,0.34,0.36,0.29,0.27,0.353333333,0.554791667
05-10-2026 20:15,05-10-2026 20:30,1,11,80.46,0.28,26.5,6.25,2026,5,10,20,15,6,0.446197813,0.894934362,0.27,0.27,0.27,0.27,0.2725,0.315833333,0.554895833
05-10-2026 20:30,05-10-2026 20:45,0.83,11,80.5,0.27,60.21,6.2,2026,5,10,20,30,6,0.867852178,0.4968225,0.28,0.27,0.29,0.27,0.2725,0.294166667,0.554895833
05-10-2026 20:45,05-10-2026 21:00,0.93,12.5,80.45,0.27,90.42,6.12,2026,5,10,20,45,6,0.999973133,-0.007330317,0.27,0.27,0.28,0.27,0.2725,0.286666667,0.554895833
05-10-2026 21:00,05-10-2026 21:15,0.7,13,80.19,0.28,32.37,6.13,2026,5,10,21,0,6,0.535384632,0.844608368,0.27,0.27,0.34,0.27,0.275,0.28,0.555
05-10-2026 21:15,05-10-2026 21:30,0.7,13,80.57,0.41,26.5,6.25,2026,5,10,21,15,6,0.446197813,0.894934362,0.28,0.28,0.27,0.27,0.3075,0.291666667,0.556458333
05-10-2026 21:30,05-10-2026 21:45,0.58,13,81.11,0.33,26.5,6.2,2026,5,10,21,30,6,0.446197813,0.894934362,0.41,0.27,0.27,0.27,0.3225,0.295,0.557083333
05-10-2026 21:45,05-10-2026 22:00,20.83,43,80.95,0.32,26.5,5.96,2026,5,10,21,45,6,0.446197813,0.894934362,0.33,0.27,0.27,0.27,0.335,0.298333333,0.557604167
05-10-2026 22:00,05-10-2026 22:15,0.7,15,81.07,0.27,26.5,6.23,2026,5,10,22,0,6,0.446197813,0.894934362,0.32,0.28,0.27,0.27,0.3325,0.2925,0.557604167
05-10-2026 22:15,05-10-2026 22:30,0.7,15,81.6,0.27,26.5,6.32,2026,5,10,22,15,6,0.446197813,0.894934362,0.27,0.41,0.28,0.27,0.2975,0.2925,0.557604167
05-10-2026 22:30,05-10-2026 22:45,0.58,15,82.09,0.27,26.5,6.34,2026,5,10,22,30,6,0.446197813,0.894934362,0.27,0.33,0.27,0.27,0.2825,0.2925,0.557604167
05-10-2026 22:45,05-10-2026 23:00,24.41,49.4,82.43,0.27,26.5,6.27,2026,5,10,22,45,6,0.446197813,0.894934362,0.27,0.32,0.27,0.27,0.27,0.2925,0.557604167
05-10-2026 23:00,05-10-2026 23:15,3,17,82.61,0.27,26.5,6.46,2026,5,10,23,0,6,0.446197813,0.894934362,0.27,0.27,0.28,0.27,0.27,0.2925,0.557604167
05-10-2026 23:15,05-10-2026 23:30,3,17,82.88,0.27,26.5,6.35,2026,5,10,23,15,6,0.446197813,0.894934362,0.27,0.27,0.41,0.27,0.27,0.291666667,0.557604167
05-10-2026 23:30,05-10-2026 23:45,2.5,17,83.26,0.27,26.5,6.35,2026,5,10,23,30,6,0.446197813,0.894934362,0.27,0.27,0.33,0.27,0.27,0.291666667,0.557604167
05-10-2026 23:45,05-11-2026 00:00,9.4,19.4,83.53,0.27,26.5,6.31,2026,5,10,23,45,6,0.446197813,0.894934362,0.27,0.27,0.32,0.31,0.27,0.291666667,0.5571875
01-11-2026 00:00,01-11-2026 00:15,8.2,20,91.63,1.57,190.54,5.89,2026,1,11,0,0,6,-0.182921922,-0.983127444,1.85,1.72,2.4,1.86,1.885,1.903333333,1.858333333
01-11-2026 00:15,01-11-2026 00:30,8.2,20,91.29,1.74,304.35,5.96,2026,1,11,0,15,6,-0.825606211,0.564246741,1.57,2.1,2.12,1.3,1.795,1.911666667,1.862916667
01-11-2026 00:30,01-11-2026 00:45,8.2,20,90.53,1.88,192.02,5.79,2026,1,11,0,30,6,-0.208253116,-0.978074966,1.74,2.02,2.19,1.97,1.76,1.951666667,1.861979167
01-11-2026 00:45,01-11-2026 01:00,8.53,20.8,90.2,2.38,120.47,5.86,2026,1,11,0,45,6,0.861894789,-0.507087145,1.88,1.85,1.74,1.9,1.8925,1.975833333,1.866979167
01-11-2026 01:00,01-11-2026 01:15,9.84,24,90.01,2.06,163.02,5.94,2026,1,11,1,0,6,0.292037874,-0.956406755,2.38,1.57,1.72,1.89,2.015,1.9475,1.86875
01-11-2026 01:30,01-11-2026 01:45,9.84,24,89.12,1.73,305.18,6,2026,1,11,1,30,6,-0.817346061,0.576147044,3.34,1.88,2.02,2.98,2.3775,2.010833333,1.869375
01-11-2026 01:45,01-11-2026 02:00,22.14,54,89.26,2.39,251.27,5.97,2026,1,11,1,45,6,-0.947042275,-0.321108905,1.73,2.38,1.85,1.42,2.38,2.065,1.879479167
01-11-2026 02:00,01-11-2026 02:15,8.61,21,88.99,1.48,176.79,5.9,2026,1,11,2,0,6,0.055995765,-0.998431006,2.39,2.06,1.57,1.82,2.235,2.045,1.8759375
01-11-2026 02:15,01-11-2026 02:30,8.61,21,88.06,1.59,129.45,6.01,2026,1,11,2,15,6,0.772179372,-0.635404609,1.48,3.34,1.74,3.11,1.7975,2.0025,1.860104167
01-11-2026 02:30,01-11-2026 02:45,8.61,21,87.23,1.23,85.35,5.99,2026,1,11,2,30,6,0.996708512,0.081068747,1.59,1.73,1.88,2.39,1.6725,1.936666667,1.848020833
01-11-2026 02:45,01-11-2026 03:00,20.25,49.4,86.03,1.85,131.96,5.96,2026,1,11,2,45,6,0.743611786,-0.66861163,1.23,2.39,2.38,1.61,1.5375,1.936666667,1.850520833
01-11-2026 03:30,01-11-2026 03:45,11.48,28,90.17,2.17,137.26,5.99,2026,1,11,3,30,6,0.678672572,-0.734440971,2.69,1.23,1.73,1.35,2.3975,2.149166667,1.8896875
01-11-2026 04:00,01-11-2026 04:15,11.89,29,92.34,1.25,218.12,6.17,2026,1,11,4,0,6,-0.61731053,-0.786719588,2.83,2.88,1.48,2.32,2.235,2.119166667,1.893541667
01-11-2026 04:15,01-11-2026 04:30,11.89,29,92.64,1.83,255.29,6.08,2026,1,11,4,15,6,-0.967223449,-0.253926761,1.25,2.69,1.59,1.53,2.02,1.993333333,1.896666667
01-11-2026 04:30,01-11-2026 04:45,11.89,29,92.24,2.38,64.53,6.1,2026,1,11,4,30,6,0.902810576,0.430038445,1.83,2.17,1.23,1.58,2.0725,2.0475,1.905
01-11-2026 04:45,01-11-2026 05:00,11.48,28,91.52,2.37,139.4,6.11,2026,1,11,4,45,6,0.650774217,-0.759271307,2.38,2.83,1.85,1.92,1.9575,2.045833333,1.9096875
01-11-2026 05:00,01-11-2026 05:15,9.84,24,90.67,2.19,217.96,5.94,2026,1,11,5,0,6,-0.61511119,-0.788440374,2.37,1.25,2.88,1.85,2.1925,2.105,1.913229167
01-11-2026 05:15,01-11-2026 05:30,9.84,24,89.38,2.07,147.32,6.08,2026,1,11,5,15,6,0.539946545,-0.84169931,2.19,1.83,2.69,1.84,2.2525,2.145,1.915625
01-11-2026 05:30,01-11-2026 05:45,9.84,24,88.2,1.87,136.13,6.15,2026,1,11,5,30,6,0.693024454,-0.720914077,2.07,2.38,2.17,1.55,2.125,2.198333333,1.918958333
01-11-2026 05:45,01-11-2026 06:00,8.94,21.8,87.81,1.62,33.84,5.93,2026,1,11,5,45,6,0.556875616,0.830595899,1.87,2.37,2.83,2.12,1.9375,2.179166667,1.91375
01-11-2026 06:00,01-11-2026 06:15,5.33,13,87.21,1.84,301.3,6.04,2026,1,11,6,0,6,-0.85445883,0.519519112,1.62,2.19,1.25,2.39,1.85,2.0925,1.908020833
01-11-2026 06:15,01-11-2026 06:30,5.33,13,86.83,1.34,153.83,6.01,2026,1,11,6,15,6,0.441035989,-0.897489419,1.84,2.07,1.83,2.03,1.6675,1.98,1.900833333
01-11-2026 06:30,01-11-2026 06:45,5.33,13,87.43,1.61,211.33,6.11,2026,1,11,6,30,6,-0.519966434,-0.854186693,1.34,1.87,2.38,2.33,1.6025,1.933333333,1.893333333
01-11-2026 06:45,01-11-2026 07:00,17.14,41.8,86.68,1.13,93.23,6.14,2026,1,11,6,45,6,0.998411399,-0.05634428,1.61,1.62,2.37,2.68,1.48,1.791666667,1.8771875
01-11-2026 07:00,01-11-2026 07:15,10.25,25,85.72,1.4,89.08,6.49,2026,1,11,7,0,6,0.999871089,0.016056339,1.13,1.84,2.19,2.42,1.37,1.804166667,1.8665625
01-11-2026 07:15,01-11-2026 07:30,10.25,25,84.57,1.28,205.89,7.82,2026,1,11,7,15,6,-0.436644779,-0.899634002,1.4,1.34,2.07,1.78,1.355,1.758333333,1.861354167
01-11-2026 07:30,01-11-2026 07:45,10.25,25,83.25,0.32,196.08,8.43,2026,1,11,7,30,6,-0.276979261,-0.960875897,1.28,1.61,1.87,1.77,1.0325,1.586666667,1.84625
01-11-2026 07:45,01-11-2026 08:00,22.14,54,81.84,1.38,150.75,8.94,2026,1,11,7,45,6,0.488621241,-0.872496007,0.32,1.13,1.62,1.59,1.095,1.504166667,1.8440625
01-11-2026 08:00,01-11-2026 08:15,10.25,25,81.15,0.89,141.52,9.42,2026,1,11,8,0,6,0.622241417,-0.782825408,1.38,1.4,1.84,1.87,0.9675,1.395833333,1.833854167
01-11-2026 08:15,01-11-2026 08:30,10.25,25,81.29,0.41,93.6,9.35,2026,1,11,8,15,6,0.998026728,-0.06279052,0.89,1.28,1.34,1.59,0.75,1.2575,1.8215625
01-11-2026 08:30,01-11-2026 08:45,10.25,25,81.6,0.84,130.81,13.82,2026,1,11,8,30,6,0.756881001,-0.653552715,0.41,0.32,1.61,3.41,0.88,1.171666667,1.794791667
01-11-2026 08:45,01-11-2026 09:00,21.98,53.6,81.98,1.86,201.33,12.04,2026,1,11,8,45,6,-0.363739013,-0.931500902,0.84,1.38,1.13,1.8,1,1.191666667,1.795416667
01-11-2026 09:00,01-11-2026 09:15,10.66,26,83.18,0.99,211.26,16.43,2026,1,11,9,0,6,-0.518922461,-0.854821315,1.86,0.89,1.4,1.83,1.025,1.120833333,1.786666667
01-11-2026 09:15,01-11-2026 09:30,10.66,26,81.92,0.92,148.9,19.18,2026,1,11,9,15,6,0.516533329,-0.856267085,0.99,0.41,1.28,1.86,1.1525,1.085833333,1.776875
01-11-2026 09:30,01-11-2026 09:45,10.66,26,80.79,0.61,127.47,25.79,2026,1,11,9,30,6,0.793671978,-0.608345947,0.92,0.84,0.32,1.77,1.095,1.0025,1.764791667
01-11-2026 09:45,01-11-2026 10:00,17.96,43.8,80.2,0.92,177.93,25.04,2026,1,11,9,45,6,0.036120457,-0.999347443,0.61,1.86,1.38,1.29,0.86,0.985,1.7609375
01-11-2026 10:00,01-11-2026 10:15,11.07,27,79.71,1.71,54,57.4,2026,1,11,10,0,6,0.809016994,0.587785252,0.92,0.99,0.89,2.01,1.04,1.010833333,1.7578125
01-11-2026 10:15,01-11-2026 10:30,11.07,27,78.42,2.12,119.18,47.82,2026,1,11,10,15,6,0.873092319,-0.487554922,1.71,0.92,0.41,1.69,1.34,1.080833333,1.762291667
01-11-2026 10:30,01-11-2026 10:45,11.07,27,78.68,2.34,88.56,23.87,2026,1,11,10,30,6,0.999684189,0.025130095,2.12,0.61,0.84,1.57,1.7725,1.249166667,1.7703125
01-11-2026 11:00,01-11-2026 11:15,12.3,30,84.82,2.5,257.9,32.05,2026,1,11,11,0,6,-0.977783237,-0.209618563,3.4,1.71,0.99,2.72,2.59,1.551666667,1.768854167
01-11-2026 11:15,01-11-2026 11:30,12.3,30,86.41,2.35,207.17,48.91,2026,1,11,11,15,6,-0.456632167,-0.889655587,2.5,2.12,0.92,2.26,2.6475,1.713333333,1.769791667
01-11-2026 11:30,01-11-2026 11:45,12.3,30,87.75,2.39,189.78,46.14,2026,1,11,11,30,6,-0.169865517,-0.985467253,2.35,2.34,0.61,1.85,2.66,1.8425,1.775416667
01-11-2026 11:45,01-11-2026 12:00,12.63,30.8,87.74,2.21,86.87,46.48,2026,1,11,11,45,6,0.998508218,0.054601638,2.39,3.4,0.92,2.51,2.3625,1.871666667,1.772291667
01-11-2026 12:00,01-11-2026 12:15,31,34,87.24,1.44,27.65,25.09,2026,1,11,12,0,6,0.464069217,0.88579894,2.21,2.5,1.71,2.34,2.0975,1.909166667,1.762916667
01-11-2026 12:15,01-11-2026 12:30,31,34,87.31,1.76,73.01,27.06,2026,1,11,12,15,6,0.95635577,0.292204794,1.44,2.35,2.12,2.11,1.95,1.979166667,1.759270833
01-11-2026 12:45,01-11-2026 13:00,27.1,32.8,86.28,2.28,148.61,42.2,2026,1,11,12,45,6,0.520860651,-0.853641718,2.94,2.21,3.4,1.13,2.105,2.286666667,1.78625
01-11-2026 13:00,01-11-2026 13:15,11.48,28,86.13,1.78,125.59,38.46,2026,1,11,13,0,6,0.813202348,-0.581981048,2.28,1.44,2.5,2,2.19,2.2925,1.783958333
01-11-2026 13:15,01-11-2026 13:30,11.48,28,85.83,2.46,145.94,41.8,2026,1,11,13,15,6,0.560060763,-0.828451533,1.78,1.76,2.35,1.91,2.365,2.320833333,1.7896875
01-11-2026 13:45,01-11-2026 14:00,12.38,30.2,84.52,2.33,179.71,34.08,2026,1,11,13,45,6,0.005061433,-0.999987191,3.12,2.28,2.21,1.47,2.4225,2.296666667,1.816979167
01-11-2026 14:00,01-11-2026 14:15,37,39,84.74,2.27,264.62,16.91,2026,1,11,14,0,6,-0.995594754,-0.093760791,2.33,1.78,1.44,1.48,2.545,2.2775,1.825208333
01-11-2026 14:15,01-11-2026 14:30,37,39,86.53,2.01,140.75,15.57,2026,1,11,14,15,6,0.632705329,-0.774392644,2.27,2.46,1.76,1.48,2.4325,2.249166667,1.830729167
01-11-2026 14:30,01-11-2026 14:45,37,39,88.13,1.84,188.87,9.49,2026,1,11,14,30,6,-0.154193071,-0.988040737,2.01,3.12,2.94,2.49,2.1125,2.203333333,1.823958333
01-11-2026 14:45,01-11-2026 15:00,43.05,64,90.27,1.71,192.96,14.26,2026,1,11,14,45,6,-0.224270761,-0.974526873,1.84,2.33,2.28,1.55,1.9575,2.161666667,1.825625
01-11-2026 15:00,01-11-2026 15:15,9.02,22,91.92,2.18,150.11,16.5,2026,1,11,15,0,6,0.49833643,-0.866983738,1.71,2.27,1.78,1.76,1.935,2.223333333,1.83
01-11-2026 15:30,01-11-2026 15:45,9.02,22,91.39,2.09,137.14,20.53,2026,1,11,15,30,6,0.680209292,-0.733017953,2.79,1.84,3.12,1.81,2.1925,2.238333333,1.848541667
01-11-2026 15:45,01-11-2026 16:00,18.2,44.4,90.93,1.76,99.5,14.54,2026,1,11,15,45,6,0.986285602,-0.165047606,2.09,1.71,2.33,2.23,2.205,2.195,1.843645833
01-11-2026 16:15,01-11-2026 16:30,9.43,23,90.3,1.81,128.1,15.9,2026,1,11,16,15,6,0.786935022,-0.617035875,2.83,2.79,2.01,2.79,2.1225,2.228333333,1.8390625
01-11-2026 16:30,01-11-2026 16:45,9.43,23,90.67,2.22,232.19,13.16,2026,1,11,16,30,6,-0.790048028,-0.613044952,1.81,2.09,1.84,2.32,2.155,2.153333333,1.838020833
01-11-2026 16:45,01-11-2026 17:00,22.88,55.8,89.75,1.98,151.19,11.89,2026,1,11,16,45,6,0.481906611,-0.876222585,2.22,1.76,1.71,2.79,2.21,2.124166667,1.829583333
01-11-2026 17:00,01-11-2026 17:15,8.61,21,89.39,1.56,184.96,9.42,2026,1,11,17,0,6,-0.086460246,-0.996255302,1.98,2.83,2.18,2.51,1.8925,2.065,1.8196875
01-11-2026 17:15,01-11-2026 17:30,8.61,21,89.2,2.29,170.89,9.46,2026,1,11,17,15,6,0.158330401,-0.987386188,1.56,1.81,2.79,1.8,2.0125,2.088333333,1.824791667
01-11-2026 17:30,01-11-2026 17:45,8.61,21,88.78,1.5,132.48,7.78,2026,1,11,17,30,6,0.737513117,-0.675332808,2.29,2.22,2.09,2.36,1.8325,2.06,1.815833333
01-11-2026 17:45,01-11-2026 18:00,8.45,20.6,88.02,2.1,74.46,7.03,2026,1,11,17,45,6,0.963443651,0.267911052,1.5,1.98,1.76,1.66,1.8625,2.0925,1.820416667
01-11-2026 18:00,01-11-2026 18:15,7.79,19,87.1,2.1,151.42,6.27,2026,1,11,18,0,6,0.478385355,-0.878150017,2.1,1.56,2.83,2.34,1.9975,2.085833333,1.817916667
01-11-2026 18:15,01-11-2026 18:30,7.79,19,87.04,2.22,148.38,6.04,2026,1,11,18,15,6,0.524283183,-0.851543977,2.1,2.29,1.81,1.44,1.98,2.038333333,1.826041667
01-11-2026 18:30,01-11-2026 18:45,7.79,19,87.3,1.84,139.42,6,2026,1,11,18,30,6,0.650509142,-0.759498424,2.22,1.5,2.22,1.25,2.065,2.0175,1.8321875
01-11-2026 18:45,01-11-2026 19:00,8.28,20.2,87.27,2.3,200.15,5.99,2026,1,11,18,45,6,-0.344479078,-0.938793995,1.84,2.1,1.98,1.59,2.115,2.0625,1.839583333
01-11-2026 19:00,01-11-2026 19:15,10.25,25,87.46,1.73,153.11,5.97,2026,1,11,19,0,6,0.452279054,-0.891876481,2.3,2.1,1.56,0.95,2.0225,1.970833333,1.847708333
01-11-2026 19:15,01-11-2026 19:30,10.25,25,87.36,2.32,215.43,6.06,2026,1,11,19,15,6,-0.579707893,-0.814824373,1.73,2.22,2.29,1.66,2.0475,2.013333333,1.854583333
01-11-2026 19:30,01-11-2026 19:45,10.25,25,86.83,2.41,89,5.89,2026,1,11,19,30,6,0.999847695,0.017452406,2.32,1.84,1.5,1.68,2.19,2.029166667,1.8621875
01-11-2026 19:45,01-11-2026 20:00,10.5,25.6,86.95,1.66,181.82,5.96,2026,1,11,19,45,6,-0.031759651,-0.999495535,2.41,2.3,2.1,1.03,2.03,2.0025,1.86875
01-11-2026 20:00,01-11-2026 20:15,11.48,28,87.21,2.46,191.95,5.9,2026,1,11,20,0,6,-0.207058017,-0.978328665,1.66,1.73,2.1,0.58,2.2125,2.0775,1.888333333
01-11-2026 20:15,01-11-2026 20:30,11.48,28,87.72,2.06,219.1,6.22,2026,1,11,20,15,6,-0.630675807,-0.776046407,2.46,2.32,2.22,1.11,2.1475,2.058333333,1.898229167
01-11-2026 20:30,01-11-2026 20:45,11.48,28,88.12,0.98,165.99,6.07,2026,1,11,20,30,6,0.24209124,-0.970253488,2.06,2.41,1.84,0.78,1.79,2.015,1.9003125
01-11-2026 20:45,01-11-2026 21:00,11.81,28.8,88.33,1.12,26.5,6.01,2026,1,11,20,45,6,0.446197813,0.894934362,0.98,1.66,2.3,1.19,1.655,1.933333333,1.899583333
01-11-2026 21:00,01-11-2026 21:15,13.12,32,88.31,1.32,179.52,6.04,2026,1,11,21,0,6,0.008377482,-0.999964908,1.12,2.46,1.73,0.69,1.37,1.868333333,1.906145833
01-11-2026 21:15,01-11-2026 21:30,13.12,32,88.44,1.38,76.93,6.01,2026,1,11,21,15,6,0.974094508,0.226141304,1.32,2.06,2.32,1.64,1.2,1.798333333,1.9034375
01-11-2026 21:30,01-11-2026 21:45,13.12,32,88.67,1.22,114.2,6.08,2026,1,11,21,30,6,0.912120116,-0.409923034,1.38,0.98,2.41,1.4,1.26,1.746666667,1.9015625
01-11-2026 21:45,01-11-2026 22:00,13.12,32,88.75,0.86,218.14,6.08,2026,1,11,21,45,6,-0.617585109,-0.786504058,1.22,1.12,1.66,2.09,1.195,1.626666667,1.88875
01-11-2026 22:00,01-11-2026 22:15,13.12,32,88.71,2.12,55.74,6.14,2026,1,11,22,0,6,0.826491509,0.562949186,0.86,1.32,2.46,2.4,1.395,1.659166667,1.885833333
01-11-2026 22:15,01-11-2026 22:30,13.12,32,88.34,1.41,88.67,6.14,2026,1,11,22,15,6,0.999730593,0.023210794,2.12,1.38,2.06,2.12,1.4025,1.583333333,1.8784375
01-11-2026 22:30,01-11-2026 22:45,13.12,32,87.81,1.4,204.5,6.1,2026,1,11,22,30,6,-0.414693243,-0.909961271,1.41,1.22,0.98,2.19,1.4475,1.499166667,1.870208333
01-11-2026 22:45,01-11-2026 23:00,11.97,29.2,87.59,1.77,212.43,6.1,2026,1,11,22,45,6,-0.536268811,-0.844047252,1.4,0.86,1.12,1.74,1.675,1.508333333,1.870520833
01-11-2026 23:00,01-11-2026 23:15,7.38,18,87.54,2.38,84.84,5.92,2026,1,11,23,0,6,0.995947429,0.0899373,1.77,2.12,1.32,1.72,1.74,1.501666667,1.877395833
01-11-2026 23:45,01-12-2026 00:00,8.12,19.8,88.89,2.51,28.46,5.97,2026,1,11,23,45,6,0.476545114,0.879150018,2.79,1.77,0.86,1.85,2.6325,1.834166667,1.900104167
02-11-2026 00:00,02-11-2026 00:15,43,70,72.32,0.33,208.76,5.78,2026,2,11,0,0,2,-0.481141779,-0.876642794,0.31,0.27,0.36,0.27,0.3475,0.375833333,0.5615625
02-11-2026 00:15,02-11-2026 00:30,43,70,72.07,0.63,245.81,6.01,2026,2,11,0,15,2,-0.912191647,-0.409763833,0.33,0.27,0.27,0.27,0.4375,0.389166667,0.5653125
02-11-2026 00:30,02-11-2026 00:45,43,70,72.21,0.4,333.16,5.87,2026,2,11,0,30,2,-0.451500573,0.892270829,0.63,0.48,0.44,0.42,0.4175,0.380833333,0.565104167
02-11-2026 00:45,02-11-2026 01:00,41.2,73.2,72.58,0.29,346.03,5.79,2026,2,11,0,45,2,-0.241413817,0.970422263,0.4,0.31,0.38,0.27,0.4125,0.369166667,0.5653125
02-11-2026 01:00,02-11-2026 01:15,40,74,72.42,0.31,145.57,5.86,2026,2,11,1,0,2,0.565398954,-0.824817569,0.29,0.33,0.27,0.27,0.4075,0.365,0.565729167
02-11-2026 01:15,02-11-2026 01:30,40,74,72.62,0.31,280.48,5.78,2026,2,11,1,15,2,-0.98331846,0.181892294,0.31,0.63,0.27,0.42,0.3275,0.368333333,0.564583333
02-11-2026 01:30,02-11-2026 01:45,54.23,93.4,72.44,0.7,164.98,5.87,2026,2,11,1,30,2,0.259156201,-0.965835423,0.31,0.4,0.48,0.27,0.4025,0.39,0.5690625
02-11-2026 01:45,02-11-2026 02:00,40.6,72.4,72.12,0.42,258.13,5.78,2026,2,11,1,45,2,-0.978616819,-0.205691811,0.7,0.29,0.31,0.29,0.435,0.393333333,0.570416667
02-11-2026 02:00,02-11-2026 02:15,41,72,71.77,0.43,264.6,5.66,2026,2,11,2,0,2,-0.995561965,-0.094108313,0.42,0.31,0.33,0.29,0.465,0.406666667,0.571875
02-11-2026 02:15,02-11-2026 02:30,41,72,70.93,0.7,204.44,5.86,2026,2,11,2,15,2,-0.413740106,-0.910395038,0.43,0.31,0.63,0.27,0.5625,0.4425,0.576354167
02-11-2026 02:30,02-11-2026 02:45,56.72,94.4,71.51,0.67,264.1,5.83,2026,2,11,2,30,2,-0.994702817,-0.102792537,0.7,0.7,0.4,0.27,0.555,0.458333333,0.580520833
02-11-2026 02:45,02-11-2026 03:00,41.6,84,71.93,0.28,201.16,5.73,2026,2,11,2,45,2,-0.360973597,-0.932576036,0.67,0.42,0.29,0.27,0.52,0.455833333,0.580625
02-11-2026 03:00,02-11-2026 03:15,42,87,71.61,0.36,263.36,5.99,2026,2,11,3,0,2,-0.993292282,-0.115630627,0.28,0.43,0.31,0.27,0.5025,0.458333333,0.5815625
02-11-2026 03:15,02-11-2026 03:30,42,87,72.09,0.46,218.29,6.1,2026,2,11,3,15,2,-0.619642053,-0.78488453,0.36,0.7,0.31,0.27,0.4425,0.444166667,0.583541667
02-11-2026 03:30,02-11-2026 03:45,55.7,103.6,71.57,0.28,151.03,6,2026,2,11,3,30,2,0.484351604,-0.874873433,0.46,0.67,0.7,0.27,0.345,0.434166667,0.583645833
02-11-2026 03:45,02-11-2026 04:00,48.6,75,71.96,0.89,250,6.03,2026,2,11,3,45,2,-0.939692621,-0.342020143,0.28,0.28,0.42,0.27,0.4975,0.484166667,0.590104167
02-11-2026 04:00,02-11-2026 04:15,53,72,72,0.45,214.61,6.03,2026,2,11,4,0,2,-0.567987401,-0.823037249,0.89,0.36,0.43,0.27,0.52,0.495833333,0.591979167
02-11-2026 04:15,02-11-2026 04:30,53,72,71.76,0.51,334,6,2026,2,11,4,15,2,-0.438371147,0.898794046,0.45,0.46,0.7,0.42,0.5325,0.5125,0.592916667
02-11-2026 04:30,02-11-2026 04:45,65.67,93.4,71.74,0.27,273.36,5.96,2026,2,11,4,30,2,-0.998280988,0.058609456,0.51,0.28,0.67,0.27,0.53,0.476666667,0.592916667
02-11-2026 04:45,02-11-2026 05:00,45.2,70.4,72.45,0.43,231.33,5.82,2026,2,11,4,45,2,-0.780757677,-0.624833938,0.27,0.89,0.28,0.27,0.415,0.4775,0.594583333
02-11-2026 05:00,02-11-2026 05:15,40,70,72.58,0.47,149.96,5.92,2026,2,11,5,0,2,0.500604478,-0.865676127,0.43,0.45,0.36,0.27,0.42,0.480833333,0.596666667
02-11-2026 05:15,02-11-2026 05:30,40,70,74.34,0.27,141.63,6.03,2026,2,11,5,15,2,0.620737354,-0.784018582,0.47,0.51,0.46,0.27,0.36,0.445,0.596666667
02-11-2026 05:30,02-11-2026 05:45,52.15,87,76.07,0.27,325.23,6.11,2026,2,11,5,30,2,-0.570283537,0.821447921,0.27,0.27,0.28,0.27,0.36,0.411666667,0.596666667
02-11-2026 05:45,02-11-2026 06:00,52.6,119.6,77.32,0.28,258.84,6.03,2026,2,11,5,45,2,-0.981090517,-0.193549468,0.27,0.43,0.89,0.27,0.3225,0.411666667,0.596770833
02-11-2026 06:00,02-11-2026 06:15,61,132,78.37,0.27,268.42,5.93,2026,2,11,6,0,2,-0.999619801,-0.027572707,0.28,0.47,0.45,0.36,0.2725,0.404166667,0.595833333
02-11-2026 06:15,02-11-2026 06:30,61,132,79.05,0.27,239.03,6.35,2026,2,11,6,15,2,-0.857436856,-0.514589193,0.27,0.27,0.51,0.27,0.2725,0.388333333,0.595833333
02-11-2026 06:30,02-11-2026 06:45,67.39,134.2,79.41,0.61,322.39,7.36,2026,2,11,6,30,2,-0.610283435,0.792183141,0.27,0.27,0.27,0.27,0.3575,0.415833333,0.599375
02-11-2026 10:45,02-11-2026 11:00,50.2,124.6,64.74,1.37,200.32,160.83,2026,2,11,10,45,2,-0.347263015,-0.937767774,1.94,1.09,0.35,1.05,1.4925,0.8425,0.6371875
02-11-2026 11:00,02-11-2026 11:15,29,102,64.11,1.37,88.14,118.22,2026,2,11,11,0,2,0.999473119,0.032457422,1.37,1.44,0.28,1.25,1.475,0.925,0.6384375
02-11-2026 11:15,02-11-2026 11:30,29,102,63.82,1.46,242.87,93.21,2026,2,11,11,15,2,-0.88997416,-0.456010959,1.37,1.22,0.71,1.13,1.535,1.015,0.641875
02-11-2026 11:30,02-11-2026 11:45,47.77,119.4,64.32,1.67,154.06,97.19,2026,2,11,11,30,2,0.437429692,-0.899252615,1.46,1.94,0.68,1.55,1.4675,1.131666667,0.643125
02-11-2026 11:45,02-11-2026 12:00,31.4,92.4,64.69,1.44,151.9,135.04,2026,2,11,11,45,2,0.471011881,-0.882126866,1.67,1.37,1.09,0.68,1.485,1.2225,0.651041667
02-11-2026 12:00,02-11-2026 12:15,33,90,64.09,2.14,215.7,111.59,2026,2,11,12,0,2,-0.583541211,-0.812083527,1.44,1.37,1.44,1.23,1.6775,1.3775,0.660520833
02-11-2026 12:15,02-11-2026 12:30,33,90,63.46,2.12,216.94,109.28,2026,2,11,12,15,2,-0.600978364,-0.799265291,2.14,1.46,1.22,0.67,1.8425,1.495,0.675625
02-11-2026 12:30,02-11-2026 12:45,50.84,109.6,64.75,1.51,266.61,121.62,2026,2,11,12,30,2,-0.998250164,-0.059132147,2.12,1.67,1.94,1,1.8025,1.564166667,0.6809375
02-11-2026 12:45,02-11-2026 13:00,34.2,82.8,64.61,1.03,117.21,119.38,2026,2,11,12,45,2,0.889336581,-0.457253153,1.51,1.44,1.37,1.09,1.7,1.559166667,0.6803125
02-11-2026 13:00,02-11-2026 13:15,35,81,64.92,0.96,139.06,126.34,2026,2,11,13,0,2,0.655268339,-0.75539619,1.03,2.14,1.37,0.93,1.405,1.519166667,0.680625
02-11-2026 13:15,02-11-2026 13:30,35,81,65.52,1.8,179.48,131.05,2026,2,11,13,15,2,0.009075588,-0.999958816,0.96,2.12,1.46,0.932307692,1.325,1.5675,0.689663462
02-11-2026 13:30,02-11-2026 13:45,35,81,65.17,1.68,279.24,116.67,2026,2,11,13,30,2,-0.987024406,0.1605703,1.8,1.51,1.67,0.934615385,1.3675,1.545833333,0.697427885
02-11-2026 13:45,02-11-2026 14:00,32.6,68.2,65.77,1.22,272.96,130.5,2026,2,11,13,45,2,-0.998665829,0.051638769,1.68,1.03,1.44,0.936923077,1.415,1.533333333,0.700376603
02-11-2026 14:00,02-11-2026 14:15,31,65,65.56,0.92,78.52,125.04,2026,2,11,14,0,2,0.979994237,0.199025864,1.22,0.96,2.14,0.939230769,1.405,1.495833333,0.700176282
02-11-2026 14:15,02-11-2026 14:30,31,65,66.46,0.62,238.14,108.04,2026,2,11,14,15,2,-0.8493404,-0.527845512,0.92,1.8,2.12,0.941538462,1.11,1.425833333,0.696826923
02-11-2026 14:30,02-11-2026 14:45,40.14,75.6,66.46,1.31,192.84,91.65,2026,2,11,14,30,2,-0.222229226,-0.974994447,0.62,1.68,1.51,0.943846154,1.0175,1.395833333,0.700641026
02-11-2026 14:45,02-11-2026 15:00,29.8,64.2,67.11,1.09,262.8,81.94,2026,2,11,14,45,2,-0.992114701,-0.125333234,1.31,1.22,1.03,0.946153846,0.985,1.366666667,0.702139423
02-11-2026 15:00,02-11-2026 15:15,29,64,67.01,0.74,246.97,76.24,2026,2,11,15,0,2,-0.920300141,-0.39121305,1.09,0.92,0.96,0.948461538,0.94,1.25,0.699967949
02-11-2026 15:15,02-11-2026 15:30,29,64,67.8,1.6,256.78,69.59,2026,2,11,15,15,2,-0.973499134,-0.228690699,0.74,0.62,1.8,0.950769231,1.185,1.206666667,0.706730769
02-11-2026 15:30,02-11-2026 15:45,47.77,89,68.16,1.34,257.49,61.78,2026,2,11,15,30,2,-0.976258216,-0.216610006,1.6,1.31,1.68,0.953076923,1.1925,1.1925,0.710761218
02-11-2026 15:45,02-11-2026 16:00,31.4,80,68.25,0.78,135.12,54.58,2026,2,11,15,45,2,0.70562427,-0.70858619,1.34,1.09,1.22,0.955384615,1.115,1.171666667,0.708934295
02-11-2026 16:00,02-11-2026 16:15,33,84,68.09,1.07,234.78,49.75,2026,2,11,16,0,2,-0.816943636,-0.576717518,0.78,0.74,0.92,0.957692308,1.1975,1.180833333,0.710104167
02-11-2026 16:15,02-11-2026 16:30,33,84,68.52,0.96,262.87,41.52,2026,2,11,16,15,2,-0.992267084,-0.124121044,1.07,1.6,0.62,0.96,1.0375,1.110833333,0.710104167
02-11-2026 16:30,02-11-2026 16:45,33,84,68.77,1.13,222.53,31.95,2026,2,11,16,30,2,-0.675976153,-0.736923498,0.96,1.34,1.31,1.19,0.985,1.065,0.709479167
02-11-2026 16:45,02-11-2026 17:00,36.6,96,68.76,0.69,303.13,25.28,2026,2,11,16,45,2,-0.837432663,0.546540515,1.13,0.78,1.09,0.9,0.9625,1.020833333,0.707291667
02-11-2026 17:00,02-11-2026 17:15,39,99,68.2,0.86,234.64,19.92,2026,2,11,17,0,2,-0.815532012,-0.578711965,0.69,1.07,0.74,0.79,0.91,1.015833333,0.708020833
02-11-2026 17:15,02-11-2026 17:30,39,99,67.8,1.25,270.7,25.35,2026,2,11,17,15,2,-0.99992537,0.012217001,0.86,0.96,1.6,0.89,0.9825,1.068333333,0.711770833
02-11-2026 17:30,02-11-2026 17:45,45.5,101.2,67.93,0.81,279.66,12.3,2026,2,11,17,30,2,-0.985820857,0.167801188,1.25,1.13,1.34,0.95,0.9025,1.026666667,0.7103125
02-11-2026 17:45,02-11-2026 18:00,37.8,91.8,69.28,0.74,344.28,9.15,2026,2,11,17,45,2,-0.270936472,0.96259723,0.81,0.69,0.78,0.42,0.915,0.9975,0.713645833
02-11-2026 18:00,02-11-2026 18:15,37,90,70.66,0.77,200.39,7.03,2026,2,11,18,0,2,-0.348408455,-0.937342813,0.74,0.86,1.07,0.53,0.8925,1,0.716145833
02-11-2026 18:15,02-11-2026 18:30,37,90,71.12,0.73,210.13,6.51,2026,2,11,18,15,2,-0.501963661,-0.864888712,0.77,1.25,0.96,0.3,0.7625,0.9275,0.720625
02-11-2026 18:30,02-11-2026 18:45,47.15,99,69.97,0.55,275.14,6.34,2026,2,11,18,30,2,-0.995978763,0.089589643,0.73,0.81,1.13,0.56,0.6975,0.861666667,0.720520833
02-11-2026 18:45,02-11-2026 19:00,33.4,85.2,69.44,0.58,188.58,6.38,2026,2,11,18,45,2,-0.149190193,-0.988808518,0.55,0.74,0.69,0.95,0.6575,0.845,0.716666667
02-11-2026 19:00,02-11-2026 19:15,31,84,69.07,0.46,265.76,6.49,2026,2,11,19,0,2,-0.997263104,-0.073934436,0.58,0.77,0.86,0.5,0.58,0.794166667,0.71625
02-11-2026 19:15,02-11-2026 19:30,31,84,69.48,1.01,267.27,6.39,2026,2,11,19,15,2,-0.998865073,-0.047629462,0.46,0.73,1.25,0.33,0.65,0.798333333,0.723333333
02-11-2026 19:30,02-11-2026 19:45,49.24,104.8,70.2,0.33,259.88,6.39,2026,2,11,19,30,2,-0.984441905,-0.175710372,1.01,0.55,0.81,0.52,0.595,0.731666667,0.721354167
02-11-2026 19:45,02-11-2026 20:00,27.4,78.4,71.22,0.49,244.1,6.44,2026,2,11,19,45,2,-0.899557779,-0.436801788,0.33,0.58,0.74,0.42,0.5725,0.715,0.722083333
02-11-2026 20:00,02-11-2026 20:15,25,77,71.04,0.37,282.2,6.32,2026,2,11,20,0,2,-0.977415894,0.211324796,0.49,0.46,0.77,0.27,0.55,0.674166667,0.723125
02-11-2026 20:15,02-11-2026 20:30,25,77,69.64,0.43,143.18,6.24,2026,2,11,20,15,2,0.59930307,-0.800522223,0.37,1.01,0.73,0.35,0.405,0.605833333,0.723958333
02-11-2026 20:30,02-11-2026 20:45,43.01,97,69.77,0.65,244.61,6.18,2026,2,11,20,30,2,-0.903410142,-0.428777465,0.43,0.33,0.55,0.31,0.485,0.5925,0.7275
02-11-2026 20:45,02-11-2026 21:00,23.8,65,70.46,0.58,319.8,6.24,2026,2,11,20,45,2,-0.645457688,0.763796029,0.65,0.49,0.58,0.51,0.5075,0.579166667,0.728229167
02-11-2026 21:00,02-11-2026 21:15,23,62,70.32,0.33,334.34,6.15,2026,2,11,21,0,2,-0.433029909,0.901379553,0.58,0.37,0.46,0.48,0.4975,0.5425,0.726666667
02-11-2026 21:15,02-11-2026 21:30,23,62,70.34,0.45,274.62,6.14,2026,2,11,21,15,2,-0.996750823,0.080546861,0.33,0.43,1.01,0.47,0.5025,0.519166667,0.726458333
02-11-2026 21:30,02-11-2026 21:45,33.74,73.2,70.61,0.49,176.66,6.15,2026,2,11,21,30,2,0.058260987,-0.998301386,0.45,0.65,0.33,0.5,0.4625,0.514166667,0.726354167
02-11-2026 21:45,02-11-2026 22:00,29,55.6,70.33,0.89,275.13,6.1,2026,2,11,21,45,2,-0.995994384,0.089415811,0.49,0.58,0.49,0.43,0.54,0.54,0.731145833
02-11-2026 22:00,02-11-2026 22:15,33,54,70.04,0.67,334.67,6.18,2026,2,11,22,0,2,-0.427831181,0.903858662,0.89,0.33,0.37,0.36,0.625,0.5575,0.734375
02-11-2026 22:15,02-11-2026 22:30,33,54,70.17,0.62,132.02,6.2,2026,2,11,22,15,2,0.74291121,-0.669389972,0.67,0.45,0.43,0.27,0.6675,0.525,0.738020833
02-11-2026 22:30,02-11-2026 22:45,48.24,76.8,70.84,0.31,319.92,6.08,2026,2,11,22,30,2,-0.643856583,0.765146196,0.62,0.49,0.65,0.44,0.6225,0.523333333,0.736666667
02-11-2026 22:45,02-11-2026 23:00,30.6,51.6,70.9,0.45,273.46,6.14,2026,2,11,22,45,2,-0.998177175,0.060351695,0.31,0.89,0.58,0.38,0.5125,0.52,0.737395833
02-11-2026 23:00,02-11-2026 23:15,29,51,70.88,0.33,258.23,6.06,2026,2,11,23,0,2,-0.978974328,-0.20398349,0.45,0.67,0.33,0.27,0.4275,0.516666667,0.738020833
02-11-2026 23:15,02-11-2026 23:30,29,51,70.98,0.64,330.81,6.1,2026,2,11,23,15,2,-0.487707298,0.873007212,0.33,0.62,0.45,0.27,0.4325,0.534166667,0.741875
02-11-2026 23:30,02-11-2026 23:45,42.83,71,71.27,0.29,295.85,6.13,2026,2,11,23,30,2,-0.899938618,0.43601661,0.64,0.31,0.49,0.48,0.4275,0.504166667,0.739895833
02-11-2026 23:45,02-12-2026 00:00,23,49.4,72.08,0.51,210.02,6.11,2026,2,11,23,45,2,-0.500302269,-0.865850818,0.29,0.45,0.89,0.31,0.4425,0.498333333,0.741979167
03-11-2026 01:00,03-11-2026 01:15,17,27,80,0.27,242.77,6.24,2026,3,11,1,0,2,-0.889176915,-0.457563562,0.27,0.27,0.27,0.37,0.27,0.273333333,0.589375
03-11-2026 01:15,03-11-2026 01:30,17,27,80.61,0.27,333.14,6.45,2026,3,11,1,15,2,-0.451812007,0.892113171,0.27,0.27,0.27,0.27,0.27,0.273333333,0.589375
03-11-2026 01:30,03-11-2026 01:45,17,27,81.14,0.27,299.6,6.27,2026,3,11,1,30,2,-0.86949493,0.493941867,0.27,0.27,0.27,0.29,0.27,0.273333333,0.589166667
03-11-2026 01:45,03-11-2026 02:00,21,39.6,82.02,0.27,291.82,6.34,2026,3,11,1,45,2,-0.928356138,0.371691916,0.27,0.27,0.27,0.27,0.27,0.27,0.589166667
03-11-2026 02:00,03-11-2026 02:15,27,48,82.94,0.27,299.84,6.46,2026,3,11,2,0,2,-0.867418289,0.497579654,0.27,0.27,0.27,0.34,0.27,0.27,0.5884375
03-11-2026 02:15,03-11-2026 02:30,27,48,83.52,0.27,295.74,6.38,2026,3,11,2,15,2,-0.900774051,0.434288049,0.27,0.27,0.27,0.29,0.27,0.27,0.588229167
03-11-2026 02:30,03-11-2026 02:45,27,48,83.92,0.27,302.64,6.38,2026,3,11,2,30,2,-0.842076059,0.539358796,0.27,0.27,0.27,0.27,0.27,0.27,0.588229167
03-11-2026 02:45,03-11-2026 03:00,31,58.2,84.35,0.27,288.95,6.45,2026,3,11,2,45,2,-0.945802327,0.32474291,0.27,0.27,0.27,0.27,0.27,0.27,0.588229167
03-11-2026 03:00,03-11-2026 03:15,37,65,84.48,0.27,277.07,6.36,2026,3,11,3,0,2,-0.992396519,0.123081876,0.27,0.27,0.27,0.27,0.27,0.27,0.588229167
03-11-2026 03:15,03-11-2026 03:30,37,65,84.77,0.27,281.65,6.39,2026,3,11,3,15,2,-0.979399403,0.201932685,0.27,0.27,0.27,0.27,0.27,0.27,0.588229167
03-11-2026 03:30,03-11-2026 03:45,37,65,85.13,0.27,268.8,6.29,2026,3,11,3,30,2,-0.999780683,-0.02094242,0.27,0.27,0.27,0.27,0.27,0.27,0.588229167
03-11-2026 03:45,03-11-2026 04:00,36.4,53,85.42,0.27,255.55,6.27,2026,3,11,3,45,2,-0.968365769,-0.249535041,0.27,0.27,0.27,0.3,0.27,0.27,0.587916667
03-11-2026 04:00,03-11-2026 04:15,34,45,85.49,0.27,268.29,6.29,2026,3,11,4,0,2,-0.999554667,-0.0298407,0.27,0.27,0.27,0.27,0.27,0.27,0.587916667
03-11-2026 04:15,03-11-2026 04:30,34,45,85.57,0.27,285,6.31,2026,3,11,4,15,2,-0.965925826,0.258819045,0.27,0.27,0.27,0.27,0.27,0.27,0.587916667
03-11-2026 04:30,03-11-2026 04:45,34,45,85.69,0.27,302.76,6.32,2026,3,11,4,30,2,-0.840944582,0.541121252,0.27,0.27,0.27,0.33,0.27,0.27,0.587291667
03-11-2026 04:45,03-11-2026 05:00,49.41,72.2,85.7,0.27,274.08,6.15,2026,3,11,4,45,2,-0.997465679,0.071149267,0.27,0.27,0.27,0.27,0.27,0.27,0.587291667
03-11-2026 05:00,03-11-2026 05:15,30,47,85.69,0.27,321.12,6.25,2026,3,11,5,0,2,-0.627691361,0.778462302,0.27,0.27,0.27,0.27,0.27,0.27,0.587291667
03-11-2026 05:15,03-11-2026 05:30,30,47,85.76,0.27,338.49,6.34,2026,3,11,5,15,2,-0.36666361,0.930353587,0.27,0.27,0.27,0.27,0.27,0.27,0.587291667
03-11-2026 05:30,03-11-2026 05:45,30,47,85.7,0.27,325.65,6.11,2026,3,11,5,30,2,-0.564246741,0.825606211,0.27,0.27,0.27,0.27,0.27,0.27,0.587291667
03-11-2026 05:45,03-11-2026 06:00,31.2,44.6,85.05,0.27,298.68,6.04,2026,3,11,5,45,2,-0.87731374,0.479917286,0.27,0.27,0.27,0.28,0.27,0.27,0.5871875
03-11-2026 06:00,03-11-2026 06:15,33,43,84.47,0.27,289.12,6.64,2026,3,11,6,0,2,-0.944834634,0.327547728,0.27,0.27,0.27,0.29,0.27,0.27,0.586979167
03-11-2026 06:15,03-11-2026 06:30,33,43,84.38,0.27,300.35,8.7,2026,3,11,6,15,2,-0.862954938,0.505280886,0.27,0.27,0.27,0.27,0.27,0.27,0.586979167
03-11-2026 06:30,03-11-2026 06:45,33,43,84.15,0.27,313.05,13.83,2026,3,11,6,30,2,-0.730758267,0.682636327,0.27,0.27,0.27,0.27,0.27,0.27,0.586979167
03-11-2026 06:45,03-11-2026 07:00,25.8,41.2,83.14,0.27,329.95,18.82,2026,3,11,6,45,2,-0.500755559,0.865588742,0.27,0.27,0.27,0.27,0.27,0.27,0.586979167
03-11-2026 07:00,03-11-2026 07:15,12,40,82.69,0.27,246.5,23.79,2026,3,11,7,0,2,-0.917060074,-0.398749069,0.27,0.27,0.27,0.37,0.27,0.27,0.5859375
03-11-2026 07:15,03-11-2026 07:30,15,40,81.94,0.27,211.97,24.35,2026,3,11,7,15,2,-0.529475155,-0.848325445,0.27,0.27,0.27,0.49,0.27,0.27,0.583645833
03-11-2026 07:30,03-11-2026 07:45,15,40,80.03,0.6,95.21,36,2026,3,11,7,30,2,0.995868565,-0.090806393,0.27,0.27,0.27,0.4,0.3525,0.2975,0.585729167
03-11-2026 07:45,03-11-2026 08:00,29.8,96.4,77.68,0.36,88.33,62.77,2026,3,11,7,45,2,0.999575256,0.029142872,0.6,0.27,0.27,0.45,0.375,0.305,0.584791667
03-11-2026 08:00,03-11-2026 08:15,52,134,75.95,0.74,44.36,73.09,2026,3,11,8,0,2,0.699164374,0.714960963,0.36,0.27,0.27,0.45,0.4925,0.344166667,0.5878125
03-11-2026 08:15,03-11-2026 08:30,52,134,76.14,0.39,137.58,67.5,2026,3,11,8,15,2,0.674560116,-0.73821992,0.74,0.27,0.27,0.47,0.5225,0.354166667,0.586979167
03-11-2026 08:30,03-11-2026 08:45,52,134,74.52,0.92,90.9,136.48,2026,3,11,8,30,2,0.999876632,-0.015707317,0.39,0.6,0.27,0.81,0.6025,0.408333333,0.588125
03-11-2026 08:45,03-11-2026 09:00,38.4,76.4,72.81,0.54,58.94,156.9,2026,3,11,8,45,2,0.856627484,0.515935416,0.92,0.36,0.27,0.6,0.6475,0.430833333,0.5875
03-11-2026 09:30,03-11-2026 09:45,26,38,71.1,0.59,105.68,123.09,2026,3,11,9,30,2,0.962786145,-0.270264387,0.91,0.92,0.6,0.67,0.6375,0.530833333,0.586458333
03-11-2026 15:30,03-11-2026 15:45,26,33,67.21,0.8,71.14,159.12,2026,3,11,15,30,2,0.946311265,0.323256847,0.75,1.23,1.44,1.21,0.9225,1.113333333,0.566979167
03-11-2026 15:45,03-11-2026 16:00,23,34.6,67.3,0.45,31.03,138.75,2026,3,11,15,45,2,0.515486816,0.85689751,0.8,1.02,1.08,1.4,0.78,1.059166667,0.557083333
03-11-2026 16:00,03-11-2026 16:15,21,35,67.83,0.81,64.25,120.51,2026,3,11,16,0,2,0.900698239,0.434445257,0.45,1.12,1.1,0.76,0.7025,1.003333333,0.557604167
03-11-2026 16:15,03-11-2026 16:30,21,35,68.47,0.83,230.18,103.7,2026,3,11,16,15,2,-0.768060036,-0.640377842,0.81,0.75,1.07,0.77,0.7225,0.975,0.558229167
03-11-2026 16:30,03-11-2026 16:45,21,35,68.75,0.69,191.47,85.19,2026,3,11,16,30,2,-0.19885482,-0.980028959,0.83,0.8,1.23,0.96,0.695,0.9125,0.555416667
03-11-2026 16:45,03-11-2026 17:00,19.5,35.75,68.56,0.72,26.5,67.64,2026,3,11,16,45,2,0.446197813,0.894934362,0.69,0.45,1.02,1.01,0.7625,0.8825,0.552395833
03-11-2026 17:00,03-11-2026 17:15,18,36,69.88,0.72,90.21,51.45,2026,3,11,17,0,2,0.999993283,-0.003665183,0.72,0.81,1.12,0.98,0.74,0.850833333,0.5496875
03-11-2026 17:15,03-11-2026 17:30,18,36,71.08,0.59,174.66,35.56,2026,3,11,17,15,2,0.093065712,-0.995659969,0.72,0.83,0.75,0.6,0.68,0.810833333,0.549583333
03-11-2026 17:30,03-11-2026 17:45,18,36,72.38,0.66,211.31,19.13,2026,3,11,17,30,2,-0.519668235,-0.854368144,0.59,0.69,0.8,0.55,0.6725,0.763333333,0.550729167
03-11-2026 17:45,03-11-2026 18:00,22.2,37.6,74.34,0.76,66.55,10.69,2026,3,11,17,45,2,0.917407699,0.397948631,0.66,0.72,0.45,0.3,0.6825,0.741666667,0.555520833
03-11-2026 18:00,03-11-2026 18:15,25,38,75.94,0.38,216.5,7.63,2026,3,11,18,0,2,-0.594822787,-0.803856861,0.76,0.72,0.81,0.47,0.5975,0.68,0.554583333
03-11-2026 18:15,03-11-2026 18:30,25,38,76.99,0.72,330.86,6.42,2026,3,11,18,15,2,-0.48694527,0.873432484,0.38,0.59,0.83,0.44,0.63,0.6775,0.5575
03-11-2026 18:30,03-11-2026 18:45,25,38,77.62,0.29,107.85,6.2,2026,3,11,18,30,2,0.951862261,-0.306526078,0.72,0.66,0.69,0.54,0.5375,0.635,0.554895833
03-11-2026 18:45,03-11-2026 19:00,26.8,41.2,77.98,0.55,56.96,6.1,2026,3,11,18,45,2,0.838290134,0.545224405,0.29,0.76,0.72,0.58,0.485,0.643333333,0.554583333
03-11-2026 19:00,03-11-2026 19:15,28,42,78.5,0.56,55.01,6.36,2026,3,11,19,0,2,0.81925214,0.573433459,0.55,0.38,0.72,0.28,0.53,0.6225,0.5575
03-11-2026 19:15,03-11-2026 19:30,28,42,78.61,0.66,118.02,6.42,2026,3,11,19,15,2,0.882783663,-0.469779741,0.56,0.72,0.59,0.48,0.515,0.608333333,0.559375
03-11-2026 19:30,03-11-2026 19:45,28,42,78.9,0.28,74.27,6.25,2026,3,11,19,30,2,0.962549928,0.271104473,0.66,0.29,0.66,0.51,0.5125,0.574166667,0.556979167
03-11-2026 19:45,03-11-2026 20:00,28,39.6,79.07,0.69,75.64,6.44,2026,3,11,19,45,2,0.968756543,0.248013628,0.28,0.55,0.76,0.28,0.5475,0.571666667,0.56125
03-11-2026 20:00,03-11-2026 20:15,28,39,79.33,0.37,45.4,6.32,2026,3,11,20,0,2,0.712026046,0.702153053,0.69,0.56,0.38,0.35,0.5,0.5425,0.561458333
03-11-2026 20:15,03-11-2026 20:30,28,39,79.51,0.48,96.25,6.44,2026,3,11,20,15,2,0.994056338,-0.108866875,0.37,0.66,0.72,0.27,0.455,0.533333333,0.563645833
03-11-2026 20:30,03-11-2026 20:45,28,39,79.81,0.33,101,6.38,2026,3,11,20,30,2,0.981627183,-0.190808995,0.48,0.28,0.29,0.29,0.4675,0.505833333,0.5640625
03-11-2026 20:45,03-11-2026 21:00,33.4,39,79.97,0.33,73.64,6.49,2026,3,11,20,45,2,0.959510852,0.281671661,0.33,0.69,0.55,0.3,0.3775,0.47,0.564375
03-11-2026 21:00,03-11-2026 21:15,37,39,80.08,0.29,58.62,6.43,2026,3,11,21,0,2,0.853732612,0.520711655,0.33,0.37,0.56,0.27,0.3575,0.4625,0.564583333
03-11-2026 21:15,03-11-2026 21:30,37,39,79.59,0.62,67.89,6.35,2026,3,11,21,15,2,0.926462953,0.376385967,0.29,0.48,0.66,0.27,0.3925,0.454166667,0.568229167
03-11-2026 21:30,03-11-2026 21:45,37,39,79.64,0.31,40.75,6.29,2026,3,11,21,30,2,0.652759752,0.757564984,0.62,0.33,0.28,0.32,0.3875,0.455833333,0.568125
03-11-2026 21:45,03-11-2026 22:00,30.4,38.2,80.06,0.28,72.4,6.38,2026,3,11,21,45,2,0.953190668,0.302369891,0.31,0.33,0.69,0.27,0.375,0.433333333,0.568229167
03-11-2026 22:00,03-11-2026 22:15,26,38,80.24,0.27,58.32,6.32,2026,3,11,22,0,2,0.850994482,0.52517463,0.28,0.29,0.37,0.27,0.37,0.409166667,0.568229167
03-11-2026 22:15,03-11-2026 22:30,26,38,80.62,0.32,31.1,6.33,2026,3,11,22,15,2,0.516533329,0.856267085,0.27,0.62,0.48,0.27,0.295,0.380833333,0.56875
03-11-2026 22:30,03-11-2026 22:45,26,38,80.78,0.27,26.5,6.27,2026,3,11,22,30,2,0.446197813,0.894934362,0.32,0.31,0.33,0.27,0.285,0.38,0.56875
03-11-2026 22:45,03-11-2026 23:00,25.5,30.5,80.99,0.27,26.5,6.19,2026,3,11,22,45,2,0.446197813,0.894934362,0.27,0.28,0.33,0.31,0.2825,0.345,0.568333333
03-11-2026 23:00,03-11-2026 23:15,25,28,81.17,0.27,26.5,6.25,2026,3,11,23,0,2,0.446197813,0.894934362,0.27,0.27,0.29,0.27,0.2825,0.336666667,0.568333333
03-11-2026 23:15,03-11-2026 23:30,25,28,81.29,0.27,26.5,6.18,2026,3,11,23,15,2,0.446197813,0.894934362,0.27,0.32,0.62,0.27,0.27,0.319166667,0.568333333
03-11-2026 23:30,03-11-2026 23:45,25,28,81.03,0.27,42.62,6.06,2026,3,11,23,30,2,0.677132875,0.735860768,0.27,0.27,0.31,0.27,0.27,0.314166667,0.568333333
03-11-2026 23:45,03-12-2026 00:00,28.5,32.5,81.49,0.27,26.5,5.95,2026,3,11,23,45,2,0.446197813,0.894934362,0.27,0.27,0.28,0.27,0.27,0.309166667,0.568333333
04-11-2026 00:00,04-11-2026 00:15,37.8,44,86.49,1.14,149.22,6.22,2026,4,11,0,0,5,0.511743,-0.859138581,1.08,1.07,0.68,0.65,1.1275,1.075833333,1.0334375
04-11-2026 00:15,04-11-2026 00:30,36.2,44,86.1,1.67,142.63,6.25,2026,4,11,0,15,5,0.606959802,-0.794732533,1.14,1.25,1.15,0.66,1.2325,1.115833333,1.043958333
04-11-2026 00:30,04-11-2026 00:45,36.2,44,86.07,1.17,71.82,6.34,2026,4,11,0,30,5,0.950081019,0.312003297,1.67,1.04,1.31,0.88,1.265,1.144166667,1.046979167
04-11-2026 00:45,04-11-2026 01:00,44.89,58.2,85.76,0.95,135.49,6.34,2026,4,11,0,45,5,0.701033739,-0.713128107,1.17,1.08,1.47,0.75,1.2325,1.165,1.0490625
04-11-2026 01:00,04-11-2026 01:15,38,45,85.02,1.27,26.5,6.41,2026,4,11,1,0,5,0.446197813,0.894934362,0.95,1.14,1.07,0.75,1.265,1.214166667,1.054479167
04-11-2026 01:15,04-11-2026 01:30,37.8,45,84.52,0.86,117.79,6.41,2026,4,11,1,15,5,0.884662362,-0.466232245,1.27,1.67,1.25,1,1.0625,1.19,1.053020833
04-11-2026 01:30,04-11-2026 01:45,38,45,84.44,0.76,125.19,6.51,2026,4,11,1,30,5,0.817245492,-0.576289689,0.86,1.17,1.04,1.2,0.96,1.144166667,1.0484375
04-11-2026 01:45,04-11-2026 02:00,32.8,40.2,84.63,1,152.5,6.43,2026,4,11,1,45,5,0.461748613,-0.887010833,0.76,0.95,1.08,1.1,0.9725,1.105,1.047395833
04-11-2026 02:00,04-11-2026 02:15,29,37,84.8,0.66,68.88,6.35,2026,4,11,2,0,5,0.932827815,0.360322448,1,1.27,1.14,0.84,0.82,1.070833333,1.045520833
04-11-2026 02:15,04-11-2026 02:30,31.4,37,84.92,0.73,119.72,6.41,2026,4,11,2,15,5,0.868458514,-0.495761848,0.66,0.86,1.67,0.85,0.7875,1.0275,1.044270833
04-11-2026 02:30,04-11-2026 02:45,29.4,37,85.21,0.54,116.85,6.36,2026,4,11,2,30,5,0.892192014,-0.451656297,0.73,0.76,1.17,0.95,0.7325,0.985833333,1.04
04-11-2026 02:45,04-11-2026 03:00,36.2,43.6,85.52,0.53,122.79,6.35,2026,4,11,2,45,5,0.840661137,-0.541561495,0.54,1,0.95,1.06,0.615,0.94,1.034479167
04-11-2026 03:00,04-11-2026 03:15,39.6,48,85.79,0.79,149.98,6.36,2026,4,11,3,0,5,0.500302269,-0.865850818,0.53,0.66,1.27,0.77,0.6475,0.910833333,1.0346875
04-11-2026 03:15,04-11-2026 03:30,40,48,86.17,0.74,97.16,6.35,2026,4,11,3,15,5,0.992201959,-0.124640576,0.79,0.73,0.86,0.29,0.65,0.833333333,1.039375
04-11-2026 03:30,04-11-2026 03:45,42.2,48,86.5,0.86,149.92,6.45,2026,4,11,3,30,5,0.501208712,-0.865326428,0.74,0.54,0.76,0.68,0.73,0.8075,1.04125
04-11-2026 03:45,04-11-2026 04:00,36.2,43.8,86.82,0.93,170.23,6.25,2026,4,11,3,45,5,0.169693517,-0.985496885,0.86,0.53,1,0.53,0.83,0.805833333,1.045416667
04-11-2026 04:00,04-11-2026 04:15,32.8,41,86.97,0.96,118.43,6.2,2026,4,11,4,0,5,0.879399416,-0.476084727,0.93,0.79,0.66,0.78,0.8725,0.78,1.047291667
04-11-2026 04:15,04-11-2026 04:30,33.2,41,87.11,0.37,160.08,6.15,2026,4,11,4,15,5,0.340707752,-0.940169255,0.96,0.74,0.73,0.81,0.78,0.739166667,1.042708333
04-11-2026 04:30,04-11-2026 04:45,33.8,41,87.12,0.59,121.65,6.17,2026,4,11,4,30,5,0.851269346,-0.524728978,0.37,0.86,0.54,0.69,0.7125,0.725,1.041666667
04-11-2026 04:45,04-11-2026 05:00,42.75,59.4,86.98,0.5,176.13,6.08,2026,4,11,4,45,5,0.067492895,-0.997719755,0.59,0.93,0.53,0.46,0.605,0.683333333,1.042083333
04-11-2026 05:00,04-11-2026 05:15,22.2,30,86.87,0.38,179.37,6.15,2026,4,11,5,0,5,0.010995353,-0.999939549,0.5,0.96,0.79,0.73,0.46,0.66,1.0384375
04-11-2026 05:15,04-11-2026 05:30,22.4,30,86.77,0.62,82.3,6.15,2026,4,11,5,15,5,0.9909832,0.133986185,0.38,0.37,0.74,0.51,0.5225,0.650833333,1.039583333
04-11-2026 05:30,04-11-2026 05:45,17.6,30,86.7,0.43,217.14,6.25,2026,4,11,5,30,5,-0.603764659,-0.797162616,0.62,0.59,0.86,0.32,0.4825,0.641666667,1.040729167
04-11-2026 05:45,04-11-2026 06:00,26.4,35.4,86.64,0.46,153.27,7.26,2026,4,11,5,45,5,0.449786705,-0.893136003,0.43,0.5,0.93,0.27,0.4725,0.635833333,1.042708333
04-11-2026 06:00,04-11-2026 06:15,31,39,86.48,0.68,233.22,10.14,2026,4,11,6,0,5,-0.800940421,-0.598744054,0.46,0.38,0.96,0.27,0.5475,0.626666667,1.046979167
04-11-2026 06:15,04-11-2026 06:30,30.8,39,86.54,0.79,266.33,14.91,2026,4,11,6,15,5,-0.997949271,-0.064009792,0.68,0.62,0.37,0.27,0.59,0.630833333,1.052395833
04-11-2026 06:30,04-11-2026 06:45,29.8,39,86.42,0.95,196.03,20.39,2026,4,11,6,30,5,-0.276140633,-0.961117241,0.79,0.43,0.59,0.27,0.72,0.638333333,1.059479167
04-11-2026 06:45,04-11-2026 07:00,40.8,48.6,86.37,0.65,242.28,27.29,2026,4,11,6,45,5,-0.885231311,-0.465151078,0.95,0.46,0.5,0.27,0.7675,0.615,1.0634375
04-11-2026 07:00,04-11-2026 07:15,54.6,63,85.74,0.85,200.64,39.99,2026,4,11,7,0,5,-0.352495055,-0.935813676,0.65,0.68,0.38,0.39,0.81,0.605833333,1.068229167
04-11-2026 07:15,04-11-2026 07:30,56.6,63,84.47,0.63,197.2,66.04,2026,4,11,7,15,5,-0.29570805,-0.955278362,0.85,0.79,0.62,0.8,0.77,0.6275,1.066458333
04-11-2026 07:30,04-11-2026 07:45,56,63,83.54,1.25,199.33,73.58,2026,4,11,7,30,5,-0.33100852,-0.943627765,0.63,0.95,0.43,1.55,0.845,0.6825,1.063333333
04-11-2026 07:45,04-11-2026 08:00,49.8,58.2,82.89,0.91,178.81,110.13,2026,4,11,7,45,5,0.020767925,-0.999784323,1.25,0.65,0.46,0.83,0.91,0.716666667,1.064166667
04-11-2026 08:00,04-11-2026 08:15,47.6,55,81.01,1.18,87.69,134.1,2026,4,11,8,0,5,0.999187376,0.040306184,0.91,0.85,0.68,1.17,0.9925,0.783333333,1.064270833
04-11-2026 08:15,04-11-2026 08:30,49.2,55,79.36,1.28,154.31,152.34,2026,4,11,8,15,5,0.43350181,-0.901152695,1.18,0.63,0.79,1.4,1.155,0.838333333,1.063020833
04-11-2026 15:30,04-11-2026 15:45,7.2,43,75.37,1.49,132.02,164.7,2026,4,11,15,30,5,0.74291121,-0.669389972,1.79,1.25,1.74,1.16,1.8,1.495,1.0246875
04-11-2026 15:45,04-11-2026 16:00,23.3,56,75.18,1.32,63.18,145.36,2026,4,11,15,45,5,0.892428378,0.451189084,1.49,2.11,1.31,1.16,1.6025,1.496666667,1.026354167
04-11-2026 16:00,04-11-2026 16:15,18,42,75.46,1.2,52.39,126.88,2026,4,11,16,0,5,0.792183141,0.610283435,1.32,1.81,1.58,0.83,1.45,1.499166667,1.030208333
04-11-2026 16:15,04-11-2026 16:30,18,42,75.77,1.19,67.79,106.98,2026,4,11,16,15,5,0.925804625,0.378002376,1.2,1.79,1.41,0.8,1.3,1.516666667,1.034270833
04-11-2026 16:30,04-11-2026 16:45,14.4,42,76.68,1.56,68.5,87.79,2026,4,11,16,30,5,0.930417568,0.366501227,1.19,1.49,1.25,0.7,1.3175,1.501666667,1.043229167
04-11-2026 16:45,04-11-2026 17:00,18.6,39.6,77.61,1.47,78.6,69.47,2026,4,11,16,45,5,0.980271175,0.19765734,1.56,1.32,2.11,1.61,1.355,1.515,1.041770833
04-11-2026 17:00,04-11-2026 17:15,21,38,78.01,0.82,92.3,51.66,2026,4,11,17,0,5,0.999194395,-0.040131793,1.47,1.2,1.81,1,1.26,1.451666667,1.039895833
04-11-2026 17:15,04-11-2026 17:30,21,38,78.78,1.05,71.95,34.46,2026,4,11,17,15,5,0.950786486,0.30984683,0.82,1.19,1.79,1.19,1.225,1.421666667,1.0384375
04-11-2026 17:30,04-11-2026 17:45,21,38,79.5,0.84,90.87,20.84,2026,4,11,17,30,5,0.99988472,-0.015183781,1.05,1.56,1.49,0.77,1.045,1.3875,1.039166667
04-11-2026 17:45,04-11-2026 18:00,20.4,37.4,80.51,0.53,59.34,14.05,2026,4,11,17,45,5,0.860208488,0.509942503,0.84,1.47,1.32,0.86,0.81,1.255833333,1.035729167
04-11-2026 18:00,04-11-2026 18:15,18,37,81.42,0.57,90.14,9.09,2026,4,11,18,0,5,0.999997015,-0.002443459,0.53,0.82,1.2,1.3,0.7475,1.1525,1.028125
04-11-2026 18:15,04-11-2026 18:30,18,37,81.93,0.91,65.87,6.93,2026,4,11,18,15,5,0.912620251,0.408808363,0.57,1.05,1.19,1.25,0.7125,1.079166667,1.024583333
04-11-2026 18:30,04-11-2026 18:45,18,37,81.95,0.51,54.68,6.58,2026,4,11,18,30,5,0.81593583,0.578142475,0.91,0.84,1.56,0.94,0.63,0.9975,1.020104167
04-11-2026 18:45,04-11-2026 19:00,17.2,33.4,82.28,0.3,66.27,6.55,2026,4,11,18,45,5,0.915452008,0.402427161,0.51,0.53,1.47,0.53,0.5725,0.9125,1.017708333
04-11-2026 19:00,04-11-2026 19:15,14,31,82.58,0.77,81.14,6.53,2026,4,11,19,0,5,0.988067633,0.154020623,0.3,0.57,0.82,0.97,0.6225,0.876666667,1.015625
04-11-2026 19:15,04-11-2026 19:30,14,31,82.38,1.09,105.09,6.67,2026,4,11,19,15,5,0.965518083,-0.260335998,0.77,0.91,1.05,0.87,0.6675,0.868333333,1.017916667
04-11-2026 19:30,04-11-2026 19:45,14,31,81.73,0.82,30.3,6.52,2026,4,11,19,30,5,0.504527624,0.863395551,1.09,0.51,0.84,0.51,0.745,0.806666667,1.021145833
04-11-2026 19:45,04-11-2026 20:00,36.37,61.8,81.84,0.56,89.54,6.41,2026,4,11,19,45,5,0.999967772,0.008028428,0.82,0.3,0.53,1.37,0.81,0.730833333,1.012708333
04-11-2026 20:00,04-11-2026 20:15,17,29,82.22,0.51,150.37,6.46,2026,4,11,20,0,5,0.494397065,-0.869236183,0.56,0.77,0.57,0.86,0.745,0.705,1.0090625
04-11-2026 20:15,04-11-2026 20:30,17,29,82.3,0.8,51.3,6.48,2026,4,11,20,15,5,0.780430407,0.625242656,0.51,1.09,0.91,0.96,0.6725,0.684166667,1.007395833
04-11-2026 20:30,04-11-2026 20:45,13.6,29,82.86,0.28,76.71,6.48,2026,4,11,20,30,5,0.973219009,0.229879882,0.8,0.82,0.51,0.4,0.5375,0.6375,1.006145833
04-11-2026 20:45,04-11-2026 21:00,16.4,28.4,83.12,0.41,46.17,6.42,2026,4,11,20,45,5,0.721397724,0.692520992,0.28,0.56,0.3,0.45,0.5,0.6275,1.005729167
04-11-2026 21:00,04-11-2026 21:15,14,28,83.63,0.4,69.68,6.32,2026,4,11,21,0,5,0.937767774,0.347263015,0.41,0.51,0.77,1.28,0.4725,0.613333333,0.9965625
04-11-2026 21:15,04-11-2026 21:30,14,28,83.68,0.32,69.9,6.14,2026,4,11,21,15,5,0.939094252,0.343659695,0.4,0.8,1.09,1.19,0.3525,0.564166667,0.9875
04-11-2026 21:30,04-11-2026 21:45,14,28,83.8,0.35,67.82,6.14,2026,4,11,21,30,5,0.92600242,0.377517574,0.32,0.28,0.82,0.83,0.37,0.550833333,0.9825
04-11-2026 21:45,04-11-2026 22:00,13.2,26.2,84.07,0.3,92.76,6.25,2026,4,11,21,45,5,0.998839998,-0.04815246,0.35,0.41,0.56,0.7,0.3425,0.550833333,0.978333333
04-11-2026 22:00,04-11-2026 22:15,10,25,84.64,0.85,98.02,6.1,2026,4,11,22,0,5,0.990219428,-0.139518761,0.3,0.4,0.51,0.68,0.455,0.5575,0.980104167
04-11-2026 22:15,04-11-2026 22:30,10,25,84.79,0.92,116.27,6.13,2026,4,11,22,15,5,0.896718299,-0.442601731,0.85,0.32,0.8,1.15,0.605,0.543333333,0.977708333
04-11-2026 22:30,04-11-2026 22:45,8,25,84.18,1.01,79.1,6.21,2026,4,11,22,30,5,0.981958713,0.189095443,0.92,0.35,0.28,1.31,0.77,0.559166667,0.974583333
04-11-2026 22:45,04-11-2026 23:00,9.8,23.8,84.44,0.43,90.51,6.1,2026,4,11,22,45,5,0.999960385,-0.008901062,1.01,0.3,0.41,1.47,0.8025,0.548333333,0.96375
04-11-2026 23:00,04-11-2026 23:15,9,23,84.71,0.89,63.46,6.04,2026,4,11,23,0,5,0.894622639,0.446822486,0.43,0.85,0.4,1.07,0.8125,0.58,0.961875
04-11-2026 23:15,04-11-2026 23:30,9,23,84.97,0.82,75.94,5.93,2026,4,11,23,15,5,0.970041854,0.242937854,0.89,0.92,0.32,1.25,0.7875,0.581666667,0.957395833
04-11-2026 23:30,04-11-2026 23:45,9,23,84.89,0.72,123.13,5.96,2026,4,11,23,30,5,0.837432663,-0.546540515,0.82,1.01,0.35,1.04,0.715,0.618333333,0.9540625
04-11-2026 23:45,04-12-2026 00:00,8.4,25.4,84.96,0.43,97.22,5.89,2026,4,11,23,45,5,0.992070891,-0.125679539,0.72,0.43,0.3,1.08,0.715,0.62,0.947291667
01-12-2026 00:00,01-12-2026 00:15,11.07,27,89.4,1.77,146.29,5.92,2026,1,12,0,0,0,0.554989622,-0.831857271,2.51,2.38,2.12,1.57,2.48,1.871666667,1.9021875
01-12-2026 00:15,01-12-2026 00:30,11.07,27,89.41,2.1,211.85,6.06,2026,1,12,0,15,0,-0.527697266,-0.849432514,1.77,2.85,1.41,1.74,2.2925,1.931666667,1.9059375
01-12-2026 00:30,01-12-2026 00:45,11.07,27,89.71,1.67,188.37,5.96,2026,1,12,0,30,0,-0.145565027,-0.989348686,2.1,2.79,1.4,1.88,2.0125,1.969166667,1.90375
01-12-2026 00:45,01-12-2026 01:00,10.41,25.4,90.17,1.63,151.42,5.9,2026,1,12,0,45,0,0.478385355,-0.878150017,1.67,2.51,1.77,2.38,1.7925,2.033333333,1.8959375
01-12-2026 01:00,01-12-2026 01:15,7.79,19,90.39,2.01,89.01,5.94,2026,1,12,1,0,0,0.999850726,0.0172779,1.63,1.77,2.38,2.06,1.8525,2.024166667,1.895416667
01-12-2026 01:15,01-12-2026 01:30,7.79,19,90.36,1.08,88.59,6.07,2026,1,12,1,15,0,0.99969721,0.024606659,2.01,2.1,2.85,3.34,1.5975,1.996666667,1.871875
01-12-2026 01:30,01-12-2026 01:45,7.79,19,90.5,1.01,201.44,6,2026,1,12,1,30,0,-0.365526695,-0.930800857,1.08,1.67,2.79,1.73,1.4325,1.964166667,1.864375
01-12-2026 01:45,01-12-2026 02:00,19.52,47.6,91.18,0.85,150.55,5.94,2026,1,12,1,45,0,0.491663844,-0.870785085,1.01,1.63,2.51,2.39,1.2375,1.8875,1.848333333
01-12-2026 02:00,01-12-2026 02:15,9.84,24,91.42,1.52,85.56,5.99,2026,1,12,2,0,0,0.996998949,0.077415084,0.85,2.01,1.77,1.48,1.115,1.815833333,1.84875
01-12-2026 02:15,01-12-2026 02:30,9.84,24,91.59,0.7,146.1,5.96,2026,1,12,2,15,0,0.557745109,-0.830012285,1.52,1.08,2.1,1.59,1.02,1.636666667,1.839479167
01-12-2026 02:30,01-12-2026 02:45,9.84,24,91.59,0.73,143.88,5.93,2026,1,12,2,30,0,0.589478363,-0.807784166,0.7,1.01,1.67,1.23,0.95,1.465,1.834270833
01-12-2026 02:45,01-12-2026 03:00,20.99,51.2,91.83,0.49,142.6,6.03,2026,1,12,2,45,0,0.60737584,-0.794414621,0.73,0.85,1.63,1.85,0.86,1.296666667,1.820104167
01-12-2026 03:00,01-12-2026 03:15,8.61,21,92.21,0.84,84.62,6.03,2026,1,12,3,0,0,0.995594754,0.093760791,0.49,1.52,2.01,2.88,0.69,1.219166667,1.798854167
01-12-2026 03:15,01-12-2026 03:30,8.61,21,92.02,0.89,136.22,6.03,2026,1,12,3,15,0,0.69189119,-0.722001788,0.84,0.7,1.08,2.69,0.7375,1.118333333,1.780104167
01-12-2026 03:30,01-12-2026 03:45,8.61,21,91.89,0.84,87.93,6.01,2026,1,12,3,30,0,0.999347443,0.036120457,0.89,0.73,1.01,2.17,0.765,1.049166667,1.76625
01-12-2026 03:45,01-12-2026 04:00,8.94,21.8,91.84,0.55,147.11,6.13,2026,1,12,3,45,0,0.5430279,-0.839714654,0.84,0.49,0.85,2.83,0.78,0.959166667,1.7425
01-12-2026 04:00,01-12-2026 04:15,10.25,25,91.69,0.48,90.51,6.04,2026,1,12,4,0,0,0.999960385,-0.008901062,0.55,0.84,1.52,1.25,0.69,0.831666667,1.734479167
01-12-2026 04:15,01-12-2026 04:30,10.25,25,91.69,0.29,198.24,6.17,2026,1,12,4,15,0,-0.312998048,-0.949753769,0.48,0.89,0.7,1.83,0.54,0.765833333,1.7184375
01-12-2026 04:30,01-12-2026 04:45,10.25,25,91.56,0.88,144.98,6.04,2026,1,12,4,30,0,0.573862339,-0.818951778,0.29,0.84,0.73,2.38,0.55,0.755,1.7028125
01-12-2026 04:45,01-12-2026 05:00,10.33,25.2,91.12,0.66,189.43,5.96,2026,1,12,4,45,0,-0.163842508,-0.986486509,0.88,0.55,0.49,2.37,0.5775,0.739166667,1.685
01-12-2026 05:00,01-12-2026 05:15,10.66,26,90.92,0.27,147.22,5.97,2026,1,12,5,0,0,0.541414764,-0.840755644,0.66,0.48,0.84,2.19,0.525,0.635,1.665
01-12-2026 05:15,01-12-2026 05:30,10.66,26,90.88,0.8,150.2,5.97,2026,1,12,5,15,0,0.496973961,-0.867765453,0.27,0.29,0.89,2.07,0.6525,0.643333333,1.651770833
01-12-2026 05:30,01-12-2026 05:45,10.66,26,90.76,0.36,116.95,6.07,2026,1,12,5,30,0,0.891402366,-0.453212777,0.8,0.88,0.84,1.87,0.5225,0.6125,1.636041667
01-12-2026 05:45,01-12-2026 06:00,10.91,26.6,90.49,0.75,172.33,6.08,2026,1,12,5,45,0,0.133467289,-0.991053219,0.36,0.66,0.55,1.62,0.545,0.634166667,1.626979167
01-12-2026 06:00,01-12-2026 06:15,11.89,29,90.42,0.28,128.57,5.96,2026,1,12,6,0,0,0.781847028,-0.623470308,0.75,0.27,0.48,1.84,0.5475,0.5875,1.610729167
01-12-2026 06:15,01-12-2026 06:30,11.89,29,90.43,0.37,83.91,6.07,2026,1,12,6,15,0,0.994356476,0.106090525,0.28,0.8,0.29,1.34,0.44,0.544166667,1.600625
01-12-2026 06:30,01-12-2026 06:45,11.89,29,90.43,0.35,132.77,6.51,2026,1,12,6,30,0,0.734085519,-0.679057031,0.37,0.36,0.88,1.61,0.4375,0.503333333,1.5875
01-12-2026 06:45,01-12-2026 07:00,20.09,49,90.27,0.34,187.34,6.79,2026,1,12,6,45,0,-0.127757051,-0.991805493,0.35,0.75,0.66,1.13,0.335,0.485833333,1.579270833
01-12-2026 07:00,01-12-2026 07:15,15.99,39,89.92,0.67,145.64,7.24,2026,1,12,7,0,0,0.564390828,-0.825507719,0.34,0.28,0.27,1.4,0.4325,0.501666667,1.571666667
01-12-2026 07:15,01-12-2026 07:30,15.99,39,89.85,1.07,142.84,8.27,2026,1,12,7,15,0,0.604042885,-0.796951814,0.67,0.37,0.8,1.28,0.6075,0.566666667,1.569479167
01-12-2026 07:30,01-12-2026 07:45,15.99,39,90.17,0.49,125.73,13.19,2026,1,12,7,30,0,0.811777874,-0.583966337,1.07,0.35,0.36,0.32,0.6425,0.534166667,1.57125
01-12-2026 07:45,01-12-2026 08:00,14.92,36.4,91.11,0.28,165.2,12.04,2026,1,12,7,45,0,0.255445758,-0.966823389,0.49,0.34,0.75,1.38,0.6275,0.5025,1.559791667
01-12-2026 08:00,01-12-2026 08:15,10.66,26,91.7,0.98,86.47,20.81,2026,1,12,8,0,0,0.998102697,0.061571153,0.28,0.67,0.28,0.89,0.705,0.561666667,1.560729167
01-12-2026 08:15,01-12-2026 08:30,10.66,26,91.33,0.84,210.63,26.55,2026,1,12,8,15,0,-0.509492029,-0.860475376,0.98,1.07,0.37,0.41,0.6475,0.565,1.565208333
01-12-2026 08:30,01-12-2026 08:45,10.66,26,90.48,1.07,26.5,17.49,2026,1,12,8,30,0,0.446197813,0.894934362,0.84,0.49,0.35,0.84,0.7925,0.624166667,1.567604167
01-12-2026 08:45,01-12-2026 09:00,19.6,47.8,90.16,1.19,203.64,18.35,2026,1,12,8,45,0,-0.400988677,-0.91608301,1.07,0.28,0.34,1.86,1.02,0.660833333,1.560625
01-12-2026 09:00,01-12-2026 09:15,13.12,32,89.71,1.11,85.5,17.69,2026,1,12,9,0,0,0.996917334,0.078459096,1.19,0.98,0.67,0.99,1.0525,0.73,1.561875
01-12-2026 09:15,01-12-2026 09:30,13.12,32,89.66,0.52,175.48,14.76,2026,1,12,9,15,0,0.078807081,-0.996889886,1.11,0.84,1.07,0.92,0.9725,0.7425,1.557708333
01-12-2026 09:30,01-12-2026 09:45,13.12,32,89.61,1.75,141.94,17.66,2026,1,12,9,30,0,0.616486341,-0.787365602,0.52,1.07,0.49,0.61,1.1425,0.859166667,1.569583333
01-12-2026 09:45,01-12-2026 10:00,13.28,32.4,89.03,1.61,189.33,21.05,2026,1,12,9,45,0,-0.162120515,-0.986770966,1.75,1.19,0.28,0.92,1.2475,0.965,1.576770833
01-12-2026 10:00,01-12-2026 10:15,13.94,34,88.32,1.83,182.92,37.61,2026,1,12,10,0,0,-0.050941556,-0.998701636,1.61,1.11,0.98,1.71,1.4275,1.061666667,1.578020833
01-12-2026 10:15,01-12-2026 10:30,13.94,34,88.12,1.56,168.53,60.9,2026,1,12,10,15,0,0.19885482,-0.980028959,1.83,0.52,0.84,2.12,1.6875,1.1025,1.5721875
01-12-2026 10:30,01-12-2026 10:45,13.94,34,88.68,2.01,276.86,74.22,2026,1,12,10,30,0,-0.992840971,0.119443734,1.56,1.75,1.07,2.34,1.7525,1.229166667,1.56875
01-12-2026 10:45,01-12-2026 11:00,14.43,35.2,87.81,1.43,118.37,77.11,2026,1,12,10,45,0,0.879897489,-0.475163561,2.01,1.61,1.19,3.4,1.7075,1.325,1.548229167
01-12-2026 11:00,01-12-2026 11:15,16.4,40,85.73,0.47,206.7,61.57,2026,1,12,11,0,0,-0.449318999,-0.893371388,1.43,1.83,1.11,2.5,1.3675,1.2825,1.527083333
01-12-2026 11:15,01-12-2026 11:30,16.4,40,84.36,0.46,120.99,58.49,2026,1,12,11,15,0,0.857257179,-0.514888463,0.47,1.56,0.52,2.35,1.0925,1.250833333,1.507395833
01-12-2026 11:30,01-12-2026 11:45,16.4,40,80.34,2.09,28.64,65.47,2026,1,12,11,30,0,0.479304689,0.877648572,0.46,2.01,1.75,2.39,1.1125,1.335833333,1.504270833
01-12-2026 11:45,01-12-2026 12:00,23.86,58.2,77.79,1.07,212.93,82.94,2026,1,12,11,45,0,-0.543613999,-0.839335344,2.09,1.43,1.61,2.21,1.0225,1.325833333,1.492395833
01-12-2026 12:00,01-12-2026 12:15,38,42,75.7,1.17,153.26,105.15,2026,1,12,12,0,0,0.44994258,-0.893057487,1.07,0.47,1.83,1.44,1.1975,1.330833333,1.489583333
01-12-2026 12:15,01-12-2026 12:30,38,42,75.75,1.39,93.51,104.84,2026,1,12,12,15,0,0.998124128,-0.061222746,1.17,0.46,1.56,1.76,1.43,1.403333333,1.485729167
01-12-2026 12:45,01-12-2026 13:00,38,41.8,75.52,0.98,144.49,154.81,2026,1,12,12,45,0,0.580845037,-0.814014154,1.33,1.07,1.43,2.28,1.2175,1.315833333,1.455416667
01-12-2026 13:15,01-12-2026 13:30,33,41,75.76,1.2,217.86,140.86,2026,1,12,13,15,0,-0.613734166,-0.789512744,2.09,1.39,0.46,2.46,1.4,1.3075,1.445520833
01-12-2026 13:30,01-12-2026 13:45,33,41,76.4,1.55,35.74,130.93,2026,1,12,13,30,0,0.58410801,0.81167594,1.2,1.33,2.09,3.12,1.455,1.269166667,1.429166667
01-12-2026 13:45,01-12-2026 14:00,28.61,38.2,77.15,1.44,91.71,74.46,2026,1,12,13,45,0,0.999554667,-0.0298407,1.55,0.98,1.07,2.33,1.57,1.27,1.419895833
01-12-2026 14:00,01-12-2026 14:15,11.07,27,78.11,1.51,200.15,93.26,2026,1,12,14,0,0,-0.344479078,-0.938793995,1.44,2.09,1.17,2.27,1.425,1.356666667,1.411979167
01-12-2026 14:15,01-12-2026 14:30,11.07,27,78.44,1.13,26.5,82.21,2026,1,12,14,15,0,0.446197813,0.894934362,1.51,1.2,1.39,2.01,1.4075,1.4125,1.4028125
01-12-2026 14:30,01-12-2026 14:45,11.07,27,78.84,1.66,147.02,61.13,2026,1,12,14,30,0,0.544346251,-0.838860632,1.13,1.55,1.33,1.84,1.435,1.376666667,1.4009375
01-12-2026 14:45,01-12-2026 15:00,22.55,55,79.45,1.62,87.22,71.49,2026,1,12,14,45,0,0.998823128,0.048501118,1.66,1.44,0.98,1.71,1.48,1.4225,1.4
01-12-2026 15:00,01-12-2026 15:15,27,42,79.1,1.11,87.37,70.35,2026,1,12,15,0,0,0.998946681,0.045886042,1.62,1.51,2.09,2.18,1.38,1.4175,1.388854167
01-12-2026 15:15,01-12-2026 15:30,27,42,79.51,1.98,146.29,51.12,2026,1,12,15,15,0,0.554989622,-0.831857271,1.11,1.13,1.2,2.79,1.5925,1.466666667,1.380416667
01-12-2026 15:30,01-12-2026 15:45,27,42,80.5,1.64,26.5,36.7,2026,1,12,15,30,0,0.446197813,0.894934362,1.98,1.66,1.55,2.09,1.5875,1.4925,1.375729167
01-12-2026 15:45,01-12-2026 16:00,23.32,37.8,81.17,1.26,26.5,37.96,2026,1,12,15,45,0,0.446197813,0.894934362,1.64,1.62,1.44,1.76,1.4975,1.515833333,1.370520833
01-12-2026 16:00,01-12-2026 16:15,8.61,21,81.15,0.84,91.86,28.7,2026,1,12,16,0,0,0.999473119,-0.032457422,1.26,1.11,1.51,2.83,1.43,1.411666667,1.349791667
01-12-2026 16:15,01-12-2026 16:30,8.61,21,81.33,1.44,26.5,21.63,2026,1,12,16,15,0,0.446197813,0.894934362,0.84,1.98,1.13,1.81,1.295,1.431666667,1.3459375
01-12-2026 16:30,01-12-2026 16:45,8.61,21,81.82,0.75,204.63,16.43,2026,1,12,16,30,0,-0.41675681,-0.90901802,1.44,1.64,1.66,2.22,1.0725,1.365,1.330625
01-12-2026 16:45,01-12-2026 17:00,8.86,21.6,82.25,0.89,87.9,13.36,2026,1,12,16,45,0,0.999328394,0.036643709,0.75,1.26,1.62,1.98,0.98,1.319166667,1.319270833
01-12-2026 17:00,01-12-2026 17:15,9.84,24,82.22,1.41,257.24,15.36,2026,1,12,17,0,0,-0.975303787,-0.220867661,0.89,0.84,1.11,1.56,1.1225,1.310833333,1.317708333
01-12-2026 17:15,01-12-2026 17:30,9.84,24,82.6,1.15,26.5,12.97,2026,1,12,17,15,0,0.446197813,0.894934362,1.41,1.44,1.98,2.29,1.05,1.3125,1.305833333
01-12-2026 17:30,01-12-2026 17:45,9.84,24,83.41,0.92,148.27,10.36,2026,1,12,17,30,0,0.525917063,-0.850535856,1.15,0.75,1.64,1.5,1.0925,1.250833333,1.299791667
01-12-2026 17:45,01-12-2026 18:00,9.84,24,83.23,0.83,120,7.37,2026,1,12,17,45,0,0.866025404,-0.5,0.92,0.89,1.26,2.1,1.0775,1.185,1.2865625
01-12-2026 18:00,01-12-2026 18:15,9.84,24,82.89,0.81,26.5,6.44,2026,1,12,18,0,0,0.446197813,0.894934362,0.83,1.41,0.84,2.1,0.9275,1.16,1.273125
01-12-2026 18:15,01-12-2026 18:30,9.84,24,83.19,0.62,87.86,6.01,2026,1,12,18,15,0,0.999302568,0.037341363,0.81,1.15,1.44,2.22,0.795,1.046666667,1.256458333
01-12-2026 18:30,01-12-2026 18:45,9.84,24,82.81,0.94,146.13,5.93,2026,1,12,18,30,0,0.557310439,-0.830304206,0.62,0.92,0.75,1.84,0.8,0.988333333,1.247083333
01-12-2026 18:45,01-12-2026 19:00,9.43,23,82.74,0.84,142.96,5.9,2026,1,12,18,45,0,0.602372429,-0.798215169,0.94,0.83,0.89,2.3,0.8025,0.953333333,1.231875
01-12-2026 19:00,01-12-2026 19:15,7.79,19,82.99,0.91,26.5,5.86,2026,1,12,19,0,0,0.446197813,0.894934362,0.84,0.81,1.41,1.73,0.8275,0.959166667,1.223333333
01-12-2026 19:15,01-12-2026 19:30,7.79,19,82.74,0.66,197.87,6.03,2026,1,12,19,15,0,-0.306858322,-0.951755205,0.91,0.62,1.15,2.32,0.8375,0.894166667,1.206041667
01-12-2026 19:30,01-12-2026 19:45,7.79,19,82.77,0.5,145.35,6.04,2026,1,12,19,30,0,0.568561851,-0.822640518,0.66,0.94,0.92,2.41,0.7275,0.873333333,1.186145833
01-12-2026 19:45,01-12-2026 20:00,8.04,19.6,82.31,0.8,69.6,5.93,2026,1,12,19,45,0,0.937281989,0.348572047,0.5,0.84,0.83,1.66,0.7175,0.865833333,1.1771875
01-12-2026 20:00,01-12-2026 20:15,9.02,22,82.17,0.46,142.75,6,2026,1,12,20,0,0,0.605293988,-0.796002003,0.8,0.91,0.81,2.46,0.605,0.786666667,1.156354167
01-12-2026 20:15,01-12-2026 20:30,9.02,22,81.64,1.07,87.2,6.04,2026,1,12,20,15,0,0.998806137,0.04884977,0.46,0.66,0.62,2.06,0.7075,0.78,1.146041667
01-12-2026 20:30,01-12-2026 20:45,9.02,22,81.62,0.74,26.5,5.97,2026,1,12,20,30,0,0.446197813,0.894934362,1.07,0.5,0.94,0.98,0.7675,0.765,1.143541667
01-12-2026 20:45,01-12-2026 21:00,12.22,23.2,81.36,1.12,148.01,5.99,2026,1,12,20,45,0,0.529771244,-0.848140572,0.74,0.8,0.84,1.12,0.8475,0.789166667,1.143541667
01-12-2026 21:00,01-12-2026 21:15,11.48,28,81.76,1.34,212.96,6.01,2026,1,12,21,0,0,-0.5440534,-0.839050593,1.12,0.46,0.91,1.32,1.0675,0.833333333,1.14375
01-12-2026 21:15,01-12-2026 21:30,11.48,28,81.79,1.42,141.18,5.99,2026,1,12,21,15,0,0.626875813,-0.779119191,1.34,1.07,0.66,1.38,1.155,0.9,1.144166667
01-12-2026 21:30,01-12-2026 21:45,11.48,28,82.11,0.82,26.5,5.99,2026,1,12,21,30,0,0.446197813,0.894934362,1.42,0.74,0.5,1.22,1.175,0.89,1.14
01-12-2026 21:45,01-12-2026 22:00,14.98,28.4,82.57,0.63,26.5,6.03,2026,1,12,21,45,0,0.446197813,0.894934362,0.82,1.12,0.8,0.86,1.0525,0.8725,1.137604167
01-12-2026 22:00,01-12-2026 22:15,28,30,82.41,0.97,88.52,6.03,2026,1,12,22,0,0,0.999666402,0.025828,0.63,1.34,0.46,2.12,0.96,0.8775,1.125625
01-12-2026 22:15,01-12-2026 22:30,28,30,82.73,0.73,26.5,6.07,2026,1,12,22,15,0,0.446197813,0.894934362,0.97,1.42,1.07,1.41,0.7875,0.883333333,1.118541667
01-12-2026 22:30,01-12-2026 22:45,28,30,83.15,0.49,88.93,6.06,2026,1,12,22,30,0,0.999825627,0.018673938,0.73,0.82,0.74,1.4,0.705,0.8825,1.1090625
01-12-2026 22:45,01-12-2026 23:00,24.12,28.2,82.7,0.66,26.5,6.1,2026,1,12,22,45,0,0.446197813,0.894934362,0.49,0.63,1.12,1.77,0.7125,0.870833333,1.0975
01-12-2026 23:00,01-12-2026 23:15,8.61,21,83.18,0.63,87.97,6.03,2026,1,12,23,0,0,0.999372417,0.035422772,0.66,0.97,1.34,2.38,0.6275,0.885,1.079270833
01-12-2026 23:15,01-12-2026 23:30,8.61,21,83.79,1.29,26.5,6.01,2026,1,12,23,15,0,0.446197813,0.894934362,0.63,0.73,1.42,2.85,0.7675,0.903333333,1.063020833
01-12-2026 23:30,01-12-2026 23:45,8.61,21,83.62,0.73,83.47,6.01,2026,1,12,23,30,0,0.993512446,0.113723431,1.29,0.49,0.82,2.79,0.8275,0.9025,1.0415625
02-12-2026 00:00,02-12-2026 00:15,19,49,71.89,0.72,255.7,6.06,2026,2,12,0,0,3,-0.969015731,-0.246999013,0.51,0.33,0.67,0.33,0.54,0.530833333,0.746041667
02-12-2026 00:15,02-12-2026 00:30,19,49,71.42,0.67,271.63,6.18,2026,2,12,0,15,3,-0.999595358,0.02844503,0.72,0.64,0.62,0.63,0.5475,0.549166667,0.746458333
02-12-2026 00:30,02-12-2026 00:45,37.56,73.6,71.32,0.78,306.05,6.48,2026,2,12,0,30,3,-0.808503747,0.588491029,0.67,0.29,0.31,0.4,0.67,0.573333333,0.750416667
02-12-2026 00:45,02-12-2026 01:00,27.4,53,71.69,0.41,238.6,6.24,2026,2,12,0,45,3,-0.853550797,-0.521009632,0.78,0.51,0.45,0.29,0.645,0.533333333,0.751666667
02-12-2026 01:00,02-12-2026 01:15,33,54,72.46,0.53,264.08,6.35,2026,2,12,1,0,3,-0.994666875,-0.103139747,0.41,0.72,0.33,0.31,0.5975,0.521666667,0.753958333
02-12-2026 01:15,02-12-2026 01:30,33,54,72.17,0.5,264.33,6.39,2026,2,12,1,15,3,-0.995107437,-0.098798726,0.53,0.67,0.64,0.31,0.555,0.511666667,0.7559375
02-12-2026 01:30,02-12-2026 01:45,47.59,75.8,72.78,0.76,207.11,6.42,2026,2,12,1,30,3,-0.455700272,-0.890133283,0.5,0.78,0.29,0.7,0.55,0.549166667,0.7565625
02-12-2026 01:45,02-12-2026 02:00,27,54,72.94,0.59,311.44,6.22,2026,2,12,1,45,3,-0.749649204,0.66183538,0.76,0.41,0.51,0.42,0.595,0.560833333,0.758333333
02-12-2026 02:00,02-12-2026 02:15,23,54,72.67,0.46,196.77,6.36,2026,2,12,2,0,3,-0.288530506,-0.957470703,0.59,0.53,0.72,0.43,0.5775,0.571666667,0.758645833
02-12-2026 02:15,02-12-2026 02:30,23,54,72.53,0.64,288.09,6.25,2026,2,12,2,15,3,-0.95056994,0.310510529,0.46,0.5,0.67,0.7,0.6125,0.571666667,0.758020833
02-12-2026 02:30,02-12-2026 02:45,33.74,66.8,72.54,0.53,327.25,6.28,2026,2,12,2,30,3,-0.540974471,0.841039013,0.64,0.76,0.78,0.67,0.555,0.591666667,0.7565625
02-12-2026 02:45,02-12-2026 03:00,24.2,50.8,72.88,0.53,276.28,6.31,2026,2,12,2,45,3,-0.993999199,0.109387347,0.53,0.59,0.41,0.28,0.54,0.593333333,0.759166667
02-12-2026 03:00,02-12-2026 03:15,25,50,73.06,0.34,240.84,6.29,2026,2,12,3,0,3,-0.873262455,-0.487250126,0.53,0.46,0.53,0.36,0.51,0.561666667,0.758958333
02-12-2026 03:15,02-12-2026 03:30,25,50,73.91,0.45,309.02,6.28,2026,2,12,3,15,3,-0.77692624,0.629591628,0.34,0.64,0.5,0.46,0.4625,0.543333333,0.758854167
02-12-2026 03:30,02-12-2026 03:45,43.66,76.4,73.74,0.35,193.52,6.35,2026,2,12,3,30,3,-0.233784771,-0.972288373,0.45,0.53,0.76,0.28,0.4175,0.5075,0.759583333
02-12-2026 03:45,02-12-2026 04:00,22.6,50.8,73.93,0.46,334.14,6.18,2026,2,12,3,45,3,-0.436173672,0.899862505,0.35,0.53,0.59,0.89,0.4,0.511666667,0.755104167
02-12-2026 04:00,02-12-2026 04:15,21,51,73.7,0.44,325.15,6.38,2026,2,12,4,0,3,-0.571429938,0.820650855,0.46,0.34,0.46,0.45,0.425,0.504166667,0.755
02-12-2026 04:15,02-12-2026 04:30,21,51,74.1,0.44,330.56,6.38,2026,2,12,4,15,3,-0.491511856,0.870870883,0.44,0.45,0.64,0.51,0.4225,0.499166667,0.754270833
02-12-2026 04:30,02-12-2026 04:45,32.01,64.2,74.24,0.43,276.47,6.37,2026,2,12,4,30,3,-0.993630993,0.112682965,0.44,0.35,0.53,0.27,0.4425,0.471666667,0.7559375
02-12-2026 04:45,02-12-2026 05:00,25.2,48.6,74.47,0.58,223.76,6.18,2026,2,12,4,45,3,-0.691639122,-0.722243259,0.43,0.46,0.53,0.43,0.4725,0.470833333,0.7575
02-12-2026 05:00,02-12-2026 05:15,28,48,74.28,0.44,259.24,6.06,2026,2,12,5,0,3,-0.982417828,-0.186695503,0.58,0.44,0.34,0.47,0.4725,0.469166667,0.7571875
02-12-2026 05:15,02-12-2026 05:30,28,48,75.05,0.38,238.45,6.01,2026,2,12,5,15,3,-0.852183874,-0.523242435,0.44,0.44,0.45,0.27,0.4575,0.4475,0.758333333
02-12-2026 05:30,02-12-2026 05:45,38.78,63.6,77.91,0.33,288.97,6.07,2026,2,12,5,30,3,-0.945688913,0.325073037,0.38,0.43,0.35,0.27,0.4325,0.430833333,0.758958333
02-12-2026 05:45,02-12-2026 06:00,49.6,104.8,79.72,0.27,318.47,6,2026,2,12,5,45,3,-0.66301211,0.748608671,0.33,0.58,0.46,0.28,0.355,0.409166667,0.758854167
02-12-2026 06:00,02-12-2026 06:15,64,119,80.86,0.43,171.23,6.06,2026,2,12,6,0,3,0.15246838,-0.988308349,0.27,0.44,0.44,0.27,0.3525,0.416666667,0.760520833
02-12-2026 06:15,02-12-2026 06:30,64,119,81.84,0.36,231.29,6.69,2026,2,12,6,15,3,-0.78032127,-0.625378858,0.43,0.38,0.44,0.27,0.3475,0.409166667,0.761458333
02-12-2026 06:30,02-12-2026 06:45,70.44,124.8,82.74,0.27,206.29,9.47,2026,2,12,6,30,3,-0.442914718,-0.896563747,0.36,0.33,0.43,0.61,0.3325,0.4025,0.757916667
02-12-2026 11:00,02-12-2026 11:15,29,99,68.39,1.66,144.27,142.63,2026,2,12,11,0,3,0.583966337,-0.811777874,1.46,2.04,0.74,1.37,2.2275,1.664166667,0.853229167
02-12-2026 11:15,02-12-2026 11:30,29,99,67.91,1.71,122.29,92.19,2026,2,12,11,15,3,0.845355082,-0.534204815,1.66,3.48,1.41,1.46,1.785,1.735833333,0.855833333
02-12-2026 11:30,02-12-2026 11:45,37.5,101.2,67.25,1.4,30.85,59.44,2026,2,12,11,30,3,0.512792254,0.858512728,1.71,2.31,1.81,1.67,1.5575,1.775,0.853020833
02-12-2026 15:30,02-12-2026 15:45,44.48,100,67.71,1.49,175.98,154.37,2026,2,12,15,30,3,0.070104685,-0.99753964,2.09,2.59,2.05,1.34,2.19,2.1275,0.983854167
02-12-2026 15:45,02-12-2026 16:00,25.33,77,68.14,1.55,171.3,131.46,2026,2,12,15,45,3,0.15126082,-0.988493887,1.49,2.49,1.89,0.78,1.955,2.061666667,0.991875
02-12-2026 16:00,02-12-2026 16:15,23,77,69.07,1.5,303.36,110.26,2026,2,12,16,0,3,-0.835231968,0.549897772,1.55,2.69,1.83,1.07,1.6575,2.009166667,0.996354167
02-12-2026 16:15,02-12-2026 16:30,23,77,69.23,1.26,243.545,100.985,2026,2,12,16,15,3,-0.895284528,-0.445494796,1.5,2.09,1.84,0.96,1.45,1.939166667,0.999479167
02-12-2026 16:30,02-12-2026 16:45,23,77,69.39,1.02,183.73,91.71,2026,2,12,16,30,3,-0.065054807,-0.997881692,1.26,1.49,2.59,1.13,1.3325,1.853333333,0.998333333
02-12-2026 16:45,02-12-2026 17:00,41.15,95.8,69.85,1.51,86.22,73.58,2026,2,12,16,45,3,0.997824541,0.065925598,1.02,1.55,2.49,0.69,1.3225,1.821666667,1.006875
02-12-2026 17:00,02-12-2026 17:15,30,73,70.2,1.08,300.11,47.75,2026,2,12,17,0,3,-0.865063877,0.501661727,1.51,1.5,2.69,0.86,1.2175,1.759166667,1.009166667
02-12-2026 17:15,02-12-2026 17:30,30,73,70.555,1.095,227.14,36.89,2026,2,12,17,15,3,-0.733017953,-0.680209292,1.08,1.26,2.09,1.25,1.17625,1.697083333,1.007552083
02-12-2026 17:30,02-12-2026 17:45,30,73,70.91,1.11,154.17,26.03,2026,2,12,17,30,3,0.435702445,-0.900090762,1.095,1.02,1.49,0.81,1.19875,1.57375,1.010677083
02-12-2026 17:45,02-12-2026 18:00,39.6,83.2,72.45,1.08,143.59,14.36,2026,2,12,17,45,3,0.593559358,-0.804790214,1.11,1.51,1.55,0.74,1.09125,1.45625,1.01421875
02-12-2026 18:00,02-12-2026 18:15,25,77,74.24,0.87,213.17,7.61,2026,2,12,18,0,3,-0.54712502,-0.837050902,1.08,1.08,1.5,0.77,1.03875,1.304583333,1.015260417
02-12-2026 18:15,02-12-2026 18:30,25,77,74.725,0.95,264.165,7.015,2026,2,12,18,15,3,-0.994818791,-0.101664016,0.87,1.095,1.26,0.73,1.0025,1.209583333,1.017552083
02-12-2026 18:30,02-12-2026 18:45,25,77,75.21,1.03,315.16,6.42,2026,2,12,18,30,3,-0.705129412,0.709078636,0.95,1.11,1.02,0.55,0.9825,1.17125,1.022552083
02-12-2026 18:45,02-12-2026 19:00,40.15,93,75.52,1.02,174.05,6.31,2026,2,12,18,45,3,0.103660539,-0.994612735,1.03,1.08,1.51,0.58,0.9675,1.127083333,1.027135417
02-12-2026 19:00,02-12-2026 19:15,38,79,75.81,1.18,212.48,6.35,2026,2,12,19,0,3,-0.537005176,-0.843578947,1.02,0.87,1.08,0.46,1.045,1.100416667,1.034635417
02-12-2026 19:15,02-12-2026 19:30,38,79,76.065,1.32,204.58,6.4,2026,2,12,19,15,3,-0.415963384,-0.909381363,1.18,0.95,1.095,1.01,1.1375,1.105416667,1.037864583
02-12-2026 19:30,02-12-2026 19:45,38,79,76.32,1.46,196.68,6.45,2026,2,12,19,30,3,-0.287026159,-0.957922744,1.32,1.03,1.11,0.33,1.245,1.142083333,1.049635417
02-12-2026 19:45,02-12-2026 20:00,46.78,86.4,76.59,0.93,255.25,6.29,2026,2,12,19,45,3,-0.967045939,-0.254601948,1.46,1.02,1.08,0.49,1.2225,1.09375,1.05421875
02-12-2026 20:00,02-12-2026 20:15,34,69,76.92,1.55,130.19,6.45,2026,2,12,20,0,3,0.763908671,-0.64532437,0.93,1.18,0.87,0.37,1.315,1.132916667,1.066510417
02-12-2026 20:15,02-12-2026 20:30,34,69,77.125,1.43,189.685,6.5,2026,2,12,20,15,3,-0.168231317,-0.985747546,1.55,1.32,0.95,0.43,1.3425,1.160833333,1.076927083
02-12-2026 20:30,02-12-2026 20:45,34,69,77.33,1.31,249.18,6.55,2026,2,12,20,30,3,-0.934701664,-0.355433256,1.43,1.46,1.03,0.65,1.305,1.1775,1.083802083
02-12-2026 20:45,02-12-2026 21:00,34.09,85.7,77.53,1.64,248.76,6.29,2026,2,12,20,45,3,-0.932071112,-0.362275367,1.31,0.93,1.02,0.58,1.4825,1.224166667,1.09484375
02-12-2026 21:00,02-12-2026 21:15,22,84,77.71,1.97,126.14,6.34,2026,2,12,21,0,3,0.80757835,-0.589760297,1.64,1.55,1.18,0.33,1.5875,1.315833333,1.111927083
02-12-2026 21:15,02-12-2026 21:30,22,84,77.84,1.58,189.92,6.295,2026,2,12,21,15,3,-0.172272958,-0.985049252,1.97,1.43,1.32,0.45,1.625,1.368333333,1.123697917
02-12-2026 21:30,02-12-2026 21:45,22,84,77.97,1.19,253.7,6.25,2026,2,12,21,30,3,-0.959805292,-0.280666709,1.58,1.31,1.46,0.49,1.595,1.381666667,1.130989583
02-12-2026 21:45,02-12-2026 22:00,33.38,77.4,78.11,1.68,196.35,6.12,2026,2,12,21,45,3,-0.28150419,-0.959559999,1.19,1.64,0.93,0.89,1.605,1.436666667,1.13921875
02-12-2026 22:00,02-12-2026 22:15,32,65,78.61,1.48,198.84,6.07,2026,2,12,22,0,3,-0.322926503,-0.946424046,1.68,1.97,1.55,0.67,1.4825,1.461666667,1.14765625
02-12-2026 22:15,02-12-2026 22:30,32,65,78.725,1.295,208.335,6.135,2026,2,12,22,15,3,-0.474625974,-0.880187585,1.48,1.58,1.43,0.62,1.41125,1.459583333,1.1546875
02-12-2026 22:30,02-12-2026 22:45,32,65,78.84,1.11,217.83,6.2,2026,2,12,22,30,3,-0.613320694,-0.789833987,1.295,1.19,1.31,0.31,1.39125,1.430416667,1.163020833
02-12-2026 22:45,02-12-2026 23:00,41.2,77.4,79.52,1.28,339.65,5.92,2026,2,12,22,45,3,-0.347753982,0.937585819,1.11,1.68,1.64,0.45,1.29125,1.459583333,1.171666667
02-12-2026 23:00,02-12-2026 23:15,27,72,79.71,0.98,275.76,6.01,2026,2,12,23,0,3,-0.994951017,0.100361715,1.28,1.48,1.97,0.33,1.16625,1.412083333,1.1784375
02-12-2026 23:15,02-12-2026 23:30,27,72,79.58,1.68,325.29,6.14,2026,2,12,23,15,3,-0.569423006,0.82204467,0.98,1.295,1.58,0.64,1.2625,1.432916667,1.189270833
02-12-2026 23:30,02-12-2026 23:45,27,72,79.84,0.84,264.79,6.04,2026,2,12,23,30,3,-0.995868565,-0.090806393,1.68,1.11,1.19,0.29,1.195,1.39375,1.195
03-12-2026 00:00,03-12-2026 00:15,32,34,81.86,0.27,26.5,6.09,2026,3,12,0,0,3,0.446197813,0.894934362,0.27,0.27,0.27,0.27,0.27,0.3075,0.568333333
03-12-2026 00:15,03-12-2026 00:30,32,34,82.28,0.27,26.5,5.9,2026,3,12,0,15,3,0.446197813,0.894934362,0.27,0.27,0.32,0.27,0.27,0.278333333,0.568333333
03-12-2026 00:30,03-12-2026 00:45,32,34,83,0.27,26.5,5.92,2026,3,12,0,30,3,0.446197813,0.894934362,0.27,0.27,0.27,0.27,0.27,0.275,0.568333333
03-12-2026 00:45,03-12-2026 01:00,24,26.8,83.51,0.27,29.88,5.85,2026,3,12,0,45,3,0.498185105,0.867070701,0.27,0.27,0.27,0.27,0.27,0.274166667,0.568333333
03-12-2026 01:00,03-12-2026 01:15,23,25,83.04,0.27,29.89,5.96,2026,3,12,1,0,3,0.49833643,0.866983738,0.27,0.27,0.27,0.27,0.27,0.274166667,0.568333333
03-12-2026 01:15,03-12-2026 01:30,23,25,83.68,0.27,29.9,5.97,2026,3,12,1,15,3,0.49848774,0.866896749,0.27,0.27,0.27,0.27,0.27,0.27,0.568333333
03-12-2026 01:30,03-12-2026 01:45,23,25,84,0.27,29.35,5.91,2026,3,12,1,30,3,0.490143289,0.871641874,0.27,0.27,0.27,0.27,0.27,0.27,0.568333333
03-12-2026 01:45,03-12-2026 02:00,21.8,38.6,84.37,0.27,29.3,5.83,2026,3,12,1,45,3,0.489382452,0.872069272,0.27,0.27,0.27,0.27,0.27,0.27,0.568333333
03-12-2026 02:00,03-12-2026 02:15,21,42,84.67,0.27,28.99,5.89,2026,3,12,2,0,3,0.484656963,0.874704309,0.27,0.27,0.27,0.27,0.27,0.27,0.568333333
03-12-2026 02:15,03-12-2026 02:30,21,42,84.42,0.27,28.84,5.88,2026,3,12,2,15,3,0.482365334,0.875970139,0.27,0.27,0.27,0.27,0.27,0.27,0.568333333
03-12-2026 02:30,03-12-2026 02:45,21,42,84.14,0.27,29.33,5.97,2026,3,12,2,30,3,0.489838999,0.871812913,0.27,0.27,0.27,0.27,0.27,0.27,0.568333333
03-12-2026 02:45,03-12-2026 03:00,21,38,84.09,0.27,29.49,6.1,2026,3,12,2,45,3,0.492271647,0.870441627,0.27,0.27,0.27,0.27,0.27,0.27,0.568333333
03-12-2026 03:00,03-12-2026 03:15,21,37,83.94,0.27,29.68,6.14,2026,3,12,3,0,3,0.495155429,0.868804409,0.27,0.27,0.27,0.27,0.27,0.27,0.568333333
03-12-2026 03:15,03-12-2026 03:30,21,37,84.39,0.27,29.64,6.11,2026,3,12,3,15,3,0.494548768,0.869149881,0.27,0.27,0.27,0.27,0.27,0.27,0.568333333
03-12-2026 03:30,03-12-2026 03:45,21,37,85.34,0.27,29.63,6.05,2026,3,12,3,30,3,0.494397065,0.869236183,0.27,0.27,0.27,0.27,0.27,0.27,0.568333333
03-12-2026 03:45,03-12-2026 04:00,27,44.2,85.86,0.27,29.55,6.14,2026,3,12,3,45,3,0.493182901,0.869925644,0.27,0.27,0.27,0.27,0.27,0.27,0.568333333
03-12-2026 04:00,03-12-2026 04:15,31,46,85.96,0.27,29.62,6.21,2026,3,12,4,0,3,0.494245347,0.869322458,0.27,0.27,0.27,0.27,0.27,0.27,0.568333333
03-12-2026 04:15,03-12-2026 04:30,31,46,85.74,0.27,29.47,6.19,2026,3,12,4,15,3,0.491967775,0.870613409,0.27,0.27,0.27,0.27,0.27,0.27,0.568333333
03-12-2026 04:30,03-12-2026 04:45,31,46,86.2,0.27,29.53,6.2,2026,3,12,4,30,3,0.49287921,0.870097744,0.27,0.27,0.27,0.27,0.27,0.27,0.568333333
03-12-2026 04:45,03-12-2026 05:00,30.5,52,86.56,0.27,29.62,6.11,2026,3,12,4,45,3,0.494245347,0.869322458,0.27,0.27,0.27,0.27,0.27,0.27,0.568333333
03-12-2026 05:00,03-12-2026 05:15,30,54,86.8,0.27,29.29,6.18,2026,3,12,5,0,3,0.489230239,0.872154673,0.27,0.27,0.27,0.27,0.27,0.27,0.568333333
03-12-2026 05:15,03-12-2026 05:30,30,54,87.01,0.27,28.36,6.19,2026,3,12,5,15,3,0.475009983,0.879980407,0.27,0.27,0.27,0.27,0.27,0.27,0.568333333
03-12-2026 05:30,03-12-2026 05:45,30,54,87.68,0.27,133.47,6.19,2026,3,12,5,30,3,0.725734693,-0.687974676,0.27,0.27,0.27,0.27,0.27,0.27,0.568333333
03-12-2026 05:45,03-12-2026 06:00,40.8,75.6,87.37,0.27,345.73,6.06,2026,3,12,5,45,3,-0.246491603,0.969144927,0.27,0.27,0.27,0.27,0.27,0.27,0.568333333
03-12-2026 06:00,03-12-2026 06:15,48,81,87.31,0.27,344.95,6.84,2026,3,12,6,0,3,-0.259661876,0.965699596,0.27,0.27,0.27,0.27,0.27,0.27,0.568333333
03-12-2026 06:15,03-12-2026 06:30,48,81,87.41,0.27,344.31,9.12,2026,3,12,6,15,3,-0.27043242,0.96273896,0.27,0.27,0.27,0.27,0.27,0.27,0.568333333
03-12-2026 06:30,03-12-2026 06:45,48,81,87.34,0.27,340.77,13.24,2026,3,12,6,30,3,-0.329361076,0.944204047,0.27,0.27,0.27,0.27,0.27,0.27,0.568333333
03-12-2026 06:45,03-12-2026 07:00,60,128.2,86.7,0.27,319.3,19.23,2026,3,12,6,45,3,-0.652098404,0.758134336,0.27,0.27,0.27,0.27,0.27,0.27,0.568333333
03-12-2026 07:45,03-12-2026 08:00,62.6,130.4,81.1,0.45,119.23,64.56,2026,3,12,7,45,3,0.872666515,-0.488316653,0.27,0.27,0.27,0.36,0.315,0.285,0.565833333
03-12-2026 08:00,03-12-2026 08:15,59,128,78.97,0.54,62.64,120.82,2026,3,12,8,0,3,0.888136449,0.459579861,0.45,0.27,0.27,0.74,0.3825,0.3075,0.56375
03-12-2026 08:15,03-12-2026 08:30,59,128,77.27,0.46,80.17,149.86,2026,3,12,8,15,3,0.985318642,0.170725434,0.54,0.27,0.27,0.39,0.43,0.323333333,0.564479167
03-12-2026 08:30,03-12-2026 08:45,59,128,74.68,0.66,86.46,151.07,2026,3,12,8,30,3,0.998091935,0.061745354,0.46,0.27,0.27,0.92,0.5275,0.355833333,0.561770833
03-12-2026 08:45,03-12-2026 09:00,33.4,61.6,73.93,0.94,54.26,163.02,2026,3,12,8,45,3,0.81167594,0.58410801,0.66,0.45,0.27,0.54,0.65,0.411666667,0.5659375
03-12-2026 09:30,03-12-2026 09:45,24,45,73.17,0.9,87.78,126.21,2026,3,12,9,30,3,0.999249456,0.038736615,0.96,0.66,0.27,0.59,0.87,0.555833333,0.571458333
03-12-2026 15:15,03-12-2026 15:30,23,41,69.17,1.16,68.07,162.32,2026,3,12,15,15,3,0.927640831,0.373473545,1,1.02,1.66,0.75,1.065,1.1625,0.588541667
03-12-2026 15:30,03-12-2026 15:45,23,41,69.16,1.04,38.66,144.18,2026,3,12,15,30,3,0.624697661,0.780866719,1.16,1.01,1.19,0.8,1.0725,1.155,0.591041667
03-12-2026 15:45,03-12-2026 16:00,26,33.5,69.94,1.03,26.5,126.04,2026,3,12,15,45,3,0.446197813,0.894934362,1.04,1.09,0.94,0.45,1.0575,1.161666667,0.597083333
03-12-2026 16:00,03-12-2026 16:15,29,31,70.79,1.18,68.86,108.49,2026,3,12,16,0,3,0.932701982,0.360648045,1.03,1,1.43,0.81,1.1025,1.145833333,0.6009375
03-12-2026 16:15,03-12-2026 16:30,29,31,71.36,0.66,56.36,91.57,2026,3,12,16,15,3,0.832534698,0.553972903,1.18,1.16,1.02,0.83,0.9775,1.0625,0.599166667
03-12-2026 16:30,03-12-2026 16:45,29,31,71.21,0.95,58.33,74.13,2026,3,12,16,30,3,0.851086129,0.525026095,0.66,1.04,1.01,0.69,0.955,1.0425,0.601875
03-12-2026 16:45,03-12-2026 17:00,27.5,34,72.46,1.58,78.33,57.78,2026,3,12,16,45,3,0.979328856,0.202274548,0.95,1.03,1.09,0.72,1.0925,1.095833333,0.610833333
03-12-2026 17:00,03-12-2026 17:15,26,35,73.27,1.31,40.47,43.57,2026,3,12,17,0,3,0.649049812,0.760745912,1.58,1.18,1,0.72,1.125,1.085833333,0.616979167
03-12-2026 17:15,03-12-2026 17:30,26,35,74.3,0.7,96.74,30.69,2026,3,12,17,15,3,0.993088956,-0.117364073,1.31,0.66,1.16,0.59,1.135,1.059166667,0.618125
03-12-2026 17:30,03-12-2026 17:45,26,35,75.67,1.27,63.69,18.62,2026,3,12,17,30,3,0.896409086,0.44322765,0.7,0.95,1.04,0.66,1.215,1.080833333,0.624479167
03-12-2026 17:45,03-12-2026 18:00,22.5,43.25,77.49,0.98,89.33,11.65,2026,3,12,17,45,3,0.999931629,0.011693439,1.27,1.58,1.03,0.76,1.065,1.071666667,0.626770833
03-12-2026 18:00,03-12-2026 18:15,19,46,78.49,0.71,66.93,7.59,2026,3,12,18,0,3,0.920026798,0.391855445,0.98,1.31,1.18,0.38,0.915,1.0475,0.630208333
03-12-2026 18:15,03-12-2026 18:30,19,46,79.07,0.55,114.03,6.28,2026,3,12,18,15,3,0.913332366,-0.407214919,0.71,0.7,0.66,0.72,0.8775,0.996666667,0.6284375
03-12-2026 18:30,03-12-2026 18:45,19,46,79.7,0.94,83.85,6.12,2026,3,12,18,30,3,0.994244833,0.107131754,0.55,1.27,0.95,0.29,0.795,0.988333333,0.635208333
03-12-2026 18:45,03-12-2026 19:00,22,42.25,80.15,0.56,96.12,6.12,2026,3,12,18,45,3,0.99430079,-0.106611154,0.94,0.98,1.58,0.55,0.69,0.949166667,0.6353125
03-12-2026 19:00,03-12-2026 19:15,25,41,80.13,0.71,97.63,6.18,2026,3,12,19,0,3,0.991146155,-0.132775371,0.56,0.71,1.31,0.56,0.69,0.91,0.636875
03-12-2026 19:15,03-12-2026 19:30,25,41,80.85,0.94,66.78,6.19,2026,3,12,19,15,3,0.918997772,0.394262724,0.71,0.55,0.7,0.66,0.7875,0.933333333,0.639791667
03-12-2026 19:30,03-12-2026 19:45,25,41,81.26,0.99,44.57,6.23,2026,3,12,19,30,3,0.701780141,0.712393595,0.94,0.94,1.27,0.28,0.8,0.936666667,0.6471875
03-12-2026 19:45,03-12-2026 20:00,23.5,50,81.87,0.4,94.76,6.33,2026,3,12,19,45,3,0.996551035,-0.08298214,0.99,0.56,0.98,0.69,0.76,0.838333333,0.644166667
03-12-2026 20:00,03-12-2026 20:15,22,53,82.11,1.18,26.5,6.4,2026,3,12,20,0,3,0.446197813,0.894934362,0.4,0.71,0.71,0.37,0.8775,0.8275,0.652604167
03-12-2026 20:15,03-12-2026 20:30,22,53,82.12,0.94,26.5,6.48,2026,3,12,20,15,3,0.446197813,0.894934362,1.18,0.94,0.55,0.48,0.8775,0.8475,0.657395833
03-12-2026 20:30,03-12-2026 20:45,22,53,82.24,0.89,43.47,6.28,2026,3,12,20,30,3,0.687974676,0.725734693,0.94,0.99,0.94,0.33,0.8525,0.815833333,0.663229167
03-12-2026 20:45,03-12-2026 21:00,21,49.25,82.55,0.79,76.42,6.44,2026,3,12,20,45,3,0.972043021,0.23480282,0.89,0.4,0.56,0.33,0.95,0.8,0.668020833
03-12-2026 21:00,03-12-2026 21:15,20,48,82.62,0.65,72.85,6.47,2026,3,12,21,0,3,0.955536052,0.2948743,0.79,1.18,0.71,0.29,0.8175,0.795,0.671770833
03-12-2026 21:15,03-12-2026 21:30,20,48,82.61,0.62,26.5,6.42,2026,3,12,21,15,3,0.446197813,0.894934362,0.65,0.94,0.94,0.62,0.7375,0.800833333,0.671770833
03-12-2026 21:30,03-12-2026 21:45,20,48,82.97,0.48,100.37,6.32,2026,3,12,21,30,3,0.983665856,-0.180004124,0.62,0.89,0.99,0.31,0.635,0.7625,0.673541667
03-12-2026 21:45,03-12-2026 22:00,20,45,83.22,0.94,104.72,6.21,2026,3,12,21,45,3,0.967179116,-0.254095569,0.48,0.79,0.4,0.28,0.6725,0.794166667,0.680416667
03-12-2026 22:00,03-12-2026 22:15,20,44,83.09,0.88,94.99,6.34,2026,3,12,22,0,3,0.996209894,-0.086981873,0.94,0.65,1.18,0.27,0.73,0.808333333,0.686770833
03-12-2026 22:15,03-12-2026 22:30,20,44,83.25,0.31,86.68,6.32,2026,3,12,22,15,3,0.998321662,0.05791251,0.88,0.62,0.94,0.32,0.6525,0.755833333,0.686666667
03-12-2026 22:30,03-12-2026 22:45,20,44,83.59,0.82,98.49,6.23,2026,3,12,22,30,3,0.989041646,-0.147636793,0.31,0.48,0.89,0.27,0.7375,0.741666667,0.692395833
03-12-2026 22:45,03-12-2026 23:00,18.5,46.25,83.65,0.94,104.7,6.19,2026,3,12,22,45,3,0.967267753,-0.253757945,0.82,0.94,0.79,0.27,0.7375,0.786666667,0.699375
03-12-2026 23:00,03-12-2026 23:15,17,47,83.79,0.95,104.53,6.22,2026,3,12,23,0,3,0.968016409,-0.250886891,0.94,0.88,0.65,0.27,0.755,0.7675,0.706458333
03-12-2026 23:15,03-12-2026 23:30,17,47,84,0.56,82.05,6.37,2026,3,12,23,15,3,0.990389143,0.138308876,0.95,0.31,0.62,0.27,0.8175,0.735833333,0.709479167
03-12-2026 23:30,03-12-2026 23:45,17,47,84.06,0.75,158.04,6.59,2026,3,12,23,30,3,0.373959206,-0.927445153,0.56,0.82,0.48,0.27,0.8,0.724166667,0.714479167
04-12-2026 00:00,04-12-2026 00:15,6,27,84.78,1.49,58.09,5.97,2026,4,12,0,0,6,0.848879445,0.5285865,0.43,0.89,0.85,1.14,0.865,0.710833333,0.9509375
04-12-2026 00:15,04-12-2026 00:30,6,27,84.46,0.54,74.84,6.13,2026,4,12,0,15,6,0.965199302,0.261515406,1.49,0.82,0.92,1.67,0.795,0.729166667,0.939166667
04-12-2026 00:30,04-12-2026 00:45,4.8,27,84.77,0.27,50.91,6,2026,4,12,0,30,6,0.776156469,0.630540352,0.54,0.72,1.01,1.17,0.6825,0.7225,0.929791667
04-12-2026 00:45,04-12-2026 01:00,6,23.4,85.07,0.71,70.23,6.01,2026,4,12,0,45,6,0.941058003,0.33824523,0.27,0.43,0.43,0.95,0.7525,0.756666667,0.927291667
04-12-2026 01:00,04-12-2026 01:15,6,21,85.01,0.72,112.35,6.01,2026,4,12,1,0,6,0.924878228,-0.380263413,0.71,1.49,0.89,1.27,0.56,0.745833333,0.9215625
04-12-2026 01:15,04-12-2026 01:30,6,21,84.91,0.84,70.51,6.18,2026,4,12,1,15,6,0.942699737,0.333642332,0.72,0.54,0.82,0.86,0.635,0.739166667,0.921354167
04-12-2026 01:30,04-12-2026 01:45,6,21,84.97,0.49,48.03,6.29,2026,4,12,1,30,6,0.74349508,0.668741405,0.84,0.27,0.72,0.76,0.69,0.695833333,0.918541667
04-12-2026 01:45,04-12-2026 02:00,29.84,57.6,85.04,0.42,118.28,6.2,2026,4,12,1,45,6,0.880642788,-0.473780836,0.49,0.71,0.43,1,0.6175,0.695,0.9125
04-12-2026 02:00,04-12-2026 02:15,9,29,85.07,0.28,164.76,6.28,2026,4,12,2,0,6,0.262862823,-0.964833217,0.42,0.72,1.49,0.66,0.5075,0.644166667,0.908541667
04-12-2026 02:15,04-12-2026 02:30,9,29,85.4,0.62,42.6,6.32,2026,4,12,2,15,6,0.67687597,0.736097087,0.28,0.84,0.54,0.73,0.4525,0.6275,0.907395833
04-12-2026 02:30,04-12-2026 02:45,9,29,85.37,0.75,145.49,6.29,2026,4,12,2,30,6,0.566550065,-0.82402732,0.62,0.49,0.27,0.54,0.5175,0.63,0.909583333
04-12-2026 02:45,04-12-2026 03:00,23.76,50.8,85.45,0.56,71.69,6.35,2026,4,12,2,45,6,0.949370661,0.314158157,0.75,0.42,0.71,0.53,0.5525,0.640833333,0.909895833
04-12-2026 03:00,04-12-2026 03:15,6,32,85.4,0.85,58.9,6.32,2026,4,12,3,0,6,0.856267085,0.516533329,0.56,0.28,0.72,0.79,0.695,0.5875,0.910520833
04-12-2026 03:15,04-12-2026 03:30,6,32,85.42,0.49,94.03,6.29,2026,4,12,3,15,6,0.997527389,-0.070278787,0.85,0.62,0.84,0.74,0.6625,0.583333333,0.907916667
04-12-2026 03:30,04-12-2026 03:45,4.8,32,85.7,0.67,81.37,6.29,2026,4,12,3,30,6,0.988677949,0.150053035,0.49,0.75,0.49,0.86,0.6425,0.616666667,0.9059375
04-12-2026 03:45,04-12-2026 04:00,26.78,58.8,85.61,0.52,128.38,6.22,2026,4,12,3,45,6,0.783910231,-0.620874182,0.67,0.56,0.42,0.93,0.6325,0.600833333,0.901666667
04-12-2026 04:00,04-12-2026 04:15,8,32,85.44,0.93,133.02,6.29,2026,4,12,4,0,6,0.731115595,-0.682253609,0.52,0.85,0.28,0.96,0.6525,0.618333333,0.901354167
04-12-2026 04:15,04-12-2026 04:30,8,32,85.5,1.21,57.56,6.32,2026,4,12,4,15,6,0.843953642,0.536416116,0.93,0.49,0.62,0.37,0.8325,0.649166667,0.910104167
04-12-2026 04:30,04-12-2026 04:45,6.4,32,85.39,0.43,149.46,6.43,2026,4,12,4,30,6,0.50813977,-0.861274622,1.21,0.67,0.75,0.59,0.7725,0.644166667,0.9084375
04-12-2026 04:45,04-12-2026 05:00,8.4,36.8,85.18,0.52,146.57,6.27,2026,4,12,4,45,6,0.55091779,-0.834559518,0.43,0.52,0.56,0.5,0.7725,0.6525,0.908645833
04-12-2026 05:00,04-12-2026 05:15,10,40,85.01,0.87,106.7,6.41,2026,4,12,5,0,6,0.957822495,-0.28736052,0.52,0.93,0.85,0.38,0.7575,0.701666667,0.91375
04-12-2026 05:15,04-12-2026 05:30,10,40,84.81,0.56,116.11,6.45,2026,4,12,5,15,6,0.897950778,-0.440095899,0.87,1.21,0.49,0.62,0.595,0.696666667,0.913125
04-12-2026 05:30,04-12-2026 05:45,8,40,84.75,0.51,178.3,6.34,2026,4,12,5,30,6,0.029666244,-0.99955986,0.56,0.43,0.67,0.43,0.615,0.676666667,0.913958333
04-12-2026 05:45,04-12-2026 06:00,22.6,47.6,84.99,0.57,141.32,7.23,2026,4,12,5,45,6,0.624970197,-0.780648611,0.51,0.52,0.52,0.46,0.6275,0.6775,0.915104167
04-12-2026 06:00,04-12-2026 06:15,5,19,85.03,0.77,177.16,10.21,2026,4,12,6,0,6,0.049547056,-0.99877179,0.57,0.87,0.93,0.68,0.6025,0.670833333,0.916041667
04-12-2026 06:15,04-12-2026 06:30,5,19,85.08,0.53,119.1,14.88,2026,4,12,6,15,6,0.873772223,-0.48633538,0.77,0.56,1.21,0.79,0.595,0.674166667,0.913333333
04-12-2026 06:30,04-12-2026 06:45,5,19,84.98,0.92,198.28,19.89,2026,4,12,6,30,6,-0.313661025,-0.949535024,0.53,0.51,0.43,0.95,0.6975,0.695,0.913020833
04-12-2026 06:45,04-12-2026 07:00,25.36,56.4,84.42,0.7,117.94,24.64,2026,4,12,6,45,6,0.883438738,-0.468546685,0.92,0.57,0.52,0.65,0.73,0.71,0.913541667
04-12-2026 07:00,04-12-2026 07:15,24.175,36,83.78,0.8,141.89,40.62,2026,4,12,7,0,6,0.617173212,-0.786827317,0.7,0.77,0.87,0.85,0.7375,0.699166667,0.913020833
04-12-2026 07:15,04-12-2026 07:30,22.99,36,82.66,0.56,95.97,80.75,2026,4,12,7,15,6,0.99457649,-0.104007719,0.8,0.53,0.56,0.63,0.745,0.645,0.912291667
04-12-2026 07:30,04-12-2026 07:45,21.805,36,81.5,1.16,132.68,88.6,2026,4,12,7,30,6,0.735151273,-0.677903095,0.56,0.92,0.51,1.25,0.805,0.705833333,0.911354167
04-12-2026 07:45,04-12-2026 08:00,20.62,57.6,80.85,1.29,168.46,42.88,2026,4,12,7,45,6,0.200052002,-0.979785281,1.16,0.7,0.57,0.91,0.9525,0.77,0.9153125
04-12-2026 08:00,04-12-2026 08:15,16,41,80.66,0.96,182.64,72.13,2026,4,12,8,0,6,-0.04606039,-0.998938657,1.29,0.8,0.77,1.18,0.9925,0.7775,0.913020833
04-12-2026 08:15,04-12-2026 08:30,16,41,79.44,1.69,135.81,110.84,2026,4,12,8,15,6,0.697039968,-0.717032275,0.96,0.56,0.53,1.28,1.275,0.871666667,0.917291667
04-12-2026 15:30,04-12-2026 15:45,13,31,73.01,1.72,49.41,162.14,2026,4,12,15,30,6,0.759384877,0.65064169,1.91,2.05,2.45,1.49,1.6025,1.969166667,1.043333333
04-12-2026 15:45,04-12-2026 16:00,30.59,56.2,72.63,1.19,135.29,143.97,2026,4,12,15,45,6,0.70351875,-0.710676698,1.72,1.58,1.84,1.32,1.505,1.9325,1.041979167
04-12-2026 16:00,04-12-2026 16:15,8,28,73.26,2.17,85.45,125.42,2026,4,12,16,0,6,0.996848486,0.07932904,1.19,1.2,2.37,1.2,1.7475,1.969166667,1.052083333
04-12-2026 16:15,04-12-2026 16:30,8,28,75.51,2.57,96.31,105.83,2026,4,12,16,15,6,0.993941788,-0.109907788,2.17,1.91,2.42,1.19,1.9125,1.955833333,1.066458333
04-12-2026 16:30,04-12-2026 16:45,6.4,28,76.05,1.14,43.44,86.71,2026,4,12,16,30,6,0.687594588,0.726094816,2.57,1.72,2.05,1.56,1.7675,1.846666667,1.062083333
04-12-2026 16:45,04-12-2026 17:00,7.4,32.2,75.08,1.59,26.5,68.78,2026,4,12,16,45,6,0.446197813,0.894934362,1.14,1.19,1.58,1.47,1.8675,1.825833333,1.063333333
04-12-2026 17:00,04-12-2026 17:15,5,35,76.27,0.98,143.9,51.66,2026,4,12,17,0,6,0.589196357,-0.807989884,1.59,2.17,1.2,0.82,1.57,1.71,1.065
04-12-2026 17:15,04-12-2026 17:30,5,35,76.49,0.97,79.39,33.5,2026,4,12,17,15,6,0.982903229,0.184122902,0.98,2.57,1.91,1.05,1.17,1.589166667,1.064166667
04-12-2026 17:30,04-12-2026 17:45,5,35,77.41,1.4,49.39,19.85,2026,4,12,17,30,6,0.759157714,0.650906725,0.97,1.14,1.72,0.84,1.235,1.535,1.07
04-12-2026 17:45,04-12-2026 18:00,23.36,56.8,79.52,1.58,47.96,13.37,2026,4,12,17,45,6,0.742677503,0.669649256,1.4,1.59,1.19,0.53,1.2325,1.535,1.0809375
04-12-2026 18:00,04-12-2026 18:15,3,31,80.59,1.39,126.18,8.21,2026,4,12,18,0,6,0.807166423,-0.590323949,1.58,0.98,2.17,0.57,1.335,1.550833333,1.089479167
04-12-2026 18:15,04-12-2026 18:30,3,31,81.19,1.51,89.93,6.61,2026,4,12,18,15,6,0.999999254,0.00122173,1.39,0.97,2.57,0.91,1.47,1.5175,1.095729167
04-12-2026 18:30,04-12-2026 18:45,2.25,31,81.48,1.22,59.52,6.39,2026,4,12,18,30,6,0.861806272,0.507237567,1.51,1.4,1.14,0.51,1.425,1.475833333,1.103125
04-12-2026 18:45,04-12-2026 19:00,5,28.33,81.84,0.9,77.9,6.47,2026,4,12,18,45,6,0.977783237,0.209618563,1.22,1.58,1.59,0.3,1.255,1.451666667,1.109375
04-12-2026 19:00,04-12-2026 19:15,9,27,82.4,1.1,40.6,6.49,2026,4,12,19,0,6,0.650774217,0.759271307,0.9,1.39,0.98,0.77,1.1825,1.3625,1.1128125
04-12-2026 19:15,04-12-2026 19:30,9,27,82.86,1.06,33.81,6.52,2026,4,12,19,15,6,0.556440641,0.830887365,1.1,1.51,0.97,1.09,1.07,1.236666667,1.1125
04-12-2026 19:30,04-12-2026 19:45,9,27,82.7,1.23,72.83,6.39,2026,4,12,19,30,6,0.955433064,0.295207827,1.06,1.22,1.4,0.82,1.0725,1.244166667,1.116770833
04-12-2026 19:45,04-12-2026 20:00,12.6,28.6,82.88,1.57,50.27,6.38,2026,4,12,19,45,6,0.769064992,0.639170587,1.23,0.9,1.58,0.56,1.24,1.2425,1.127291667
04-12-2026 20:00,04-12-2026 20:15,18,29,82.94,0.74,58.62,6.25,2026,4,12,20,0,6,0.853732612,0.520711655,1.57,1.1,1.39,0.51,1.15,1.2225,1.1296875
04-12-2026 20:15,04-12-2026 20:30,18,29,83.09,1.31,36.8,6.44,2026,4,12,20,15,6,0.599023599,0.800731371,0.74,1.06,1.51,0.8,1.2125,1.250833333,1.135
04-12-2026 20:30,04-12-2026 20:45,14.4,29,83.14,1.23,144.49,6.35,2026,4,12,20,30,6,0.580845037,-0.814014154,1.31,1.23,1.22,0.28,1.2125,1.236666667,1.144895833
04-12-2026 20:45,04-12-2026 21:00,14.8,35.4,83.16,0.33,51,6.29,2026,4,12,20,45,6,0.777145961,0.629320391,1.23,1.57,0.9,0.41,0.9025,1.1325,1.1440625
04-12-2026 21:00,04-12-2026 21:15,10,37,83.33,1.15,58.59,6.39,2026,4,12,21,0,6,0.853459851,0.521158597,0.33,0.74,1.1,0.4,1.005,1.1125,1.151875
04-12-2026 21:15,04-12-2026 21:30,10,37,83.23,1.21,70.03,6.32,2026,4,12,21,15,6,0.939871573,0.341528075,1.15,1.31,1.06,0.32,0.98,1.0875,1.161145833
04-12-2026 21:30,04-12-2026 21:45,10,37,83.6,0.9,68.94,6.48,2026,4,12,21,30,6,0.933204633,0.359345396,1.21,1.23,1.23,0.35,0.8975,1.060833333,1.166875
04-12-2026 21:45,04-12-2026 22:00,11.2,33.4,83.79,1.21,86.79,6.28,2026,4,12,21,45,6,0.998431006,0.055995765,0.9,0.33,1.57,0.3,1.1175,1.086666667,1.176354167
04-12-2026 22:00,04-12-2026 22:15,13,31,83.92,0.88,64.71,6.37,2026,4,12,22,0,6,0.904157124,0.427200065,1.21,1.15,0.74,0.85,1.05,1.068333333,1.176666667
04-12-2026 22:15,04-12-2026 22:30,13,31,84.23,1.27,130.8,6.43,2026,4,12,22,15,6,0.756995056,-0.653420604,0.88,1.21,1.31,0.92,1.065,1.085833333,1.1803125
04-12-2026 22:30,04-12-2026 22:45,13,31,84.39,1.01,26.5,6.15,2026,4,12,22,30,6,0.446197813,0.894934362,1.27,0.9,1.23,1.01,1.0925,1.0675,1.1803125
04-12-2026 22:45,04-12-2026 23:00,11.4,23,84.72,0.48,72.42,6.1,2026,4,12,22,45,6,0.953296157,0.302037146,1.01,1.21,0.33,0.43,0.91,0.976666667,1.180833333
04-12-2026 23:00,04-12-2026 23:15,9,21,85.11,0.79,120.09,6.07,2026,4,12,23,0,6,0.865238938,-0.501359732,0.48,0.88,1.15,0.89,0.8875,0.980833333,1.179791667
04-12-2026 23:15,04-12-2026 23:30,9,21,85.22,0.93,87.82,6.13,2026,4,12,23,15,6,0.999276255,0.038038998,0.79,1.27,1.21,0.82,0.8025,0.949166667,1.1809375
04-12-2026 23:30,04-12-2026 23:45,9,21,85.44,0.67,58.83,6.03,2026,4,12,23,30,6,0.855635381,0.517579071,0.93,1.01,0.9,0.72,0.7175,0.9025,1.180416667
