From_Date,To_Date,PM2_5,PM10,RH,WS,WD,SR
10-12-2025 00:00,10-12-2025 00:15,,,,,,
10-12-2025 00:15,10-12-2025 00:30,,,,,,
10-12-2025 00:30,10-12-2025 00:45,,,,,,
10-12-2025 00:45,10-12-2025 01:00,,,,,,
10-12-2025 01:00,10-12-2025 01:15,,,,,,
10-12-2025 01:15,10-12-2025 01:30,,,,,,
10-12-2025 01:30,10-12-2025 01:45,,,,,,
10-12-2025 01:45,10-12-2025 02:00,,,,,,
10-12-2025 02:00,10-12-2025 02:15,,,,,,
10-12-2025 02:15,10-12-2025 02:30,,,,,,
10-12-2025 02:30,10-12-2025 02:45,,,,,,
10-12-2025 02:45,10-12-2025 03:00,,,,,,
10-12-2025 03:00,10-12-2025 03:15,,,,,,
10-12-2025 03:15,10-12-2025 03:30,,,,,,
10-12-2025 03:30,10-12-2025 03:45,,,,,,
10-12-2025 03:45,10-12-2025 04:00,,,,,,
10-12-2025 04:00,10-12-2025 04:15,,,,,,
10-12-2025 04:15,10-12-2025 04:30,,,,,,
10-12-2025 04:30,10-12-2025 04:45,,,,,,
10-12-2025 04:45,10-12-2025 05:00,,,,,,
10-12-2025 05:00,10-12-2025 05:15,,,,,,
10-12-2025 05:15,10-12-2025 05:30,,,,,,
10-12-2025 05:30,10-12-2025 05:45,,,,,,
10-12-2025 05:45,10-12-2025 06:00,,,,,,
10-12-2025 06:00,10-12-2025 06:15,,,,,,
10-12-2025 06:15,10-12-2025 06:30,,,,,,
10-12-2025 06:30,10-12-2025 06:45,,,,,,
10-12-2025 06:45,10-12-2025 07:00,,,,,,
10-12-2025 07:00,10-12-2025 07:15,,,,,,
10-12-2025 07:15,10-12-2025 07:30,,,,,,
10-12-2025 07:30,10-12-2025 07:45,,,,,,
10-12-2025 07:45,10-12-2025 08:00,,,,,,
10-12-2025 08:00,10-12-2025 08:15,,,,,,
10-12-2025 08:15,10-12-2025 08:30,,,,,,
10-12-2025 08:30,10-12-2025 08:45,,,,,,
10-12-2025 08:45,10-12-2025 09:00,,,,,,
10-12-2025 09:00,10-12-2025 09:15,,,,,,
10-12-2025 09:15,10-12-2025 09:30,,,,,,
10-12-2025 09:30,10-12-2025 09:45,,,,,,
10-12-2025 09:45,10-12-2025 10:00,,,,,,
10-12-2025 10:00,10-12-2025 10:15,,,,,,
10-12-2025 10:15,10-12-2025 10:30,,,,,,
10-12-2025 10:30,10-12-2025 10:45,,,,,,
10-12-2025 10:45,10-12-2025 11:00,,,,,,
10-12-2025 11:00,10-12-2025 11:15,,,,,,
10-12-2025 11:15,10-12-2025 11:30,,,,,,
10-12-2025 11:30,10-12-2025 11:45,,,,,,
10-12-2025 11:45,10-12-2025 12:00,,,,,,
10-12-2025 12:00,10-12-2025 12:15,,,,,,
10-12-2025 12:15,10-12-2025 12:30,,,,,,
10-12-2025 12:30,10-12-2025 12:45,,,,,,
10-12-2025 12:45,10-12-2025 13:00,,,,,,
10-12-2025 13:00,10-12-2025 13:15,,,,,,
10-12-2025 13:15,10-12-2025 13:30,,,,,,
10-12-2025 13:30,10-12-2025 13:45,,,,,,
10-12-2025 13:45,10-12-2025 14:00,,,,,,
10-12-2025 14:00,10-12-2025 14:15,,,,,,
10-12-2025 14:15,10-12-2025 14:30,,,,,,
10-12-2025 14:30,10-12-2025 14:45,,,,,,
10-12-2025 14:45,10-12-2025 15:00,,,,,,
10-12-2025 15:00,10-12-2025 15:15,,,,,,
10-12-2025 15:15,10-12-2025 15:30,,,,,,
10-12-2025 15:30,10-12-2025 15:45,,,,,,
10-12-2025 15:45,10-12-2025 16:00,,,,,,
10-12-2025 16:00,10-12-2025 16:15,,,,,,
10-12-2025 16:15,10-12-2025 16:30,,,,,,
10-12-2025 16:30,10-12-2025 16:45,,,,,,
10-12-2025 16:45,10-12-2025 17:00,,,,,,
10-12-2025 17:00,10-12-2025 17:15,,,,,,
10-12-2025 17:15,10-12-2025 17:30,,,,,,
10-12-2025 17:30,10-12-2025 17:45,,,,,,
10-12-2025 17:45,10-12-2025 18:00,,,,,,
10-12-2025 18:00,10-12-2025 18:15,,,,,,
10-12-2025 18:15,10-12-2025 18:30,,,,,,
10-12-2025 18:30,10-12-2025 18:45,,,,,,
10-12-2025 18:45,10-12-2025 19:00,,,,,,
10-12-2025 19:00,10-12-2025 19:15,,,86.09,0.27,174.19,6.79
10-12-2025 19:15,10-12-2025 19:30,,,86.57,0.27,62.55,6.78
10-12-2025 19:30,10-12-2025 19:45,,,86.57,0.27,180.7,6.71
10-12-2025 19:45,10-12-2025 20:00,,,85.02,0.27,270.84,6.71
10-12-2025 20:00,10-12-2025 20:15,,,84.06,0.27,243.62,6.72
10-12-2025 20:15,10-12-2025 20:30,,,83.7,0.27,90.22,6.85
10-12-2025 20:30,10-12-2025 20:45,,,82.03,0.27,104.32,6.69
10-12-2025 20:45,10-12-2025 21:00,,,82.51,0.27,146.57,6.85
10-12-2025 21:00,10-12-2025 21:15,,,83.38,0.27,79.04,6.75
10-12-2025 21:15,10-12-2025 21:30,,,83.26,0.27,139.29,6.83
10-12-2025 21:30,10-12-2025 21:45,,,83.53,0.27,205.29,6.93
10-12-2025 21:45,10-12-2025 22:00,,,83.58,0.27,148.94,6.78
10-12-2025 22:00,10-12-2025 22:15,,,84.56,0.27,75.76,6.77
10-12-2025 22:15,10-12-2025 22:30,,,85.27,0.27,234.07,6.9
10-12-2025 22:30,10-12-2025 22:45,,,85.38,0.27,217.85,6.86
10-12-2025 22:45,10-12-2025 23:00,,,84.99,0.27,209.43,6.68
10-12-2025 23:00,10-12-2025 23:15,,,84.31,0.27,279.69,6.9
10-12-2025 23:15,10-12-2025 23:30,,,80.48,0.27,229.43,6.83
10-12-2025 23:30,10-12-2025 23:45,,,79.4,0.27,245.68,6.87
10-12-2025 23:45,11-12-2025 00:00,,,78.97,0.27,310.77,6.78
11-12-2025 00:00,11-12-2025 00:15,,,78.94,0.27,164.09,6.85
11-12-2025 00:15,11-12-2025 00:30,,,78.42,0.27,144.81,6.91
11-12-2025 00:30,11-12-2025 00:45,,,78.65,0.27,207.37,6.91
11-12-2025 00:45,11-12-2025 01:00,,,78.06,0.27,84.67,6.83
11-12-2025 01:00,11-12-2025 01:15,,,76.62,0.27,279.66,6.86
11-12-2025 01:15,11-12-2025 01:30,,,76.77,0.27,278.96,6.96
11-12-2025 01:30,11-12-2025 01:45,,,77.83,0.27,176.11,6.84
11-12-2025 01:45,11-12-2025 02:00,,,78.05,0.27,199.93,6.82
11-12-2025 02:00,11-12-2025 02:15,,,78.36,0.3,231.05,6.85
11-12-2025 02:15,11-12-2025 02:30,,,78.76,0.49,261.41,6.8
11-12-2025 02:30,11-12-2025 02:45,,,79.43,0.45,287.23,6.83
11-12-2025 02:45,11-12-2025 03:00,,,80.35,0.58,311.32,6.9
11-12-2025 03:00,11-12-2025 03:15,,,78.79,0.48,91.86,6.86
11-12-2025 03:15,11-12-2025 03:30,,,78.31,0.53,264.45,6.76
11-12-2025 03:30,11-12-2025 03:45,,,78.61,0.65,126.16,6.75
11-12-2025 03:45,11-12-2025 04:00,,,78.49,0.88,187.8,6.74
11-12-2025 04:00,11-12-2025 04:15,,,78.82,0.43,263.32,6.75
11-12-2025 04:15,11-12-2025 04:30,,,78.92,0.52,329.11,6.99
11-12-2025 04:30,11-12-2025 04:45,,,78.78,0.5,256.12,6.9
11-12-2025 04:45,11-12-2025 05:00,,,79.69,0.72,308.51,6.77
11-12-2025 05:00,11-12-2025 05:15,,,79.52,0.71,267.15,6.78
11-12-2025 05:15,11-12-2025 05:30,,,78.77,1.58,162.17,6.78
11-12-2025 05:30,11-12-2025 05:45,,,78.83,1.66,323.41,6.8
11-12-2025 05:45,11-12-2025 06:00,,,78.24,1.42,280.62,6.81
11-12-2025 06:00,11-12-2025 06:15,,,77.6,1.06,283.63,7.01
11-12-2025 06:15,11-12-2025 06:30,,,77.45,1.17,180.27,8.4
11-12-2025 06:30,11-12-2025 06:45,,,77.91,1.26,182.41,12.13
11-12-2025 06:45,11-12-2025 07:00,,,77.41,1.04,225.77,16.31
11-12-2025 07:00,11-12-2025 07:15,,,76.62,1.45,226.35,21.25
11-12-2025 07:15,11-12-2025 07:30,,,76.81,0.89,208.9,26.66
11-12-2025 07:30,11-12-2025 07:45,,,79.7,0.92,80.75,32.78
11-12-2025 07:45,11-12-2025 08:00,,,84.12,0.47,320.12,39.23
11-12-2025 08:00,11-12-2025 08:15,,,84.12,0.61,248.22,45.18
11-12-2025 08:15,11-12-2025 08:30,,,84.07,0.61,188.03,46.99
11-12-2025 08:30,11-12-2025 08:45,,,82.3,0.87,210.03,52.41
11-12-2025 08:45,11-12-2025 09:00,,,79.56,0.57,151.94,56.67
11-12-2025 09:00,11-12-2025 09:15,,,76.58,1.29,205.67,57.43
11-12-2025 09:15,11-12-2025 09:30,,,73.94,0.59,252.9,53.88
11-12-2025 09:30,11-12-2025 09:45,,,74.27,0.54,321.52,57.41
11-12-2025 09:45,11-12-2025 10:00,,,73.64,0.49,280.29,56.56
11-12-2025 10:00,11-12-2025 10:15,,,72.97,0.67,196.24,59.01
11-12-2025 10:15,11-12-2025 10:30,,,73.22,0.28,261.15,57.12
11-12-2025 10:30,11-12-2025 10:45,,,71.05,0.31,236.14,57.61
11-12-2025 10:45,11-12-2025 11:00,,,70.44,0.46,170.94,61.94
11-12-2025 11:00,11-12-2025 11:15,,,71.07,0.3,28.93,63.67
11-12-2025 11:15,11-12-2025 11:30,,,70.43,1.02,26.5,67.13
11-12-2025 11:30,11-12-2025 11:45,,,70.04,0.79,163.93,72.68
11-12-2025 11:45,11-12-2025 12:00,,,69.99,0.49,233.32,116.31
11-12-2025 12:00,11-12-2025 12:15,82,108,70.48,0.6,124.46,197.17
11-12-2025 12:15,11-12-2025 12:30,82,108,69.5,0.62,179.88,235.82
11-12-2025 12:30,11-12-2025 12:45,82,108,70.34,0.76,77.72,227.05
11-12-2025 12:45,11-12-2025 13:00,80.75,97.75,69.74,0.58,102.13,224.14
11-12-2025 13:00,11-12-2025 13:15,,,69.79,1.84,258.97,214.15
11-12-2025 13:15,11-12-2025 13:30,,,69.55,1.98,80.28,206.23
11-12-2025 13:30,11-12-2025 13:45,,,69.38,1.8,101.4,202.17
11-12-2025 13:45,11-12-2025 14:00,,,69.31,0.74,26.5,197.49
11-12-2025 14:00,11-12-2025 14:15,,,69.5,0.46,130.05,187.43
11-12-2025 14:15,11-12-2025 14:30,,,69.77,0.48,148.09,160.63
11-12-2025 14:30,11-12-2025 14:45,,,70.59,0.52,141.41,134.98
11-12-2025 14:45,11-12-2025 15:00,85,93.25,71.21,0.39,221.99,122.95
11-12-2025 15:00,11-12-2025 15:15,85,121,71.36,0.79,113.81,94.29
11-12-2025 15:15,11-12-2025 15:30,85,121,71.4,1.51,86.88,95.36
11-12-2025 15:30,11-12-2025 15:45,85,121,71.16,1.7,150.04,92.68
11-12-2025 15:45,11-12-2025 16:00,85,111.6,71.76,1.33,150.09,77.05
11-12-2025 16:00,11-12-2025 16:15,,,72.31,1.05,102.43,52.23
11-12-2025 16:15,11-12-2025 16:30,,,73.65,0.51,151.21,30.56
11-12-2025 16:30,11-12-2025 16:45,,,74.98,0.36,200.97,23.29
11-12-2025 16:45,11-12-2025 17:00,,,77.42,0.95,124.38,14.81
11-12-2025 17:00,11-12-2025 17:15,,,79.57,2.08,180.26,11.97
11-12-2025 17:15,11-12-2025 17:30,,,80.99,1.84,165.04,9.76
11-12-2025 17:30,11-12-2025 17:45,,,81.75,2.59,88.54,8.34
11-12-2025 17:45,11-12-2025 18:00,,,83.3,1.54,292.48,7.21
11-12-2025 18:00,11-12-2025 18:15,,,84.49,1.81,179.11,7.31
11-12-2025 18:15,11-12-2025 18:30,,,84.77,1.54,344.68,7.01
11-12-2025 18:30,11-12-2025 18:45,,,80.89,1.17,235.24,7.13
11-12-2025 18:45,11-12-2025 19:00,,,78.06,1.11,264.3,6.93
11-12-2025 19:00,11-12-2025 19:15,,,76.92,2.39,184.92,7.04
11-12-2025 19:15,11-12-2025 19:30,,,75.72,1.42,192.52,6.88
11-12-2025 19:30,11-12-2025 19:45,,,74.13,0.91,145.71,7.06
11-12-2025 19:45,11-12-2025 20:00,,,74.18,1.59,107.88,7.03
11-12-2025 20:00,11-12-2025 20:15,,,74.97,1.17,220.85,7.2
11-12-2025 20:15,11-12-2025 20:30,,,74.1,0.95,266.84,7.4
11-12-2025 20:30,11-12-2025 20:45,,,72.73,0.8,151.1,7.33
11-12-2025 20:45,11-12-2025 21:00,,,75.04,0.6,287.43,7.12
11-12-2025 21:00,11-12-2025 21:15,50,51,75.28,1.75,113.83,7.38
11-12-2025 21:15,11-12-2025 21:30,50,51,75.15,1.44,258.4,7.24
11-12-2025 21:30,11-12-2025 21:45,50,51,75.26,1.24,148.78,7.24
11-12-2025 21:45,11-12-2025 22:00,,,75.2,0.77,269.6,7.08
11-12-2025 22:00,11-12-2025 22:15,,,75.89,0.76,131.27,7.13
11-12-2025 22:15,11-12-2025 22:30,,,75.73,1.28,233.43,7.06
11-12-2025 22:30,11-12-2025 22:45,,,76.02,0.54,289.15,7.26
11-12-2025 22:45,11-12-2025 23:00,,,75.66,1.13,137.8,7.14
11-12-2025 23:00,11-12-2025 23:15,,,76.19,1.12,224.96,7.24
11-12-2025 23:15,11-12-2025 23:30,,,76.42,1.01,320,7.33
11-12-2025 23:30,11-12-2025 23:45,,,76.45,0.92,289.35,7.24
11-12-2025 23:45,12-12-2025 00:00,,,76.55,0.61,269.42,7.3
12-12-2025 00:00,12-12-2025 00:15,46,51,76.93,0.41,230.14,7.38
12-12-2025 00:15,12-12-2025 00:30,46,51,76.99,0.41,101.69,7.31
12-12-2025 00:30,12-12-2025 00:45,46,51,77.25,0.78,316.29,7.34
12-12-2025 00:45,12-12-2025 01:00,46.4,48.4,77,0.54,209.94,7.3
12-12-2025 01:00,12-12-2025 01:15,,,77.12,0.68,271.44,7.16
12-12-2025 01:15,12-12-2025 01:30,,,76.98,0.63,128.98,7.45
12-12-2025 01:30,12-12-2025 01:45,,,76.75,0.96,269.06,7.24
12-12-2025 01:45,12-12-2025 02:00,,,77.14,0.65,258.79,7.06
12-12-2025 02:00,12-12-2025 02:15,,,77.45,0.68,245.46,7.38
12-12-2025 02:15,12-12-2025 02:30,,,77.23,0.64,175.36,7.38
12-12-2025 02:30,12-12-2025 02:45,,,77.4,0.31,257.48,7.34
12-12-2025 02:45,12-12-2025 03:00,,,76.78,0.87,159.32,7.28
12-12-2025 03:00,12-12-2025 03:15,,,76.92,0.51,203.3,7.31
12-12-2025 03:15,12-12-2025 03:30,,,77.44,0.76,272.15,7.16
12-12-2025 03:30,12-12-2025 03:45,,,77.44,0.85,209.97,7.35
12-12-2025 03:45,12-12-2025 04:00,,,76.91,0.69,272.97,7.2
12-12-2025 04:00,12-12-2025 04:15,,,76.89,1.29,182.39,7.38
12-12-2025 04:15,12-12-2025 04:30,,,76.66,0.8,115.02,7.32
12-12-2025 04:30,12-12-2025 04:45,,,77.85,0.38,269.35,7.34
12-12-2025 04:45,12-12-2025 05:00,,,77.82,0.77,131.06,7.28
12-12-2025 05:00,12-12-2025 05:15,45,48,76.64,0.75,272.98,7.34
12-12-2025 05:15,12-12-2025 05:30,45,48,76.5,1.17,204.88,7.38
12-12-2025 05:30,12-12-2025 05:45,45,48,76.76,0.83,248.74,7.46
12-12-2025 05:45,12-12-2025 06:00,45.4,48,76.26,1.36,147.11,7.26
12-12-2025 06:00,12-12-2025 06:15,46,48,75.85,0.87,201.47,7.93
12-12-2025 06:15,12-12-2025 06:30,46,48,75.81,1.21,168.45,9.11
12-12-2025 06:30,12-12-2025 06:45,46,48,75.36,0.92,280.65,11.65
12-12-2025 06:45,12-12-2025 07:00,,,75.03,1.1,277.83,15.01
12-12-2025 07:00,12-12-2025 07:15,,,76.64,0.96,281.36,20.24
12-12-2025 07:15,12-12-2025 07:30,,,75.82,1.3,203.93,22.25
12-12-2025 07:30,12-12-2025 07:45,,,77.55,0.32,341.3,31.14
12-12-2025 07:45,12-12-2025 08:00,,,76.33,1.1,284.86,40.52
12-12-2025 08:00,12-12-2025 08:15,,,74.91,1,267.26,38.02
12-12-2025 08:15,12-12-2025 08:30,,,72.44,1.36,192.89,36.16
12-12-2025 08:30,12-12-2025 08:45,,,72.68,1.35,312.83,40.12
12-12-2025 08:45,12-12-2025 09:00,,,72.65,1.49,270.04,56.05
12-12-2025 09:00,12-12-2025 09:15,,,71.24,0.78,232.48,45.81
12-12-2025 09:15,12-12-2025 09:30,,,70.65,1.52,137.52,56.71
12-12-2025 09:30,12-12-2025 09:45,,,70.6,1.34,75.37,61.32
12-12-2025 09:45,12-12-2025 10:00,,,69.98,2.31,117.91,58.99
12-12-2025 10:00,12-12-2025 10:15,,,69.47,2.18,155.82,58.64
12-12-2025 10:15,12-12-2025 10:30,,,69.44,1.59,26.5,62.72
12-12-2025 10:30,12-12-2025 10:45,,,69.06,2.47,139.07,69.39
12-12-2025 10:45,12-12-2025 11:00,46.67,47,69.17,1.42,148.25,77.95
12-12-2025 11:00,12-12-2025 11:15,44,45,68.76,2.07,190.35,76.6
12-12-2025 11:15,12-12-2025 11:30,44,45,68.33,1.49,211.57,74.09
12-12-2025 11:30,12-12-2025 11:45,44,45,67.65,1.39,245.17,79.29
12-12-2025 11:45,12-12-2025 12:00,44,46.4,67.47,2.47,220.65,110.63
12-12-2025 12:00,12-12-2025 12:15,,,67.51,1.74,101.48,191.91
12-12-2025 12:15,12-12-2025 12:30,,,66.79,2,126.83,263.34
12-12-2025 12:30,12-12-2025 12:45,,,66.8,1.72,199.31,264.19
12-12-2025 12:45,12-12-2025 13:00,,,66.44,2.56,227.65,261.02
12-12-2025 13:00,12-12-2025 13:15,42,44,67.29,2.57,26.5,255.63
12-12-2025 13:15,12-12-2025 13:30,42,44,66.6,1.94,63.19,243.74
12-12-2025 13:30,12-12-2025 13:45,42,44,66.94,2.28,83.29,174.48
12-12-2025 13:45,12-12-2025 14:00,42,44,66.29,2.04,175.46,214.47
12-12-2025 14:00,12-12-2025 14:15,,,65.87,1.53,100.06,203.22
12-12-2025 14:15,12-12-2025 14:30,,,66.38,1.44,143.81,193.75
12-12-2025 14:30,12-12-2025 14:45,,,66.68,1.8,207.67,164.12
12-12-2025 14:45,12-12-2025 15:00,48,49.8,67.1,1.08,34.57,156.03
12-12-2025 15:00,12-12-2025 15:15,32,57,65.71,1.58,141.01,147.15
12-12-2025 15:15,12-12-2025 15:30,32,57,65.53,1.53,262.32,127
12-12-2025 15:30,12-12-2025 15:45,32,57,65.84,1.57,146.03,107.18
12-12-2025 15:45,12-12-2025 16:00,32,55,66.89,1.43,253.11,79.79
12-12-2025 16:00,12-12-2025 16:15,41,47,13.39,0.29,66.58,16.48
12-12-2025 16:15,12-12-2025 16:30,41,47,,,,
12-12-2025 16:30,12-12-2025 16:45,41,47,67.67,1.65,97.3,43
12-12-2025 16:45,12-12-2025 17:00,,,,,,
12-12-2025 17:00,12-12-2025 17:15,,,,,,
12-12-2025 17:15,12-12-2025 17:30,55.93,222,69.1,0.96,56.87,13.09
12-12-2025 17:30,12-12-2025 17:45,53.93,222,69.92,1.16,42.44,9.56
12-12-2025 17:45,12-12-2025 18:00,54.28,187.8,68.12,1.12,148.03,7.93
12-12-2025 18:00,12-12-2025 18:15,,,69.26,1.33,162.72,7.48
12-12-2025 18:15,12-12-2025 18:30,,,70.11,1.11,145.42,7.57
12-12-2025 18:30,12-12-2025 18:45,,,70.53,1.68,298.56,7.52
12-12-2025 18:45,12-12-2025 19:00,58,77.6,70.33,1.21,26.59,7.52
12-12-2025 19:00,12-12-2025 19:15,,,69.9,1.13,168.29,7.48
12-12-2025 19:15,12-12-2025 19:30,,,69.67,1.47,149.5,7.52
12-12-2025 19:30,12-12-2025 19:45,,,70.22,1.61,201.86,7.58
12-12-2025 19:45,12-12-2025 20:00,55.2,60.4,71.17,1.21,143.25,7.55
12-12-2025 20:00,12-12-2025 20:15,,,71.68,1.2,207.22,7.26
12-12-2025 20:15,12-12-2025 20:30,,,71.35,1.37,145.36,7.56
12-12-2025 20:30,12-12-2025 20:45,,,71.7,1.65,151.6,7.38
12-12-2025 20:45,12-12-2025 21:00,48.8,63.8,71.8,0.95,214.06,7.49
12-12-2025 21:00,12-12-2025 21:15,38,40,71.24,1.3,138.79,7.56
12-12-2025 21:15,12-12-2025 21:30,38,40,71.74,1.21,88.21,7.44
12-12-2025 21:30,12-12-2025 21:45,38,40,71.33,0.91,272.11,7.58
12-12-2025 21:45,12-12-2025 22:00,33.43,39.4,70.71,0.64,82.51,7.38
12-12-2025 22:00,12-12-2025 22:15,15.17,37,70.67,0.87,201.49,7.47
12-12-2025 22:15,12-12-2025 22:30,15.17,37,70.49,0.63,196.79,7.41
12-12-2025 22:30,12-12-2025 22:45,15.17,37,70.57,0.74,115.16,7.41
12-12-2025 22:45,12-12-2025 23:00,26.16,63.8,70.43,0.57,204.21,7.41
12-12-2025 23:00,12-12-2025 23:15,11.89,29,70.51,0.63,165.99,7.45
12-12-2025 23:15,12-12-2025 23:30,11.89,29,70.82,0.32,267.9,7.31
12-12-2025 23:30,12-12-2025 23:45,11.89,29,70.64,0.55,159.35,7.44
12-12-2025 23:45,13-12-2025 00:00,19.19,46.8,70.86,0.7,87.09,7.35
13-12-2025 00:00,13-12-2025 00:15,11.48,28,71.14,0.97,31.41,7.37
13-12-2025 00:15,13-12-2025 00:30,11.48,28,70.46,0.4,169.49,7.38
13-12-2025 00:30,13-12-2025 00:45,11.48,28,70.65,0.27,184.28,7.28
13-12-2025 00:45,13-12-2025 01:00,11.73,28.6,71.32,0.79,323.17,7.37
13-12-2025 01:00,13-12-2025 01:15,12.71,31,71.57,0.54,90.18,7.37
13-12-2025 01:15,13-12-2025 01:30,12.71,31,72.26,0.76,252.24,7.08
13-12-2025 01:30,13-12-2025 01:45,12.71,31,71.65,0.53,276.6,6.44
13-12-2025 01:45,13-12-2025 02:00,12.71,31,73.82,0.38,142.76,6.38
13-12-2025 02:00,13-12-2025 02:15,12.71,31,77.43,0.27,26.99,6.46
13-12-2025 02:15,13-12-2025 02:30,12.71,31,80.24,0.27,26.5,6.51
13-12-2025 02:30,13-12-2025 02:45,12.71,31,82.86,0.27,26.5,6.52
13-12-2025 02:45,13-12-2025 03:00,17.57,33,84.6,0.27,26.5,6.48
13-12-2025 03:00,13-12-2025 03:15,16.81,41,86.17,0.29,26.5,6.39
13-12-2025 03:15,13-12-2025 03:30,16.81,41,87.12,0.27,223.04,6.55
13-12-2025 03:30,13-12-2025 03:45,16.81,41,87.38,0.27,282.6,6.52
13-12-2025 03:45,13-12-2025 04:00,27.96,68.2,87.65,0.27,332.24,6.46
13-12-2025 04:00,13-12-2025 04:15,18.45,45,88.06,0.27,92.19,6.45
13-12-2025 04:15,13-12-2025 04:30,18.45,45,88.66,0.27,30.62,6.55
13-12-2025 04:30,13-12-2025 04:45,18.45,45,89.06,0.28,152.17,6.56
13-12-2025 04:45,13-12-2025 05:00,24.76,60.4,89.32,0.27,247.2,6.52
13-12-2025 05:00,13-12-2025 05:15,26.86,51,89.56,0.27,252.77,6.45
13-12-2025 05:15,13-12-2025 05:30,20.91,51,89.74,0.27,283.29,6.42
13-12-2025 05:30,13-12-2025 05:45,20.91,51,90,0.31,146.74,6.42
13-12-2025 05:45,13-12-2025 06:00,40.51,98.8,90.09,0.27,251.92,6.38
13-12-2025 06:00,13-12-2025 06:15,30.34,74,90.22,0.27,141.28,6.51
13-12-2025 06:15,13-12-2025 06:30,30.34,74,90.31,0.27,26.5,7.55
13-12-2025 06:30,13-12-2025 06:45,30.34,74,90.13,0.27,200.88,10.26
13-12-2025 06:45,13-12-2025 07:00,37.64,91.8,89.81,0.27,147.85,13.33
13-12-2025 07:00,13-12-2025 07:15,39.54,89,89.12,0.29,112.83,15.95
13-12-2025 07:15,13-12-2025 07:30,36.49,89,88.75,0.28,172.22,19.99
13-12-2025 07:30,13-12-2025 07:45,36.49,89,87.82,0.31,134.6,24.04
13-12-2025 07:45,13-12-2025 08:00,36.16,88.2,86.51,0.32,56.11,28.07
13-12-2025 08:00,13-12-2025 08:15,38.63,85,84.86,0.52,198.43,30.81
13-12-2025 08:15,13-12-2025 08:30,34.85,85,83.38,0.63,82.46,35.86
13-12-2025 08:30,13-12-2025 08:45,34.85,85,82.13,0.37,84.92,40.66
13-12-2025 08:45,13-12-2025 09:00,47.72,116.4,79.98,0.7,26.5,46.87
13-12-2025 09:00,13-12-2025 09:15,29.52,72,75.51,1.41,91.71,54.73
13-12-2025 09:15,13-12-2025 09:30,29.52,72,74.32,0.64,279.44,64.35
13-12-2025 09:30,13-12-2025 09:45,29.52,72,73.22,1.79,135.4,58.69
13-12-2025 09:45,13-12-2025 10:00,34.6,84.4,73.21,1.37,194.45,58.73
13-12-2025 10:00,13-12-2025 10:15,23.78,58,70.65,0.59,254.01,49.82
13-12-2025 10:15,13-12-2025 10:30,23.78,58,68.11,1.77,262.14,57.98
13-12-2025 10:30,13-12-2025 10:45,23.78,58,68.76,1.16,135.46,44.5
13-12-2025 10:45,13-12-2025 11:00,21.73,53,68.36,1.32,30.6,43.55
13-12-2025 11:00,13-12-2025 11:15,13.53,33,68.22,1.25,193.74,42.92
13-12-2025 11:15,13-12-2025 11:30,13.53,33,68.05,1.07,167,55.83
13-12-2025 11:30,13-12-2025 11:45,13.53,33,66.82,1.3,141.26,50.36
13-12-2025 11:45,13-12-2025 12:00,36.08,88,66.66,1.39,131,68.89
13-12-2025 12:00,13-12-2025 12:15,14.76,36,67.01,0.97,88.46,248.06
13-12-2025 12:15,13-12-2025 12:30,14.76,36,67.15,1.1,26.5,250.83
13-12-2025 12:30,13-12-2025 12:45,14.76,36,66.96,1.16,159.41,255.53
13-12-2025 12:45,13-12-2025 13:00,19.21,37.2,66.89,0.77,198.3,250.42
13-12-2025 13:00,13-12-2025 13:15,37.04,42,67.13,0.72,149.86,241.65
13-12-2025 13:15,13-12-2025 13:30,,,66.31,1.17,229.57,222.68
13-12-2025 13:30,13-12-2025 13:45,,,65.44,1.34,144.72,236.63
13-12-2025 13:45,13-12-2025 14:00,,,64.33,1.57,137.03,224.82
13-12-2025 14:00,13-12-2025 14:15,38,42,64.1,1.41,133.44,218.37
13-12-2025 14:15,13-12-2025 14:30,38,42,64.57,1.96,148.38,211.85
13-12-2025 14:30,13-12-2025 14:45,38,42,64.83,1.73,204.27,191.34
13-12-2025 14:45,13-12-2025 15:00,33.27,40.6,64.49,1.05,192.6,171.84
13-12-2025 15:00,13-12-2025 15:15,30.87,35,64,1.33,144.94,156.44
13-12-2025 15:15,13-12-2025 15:30,,,62.63,0.91,160.96,141.87
13-12-2025 15:30,13-12-2025 15:45,,,62.93,1.21,262.08,123.1
13-12-2025 15:45,13-12-2025 16:00,42.6,63.6,63.84,1.38,224.03,108.62
13-12-2025 16:00,13-12-2025 16:15,26,34,64.5,1.64,157.67,92.32
13-12-2025 16:15,13-12-2025 16:30,26,34,66.01,1.19,140,72.38
13-12-2025 16:30,13-12-2025 16:45,26,34,66.09,0.99,203.06,57.88
13-12-2025 16:45,13-12-2025 17:00,35.56,63.2,66.52,1.17,183.27,43.44
13-12-2025 17:00,13-12-2025 17:15,10.25,25,67.04,0.81,209.13,25.48
13-12-2025 17:15,13-12-2025 17:30,10.25,25,68.02,0.92,85.77,13.82
13-12-2025 17:30,13-12-2025 17:45,10.25,25,68.52,0.59,150.56,8.96
13-12-2025 17:45,13-12-2025 18:00,19.27,47,69.45,1.09,26.5,6.94
13-12-2025 18:00,13-12-2025 18:15,8.61,21,70.16,0.28,34.24,6.41
13-12-2025 18:15,13-12-2025 18:30,8.61,21,69.73,1.42,204.26,6.36
13-12-2025 18:30,13-12-2025 18:45,8.61,21,70.45,0.94,84.23,6.36
13-12-2025 18:45,13-12-2025 19:00,16.81,41,71.04,0.89,146.31,6.21
13-12-2025 19:00,13-12-2025 19:15,11.07,27,71.29,1.13,28.1,6.32
13-12-2025 19:15,13-12-2025 19:30,11.07,27,71.49,0.99,263.99,6.38
13-12-2025 19:30,13-12-2025 19:45,11.07,27,70.07,0.67,208.79,6.45
13-12-2025 19:45,13-12-2025 20:00,19.35,47.2,69.26,1.21,266.18,6.41
13-12-2025 20:00,13-12-2025 20:15,12.3,30,69.17,1,121.39,6.41
13-12-2025 20:15,13-12-2025 20:30,12.3,30,69.71,1.01,334.28,6.31
13-12-2025 20:30,13-12-2025 20:45,12.3,30,70.46,0.51,327.53,6.35
13-12-2025 20:45,13-12-2025 21:00,25.42,62,70.33,0.64,213,6.34
13-12-2025 21:00,13-12-2025 21:15,9.43,23,69.05,0.69,269.14,6.43
13-12-2025 21:15,13-12-2025 21:30,9.43,23,70.44,0.33,204.9,6.49
13-12-2025 21:30,13-12-2025 21:45,9.43,23,70.38,0.38,207.51,6.35
13-12-2025 21:45,13-12-2025 22:00,21.4,52.2,70.1,0.46,329.89,6.35
13-12-2025 22:00,13-12-2025 22:15,8.61,21,70.35,0.78,199.37,6.42
13-12-2025 22:15,13-12-2025 22:30,8.61,21,70.65,0.54,260.3,6.39
13-12-2025 22:30,13-12-2025 22:45,8.61,21,70.61,0.61,215.35,6.36
13-12-2025 22:45,13-12-2025 23:00,20.34,49.6,70.85,0.42,263.44,6.36
13-12-2025 23:00,13-12-2025 23:15,23,24,70.13,0.76,202.31,6.35
13-12-2025 23:15,13-12-2025 23:30,23,24,69.97,0.4,197.67,6.36
13-12-2025 23:30,13-12-2025 23:45,23,24,70.28,0.43,257.12,6.28
13-12-2025 23:45,14-12-2025 00:00,31.77,51.8,70.12,0.63,265.08,6.34
14-12-2025 00:00,14-12-2025 00:15,9.43,23,70.17,0.43,325.39,6.24
14-12-2025 00:15,14-12-2025 00:30,9.43,23,70.07,0.55,182.62,6.38
14-12-2025 00:30,14-12-2025 00:45,9.43,23,69.08,0.81,318.89,6.28
14-12-2025 00:45,14-12-2025 01:00,17.38,42.4,69.37,0.5,323.06,6.34
14-12-2025 01:00,14-12-2025 01:15,9.43,23,69.68,0.46,298.92,6.32
14-12-2025 01:15,14-12-2025 01:30,9.43,23,69.19,0.7,127.27,6.24
14-12-2025 01:30,14-12-2025 01:45,9.43,23,69.94,0.28,338.98,6.37
14-12-2025 01:45,14-12-2025 02:00,18.53,45.2,70.73,0.62,197.52,6.25
14-12-2025 02:00,14-12-2025 02:15,10.66,26,69.55,0.48,168.71,6.24
14-12-2025 02:15,14-12-2025 02:30,10.66,26,69.31,1.29,270.44,6.37
14-12-2025 02:30,14-12-2025 02:45,10.66,26,69.69,0.84,233.85,6.32
14-12-2025 02:45,14-12-2025 03:00,20.83,50.8,69.9,0.43,312.97,6.28
14-12-2025 03:00,14-12-2025 03:15,,,68.93,1.1,151.72,6.36
14-12-2025 03:15,14-12-2025 03:30,,,68.31,0.69,208.51,6.35
14-12-2025 03:30,14-12-2025 03:45,,,68.55,0.49,298.08,6.28
14-12-2025 03:45,14-12-2025 04:00,29.18,42.4,69.37,1.07,89.85,6.2
14-12-2025 04:00,14-12-2025 04:15,8.61,21,67.91,1.45,153.62,6.27
14-12-2025 04:15,14-12-2025 04:30,8.61,21,68.14,0.37,26.5,6.38
14-12-2025 04:30,14-12-2025 04:45,8.61,21,68.63,0.7,210.82,6.31
14-12-2025 04:45,14-12-2025 05:00,28.29,69,69.54,1.37,82.96,6.34
14-12-2025 05:00,14-12-2025 05:15,10.66,26,71.03,0.86,79.21,6.25
14-12-2025 05:15,14-12-2025 05:30,10.66,26,71.54,0.91,152.67,6.25
14-12-2025 05:30,14-12-2025 05:45,10.66,26,70.83,0.77,144.08,6.36
14-12-2025 05:45,14-12-2025 06:00,23.04,56.2,68.67,1.08,151.31,6.43
14-12-2025 06:00,14-12-2025 06:15,14.76,36,70.33,0.84,96.39,6.48
14-12-2025 06:15,14-12-2025 06:30,14.76,36,70.39,0.69,88.96,7.44
14-12-2025 06:30,14-12-2025 06:45,14.76,36,70.33,0.94,226.76,9.47
14-12-2025 06:45,14-12-2025 07:00,24.85,60.6,70.73,0.51,196.62,13.38
14-12-2025 07:00,14-12-2025 07:15,17.22,42,71.29,0.56,32.44,17.24
14-12-2025 07:15,14-12-2025 07:30,17.22,42,70.49,1.03,98.63,26.91
14-12-2025 07:30,14-12-2025 07:45,17.22,42,68.94,0.62,208.35,32.14
14-12-2025 07:45,14-12-2025 08:00,28.62,69.8,68.64,0.63,235.98,34.66
14-12-2025 08:00,14-12-2025 08:15,16.4,40,69.02,0.69,187.64,38.6
14-12-2025 08:15,14-12-2025 08:30,16.4,40,69.48,1.25,132.97,40.7
14-12-2025 08:30,14-12-2025 08:45,16.4,40,68.24,1.07,269.29,42.8
14-12-2025 08:45,14-12-2025 09:00,26.57,64.8,67.23,1.12,180.47,40.01
14-12-2025 09:00,14-12-2025 09:15,11.48,28,66.82,1.34,212.64,47.32
14-12-2025 09:15,14-12-2025 09:30,11.48,28,66.23,1.44,202.32,39.09
14-12-2025 09:30,14-12-2025 09:45,11.48,28,64.87,1.66,127.47,41.15
14-12-2025 09:45,14-12-2025 10:00,18.86,46,64.85,1.07,268.68,42.53
14-12-2025 10:00,14-12-2025 10:15,11.48,28,65.02,1.93,308.26,60.33
14-12-2025 10:15,14-12-2025 10:30,11.48,28,66.04,1.28,172.68,73.04
14-12-2025 10:30,14-12-2025 10:45,11.48,28,65.46,1.21,261.58,67.72
14-12-2025 10:45,14-12-2025 11:00,11.64,28.4,64.78,1.08,209.63,54.93
14-12-2025 11:00,14-12-2025 11:15,12.3,30,64.44,1.49,248.48,68.16
14-12-2025 11:15,14-12-2025 11:30,12.3,30,64.57,1.6,148.44,71.01
14-12-2025 11:30,14-12-2025 11:45,12.3,30,63.61,1.83,264.23,52.36
14-12-2025 11:45,14-12-2025 12:00,19.93,48.6,63.67,1.05,241.77,97.4
14-12-2025 12:00,14-12-2025 12:15,9.43,23,64.55,1.82,28.68,162.85
14-12-2025 12:15,14-12-2025 12:30,9.43,23,63.86,2.09,147.19,260.57
14-12-2025 12:30,14-12-2025 12:45,9.43,23,63.37,1.34,211.85,259.38
14-12-2025 12:45,14-12-2025 13:00,9.35,22.8,64.18,1.31,151.94,254.05
14-12-2025 13:00,14-12-2025 13:15,9.02,22,63.93,1.18,209.71,250.34
14-12-2025 13:15,14-12-2025 13:30,9.02,22,63.63,2.49,259.45,242.41
14-12-2025 13:30,14-12-2025 13:45,9.02,22,63.96,1.83,205.11,232.12
14-12-2025 13:45,14-12-2025 14:00,9.02,22,63.24,1.21,327.93,221.25
14-12-2025 14:00,14-12-2025 14:15,9.02,22,62.72,2.23,134.6,215.01
14-12-2025 14:15,14-12-2025 14:30,9.02,22,63.09,1.39,187.21,202.77
14-12-2025 14:30,14-12-2025 14:45,9.02,22,62.86,1.16,143.74,185.93
14-12-2025 14:45,14-12-2025 15:00,17.71,43.2,63.82,1.57,204.9,167.94
14-12-2025 15:00,14-12-2025 15:15,13.94,34,64.29,1.8,208.64,154.39
14-12-2025 15:15,14-12-2025 15:30,13.94,34,64.61,1,207.67,139.57
14-12-2025 15:30,14-12-2025 15:45,13.94,34,65,1.67,202.97,121.11
14-12-2025 15:45,14-12-2025 16:00,13.78,33.6,65.74,1.74,141.97,96.15
14-12-2025 16:00,14-12-2025 16:15,13.12,32,66.42,1.41,209.99,73.81
14-12-2025 16:15,14-12-2025 16:30,13.12,32,66.75,1.31,148.96,60.17
14-12-2025 16:30,14-12-2025 16:45,13.12,32,66.63,1.39,291.78,44.55
14-12-2025 16:45,14-12-2025 17:00,13.2,32.2,66.96,0.97,149.38,28.24
14-12-2025 17:00,14-12-2025 17:15,13.53,33,67.3,1.16,210.28,20.43
14-12-2025 17:15,14-12-2025 17:30,13.53,33,67.97,0.98,26.5,13.19
14-12-2025 17:30,14-12-2025 17:45,13.53,33,68.92,1.17,101.27,8.82
14-12-2025 17:45,14-12-2025 18:00,13.53,33,69.44,0.97,149.64,6.85
14-12-2025 18:00,14-12-2025 18:15,13.53,33,69.67,0.84,86.59,6.36
14-12-2025 18:15,14-12-2025 18:30,13.53,33,69.81,1.39,267.56,6.29
14-12-2025 18:30,14-12-2025 18:45,13.53,33,69.33,0.87,206.35,6.38
14-12-2025 18:45,14-12-2025 19:00,13.94,34,69.1,0.79,229.53,6.22
14-12-2025 19:00,14-12-2025 19:15,15.58,38,69.4,1.05,137,6.36
14-12-2025 19:15,14-12-2025 19:30,15.58,38,69.14,1.18,261.98,6.27
14-12-2025 19:30,14-12-2025 19:45,15.58,38,69.43,1.04,273.29,6.25
14-12-2025 19:45,14-12-2025 20:00,15.58,38,69.45,0.45,214.62,6.39
14-12-2025 20:00,14-12-2025 20:15,15.58,38,69.88,1.1,262.9,6.32
14-12-2025 20:15,14-12-2025 20:30,15.58,38,70.3,0.77,210.82,6.32
14-12-2025 20:30,14-12-2025 20:45,15.58,38,69.11,1.21,322.32,6.31
14-12-2025 20:45,14-12-2025 21:00,15.17,37,68.99,0.71,130.87,6.24
14-12-2025 21:00,14-12-2025 21:15,13.53,33,69.51,0.95,148.65,6.35
14-12-2025 21:15,14-12-2025 21:30,13.53,33,69.06,1.16,196.18,6.29
14-12-2025 21:30,14-12-2025 21:45,13.53,33,69.89,1.19,134.49,6.32
14-12-2025 21:45,14-12-2025 22:00,12.96,31.6,70,0.91,148.33,6.36
14-12-2025 22:00,14-12-2025 22:15,10.66,26,69.33,1.32,83.31,6.28
14-12-2025 22:15,14-12-2025 22:30,10.66,26,69.23,1,145.59,6.24
14-12-2025 22:30,14-12-2025 22:45,10.66,26,69.62,0.73,83.88,6.32
14-12-2025 22:45,14-12-2025 23:00,10.82,26.4,69.85,0.69,206.13,6.36
14-12-2025 23:00,14-12-2025 23:15,11.48,28,69.61,0.95,150.72,6.31
14-12-2025 23:15,14-12-2025 23:30,11.48,28,69.14,0.71,198.83,6.27
14-12-2025 23:30,14-12-2025 23:45,11.48,28,69.54,0.76,268.04,6.29
14-12-2025 23:45,15-12-2025 00:00,11.32,27.6,69.49,0.62,142.4,6.21
15-12-2025 00:00,15-12-2025 00:15,10.66,26,69.83,0.51,182.06,6.35
15-12-2025 00:15,15-12-2025 00:30,10.66,26,70.02,0.49,255.67,6.35
15-12-2025 00:30,15-12-2025 00:45,10.66,26,70.2,0.6,327.66,6.31
15-12-2025 00:45,15-12-2025 01:00,10.5,25.6,70.59,0.37,213.15,6.38
15-12-2025 01:00,15-12-2025 01:15,21.17,24,71.34,0.81,211.48,6.34
15-12-2025 01:15,15-12-2025 01:30,,,71.32,0.61,208.29,6.45
15-12-2025 01:30,15-12-2025 01:45,,,71.47,0.55,150.47,6.35
15-12-2025 01:45,15-12-2025 02:00,32.81,52.4,71.64,0.4,133.82,6.24
15-12-2025 02:00,15-12-2025 02:15,9.84,24,71.25,0.69,324.94,6.15
15-12-2025 02:15,15-12-2025 02:30,9.84,24,71.41,0.61,326.26,6.42
15-12-2025 02:30,15-12-2025 02:45,9.84,24,71.29,1.19,272.12,6.32
15-12-2025 02:45,15-12-2025 03:00,10,24.4,71.54,0.75,85.33,6.28
15-12-2025 03:00,15-12-2025 03:15,10.66,26,72.21,0.42,26.5,6.28
15-12-2025 03:15,15-12-2025 03:30,10.66,26,73.8,0.47,26.5,6.29
15-12-2025 03:30,15-12-2025 03:45,10.66,26,74.37,0.27,26.5,6.21
15-12-2025 03:45,15-12-2025 04:00,11.4,27.8,75.87,0.27,26.5,6.13
15-12-2025 04:00,15-12-2025 04:15,14.35,35,77.97,0.27,26.5,6.15
15-12-2025 04:15,15-12-2025 04:30,14.35,35,79.59,0.27,85.26,6.22
15-12-2025 04:30,15-12-2025 04:45,14.35,35,81.15,0.27,271.67,6.14
15-12-2025 04:45,15-12-2025 05:00,14.27,34.8,82.43,0.27,335.26,6.1
15-12-2025 05:00,15-12-2025 05:15,13.94,34,83.09,0.27,273.64,6.29
15-12-2025 05:15,15-12-2025 05:30,13.94,34,83.72,0.34,217.98,6.21
15-12-2025 05:30,15-12-2025 05:45,13.94,34,84.26,0.3,295.93,6.35
15-12-2025 05:45,15-12-2025 06:00,14.43,35.2,84.91,0.27,332.62,6.15
15-12-2025 06:00,15-12-2025 06:15,16.4,40,85.53,0.27,266.32,6.29
15-12-2025 06:15,15-12-2025 06:30,16.4,40,85.59,0.33,196.79,7.16
15-12-2025 06:30,15-12-2025 06:45,16.4,40,85.84,0.36,183.97,9.41
15-12-2025 06:45,15-12-2025 07:00,18.7,45.6,85.93,0.32,90.31,13.38
15-12-2025 07:00,15-12-2025 07:15,27.88,68,85.62,0.53,69.62,17.49
15-12-2025 07:15,15-12-2025 07:30,27.88,68,84.9,0.4,30.76,21.66
15-12-2025 07:30,15-12-2025 07:45,27.88,68,84.02,0.66,179.1,25.84
15-12-2025 07:45,15-12-2025 08:00,35.1,85.6,83.13,0.63,160,28.9
15-12-2025 08:00,15-12-2025 08:15,31.98,78,82.17,0.58,72.4,37.2
15-12-2025 08:15,15-12-2025 08:30,31.98,78,80.79,0.85,90.65,36.95
15-12-2025 08:30,15-12-2025 08:45,31.98,78,79.78,1.2,158.68,39.12
15-12-2025 08:45,15-12-2025 09:00,39.52,96.4,77.76,1.37,66.78,42.26
15-12-2025 09:00,15-12-2025 09:15,32.8,80,76.06,1.39,112.34,57.23
15-12-2025 09:15,15-12-2025 09:30,32.8,80,75.19,1.7,59.94,50.88
15-12-2025 09:30,15-12-2025 09:45,32.8,80,74.77,1.63,82.95,54.45
15-12-2025 09:45,15-12-2025 10:00,37.39,91.2,74.11,1.94,247.16,77.65
15-12-2025 10:00,15-12-2025 10:15,25.01,61,71.96,2.1,35.1,89.61
15-12-2025 10:15,15-12-2025 10:30,25.01,61,71.69,1.72,316.1,73.3
15-12-2025 10:30,15-12-2025 10:45,25.01,61,71.71,1.73,86.72,68.09
15-12-2025 10:45,15-12-2025 11:00,23.78,58,70.56,1.52,217.42,65.87
15-12-2025 11:00,15-12-2025 11:15,18.86,46,69.51,1.49,167.75,65.84
15-12-2025 11:15,15-12-2025 11:30,18.86,46,68.96,1.36,193.14,74.61
15-12-2025 11:30,15-12-2025 11:45,18.86,46,68.19,2.23,167.91,73.86
15-12-2025 11:45,15-12-2025 12:00,18.37,44.8,68.6,1.85,142.57,80.68
15-12-2025 12:00,15-12-2025 12:15,16.4,40,68.28,1.94,142.87,191.58
15-12-2025 12:15,15-12-2025 12:30,16.4,40,68.09,2.17,148.35,227.46
15-12-2025 12:30,15-12-2025 12:45,16.4,40,67.97,1.77,223.13,232.11
15-12-2025 12:45,15-12-2025 13:00,22.72,42,68.09,1.91,148.2,228.45
15-12-2025 13:00,15-12-2025 13:15,20.5,50,68.16,1.77,26.5,202.39
15-12-2025 13:15,15-12-2025 13:30,20.5,50,67.79,2.01,197.94,193.24
15-12-2025 13:30,15-12-2025 13:45,20.5,50,67.86,1.33,248.01,177.42
15-12-2025 13:45,15-12-2025 14:00,19.27,47,67.55,1.96,84.04,148.73
15-12-2025 14:00,15-12-2025 14:15,14.35,35,69.8,2.17,85,150.87
15-12-2025 14:15,15-12-2025 14:30,14.35,35,68.56,2.19,204,162.22
15-12-2025 14:30,15-12-2025 14:45,14.35,35,68.48,1.83,278.2,149.88
15-12-2025 14:45,15-12-2025 15:00,15.33,37.4,69.69,2.45,147.64,136.97
15-12-2025 15:00,15-12-2025 15:15,19.27,47,70.18,1.76,246.68,105.97
15-12-2025 15:15,15-12-2025 15:30,19.27,47,70.65,2.13,264.81,102.14
15-12-2025 15:30,15-12-2025 15:45,19.27,47,70.58,1.77,232.45,89.92
15-12-2025 15:45,15-12-2025 16:00,19.19,46.8,71.47,1.66,163.75,70.84
15-12-2025 16:00,15-12-2025 16:15,18.86,46,72.02,1.7,185.82,60.61
15-12-2025 16:15,15-12-2025 16:30,18.86,46,72.66,1.33,114.37,44.1
15-12-2025 16:30,15-12-2025 16:45,18.86,46,73.07,1.7,145.53,27.85
15-12-2025 16:45,15-12-2025 17:00,19.52,47.6,73.16,1.47,90.09,22.25
15-12-2025 17:00,15-12-2025 17:15,27.74,54,73.56,1.28,145.91,15.05
15-12-2025 17:15,15-12-2025 17:30,22.14,54,73.51,1.62,138.41,10.23
15-12-2025 17:30,15-12-2025 17:45,22.14,54,73.61,1.57,144.96,8.14
15-12-2025 17:45,15-12-2025 18:00,21.73,53,74.58,0.98,209.65,6.63
15-12-2025 18:00,15-12-2025 18:15,20.09,49,75.81,1.38,197.07,6.2
15-12-2025 18:15,15-12-2025 18:30,20.09,49,76.08,1.34,88.92,6.27
15-12-2025 18:30,15-12-2025 18:45,20.09,49,76.52,1.02,319.84,6.18
15-12-2025 18:45,15-12-2025 19:00,19.93,48.6,76.55,1.55,86.68,6.21
15-12-2025 19:00,15-12-2025 19:15,19.27,47,76.3,2.17,61.77,6.14
15-12-2025 19:15,15-12-2025 19:30,19.27,47,76.52,1.89,208.18,6.17
15-12-2025 19:30,15-12-2025 19:45,19.27,47,76.69,1.3,80.6,6.1
15-12-2025 19:45,15-12-2025 20:00,28.7,70,76.76,1.58,126.36,6.2
15-12-2025 20:00,15-12-2025 20:15,16.81,41,76.77,1.5,71.61,6.31
15-12-2025 20:15,15-12-2025 20:30,16.81,41,76.68,2.03,267.06,6.28
15-12-2025 20:30,15-12-2025 20:45,16.81,41,77.07,1.52,147.67,6.2
15-12-2025 20:45,15-12-2025 21:00,24.68,60.2,77.77,1.41,32.51,6.2
15-12-2025 21:00,15-12-2025 21:15,67.3,95.13,77.14,1.41,119.79,6.28
15-12-2025 21:15,15-12-2025 21:30,70,94.86,77.39,1.67,147.75,6.22
15-12-2025 21:30,15-12-2025 21:45,70,96.33,77.32,1.08,189.08,6.31
15-12-2025 21:45,15-12-2025 22:00,59.94,86.95,77.09,1.56,86.26,6.17
15-12-2025 22:00,15-12-2025 22:15,19.68,48,76.99,1.72,86.61,6.21
15-12-2025 22:15,15-12-2025 22:30,19.68,48,77.51,1.49,257.69,6.21
15-12-2025 22:30,15-12-2025 22:45,19.68,48,77.58,1.84,88.36,6.25
15-12-2025 22:45,15-12-2025 23:00,20.01,48.8,77.19,1.45,91.22,6.18
15-12-2025 23:00,15-12-2025 23:15,21.32,52,77.24,1.85,259.89,6.25
15-12-2025 23:15,15-12-2025 23:30,21.32,52,77.81,1.17,199.73,6.31
15-12-2025 23:30,15-12-2025 23:45,21.32,52,77.78,1.62,139.95,6.32
15-12-2025 23:45,16-12-2025 00:00,21.07,51.4,77.14,1.55,152.89,6.29
16-12-2025 00:00,16-12-2025 00:15,20.09,49,77.77,1.92,145.75,6.25
16-12-2025 00:15,16-12-2025 00:30,20.09,49,78.34,1.35,268.31,6.27
16-12-2025 00:30,16-12-2025 00:45,20.09,49,78.68,1.17,30.51,6.35
16-12-2025 00:45,16-12-2025 01:00,25.34,61.8,78.8,0.8,274.98,6.24
16-12-2025 01:00,16-12-2025 01:15,21.73,53,79.08,0.9,152.11,6.32
16-12-2025 01:15,16-12-2025 01:30,21.73,53,78.92,1.51,192.8,6.25
16-12-2025 01:30,16-12-2025 01:45,21.73,53,79.06,2.3,207.75,6.25
16-12-2025 01:45,16-12-2025 02:00,21.98,53.6,79.12,1.41,153.56,6.25
16-12-2025 02:00,16-12-2025 02:15,22.96,56,79.95,1.43,144.12,6.15
16-12-2025 02:15,16-12-2025 02:30,22.96,56,79.76,1.23,278.22,6.34
16-12-2025 02:30,16-12-2025 02:45,22.96,56,79.64,1.65,134.62,6.2
16-12-2025 02:45,16-12-2025 03:00,30.5,74.4,79.56,1.38,214.52,6.08
16-12-2025 03:00,16-12-2025 03:15,21.32,52,80.22,1.53,142.59,6.15
16-12-2025 03:15,16-12-2025 03:30,21.32,52,80.29,1.59,153.27,6.2
16-12-2025 03:30,16-12-2025 03:45,21.32,52,80.32,1.32,151.69,6.1
16-12-2025 03:45,16-12-2025 04:00,27.39,66.8,80.61,1.48,209.15,6.1
16-12-2025 04:00,16-12-2025 04:15,20.5,50,80.57,1.58,105.46,6.06
16-12-2025 04:15,16-12-2025 04:30,20.5,50,80.83,1.79,179.7,6.2
16-12-2025 04:30,16-12-2025 04:45,20.5,50,80.89,1.39,269.27,6.06
16-12-2025 04:45,16-12-2025 05:00,27.06,66,81.11,1.25,218.69,6.17
16-12-2025 05:00,16-12-2025 05:15,20.09,49,81.32,1.18,206.88,6.27
16-12-2025 05:15,16-12-2025 05:30,20.09,49,81.3,1.39,137.47,6.14
16-12-2025 05:30,16-12-2025 05:45,20.09,49,81.92,2.19,150.36,6.17
16-12-2025 05:45,16-12-2025 06:00,19.84,48.4,82.08,1.66,141.41,6.17
16-12-2025 06:00,16-12-2025 06:15,18.86,46,82.08,1.28,92.4,6.24
16-12-2025 06:15,16-12-2025 06:30,18.86,46,82.33,1.43,142.87,6.53
16-12-2025 06:30,16-12-2025 06:45,18.86,46,82.23,1.7,150.13,6.7
16-12-2025 06:45,16-12-2025 07:00,18.86,46,81.81,1.39,202.03,10.14
16-12-2025 07:00,16-12-2025 07:15,18.86,46,81.82,1.24,88.92,14.64
16-12-2025 07:15,16-12-2025 07:30,18.86,46,81.89,1.46,88.12,23.39
16-12-2025 07:30,16-12-2025 07:45,18.86,46,81.73,1.29,26.5,33.94
16-12-2025 07:45,16-12-2025 08:00,18.37,44.8,82.03,1.42,154.22,27.57
16-12-2025 08:00,16-12-2025 08:15,16.4,40,82.12,1.2,210.35,38.1
16-12-2025 08:15,16-12-2025 08:30,16.4,40,81.62,1.4,79.5,36.02
16-12-2025 08:30,16-12-2025 08:45,16.4,40,81.81,0.94,178.15,29.94
16-12-2025 08:45,16-12-2025 09:00,16.07,39.2,81.77,1.84,84.8,37.48
16-12-2025 09:00,16-12-2025 09:15,14.76,36,81.8,1.22,69.18,32.16
16-12-2025 09:15,16-12-2025 09:30,14.76,36,81.92,1.48,86.24,20.79
16-12-2025 09:30,16-12-2025 09:45,14.76,36,82.29,1.17,155.7,29.68
16-12-2025 09:45,16-12-2025 10:00,14.76,36,82.14,1.43,225.71,61.26
16-12-2025 10:00,16-12-2025 10:15,14.76,36,80.49,1.19,218.99,79.89
16-12-2025 10:15,16-12-2025 10:30,14.76,36,79.96,1.62,126.04,66.27
16-12-2025 10:30,16-12-2025 10:45,14.76,36,80.45,1.09,195.47,45.98
16-12-2025 10:45,16-12-2025 11:00,13.94,34,83.78,1.59,115.36,64.52
16-12-2025 11:00,16-12-2025 11:15,10.66,26,87.33,0.82,201.09,53.08
16-12-2025 11:15,16-12-2025 11:30,10.66,26,87.65,0.79,89.6,44.29
16-12-2025 11:30,16-12-2025 11:45,10.66,26,89.4,0.99,148.78,17.6
16-12-2025 11:45,16-12-2025 12:00,13.93,28.6,90.16,1.38,142.03,22.56
16-12-2025 12:00,16-12-2025 12:15,21.6,39,90.23,1.98,140.66,43.42
16-12-2025 12:15,16-12-2025 12:30,23,39,90.23,1.46,82.45,41.32
16-12-2025 12:30,16-12-2025 12:45,23,39,90.55,0.82,93.38,26.36
16-12-2025 12:45,16-12-2025 13:00,29.47,58.2,90.21,0.96,84.74,34.43
16-12-2025 13:00,16-12-2025 13:15,21,32,89.57,0.73,88.01,57.05
16-12-2025 13:15,16-12-2025 13:30,21,32,88.12,1.72,26.5,81.8
16-12-2025 13:30,16-12-2025 13:45,21,32,86.78,1.47,150.25,93.59
16-12-2025 13:45,16-12-2025 14:00,18.44,29.6,86.28,1.87,147.14,82.19
16-12-2025 14:00,16-12-2025 14:15,13.64,20,86.18,2.12,147.71,82.08
16-12-2025 14:15,16-12-2025 14:30,15,20,86.18,1.71,145.38,79.83
16-12-2025 14:30,16-12-2025 14:45,15,20,85.82,1.19,147.71,75.18
16-12-2025 14:45,16-12-2025 15:00,27.33,53.4,85.63,1.4,32.27,49.65
16-12-2025 15:00,16-12-2025 15:15,12,20,86.32,1.45,148.5,43.33
16-12-2025 15:15,16-12-2025 15:30,12,20,86.47,1.58,42.63,47.84
16-12-2025 15:30,16-12-2025 15:45,12,20,86.42,1.76,203.9,29.46
16-12-2025 15:45,16-12-2025 16:00,12,22.4,86.65,1.55,142.91,72.21
16-12-2025 16:00,16-12-2025 16:15,16.22,32,85.64,1.74,30.23,70.24
16-12-2025 16:15,16-12-2025 16:30,17,32,85.8,1.62,119.24,75.18
16-12-2025 16:30,16-12-2025 16:45,17,32,85.66,1.86,96.63,64.48
16-12-2025 16:45,16-12-2025 17:00,17,29.2,85.81,1.67,100.46,50.23
16-12-2025 17:00,16-12-2025 17:15,7,18,86.48,1.91,74.14,22.09
16-12-2025 17:15,16-12-2025 17:30,7,18,87.17,1.76,119.46,11.55
16-12-2025 17:30,16-12-2025 17:45,7,18,87.7,1.8,89.33,8.33
16-12-2025 17:45,16-12-2025 18:00,7,16.2,88.07,1.11,203.86,6.44
16-12-2025 18:00,16-12-2025 18:15,3.69,9,88.19,2.03,87.84,6.24
16-12-2025 18:15,16-12-2025 18:30,3.69,9,88.04,2.24,86.08,6.13
16-12-2025 18:30,16-12-2025 18:45,3.69,9,88.34,1.21,137.33,6.25
16-12-2025 18:45,16-12-2025 19:00,14.92,36.4,88.56,1.77,88.61,6.27
16-12-2025 19:00,16-12-2025 19:15,10,11,88.91,1.3,141.35,6.14
16-12-2025 19:15,16-12-2025 19:30,10,11,89.06,1.52,211.23,6.27
16-12-2025 19:30,16-12-2025 19:45,10,11,88.86,1.24,148.38,6.27
16-12-2025 19:45,16-12-2025 20:00,10,10.8,88.6,1.76,165.45,6.29
16-12-2025 20:00,16-12-2025 20:15,4.1,10,88.89,2.21,149.22,6.27
16-12-2025 20:15,16-12-2025 20:30,4.1,10,88.67,1.63,124.52,6.29
16-12-2025 20:30,16-12-2025 20:45,4.1,10,88.44,1.85,87.25,6.24
16-12-2025 20:45,16-12-2025 21:00,15.01,36.6,88.69,1.34,245.03,6.25
16-12-2025 21:00,16-12-2025 21:15,9,10,89.13,1.33,153.79,6.31
16-12-2025 21:15,16-12-2025 21:30,9,10,89.33,1.36,88.19,6.27
16-12-2025 21:30,16-12-2025 21:45,9,10,89.46,1.08,275.74,6.17
16-12-2025 21:45,16-12-2025 22:00,7.77,9.4,89.58,1.02,42.12,6.32
16-12-2025 22:00,16-12-2025 22:15,2.87,7,89.94,1.05,135.3,6.28
16-12-2025 22:15,16-12-2025 22:30,2.87,7,89.92,1.2,150.31,6.25
16-12-2025 22:30,16-12-2025 22:45,2.87,7,89.99,1.38,269.91,6.29
16-12-2025 22:45,16-12-2025 23:00,4.1,7.4,89.72,1.34,200.33,6.25
16-12-2025 23:00,16-12-2025 23:15,7.94,9,89.58,1.14,26.5,6.32
16-12-2025 23:15,16-12-2025 23:30,,,89.46,1.45,132.85,6.25
16-12-2025 23:30,16-12-2025 23:45,,,89.48,1.46,203.81,6.29
16-12-2025 23:45,17-12-2025 00:00,21.06,41,89.46,1.75,137.07,6.13
17-12-2025 00:00,17-12-2025 00:15,3,6,89.58,1.01,152.44,6.27
17-12-2025 00:15,17-12-2025 00:30,3,6,89.78,1.29,214.76,6.25
17-12-2025 00:30,17-12-2025 00:45,3,6,89.94,1.46,125.89,6.31
17-12-2025 00:45,17-12-2025 01:00,3,6.6,90.12,1.34,208.95,6.24
17-12-2025 01:00,17-12-2025 01:15,3.14,9,89.7,1.67,89.13,6.32
17-12-2025 01:15,17-12-2025 01:30,3,9,89.55,1.08,343.14,6.31
17-12-2025 01:30,17-12-2025 01:45,3,9,89.8,1.03,214.96,6.21
17-12-2025 01:45,17-12-2025 02:00,13.31,33.8,89.9,1.44,83.87,6.27
17-12-2025 02:00,17-12-2025 02:15,2,10,89.63,1.3,271.14,6.28
17-12-2025 02:15,17-12-2025 02:30,2,10,89.72,0.84,207.3,6.22
17-12-2025 02:30,17-12-2025 02:45,2,10,89.67,1.29,110.33,6.28
17-12-2025 02:45,17-12-2025 03:00,2,9.8,89.56,1.11,92.11,6.22
17-12-2025 03:00,17-12-2025 03:15,3.69,9,89.42,0.56,331.53,6.24
17-12-2025 03:15,17-12-2025 03:30,3.69,9,89.47,0.72,145.99,6.25
17-12-2025 03:30,17-12-2025 03:45,3.69,9,89.49,0.73,148.11,6.21
17-12-2025 03:45,17-12-2025 04:00,16.56,40.4,89.56,1.22,216.65,6.15
17-12-2025 04:00,17-12-2025 04:15,3.28,8,89.41,2.37,82.91,6.25
17-12-2025 04:15,17-12-2025 04:30,3.28,8,89.23,1.37,122.58,6.22
17-12-2025 04:30,17-12-2025 04:45,3.28,8,89.12,0.99,262.31,6.27
17-12-2025 04:45,17-12-2025 05:00,4.42,8.2,89.17,1.2,249.62,6.25
17-12-2025 05:00,17-12-2025 05:15,3.69,9,88.87,1.48,157.86,6.39
17-12-2025 05:15,17-12-2025 05:30,3.69,9,88.85,1.38,91.71,6.29
17-12-2025 05:30,17-12-2025 05:45,3.69,9,88.98,1.4,215.8,6.34
17-12-2025 05:45,17-12-2025 06:00,12.3,30,89.09,0.89,146.23,6.13
17-12-2025 06:00,17-12-2025 06:15,5,16,89.09,1.07,89.76,6.25
17-12-2025 06:15,17-12-2025 06:30,5,16,88.76,1.32,147.16,7.02
17-12-2025 06:30,17-12-2025 06:45,5,16,88.17,2.28,26.5,9.64
17-12-2025 06:45,17-12-2025 07:00,5,13.8,87.95,1.75,88.4,15.88
17-12-2025 07:00,17-12-2025 07:15,2.05,5,87.75,1.55,217.64,17.13
17-12-2025 07:15,17-12-2025 07:30,2.05,5,87.31,1.75,82.08,21.09
17-12-2025 07:30,17-12-2025 07:45,2.05,5,87.02,1.73,253.41,17.03
17-12-2025 07:45,17-12-2025 08:00,14.35,35,87.02,1,90.3,28.62
17-12-2025 08:00,17-12-2025 08:15,4.1,10,86.9,2.13,89.19,30.81
17-12-2025 08:15,17-12-2025 08:30,4.1,10,85.96,1.79,153.92,30.87
17-12-2025 08:30,17-12-2025 08:45,4.1,10,85.29,1.68,83.66,33.03
17-12-2025 08:45,17-12-2025 09:00,3.94,9.6,84.75,1.68,26.5,37.86
17-12-2025 09:00,17-12-2025 09:15,3.28,8,83.5,1.09,86.4,44.88
17-12-2025 09:15,17-12-2025 09:30,3.28,8,82.37,1.7,213.23,55.5
17-12-2025 09:30,17-12-2025 09:45,3.28,8,81.26,1.77,84.43,75.33
17-12-2025 09:45,17-12-2025 10:00,3.2,7.8,80.67,2.16,100.74,46.33
17-12-2025 10:00,17-12-2025 10:15,6.17,7,80.85,1.76,214.37,43.33
17-12-2025 10:15,17-12-2025 10:30,,,79.86,2.41,95.46,43.1
17-12-2025 10:30,17-12-2025 10:45,,,79.64,1.98,33.9,40.28
17-12-2025 10:45,17-12-2025 11:00,6.09,6.8,79.77,2.2,155.07,45.06
17-12-2025 11:00,17-12-2025 11:15,2.46,6,77.97,1.34,94.32,43.86
17-12-2025 11:15,17-12-2025 11:30,2.46,6,77.84,2.13,122.65,44.64
17-12-2025 11:30,17-12-2025 11:45,2.46,6,76.53,1.55,148.65,35.07
17-12-2025 11:45,17-12-2025 12:00,2.71,6.6,76.4,2.36,151.27,77.49
17-12-2025 12:00,17-12-2025 12:15,3.69,9,75.83,1.45,87.99,174.09
17-12-2025 12:15,17-12-2025 12:30,3.69,9,74.65,2.69,159.92,289.26
17-12-2025 12:30,17-12-2025 12:45,3.69,9,74.99,2.38,276.68,285.61
17-12-2025 12:45,17-12-2025 13:00,3.53,8.6,74.86,2.14,246.41,282.44
17-12-2025 13:00,17-12-2025 13:15,2.87,7,73.43,2.03,100.86,277.41
17-12-2025 13:15,17-12-2025 13:30,2.87,7,73.75,2.13,96.89,271.51
17-12-2025 13:30,17-12-2025 13:45,2.87,7,72.8,2.71,144.84,261.71
17-12-2025 13:45,17-12-2025 14:00,4.1,7.6,71.55,2.11,192.71,245.44
17-12-2025 14:00,17-12-2025 14:15,8,10,71.67,2.12,148.1,237.91
17-12-2025 14:15,17-12-2025 14:30,8,10,72.52,2.39,90.19,226.41
17-12-2025 14:30,17-12-2025 14:45,8,10,72.58,2.09,104.97,208.42
17-12-2025 14:45,17-12-2025 15:00,8,12.6,72.45,1.97,130.39,191.68
17-12-2025 15:00,17-12-2025 15:15,14.69,23,72.67,1.7,91.61,151.75
17-12-2025 15:15,17-12-2025 15:30,16,23,72.5,2.54,85.29,155.79
17-12-2025 15:30,17-12-2025 15:45,16,23,72.94,1.68,270.85,116.58
17-12-2025 15:45,17-12-2025 16:00,16,23.8,74.26,2.42,95.91,121.1
17-12-2025 16:00,17-12-2025 16:15,16,27,74.29,2.17,78.54,85.55
17-12-2025 16:15,17-12-2025 16:30,16,27,74.75,2.13,171.7,53.49
17-12-2025 16:30,17-12-2025 16:45,16,27,73.87,1.68,131.99,57.62
17-12-2025 16:45,17-12-2025 17:00,16,28.8,72.85,1.98,93.93,44.84
17-12-2025 17:00,17-12-2025 17:15,14.76,36,71.56,2.66,150.44,30.08
17-12-2025 17:15,17-12-2025 17:30,14.76,36,71.16,2.04,194.96,15.6
17-12-2025 17:30,17-12-2025 17:45,14.76,36,71.76,0.93,86.94,9.23
17-12-2025 17:45,17-12-2025 18:00,14.92,36.4,72.1,1.89,132.94,6.76
17-12-2025 18:00,17-12-2025 18:15,15.58,38,73.13,1.72,263.77,6.31
17-12-2025 18:15,17-12-2025 18:30,15.58,38,74.38,1.7,149.68,6.31
17-12-2025 18:30,17-12-2025 18:45,15.58,38,75.56,0.88,272.15,6.29
17-12-2025 18:45,17-12-2025 19:00,20.66,40.4,75.8,1.23,147.54,6.29
17-12-2025 19:00,17-12-2025 19:15,20.5,50,76.41,1.57,212.83,6.25
17-12-2025 19:15,17-12-2025 19:30,20.5,50,77.27,1.26,154.52,6.22
17-12-2025 19:30,17-12-2025 19:45,20.5,50,77.32,1.28,209.96,6.27
17-12-2025 19:45,17-12-2025 20:00,20.34,49.6,77.63,1.32,153.61,6.27
17-12-2025 20:00,17-12-2025 20:15,19.68,48,77.33,1.31,155.25,6.28
17-12-2025 20:15,17-12-2025 20:30,19.68,48,77.97,0.68,206.73,6.29
17-12-2025 20:30,17-12-2025 20:45,19.68,48,77.52,1.58,166.83,6.2
17-12-2025 20:45,17-12-2025 21:00,28.7,70,77.27,1.82,236.98,6.2
17-12-2025 21:00,17-12-2025 21:15,18.04,44,77.85,0.7,216.47,6.28
17-12-2025 21:15,17-12-2025 21:30,18.04,44,78.22,0.88,217.14,6.2
17-12-2025 21:30,17-12-2025 21:45,18.04,44,76.91,1.52,216.71,6.24
17-12-2025 21:45,17-12-2025 22:00,29.68,72.4,77.19,1.58,270.27,6.29
17-12-2025 22:00,17-12-2025 22:15,20.09,49,77.32,1.5,147.62,6.15
17-12-2025 22:15,17-12-2025 22:30,20.09,49,76.76,1.39,157.11,6.24
17-12-2025 22:30,17-12-2025 22:45,20.09,49,77.02,1.32,87.81,6.18
17-12-2025 22:45,17-12-2025 23:00,19.19,46.8,77.08,0.9,156,6.21
17-12-2025 23:00,17-12-2025 23:15,15.58,38,77.88,1.24,148.76,6.24
17-12-2025 23:15,17-12-2025 23:30,15.58,38,77.58,1.15,141.08,6.29
17-12-2025 23:30,17-12-2025 23:45,15.58,38,77.37,1.12,89.65,6.29
17-12-2025 23:45,18-12-2025 00:00,15.17,37,77.1,1.53,206.16,6.14
18-12-2025 00:00,18-12-2025 00:15,29,33,77.16,1.12,150.42,6.25
18-12-2025 00:15,18-12-2025 00:30,29,33,77.64,1.1,26.5,6.25
18-12-2025 00:30,18-12-2025 00:45,29,33,78.58,1.03,86.12,6.24
18-12-2025 00:45,18-12-2025 01:00,29,37,78.36,1.23,84.26,6.27
18-12-2025 01:00,18-12-2025 01:15,33.95,53,77.99,0.76,89.13,6.25
18-12-2025 01:15,18-12-2025 01:30,37,53,78.34,1.04,87.51,6.25
18-12-2025 01:30,18-12-2025 01:45,37,53,77.95,0.95,26.5,6.36
18-12-2025 01:45,18-12-2025 02:00,44.2,78,78.2,0.92,208.3,6.29
18-12-2025 02:00,18-12-2025 02:15,16.81,41,77.44,0.95,37.56,6.14
18-12-2025 02:15,18-12-2025 02:30,16.81,41,77.3,0.87,102.35,6.24
18-12-2025 02:30,18-12-2025 02:45,16.81,41,76.87,0.88,148.04,6.24
18-12-2025 02:45,18-12-2025 03:00,16.56,40.4,77.07,0.63,264.97,6.27
18-12-2025 03:00,18-12-2025 03:15,15.58,38,77.16,0.55,153.3,6.17
18-12-2025 03:15,18-12-2025 03:30,15.58,38,77.19,0.96,206.4,6.17
18-12-2025 03:30,18-12-2025 03:45,15.58,38,77.06,0.9,213.51,6.32
18-12-2025 03:45,18-12-2025 04:00,15.42,37.6,76.55,0.95,130.44,6.29
18-12-2025 04:00,18-12-2025 04:15,14.76,36,77.2,0.95,202.61,6.17
18-12-2025 04:15,18-12-2025 04:30,14.76,36,76.93,1.08,146.77,6.29
18-12-2025 04:30,18-12-2025 04:45,14.76,36,77.09,0.75,88.16,6.18
18-12-2025 04:45,18-12-2025 05:00,14.92,36.4,76.96,1.29,148.37,6.25
18-12-2025 05:00,18-12-2025 05:15,15.58,38,76.67,1.42,156.34,6.24
18-12-2025 05:15,18-12-2025 05:30,15.58,38,76.7,0.88,317.07,6.21
18-12-2025 05:30,18-12-2025 05:45,15.58,38,77.01,0.76,141.98,6.18
18-12-2025 05:45,18-12-2025 06:00,27.22,66.4,76.43,0.93,90.91,6.2
18-12-2025 06:00,18-12-2025 06:15,15.17,37,76.82,1.26,146.98,6.14
18-12-2025 06:15,18-12-2025 06:30,15.17,37,75.91,0.89,210.01,6.61
18-12-2025 06:30,18-12-2025 06:45,15.17,37,76.21,1.73,142.73,8.05
18-12-2025 06:45,18-12-2025 07:00,27.39,66.8,76.03,0.56,282.07,11.42
18-12-2025 07:00,18-12-2025 07:15,13.94,34,75.91,0.85,277.78,18
18-12-2025 07:15,18-12-2025 07:30,13.94,34,75.18,1.04,149.01,26.95
18-12-2025 07:30,18-12-2025 07:45,13.94,34,74.91,0.83,163.43,33.46
18-12-2025 07:45,18-12-2025 08:00,14.6,35.6,75.07,0.81,153.33,42.21
18-12-2025 08:00,18-12-2025 08:15,17.22,42,73.43,1.43,87.26,51.05
18-12-2025 08:15,18-12-2025 08:30,17.22,42,72.61,0.92,151.55,60.89
18-12-2025 08:30,18-12-2025 08:45,17.22,42,73.38,1.33,203.89,68.15
18-12-2025 08:45,18-12-2025 09:00,16.4,40,72.13,0.87,173.66,56.84
18-12-2025 09:00,18-12-2025 09:15,13.12,32,70.92,0.93,247.3,64.42
18-12-2025 09:15,18-12-2025 09:30,13.12,32,72.67,1.3,81.84,61.4
18-12-2025 09:30,18-12-2025 09:45,13.12,32,72.06,0.92,86.28,62.67
18-12-2025 09:45,18-12-2025 10:00,24.52,59.8,71.97,1.12,139.32,72.71
18-12-2025 10:00,18-12-2025 10:15,13.94,34,72.58,1.89,86.79,81.33
18-12-2025 10:15,18-12-2025 10:30,13.94,34,71.32,1.81,144.77,88.26
18-12-2025 10:30,18-12-2025 10:45,13.94,34,70.77,1.65,26.5,76.26
18-12-2025 10:45,18-12-2025 11:00,14.1,34.4,71.61,1.45,139.4,81.06
18-12-2025 11:00,18-12-2025 11:15,14.76,36,70.41,1.14,150.11,87.9
18-12-2025 11:15,18-12-2025 11:30,14.76,36,69.21,1.28,206.46,90.76
18-12-2025 11:30,18-12-2025 11:45,14.76,36,69.36,1.23,26.5,80.13
18-12-2025 11:45,18-12-2025 12:00,14.84,36.2,69.57,2.26,198.24,105.11
18-12-2025 12:00,18-12-2025 12:15,15.17,37,69.5,1.62,78.14,146.44
18-12-2025 12:15,18-12-2025 12:30,15.17,37,69.07,2.18,145.76,246.99
18-12-2025 12:30,18-12-2025 12:45,15.17,37,68.6,2.27,35.53,248.22
18-12-2025 12:45,18-12-2025 13:00,23.37,57,68.47,1.31,148.27,242.49
18-12-2025 13:00,18-12-2025 13:15,12.71,31,68.79,1.69,138.05,206.37
18-12-2025 13:15,18-12-2025 13:30,12.71,31,68.37,1.7,135.73,192.54
18-12-2025 13:30,18-12-2025 13:45,12.71,31,68.81,1.38,110.02,204.36
18-12-2025 13:45,18-12-2025 14:00,13.45,32.8,68.88,1.69,204.22,200.77
18-12-2025 14:00,18-12-2025 14:15,16.4,40,67.98,1.62,140.32,181.53
18-12-2025 14:15,18-12-2025 14:30,16.4,40,68.09,2.26,201.6,193.89
18-12-2025 14:30,18-12-2025 14:45,16.4,40,68.43,1.53,208.78,152.91
18-12-2025 14:45,18-12-2025 15:00,16.48,40.2,69.21,1.13,214.2,131.11
18-12-2025 15:00,18-12-2025 15:15,16.81,41,70.01,1.73,198.21,110.4
18-12-2025 15:15,18-12-2025 15:30,16.81,41,70.28,1.45,187.62,112.23
18-12-2025 15:30,18-12-2025 15:45,16.81,41,70.79,1.03,151.28,106.6
18-12-2025 15:45,18-12-2025 16:00,22.71,55.4,70.92,1.74,148.01,86.68
18-12-2025 16:00,18-12-2025 16:15,15.17,37,72.15,1.3,87.51,70.43
18-12-2025 16:15,18-12-2025 16:30,15.17,37,73.45,1.71,86.08,44.34
18-12-2025 16:30,18-12-2025 16:45,15.17,37,74.15,1.24,147.56,32.91
18-12-2025 16:45,18-12-2025 17:00,15.99,39,75.33,0.96,210.62,23.02
18-12-2025 17:00,18-12-2025 17:15,19.27,47,75.89,1.17,84.9,22.6
18-12-2025 17:15,18-12-2025 17:30,19.27,47,76.3,0.69,260.69,14.68
18-12-2025 17:30,18-12-2025 17:45,19.27,47,76.56,0.92,26.5,8.99
18-12-2025 17:45,18-12-2025 18:00,19.76,48.2,76.17,0.53,214.06,6.48
18-12-2025 18:00,18-12-2025 18:15,21.73,53,76.67,1,276.59,6.15
18-12-2025 18:15,18-12-2025 18:30,21.73,53,76.14,0.71,152.42,6.24
18-12-2025 18:30,18-12-2025 18:45,21.73,53,76.74,0.61,317.5,5.97
18-12-2025 18:45,18-12-2025 19:00,27.96,68.2,76.97,0.27,71.99,6.11
18-12-2025 19:00,18-12-2025 19:15,19.27,47,76.67,0.73,150.7,6.15
18-12-2025 19:15,18-12-2025 19:30,19.27,47,76.29,0.52,208.34,6.1
18-12-2025 19:30,18-12-2025 19:45,19.27,47,76.05,0.33,268.72,6.11
18-12-2025 19:45,18-12-2025 20:00,19.27,47,75.65,0.49,267.25,6.13
18-12-2025 20:00,18-12-2025 20:15,19.27,47,74.24,0.46,152.14,6.21
18-12-2025 20:15,18-12-2025 20:30,19.27,47,74.15,0.71,26.5,6.25
18-12-2025 20:30,18-12-2025 20:45,19.27,47,72.77,0.49,190.05,6.15
18-12-2025 20:45,18-12-2025 21:00,30.5,74.4,73.85,0.44,272.9,6.08
18-12-2025 21:00,18-12-2025 21:15,18.04,44,74.2,0.79,200.22,6.2
18-12-2025 21:15,18-12-2025 21:30,18.04,44,72.8,0.72,150.48,6.2
18-12-2025 21:30,18-12-2025 21:45,18.04,44,71.89,0.58,266.44,6.22
18-12-2025 21:45,18-12-2025 22:00,17.96,43.8,72.94,0.41,282.93,6.2
18-12-2025 22:00,18-12-2025 22:15,17.63,43,74.04,0.52,321.34,6.15
18-12-2025 22:15,18-12-2025 22:30,17.63,43,73.01,0.51,200.64,6.11
18-12-2025 22:30,18-12-2025 22:45,17.63,43,73.75,0.41,145.15,6.14
18-12-2025 22:45,18-12-2025 23:00,17.71,43.2,75.08,0.64,265.31,6.08
18-12-2025 23:00,18-12-2025 23:15,18.04,44,76.29,0.27,195.28,6.17
18-12-2025 23:15,18-12-2025 23:30,18.04,44,76.29,0.27,327.04,6.31
18-12-2025 23:30,18-12-2025 23:45,18.04,44,74.87,0.33,254.19,6.07
18-12-2025 23:45,19-12-2025 00:00,23.53,57.4,74.78,0.39,204.88,6.11
19-12-2025 00:00,19-12-2025 00:15,17.22,42,74.77,0.48,331.5,6.18
19-12-2025 00:15,19-12-2025 00:30,17.22,42,75.78,0.7,146.98,6.17
19-12-2025 00:30,19-12-2025 00:45,17.22,42,76.45,0.6,88.83,6.14
19-12-2025 00:45,19-12-2025 01:00,18.12,44.2,76.54,0.47,84.34,6.21
19-12-2025 01:00,19-12-2025 01:15,27.65,53,78.78,0.27,266.91,6.2
19-12-2025 01:15,19-12-2025 01:30,21.73,53,80.98,0.27,292.04,6.18
19-12-2025 01:30,19-12-2025 01:45,21.73,53,82.52,0.27,310.49,6.24
19-12-2025 01:45,19-12-2025 02:00,22.39,54.6,83.88,0.27,253.26,6.22
19-12-2025 02:00,19-12-2025 02:15,30.4,61,85.71,0.35,252.95,6.08
19-12-2025 02:15,19-12-2025 02:30,25.01,61,87.16,0.27,259.32,6.18
19-12-2025 02:30,19-12-2025 02:45,25.01,61,88.03,0.27,269.99,6.15
19-12-2025 02:45,19-12-2025 03:00,33.7,82.2,88.75,0.27,221.24,6.25
19-12-2025 03:00,19-12-2025 03:15,24.6,60,89.22,0.27,26.5,6.29
19-12-2025 03:15,19-12-2025 03:30,24.6,60,89.66,0.31,214.44,6.21
19-12-2025 03:30,19-12-2025 03:45,24.6,60,90.08,0.27,215.65,6.21
19-12-2025 03:45,19-12-2025 04:00,25.99,63.4,90.38,0.27,267.01,6.11
19-12-2025 04:00,19-12-2025 04:15,31.57,77,90.76,0.27,302.61,6.2
19-12-2025 04:15,19-12-2025 04:30,31.57,77,91.1,0.27,280.81,6.03
19-12-2025 04:30,19-12-2025 04:45,31.57,77,91.38,0.27,213.67,6.08
19-12-2025 04:45,19-12-2025 05:00,31.98,78,91.66,0.27,88.8,6.1
19-12-2025 05:00,19-12-2025 05:15,37.66,82,91.92,0.27,150.77,6.14
19-12-2025 05:15,19-12-2025 05:30,33.62,82,92.26,0.27,232.95,6.14
19-12-2025 05:30,19-12-2025 05:45,33.62,82,92.32,0.27,293.23,6.11
19-12-2025 05:45,19-12-2025 06:00,33.54,81.8,92.34,0.27,212.27,6.07
19-12-2025 06:00,19-12-2025 06:15,33.21,81,92.32,0.27,207.87,6.39
19-12-2025 06:15,19-12-2025 06:30,33.21,81,92.37,0.27,132.33,7.58
19-12-2025 06:30,19-12-2025 06:45,33.21,81,92.46,0.37,228.57,10.63
19-12-2025 06:45,19-12-2025 07:00,32.8,80,92.38,0.27,91.75,17.37
19-12-2025 07:00,19-12-2025 07:15,36.26,76,92.13,0.27,272.43,27.57
19-12-2025 07:15,19-12-2025 07:30,31.16,76,91.62,0.27,312.3,30.66
19-12-2025 07:30,19-12-2025 07:45,31.16,76,90.86,0.42,201.84,32.26
19-12-2025 07:45,19-12-2025 08:00,34.11,83.2,90.13,0.64,218.34,28.36
19-12-2025 08:00,19-12-2025 08:15,32.39,79,89.54,0.35,156.39,39.08
19-12-2025 08:15,19-12-2025 08:30,32.39,79,88.63,0.55,208.22,46.98
19-12-2025 08:30,19-12-2025 08:45,32.39,79,87.12,0.69,280.4,48.42
19-12-2025 08:45,19-12-2025 09:00,32.39,79,85.98,0.73,143.09,47.11
19-12-2025 09:00,19-12-2025 09:15,36.04,79,83.26,0.81,211.29,57.28
19-12-2025 09:15,19-12-2025 09:30,32.39,79,77.58,0.28,215.14,61.38
19-12-2025 09:30,19-12-2025 09:45,32.39,79,72.18,1.27,114.78,73.41
19-12-2025 09:45,19-12-2025 10:00,35.58,77.4,68.21,1.1,88.52,69.69
19-12-2025 10:00,19-12-2025 10:15,33.71,71,66.59,1.75,137.59,43.15
19-12-2025 10:15,19-12-2025 10:30,29.11,71,67.12,0.86,71.51,57.7
19-12-2025 10:30,19-12-2025 10:45,29.11,71,66.04,1.36,148.48,68.22
19-12-2025 10:45,19-12-2025 11:00,28.13,68.6,65.08,1,152.83,66.51
19-12-2025 11:00,19-12-2025 11:15,24.19,59,65.98,0.97,210.11,46.46
19-12-2025 11:15,19-12-2025 11:30,24.19,59,67.61,0.56,215.57,74.36
19-12-2025 11:30,19-12-2025 11:45,24.19,59,66.03,1.95,154.25,74.96
19-12-2025 11:45,19-12-2025 12:00,28.86,70.4,65.96,0.7,149.64,101.55
19-12-2025 12:00,19-12-2025 12:15,17.63,43,65.96,0.99,152.13,217.77
19-12-2025 12:15,19-12-2025 12:30,17.63,43,66.05,0.91,209.4,244.65
19-12-2025 12:30,19-12-2025 12:45,17.63,43,66.19,1.72,210.11,242.3
19-12-2025 12:45,19-12-2025 13:00,18.12,44.2,65.96,1.09,30.41,238.86
19-12-2025 13:00,19-12-2025 13:15,20.09,49,65.6,0.98,147.15,239.9
19-12-2025 13:15,19-12-2025 13:30,20.09,49,65.99,1.45,88.48,234.24
19-12-2025 13:30,19-12-2025 13:45,20.09,49,66.17,0.85,152.12,230.47
19-12-2025 13:45,19-12-2025 14:00,20.42,49.8,65.52,1.2,71.56,223.58
19-12-2025 14:00,19-12-2025 14:15,21.73,53,65.38,1.56,217.68,208.86
19-12-2025 14:15,19-12-2025 14:30,21.73,53,66.16,1,308.56,189.85
19-12-2025 14:30,19-12-2025 14:45,21.73,53,66.85,0.79,254.28,171.16
19-12-2025 14:45,19-12-2025 15:00,21.81,53.2,67.03,1.01,283.21,155.1
19-12-2025 15:00,19-12-2025 15:15,22.14,54,66.27,0.95,203.95,152.39
19-12-2025 15:15,19-12-2025 15:30,22.14,54,65.7,1.2,337.36,141.49
19-12-2025 15:30,19-12-2025 15:45,22.14,54,65.32,0.87,148.12,126.51
19-12-2025 15:45,19-12-2025 16:00,21.65,52.8,65.63,0.87,286.16,109.09
19-12-2025 16:00,19-12-2025 16:15,19.68,48,65.85,0.42,124.38,87.97
19-12-2025 16:15,19-12-2025 16:30,19.68,48,65.86,0.82,151.69,62.54
19-12-2025 16:30,19-12-2025 16:45,19.68,48,67.24,1.39,272.68,43.96
19-12-2025 16:45,19-12-2025 17:00,19.93,48.6,68.78,0.79,214.62,36.2
19-12-2025 17:00,19-12-2025 17:15,20.91,51,69.43,0.64,275.78,21.8
19-12-2025 17:15,19-12-2025 17:30,20.91,51,70.07,0.67,169.62,13.33
19-12-2025 17:30,19-12-2025 17:45,20.91,51,71.29,0.78,155.63,9.54
19-12-2025 17:45,19-12-2025 18:00,28.95,70.6,72.34,0.61,156.09,6.78
19-12-2025 18:00,19-12-2025 18:15,22.96,56,72.77,0.54,92.01,6.25
19-12-2025 18:15,19-12-2025 18:30,22.96,56,73.76,0.44,214.19,6.22
19-12-2025 18:30,19-12-2025 18:45,22.96,56,74.82,0.42,47.58,6.18
19-12-2025 18:45,19-12-2025 19:00,22.96,56,75.81,0.31,26.5,6.22
19-12-2025 19:00,19-12-2025 19:15,22.96,56,76.37,0.27,26.5,6.29
19-12-2025 19:15,19-12-2025 19:30,22.96,56,77.14,0.27,26.5,6.31
19-12-2025 19:30,19-12-2025 19:45,22.96,56,77.42,0.28,26.5,6.22
19-12-2025 19:45,19-12-2025 20:00,23.53,57.4,75.02,0.38,258.27,6.17
19-12-2025 20:00,19-12-2025 20:15,31.83,63,72.88,0.41,268.8,6.07
19-12-2025 20:15,19-12-2025 20:30,25.83,63,72.28,0.44,91.6,6.22
19-12-2025 20:30,19-12-2025 20:45,25.83,63,71.68,0.27,342,6.28
19-12-2025 20:45,19-12-2025 21:00,35.01,85.4,71.66,0.28,209.88,6.25
19-12-2025 21:00,19-12-2025 21:15,20.09,49,72.22,0.34,88.42,6.24
19-12-2025 21:15,19-12-2025 21:30,20.09,49,72.63,0.27,86.95,6.18
19-12-2025 21:30,19-12-2025 21:45,20.09,49,73.24,0.3,330.06,6.18
19-12-2025 21:45,19-12-2025 22:00,30.34,74,74.63,0.36,26.5,6.13
19-12-2025 22:00,19-12-2025 22:15,20.09,49,75.85,0.35,148.65,6.21
19-12-2025 22:15,19-12-2025 22:30,20.09,49,76.62,0.27,26.5,6.15
19-12-2025 22:30,19-12-2025 22:45,20.09,49,77.94,0.32,26.5,6.01
19-12-2025 22:45,19-12-2025 23:00,26.81,65.4,78.98,0.27,26.5,6.28
19-12-2025 23:00,19-12-2025 23:15,23.78,58,79.6,0.27,26.5,6.18
19-12-2025 23:15,19-12-2025 23:30,23.78,58,80.39,0.27,26.5,6.13
19-12-2025 23:30,19-12-2025 23:45,23.78,58,79.89,0.27,26.5,6.24
19-12-2025 23:45,20-12-2025 00:00,34.6,84.4,79.98,0.27,26.5,6.24
20-12-2025 00:00,20-12-2025 00:15,24.6,60,80.74,0.27,26.5,6.18
20-12-2025 00:15,20-12-2025 00:30,24.6,60,80.79,0.27,26.5,6.21
20-12-2025 00:30,20-12-2025 00:45,24.6,60,80.66,0.27,26.5,6.29
20-12-2025 00:45,20-12-2025 01:00,30.26,73.8,81.68,0.27,26.5,6.11
20-12-2025 01:00,20-12-2025 01:15,26.24,64,83.21,0.27,26.5,6.17
20-12-2025 01:15,20-12-2025 01:30,26.24,64,84.1,0.27,26.5,6.21
20-12-2025 01:30,20-12-2025 01:45,26.24,64,85.19,0.27,26.5,6.14
20-12-2025 01:45,20-12-2025 02:00,26.73,65.2,85.61,0.27,175.03,6.2
20-12-2025 02:00,20-12-2025 02:15,28.7,70,85.65,0.35,272.73,6.21
20-12-2025 02:15,20-12-2025 02:30,28.7,70,85.72,0.28,239.99,6.24
20-12-2025 02:30,20-12-2025 02:45,28.7,70,85.53,0.31,230.76,6.24
20-12-2025 02:45,20-12-2025 03:00,28.7,70,85.59,0.27,185.7,6.15
20-12-2025 03:00,20-12-2025 03:15,28.7,70,86.29,0.27,181.81,6.21
20-12-2025 03:15,20-12-2025 03:30,28.7,70,87.17,0.27,247.14,6.22
20-12-2025 03:30,20-12-2025 03:45,28.7,70,87.35,0.27,301.03,6.13
20-12-2025 03:45,20-12-2025 04:00,28.29,69,87.74,0.27,301,6.15
20-12-2025 04:00,20-12-2025 04:15,26.65,65,88.09,0.27,302.34,6.13
20-12-2025 04:15,20-12-2025 04:30,26.65,65,88.66,0.27,303.26,6.15
20-12-2025 04:30,20-12-2025 04:45,26.65,65,89.56,0.27,303.26,6.15
20-12-2025 04:45,20-12-2025 05:00,27.14,66.2,89.64,0.27,297.27,6.13
20-12-2025 05:00,20-12-2025 05:15,29.11,71,89.76,0.27,292.44,6.06
20-12-2025 05:15,20-12-2025 05:30,29.11,71,89.57,0.32,225.99,6.07
20-12-2025 05:30,20-12-2025 05:45,29.11,71,89.57,0.27,228.65,5.99
20-12-2025 05:45,20-12-2025 06:00,29.19,71.2,89.77,0.27,229.62,6.1
20-12-2025 06:00,20-12-2025 06:15,34.93,72,89.68,0.27,299.75,6.14
20-12-2025 06:15,20-12-2025 06:30,29.52,72,89.81,0.27,288.8,6.9
20-12-2025 06:30,20-12-2025 06:45,29.52,72,89.79,0.27,255.76,8.77
20-12-2025 06:45,20-12-2025 07:00,34.69,84.6,89.35,0.39,251.48,12.37
20-12-2025 07:00,20-12-2025 07:15,33.21,81,89.27,0.27,263.19,15.53
20-12-2025 07:15,20-12-2025 07:30,33.21,81,88.92,0.55,288.82,17.65
20-12-2025 07:30,20-12-2025 07:45,33.21,81,88.22,0.27,279.84,33.95
20-12-2025 07:45,20-12-2025 08:00,40.18,98,86.45,0.48,132.24,34.48
20-12-2025 08:00,20-12-2025 08:15,34.03,83,85.14,0.27,85.87,41.55
20-12-2025 08:15,20-12-2025 08:30,34.03,83,82.74,0.4,204.72,50.27
20-12-2025 08:30,20-12-2025 08:45,34.03,83,79.61,0.38,148.38,60.46
20-12-2025 08:45,20-12-2025 09:00,41,100,76.96,0.78,262.32,63.78
20-12-2025 09:00,20-12-2025 09:15,34.03,83,75.2,0.43,206.24,67.4
20-12-2025 09:15,20-12-2025 09:30,34.03,83,73.47,0.49,146.99,67.36
20-12-2025 09:30,20-12-2025 09:45,34.03,83,71.81,0.68,254.55,70.36
20-12-2025 09:45,20-12-2025 10:00,34.11,83.2,70.02,0.47,269.08,72.87
20-12-2025 10:00,20-12-2025 10:15,34.44,84,67.12,0.54,150.09,73.36
20-12-2025 10:15,20-12-2025 10:30,34.44,84,64.96,0.77,212.48,76.59
20-12-2025 10:30,20-12-2025 10:45,34.44,84,64.95,1.01,212,83.92
20-12-2025 10:45,20-12-2025 11:00,31.9,77.8,65,0.57,198.03,78.47
20-12-2025 11:00,20-12-2025 11:15,21.73,53,64.4,0.97,212.1,78.76
20-12-2025 11:15,20-12-2025 11:30,21.73,53,63.86,0.52,221.69,86.53
20-12-2025 11:30,20-12-2025 11:45,21.73,53,62.71,0.41,205.86,80.42
20-12-2025 11:45,20-12-2025 12:00,21.98,53.6,63.32,0.84,160.43,94.27
20-12-2025 12:00,20-12-2025 12:15,29.35,56,62.21,0.61,167.62,216.92
20-12-2025 12:15,20-12-2025 12:30,22.96,56,61.89,0.9,150.98,231.77
20-12-2025 12:30,20-12-2025 12:45,22.96,56,61.52,1.2,155.49,232.55
20-12-2025 12:45,20-12-2025 13:00,33.87,82.6,62.49,0.52,153.04,222.62
20-12-2025 13:00,20-12-2025 13:15,27.06,66,62.5,0.68,30.85,219.85
20-12-2025 13:15,20-12-2025 13:30,27.06,66,62.52,0.96,82.35,207.19
20-12-2025 13:30,20-12-2025 13:45,27.06,66,63.29,0.7,147.67,195.93
20-12-2025 13:45,20-12-2025 14:00,27.06,66,62.52,0.76,219.47,175.36
20-12-2025 14:00,20-12-2025 14:15,31.82,66,62.11,0.88,196.69,148
20-12-2025 14:15,20-12-2025 14:30,27.06,66,64.39,1.38,89.25,12.65
20-12-2025 14:30,20-12-2025 14:45,27.06,66,65.14,0.78,126.66,12.58
20-12-2025 14:45,20-12-2025 15:00,26.57,64.8,64.91,1.4,208.08,12.54
20-12-2025 15:00,20-12-2025 15:15,24.6,60,65.4,1.1,266.74,12.57
20-12-2025 15:15,20-12-2025 15:30,24.6,60,65.68,1.09,250.92,12.68
20-12-2025 15:30,20-12-2025 15:45,24.6,60,66.15,1.25,142.94,9.04
20-12-2025 15:45,20-12-2025 16:00,24.6,60,66.42,0.68,156.25,11.29
20-12-2025 16:00,20-12-2025 16:15,30.82,60,68.63,1.05,204.16,10.12
20-12-2025 16:15,20-12-2025 16:30,24.6,60,69.37,0.93,87.73,10.01
20-12-2025 16:30,20-12-2025 16:45,24.6,60,68.75,1.42,149.04,23.52
20-12-2025 16:45,20-12-2025 17:00,23.7,57.8,69.32,1.17,261.6,18.7
20-12-2025 17:00,20-12-2025 17:15,20.09,49,70.04,0.66,85.05,17.17
20-12-2025 17:15,20-12-2025 17:30,20.09,49,70.12,0.82,131.04,15.44
20-12-2025 17:30,20-12-2025 17:45,20.09,49,70.26,0.69,142.27,8.61
20-12-2025 17:45,20-12-2025 18:00,30.67,74.8,72.38,0.61,86.94,6.59
20-12-2025 18:00,20-12-2025 18:15,25.42,62,74.26,0.55,339.24,6.35
20-12-2025 18:15,20-12-2025 18:30,25.42,62,75.59,0.58,147.07,6.24
20-12-2025 18:30,20-12-2025 18:45,25.42,62,75.87,1.46,149.65,6.2
20-12-2025 18:45,20-12-2025 19:00,30.42,74.2,76.5,0.8,87.13,6.22
20-12-2025 19:00,20-12-2025 19:15,86,96.01,76.58,0.88,156.95,6.24
20-12-2025 19:15,20-12-2025 19:30,86,94.58,76.32,0.58,214.45,6.27
20-12-2025 19:30,20-12-2025 19:45,86,95.56,76.39,0.81,151.6,6.24
20-12-2025 19:45,20-12-2025 20:00,74.29,88.41,77.17,0.73,151.47,6.17
20-12-2025 20:00,20-12-2025 20:15,27.47,67,77.81,0.48,26.5,6.13
20-12-2025 20:15,20-12-2025 20:30,27.47,67,78.31,0.79,88.12,6.2
20-12-2025 20:30,20-12-2025 20:45,27.47,67,79.04,0.53,154.93,6.15
20-12-2025 20:45,20-12-2025 21:00,36.57,89.2,79.71,0.37,26.5,6.13
20-12-2025 21:00,20-12-2025 21:15,30.34,74,80.48,0.57,250.2,6.17
20-12-2025 21:15,20-12-2025 21:30,30.34,74,81.2,0.27,84.85,6.24
20-12-2025 21:30,20-12-2025 21:45,30.34,74,82.02,0.27,86.96,6.2
20-12-2025 21:45,20-12-2025 22:00,31.16,76,82.35,0.27,329.51,6.14
20-12-2025 22:00,20-12-2025 22:15,34.44,84,82.04,0.27,329.57,6.28
20-12-2025 22:15,20-12-2025 22:30,34.44,84,81.89,0.27,264.12,6.31
20-12-2025 22:30,20-12-2025 22:45,34.44,84,82.1,0.32,266.68,6.17
20-12-2025 22:45,20-12-2025 23:00,37.8,92.2,82.6,0.33,261.36,6.08
20-12-2025 23:00,20-12-2025 23:15,38.13,93,83.35,0.27,262.14,6.18
20-12-2025 23:15,20-12-2025 23:30,38.13,93,84.51,0.27,253.73,6.29
20-12-2025 23:30,20-12-2025 23:45,38.13,93,85.2,0.51,230.03,6.13
20-12-2025 23:45,21-12-2025 00:00,43.38,105.8,85.61,0.27,118.19,6.22
21-12-2025 00:00,21-12-2025 00:15,31.16,76,86.1,0.27,26.5,6.15
21-12-2025 00:15,21-12-2025 00:30,31.16,76,86.54,0.32,136.25,6.17
21-12-2025 00:30,21-12-2025 00:45,31.16,76,86.77,0.38,287.3,6.11
21-12-2025 00:45,21-12-2025 01:00,31.08,75.8,86.81,0.27,290.06,6.13
21-12-2025 01:00,21-12-2025 01:15,30.75,75,86.78,0.27,240.73,6.14
21-12-2025 01:15,21-12-2025 01:30,30.75,75,86.49,0.37,289.12,6.14
21-12-2025 01:30,21-12-2025 01:45,30.75,75,86.51,0.27,294.6,6.14
21-12-2025 01:45,21-12-2025 02:00,32.23,78.6,86.82,0.32,285.64,5.97
21-12-2025 02:00,21-12-2025 02:15,41.03,93,87.26,0.27,188.63,6.11
21-12-2025 02:15,21-12-2025 02:30,38.13,93,87.54,0.27,295.22,6.2
21-12-2025 02:30,21-12-2025 02:45,38.13,93,87.7,0.29,223.04,6.15
21-12-2025 02:45,21-12-2025 03:00,37.06,90.4,87.93,0.27,302.93,6.13
21-12-2025 03:00,21-12-2025 03:15,32.8,80,88.11,0.27,26.5,6.13
21-12-2025 03:15,21-12-2025 03:30,32.8,80,88.28,0.27,276.03,6.21
21-12-2025 03:30,21-12-2025 03:45,32.8,80,88.6,0.39,217.89,5.96
21-12-2025 03:45,21-12-2025 04:00,32.72,79.8,88.92,0.32,281.48,6.13
21-12-2025 04:00,21-12-2025 04:15,32.39,79,89.21,0.27,116.02,6.06
21-12-2025 04:15,21-12-2025 04:30,32.39,79,89.49,0.29,26.5,6.17
21-12-2025 04:30,21-12-2025 04:45,32.39,79,89.4,0.36,122.38,6.13
21-12-2025 04:45,21-12-2025 05:00,32.72,79.8,88.81,0.33,210.01,5.97
21-12-2025 05:00,21-12-2025 05:15,37.26,83,88.43,0.27,206.66,6.14
21-12-2025 05:15,21-12-2025 05:30,34.03,83,88.01,0.3,84.1,6.21
21-12-2025 05:30,21-12-2025 05:45,34.03,83,87.57,0.32,144.85,6.22
21-12-2025 05:45,21-12-2025 06:00,34.85,85,87.02,0.31,150.84,6.14
21-12-2025 06:00,21-12-2025 06:15,38.13,93,86.51,0.27,31.42,6.07
21-12-2025 06:15,21-12-2025 06:30,38.13,93,86.18,0.79,66.41,6.61
21-12-2025 06:30,21-12-2025 06:45,38.13,93,85.78,0.62,237.95,8.68
21-12-2025 06:45,21-12-2025 07:00,38.21,93.2,85.76,0.5,254.23,11.84
21-12-2025 07:00,21-12-2025 07:15,38.54,94,85.82,0.29,150.11,16.43
21-12-2025 07:15,21-12-2025 07:30,38.54,94,85.51,0.42,155.87,19.9
21-12-2025 07:30,21-12-2025 07:45,38.54,94,85.12,0.47,90.1,23.8
21-12-2025 07:45,21-12-2025 08:00,38.62,94.2,84.22,0.49,151.37,25.33
21-12-2025 08:00,21-12-2025 08:15,42.92,95,83.55,0.42,217.5,26.1
21-12-2025 08:15,21-12-2025 08:30,38.95,95,82.74,0.59,178.02,26.44
21-12-2025 08:30,21-12-2025 08:45,38.95,95,81.91,0.56,130.64,27.1
21-12-2025 08:45,21-12-2025 09:00,38.54,94,81.41,0.95,85.89,26.99
21-12-2025 09:00,21-12-2025 09:15,36.9,90,81.14,0.51,119.93,27.36
21-12-2025 09:15,21-12-2025 09:30,36.9,90,80.05,0.69,90.52,27.67
21-12-2025 09:30,21-12-2025 09:45,36.9,90,77.07,0.95,141.04,27.78
21-12-2025 09:45,21-12-2025 10:00,36.24,88.4,75.99,0.85,204.38,28.33
21-12-2025 10:00,21-12-2025 10:15,38.12,82,73.81,0.99,80.79,27.85
21-12-2025 10:15,21-12-2025 10:30,33.62,82,71.06,0.61,149.95,27.5
21-12-2025 10:30,21-12-2025 10:45,33.62,82,68.37,1.52,192.48,26.74
21-12-2025 10:45,21-12-2025 11:00,31.41,76.6,67.77,0.95,203.56,26.74
21-12-2025 11:00,21-12-2025 11:15,22.55,55,66.98,1.2,94.18,26.78
21-12-2025 11:15,21-12-2025 11:30,22.55,55,65.76,1.09,203.09,27.07
21-12-2025 11:30,21-12-2025 11:45,22.55,55,65.52,1.47,134.97,27.06
21-12-2025 11:45,21-12-2025 12:00,21.73,53,65.49,0.93,139.12,26.99
21-12-2025 12:00,21-12-2025 12:15,18.45,45,64.68,0.71,34.72,28.11
21-12-2025 12:15,21-12-2025 12:30,18.45,45,63.79,0.93,86.81,28.25
21-12-2025 12:30,21-12-2025 12:45,18.45,45,63.38,0.86,144.33,28.31
21-12-2025 12:45,21-12-2025 13:00,18.45,45,63.96,1.79,84.32,28.27
21-12-2025 13:00,21-12-2025 13:15,18.45,45,63.64,1.05,87.56,28.21
21-12-2025 13:15,21-12-2025 13:30,18.45,45,62.84,1.54,176.11,27.71
21-12-2025 13:30,21-12-2025 13:45,18.45,45,63.37,1.91,43.86,27.54
21-12-2025 13:45,21-12-2025 14:00,18.37,44.8,64.53,1.28,150.31,27.32
21-12-2025 14:00,21-12-2025 14:15,18.04,44,65.58,1.42,77.63,27.75
21-12-2025 14:15,21-12-2025 14:30,18.04,44,65.89,1.44,34.99,27.25
21-12-2025 14:30,21-12-2025 14:45,18.04,44,66.36,1.65,144.7,27.19
21-12-2025 14:45,21-12-2025 15:00,17.79,43.4,66.77,1.47,150.63,26.62
21-12-2025 15:00,21-12-2025 15:15,16.81,41,66.92,1.56,60.52,26.9
21-12-2025 15:15,21-12-2025 15:30,16.81,41,67.1,1.43,84.17,26.72
21-12-2025 15:30,21-12-2025 15:45,16.81,41,67.18,0.86,149.25,26.78
21-12-2025 15:45,21-12-2025 16:00,16.73,40.8,67.35,1.37,267.3,26.33
21-12-2025 16:00,21-12-2025 16:15,16.4,40,67.39,1.05,94.49,25.92
21-12-2025 16:15,21-12-2025 16:30,16.4,40,67.58,1.13,140.27,25.41
21-12-2025 16:30,21-12-2025 16:45,16.4,40,67.86,0.98,89.28,24.44
21-12-2025 16:45,21-12-2025 17:00,16.56,40.4,68.19,1.24,278.37,22.87
21-12-2025 17:00,21-12-2025 17:15,17.22,42,68.23,1.11,149.78,20.15
21-12-2025 17:15,21-12-2025 17:30,17.22,42,68.43,0.57,143.41,14.75
21-12-2025 17:30,21-12-2025 17:45,17.22,42,68.46,0.54,271.9,9.42
21-12-2025 17:45,21-12-2025 18:00,16.97,41.4,69.84,0.89,147.24,7.07
21-12-2025 18:00,21-12-2025 18:15,15.99,39,70.08,0.6,95.65,6.32
21-12-2025 18:15,21-12-2025 18:30,15.99,39,69.76,0.65,279.04,6.15
21-12-2025 18:30,21-12-2025 18:45,15.99,39,69.95,0.66,175.25,6.24
21-12-2025 18:45,21-12-2025 19:00,16.4,40,70.54,1.85,210.16,6.22
21-12-2025 19:00,21-12-2025 19:15,18.04,44,71.05,0.8,317.08,6.24
21-12-2025 19:15,21-12-2025 19:30,18.04,44,71.18,1.06,153.47,6.22
21-12-2025 19:30,21-12-2025 19:45,18.04,44,71.66,1.03,26.5,6.34
21-12-2025 19:45,21-12-2025 20:00,17.63,43,72.85,0.55,264.7,6.28
21-12-2025 20:00,21-12-2025 20:15,15.99,39,72.97,0.8,148.25,6.25
21-12-2025 20:15,21-12-2025 20:30,15.99,39,73.48,0.3,339.05,6.29
21-12-2025 20:30,21-12-2025 20:45,15.99,39,74.06,0.68,272.54,6.22
21-12-2025 20:45,21-12-2025 21:00,15.74,38.4,73.34,0.99,195.77,6.15
21-12-2025 21:00,21-12-2025 21:15,14.76,36,72.98,0.27,337.43,6.21
21-12-2025 21:15,21-12-2025 21:30,14.76,36,72.99,0.75,149.53,6.34
21-12-2025 21:30,21-12-2025 21:45,14.76,36,72.84,0.43,215.57,6.18
21-12-2025 21:45,21-12-2025 22:00,13.94,34,72.91,0.55,261.44,6.15
21-12-2025 22:00,21-12-2025 22:15,10.66,26,71.98,1.06,276.31,6.22
21-12-2025 22:15,21-12-2025 22:30,10.66,26,71.56,0.66,151.82,6.06
21-12-2025 22:30,21-12-2025 22:45,10.66,26,71.64,0.53,145.69,6.27
21-12-2025 22:45,21-12-2025 23:00,10.58,25.8,72.12,0.44,26.5,6.24
21-12-2025 23:00,21-12-2025 23:15,10.25,25,72.77,0.27,340.08,6.29
21-12-2025 23:15,21-12-2025 23:30,10.25,25,73.18,0.42,156.39,6.27
21-12-2025 23:30,21-12-2025 23:45,10.25,25,73.36,0.27,150.43,6.18
21-12-2025 23:45,22-12-2025 00:00,19.11,46.6,72,0.59,91.15,6.2
22-12-2025 00:00,22-12-2025 00:15,10.66,26,68.42,0.79,267.81,6.28
22-12-2025 00:15,22-12-2025 00:30,10.66,26,67.4,0.65,195.06,6.22
22-12-2025 00:30,22-12-2025 00:45,10.66,26,67.14,0.48,173.35,6.08
22-12-2025 00:45,22-12-2025 01:00,10.33,25.2,67.28,1.1,210.02,6.21
22-12-2025 01:00,22-12-2025 01:15,18.6,22,66.92,0.85,271,6.11
22-12-2025 01:15,22-12-2025 01:30,21,22,67.11,1.11,89.6,6.34
22-12-2025 01:30,22-12-2025 01:45,21,22,67.09,0.84,153.14,6.17
22-12-2025 01:45,22-12-2025 02:00,18.11,20.8,68.12,0.5,208.75,6.18
22-12-2025 02:00,22-12-2025 02:15,15,16,74.95,0.34,244.58,6.11
22-12-2025 02:15,22-12-2025 02:30,15,16,79.07,0.33,251.98,6.2
22-12-2025 02:30,22-12-2025 02:45,15,16,80.43,0.41,282.96,6.17
22-12-2025 02:45,22-12-2025 03:00,15,22.8,81.13,0.31,189.14,6.01
22-12-2025 03:00,22-12-2025 03:15,20.5,50,81.26,0.27,73.79,6.22
22-12-2025 03:15,22-12-2025 03:30,20.5,50,81,0.27,26.5,6.27
22-12-2025 03:30,22-12-2025 03:45,20.5,50,80.15,0.35,211.22,6.17
22-12-2025 03:45,22-12-2025 04:00,21.4,52.2,79.8,0.29,67.13,6.13
22-12-2025 04:00,22-12-2025 04:15,25.01,61,75.65,0.45,270.07,6.2
22-12-2025 04:15,22-12-2025 04:30,25.01,61,70.3,0.69,148.97,6.29
22-12-2025 04:30,22-12-2025 04:45,25.01,61,70.98,0.27,26.5,6.21
22-12-2025 04:45,22-12-2025 05:00,22.39,54.6,71.28,0.41,177.07,6.2
22-12-2025 05:00,22-12-2025 05:15,25.58,29,70.96,0.44,156.95,6.14
22-12-2025 05:15,22-12-2025 05:30,,,71.8,0.27,144.33,6.22
22-12-2025 05:30,22-12-2025 05:45,,,72.51,0.27,26.5,6.28
22-12-2025 05:45,22-12-2025 06:00,24.59,26.6,73.44,0.27,26.5,6.14
22-12-2025 06:00,22-12-2025 06:15,6.97,17,74.38,0.27,26.5,6.22
22-12-2025 06:15,22-12-2025 06:30,6.97,17,75.05,0.27,88.98,6.69
22-12-2025 06:30,22-12-2025 06:45,6.97,17,77.04,0.35,279.37,8.87
22-12-2025 06:45,22-12-2025 07:00,10.98,20.8,79.81,0.29,173.88,12.76
22-12-2025 07:00,22-12-2025 07:15,14.76,36,81.66,0.27,79.29,18.85
22-12-2025 07:15,22-12-2025 07:30,14.76,36,82.35,0.3,215.9,22.69
22-12-2025 07:30,22-12-2025 07:45,14.76,36,82.34,0.27,143.69,24.96
22-12-2025 07:45,22-12-2025 08:00,22.41,40.4,81.88,0.47,157.53,24.61
22-12-2025 08:00,22-12-2025 08:15,23.78,58,81.61,0.66,194.86,22.71
22-12-2025 08:15,22-12-2025 08:30,23.78,58,81.77,0.46,200.97,23.55
22-12-2025 08:30,22-12-2025 08:45,23.78,58,80.99,1.41,133.64,24.57
22-12-2025 08:45,22-12-2025 09:00,24.76,60.4,80.88,0.39,136.99,25.68
22-12-2025 09:00,22-12-2025 09:15,28.7,70,79.64,0.7,192.3,25.57
22-12-2025 09:15,22-12-2025 09:30,28.7,70,76.55,0.95,151.25,25.26
22-12-2025 09:30,22-12-2025 09:45,28.7,70,73.58,0.66,218.11,24.97
22-12-2025 09:45,22-12-2025 10:00,27.55,67.2,71.37,1.16,216.8,24.85
22-12-2025 10:00,22-12-2025 10:15,22.96,56,70.77,0.94,182.49,24.86
22-12-2025 10:15,22-12-2025 10:30,22.96,56,69.56,1.1,151.77,25.09
22-12-2025 10:30,22-12-2025 10:45,22.96,56,68.91,0.72,150.06,25.75
22-12-2025 10:45,22-12-2025 11:00,20.25,49.4,68.17,2.43,201.85,25.81
22-12-2025 11:00,22-12-2025 11:15,21,23,68.38,0.82,85.86,26.04
22-12-2025 11:15,22-12-2025 11:30,21,23,68.73,1.29,264.29,26.36
22-12-2025 11:30,22-12-2025 11:45,21,23,69.25,0.78,150.76,28.53
22-12-2025 11:45,22-12-2025 12:00,21,24,70.04,1.67,144.51,28.49
22-12-2025 12:00,22-12-2025 12:15,11.48,28,68.66,1.38,75.83,29.93
22-12-2025 12:15,22-12-2025 12:30,11.48,28,67.61,1.55,91.06,29.28
22-12-2025 12:30,22-12-2025 12:45,11.48,28,67.64,1.64,130.57,31.51
22-12-2025 12:45,22-12-2025 13:00,11.07,27,66.28,1.74,205.68,30.65
22-12-2025 13:00,22-12-2025 13:15,9.43,23,64.88,1.85,133.62,28.27
22-12-2025 13:15,22-12-2025 13:30,9.43,23,65.19,1.69,239.14,28.28
22-12-2025 13:30,22-12-2025 13:45,9.43,23,65.87,1.52,151.97,27.67
22-12-2025 13:45,22-12-2025 14:00,22.39,54.6,66.03,0.94,148.59,27.88
22-12-2025 14:00,22-12-2025 14:15,,,66.45,1.76,288.46,26.57
22-12-2025 14:15,22-12-2025 14:30,,,66.98,1.35,133.03,26.95
22-12-2025 14:30,22-12-2025 14:45,,,68.28,1.35,199.46,26.55
22-12-2025 14:45,22-12-2025 15:00,21,23.6,68.9,0.95,268.89,26.27
22-12-2025 15:00,22-12-2025 15:15,9.02,22,69.49,1.28,83.5,26.34
22-12-2025 15:15,22-12-2025 15:30,9.02,22,69.08,1.17,255.96,26.03
22-12-2025 15:30,22-12-2025 15:45,9.02,22,68.68,1.8,181,25.66
22-12-2025 15:45,22-12-2025 16:00,9.43,23,69.63,1.32,212.82,25.76
22-12-2025 16:00,22-12-2025 16:15,11.07,27,69.22,1.54,150.25,25.24
22-12-2025 16:15,22-12-2025 16:30,11.07,27,69.85,0.97,89.56,21.71
22-12-2025 16:30,22-12-2025 16:45,11.07,27,69.92,0.93,220.64,8.37
22-12-2025 16:45,22-12-2025 17:00,11.32,27.6,70.57,1.37,145.42,8.22
22-12-2025 17:00,22-12-2025 17:15,12.3,30,71.19,0.99,151.52,8.29
22-12-2025 17:15,22-12-2025 17:30,12.3,30,71.2,1.74,162.17,8.04
22-12-2025 17:30,22-12-2025 17:45,12.3,30,71.58,0.7,26.5,7.7
22-12-2025 17:45,22-12-2025 18:00,12.55,30.6,72.1,0.72,278.02,6.82
22-12-2025 18:00,22-12-2025 18:15,13.53,33,72.9,0.42,330.03,6.35
22-12-2025 18:15,22-12-2025 18:30,13.53,33,73.68,0.88,217.3,6.29
22-12-2025 18:30,22-12-2025 18:45,13.53,33,73.17,0.76,209.58,6.21
22-12-2025 18:45,22-12-2025 19:00,25.91,63.2,72.55,0.83,222.1,6.18
22-12-2025 19:00,22-12-2025 19:15,11.48,28,72.58,0.67,208.12,6.25
22-12-2025 19:15,22-12-2025 19:30,11.48,28,72.58,0.95,198.2,6.2
22-12-2025 19:30,22-12-2025 19:45,11.48,28,72.58,0.93,152.93,6.28
22-12-2025 19:45,22-12-2025 20:00,24.52,59.8,72.87,0.81,214.28,6.22
22-12-2025 20:00,22-12-2025 20:15,42.35,102.22,73.77,0.71,274.51,6.14
22-12-2025 20:15,22-12-2025 20:30,39,95.47,73.89,0.7,217.32,6.06
22-12-2025 20:30,22-12-2025 20:45,39,94.61,74.58,0.28,151.74,6.18
22-12-2025 20:45,22-12-2025 21:00,33.74,81.48,75.45,0.71,208.16,6.24
22-12-2025 21:00,22-12-2025 21:15,12.71,31,75.61,0.5,334.77,6.11
22-12-2025 21:15,22-12-2025 21:30,12.71,31,75.8,0.63,278.59,6.1
22-12-2025 21:30,22-12-2025 21:45,12.71,31,75.98,0.72,342,6.01
22-12-2025 21:45,22-12-2025 22:00,12.96,31.6,75.86,0.45,144.26,6.15
22-12-2025 22:00,22-12-2025 22:15,13.94,34,75.94,0.72,123.99,6.21
22-12-2025 22:15,22-12-2025 22:30,13.94,34,75.33,0.93,210.22,6.15
22-12-2025 22:30,22-12-2025 22:45,13.94,34,75.37,1.02,215.01,6.17
22-12-2025 22:45,22-12-2025 23:00,20.35,37.6,75.85,0.43,286.69,6.18
22-12-2025 23:00,22-12-2025 23:15,21.32,52,76.51,0.43,196.75,6.21
22-12-2025 23:15,22-12-2025 23:30,21.32,52,76.71,0.58,187.95,6.15
22-12-2025 23:30,22-12-2025 23:45,21.32,52,76.73,0.66,263.32,6.25
22-12-2025 23:45,23-12-2025 00:00,20.99,51.2,76.29,0.91,213.75,6.24
23-12-2025 00:00,23-12-2025 00:15,19.68,48,76.24,0.7,281.16,6.01
23-12-2025 00:15,23-12-2025 00:30,19.68,48,76.9,0.51,83.22,6.14
23-12-2025 00:30,23-12-2025 00:45,19.68,48,78.47,0.29,278.6,6.11
23-12-2025 00:45,23-12-2025 01:00,19.11,46.6,79.96,0.27,153.13,5.99
23-12-2025 01:00,23-12-2025 01:15,16.81,41,81.75,0.27,213.88,6.2
23-12-2025 01:15,23-12-2025 01:30,16.81,41,83.6,0.27,145.88,6.1
23-12-2025 01:30,23-12-2025 01:45,16.81,41,84.87,0.27,208.19,6.28
23-12-2025 01:45,23-12-2025 02:00,24.85,60.6,85.85,0.27,228.45,6.21
23-12-2025 02:00,23-12-2025 02:15,21.32,52,86.81,0.27,247.66,6.01
23-12-2025 02:15,23-12-2025 02:30,21.32,52,87.76,0.27,84.97,6.1
23-12-2025 02:30,23-12-2025 02:45,21.32,52,88.53,0.27,246.6,6.2
23-12-2025 02:45,23-12-2025 03:00,22.71,55.4,88.95,0.29,91.17,6.01
23-12-2025 03:00,23-12-2025 03:15,28.29,69,89.09,0.33,56.69,6.06
23-12-2025 03:15,23-12-2025 03:30,28.29,69,89.25,0.27,26.5,5.99
23-12-2025 03:30,23-12-2025 03:45,28.29,69,89.44,0.27,267.79,5.97
23-12-2025 03:45,23-12-2025 04:00,27.88,68,89.6,0.27,220.95,6.11
23-12-2025 04:00,23-12-2025 04:15,26.24,64,89.62,0.49,271.69,6.07
23-12-2025 04:15,23-12-2025 04:30,26.24,64,89.68,0.27,91.91,6.17
23-12-2025 04:30,23-12-2025 04:45,26.24,64,89.71,0.33,262.88,6.04
23-12-2025 04:45,23-12-2025 05:00,26.08,63.6,89.9,0.27,135.32,6.07
23-12-2025 05:00,23-12-2025 05:15,25.42,62,90.08,0.27,282.32,5.96
23-12-2025 05:15,23-12-2025 05:30,25.42,62,90.34,0.27,133.66,6.06
23-12-2025 05:30,23-12-2025 05:45,25.42,62,90.56,0.27,222.01,5.99
23-12-2025 05:45,23-12-2025 06:00,25.75,62.8,90.55,0.49,206.65,6.04
23-12-2025 06:00,23-12-2025 06:15,31.7,66,90.68,0.36,260.21,6.04
23-12-2025 06:15,23-12-2025 06:30,27.06,66,90.74,0.32,206.38,6.52
23-12-2025 06:30,23-12-2025 06:45,27.06,66,90.65,0.51,199.41,7.47
23-12-2025 06:45,23-12-2025 07:00,27.14,66.2,90.31,0.46,229.52,7.88
23-12-2025 07:00,23-12-2025 07:15,27.47,67,90.28,0.27,267.64,8.16
23-12-2025 07:15,23-12-2025 07:30,27.47,67,89.98,0.28,252.97,8.04
23-12-2025 07:30,23-12-2025 07:45,27.47,67,89.29,0.28,263.81,7.88
23-12-2025 07:45,23-12-2025 08:00,29.36,71.6,88.37,0.41,152.56,8.11
23-12-2025 08:00,23-12-2025 08:15,40.13,90,87.25,0.48,196.67,8.25
23-12-2025 08:15,23-12-2025 08:30,36.9,90,85.66,0.66,203.64,8.08
23-12-2025 08:30,23-12-2025 08:45,36.9,90,84.1,0.53,205.43,8.15
23-12-2025 08:45,23-12-2025 09:00,35.75,87.2,83.35,1.35,71.9,8.02
23-12-2025 09:00,23-12-2025 09:15,31.16,76,81.8,1.21,85.2,7.98
23-12-2025 09:15,23-12-2025 09:30,31.16,76,78.19,1.48,86,8.01
23-12-2025 09:30,23-12-2025 09:45,31.16,76,76.38,2.13,30.68,8.11
23-12-2025 09:45,23-12-2025 10:00,29.36,71.6,74.61,1.01,137.59,8.13
23-12-2025 10:00,23-12-2025 10:15,22.14,54,71.75,1.75,86.1,8.15
23-12-2025 10:15,23-12-2025 10:30,22.14,54,70.9,1.44,188.69,8.11
23-12-2025 10:30,23-12-2025 10:45,22.14,54,70.54,1.61,90.51,8.06
23-12-2025 10:45,23-12-2025 11:00,21.16,51.6,69.48,1.96,197.66,8.27
23-12-2025 11:00,23-12-2025 11:15,17.22,42,68.67,0.97,210.02,8.6
23-12-2025 11:15,23-12-2025 11:30,17.22,42,66.95,2.24,146.61,8.34
23-12-2025 11:30,23-12-2025 11:45,17.22,42,65.97,1.2,202.26,8.2
23-12-2025 11:45,23-12-2025 12:00,16.07,39.2,66.23,1.59,213.14,8.3
23-12-2025 12:00,23-12-2025 12:15,11.48,28,67.01,2.16,28.88,8.54
23-12-2025 12:15,23-12-2025 12:30,11.48,28,66.96,1.7,76.86,8.5
23-12-2025 12:30,23-12-2025 12:45,11.48,28,67.47,1.69,103.82,8.46
23-12-2025 12:45,23-12-2025 13:00,11.64,28.4,69.02,1.67,112.96,8.34
23-12-2025 13:00,23-12-2025 13:15,12.3,30,68.33,2.02,214.33,8.34
23-12-2025 13:15,23-12-2025 13:30,12.3,30,68.62,1.77,144.51,8.43
23-12-2025 13:30,23-12-2025 13:45,12.3,30,69.31,1.82,150.13,8.33
23-12-2025 13:45,23-12-2025 14:00,12.05,29.4,71.83,1.3,28.09,8.22
23-12-2025 14:00,23-12-2025 14:15,11.07,27,72.59,2.16,127.96,8.09
23-12-2025 14:15,23-12-2025 14:30,11.07,27,73.19,1.81,265.32,8.12
23-12-2025 14:30,23-12-2025 14:45,11.07,27,72.83,1.12,200.18,8.22
23-12-2025 14:45,23-12-2025 15:00,18.26,32.2,72.96,1.92,198.55,8.29
23-12-2025 15:00,23-12-2025 15:15,21.73,53,72.8,1.08,216.16,8.25
23-12-2025 15:15,23-12-2025 15:30,21.73,53,73.54,1.63,210.49,8.29
23-12-2025 15:30,23-12-2025 15:45,21.73,53,72.38,1.54,317.85,8.26
23-12-2025 15:45,23-12-2025 16:00,21.81,53.2,72.12,1.02,156.85,8.16
23-12-2025 16:00,23-12-2025 16:15,22.14,54,73.36,2.12,84.47,8.25
23-12-2025 16:15,23-12-2025 16:30,22.14,54,73.99,1.35,303.59,7.95
23-12-2025 16:30,23-12-2025 16:45,22.14,54,73.63,1.33,270.29,8.34
23-12-2025 16:45,23-12-2025 17:00,21.73,53,71.99,1.54,198.72,8.2
23-12-2025 17:00,23-12-2025 17:15,20.09,49,70.64,1.39,336.8,8.32
23-12-2025 17:15,23-12-2025 17:30,20.09,49,71.08,1.93,273.8,8.05
23-12-2025 17:30,23-12-2025 17:45,20.09,49,71.6,0.77,146.22,7.79
23-12-2025 17:45,23-12-2025 18:00,19.11,46.6,71.87,0.7,349.09,7.16
23-12-2025 18:00,23-12-2025 18:15,15.17,37,71.68,0.75,256.92,6.28
23-12-2025 18:15,23-12-2025 18:30,15.17,37,73.11,1.47,267.18,6.14
23-12-2025 18:30,23-12-2025 18:45,15.17,37,72.59,1.34,88.97,6.18
23-12-2025 18:45,23-12-2025 19:00,15.42,37.6,71.96,0.67,276.36,6.06
23-12-2025 19:00,23-12-2025 19:15,16.4,40,72.44,1.09,217.65,6.28
23-12-2025 19:15,23-12-2025 19:30,16.4,40,73.21,0.96,329.95,6.2
23-12-2025 19:30,23-12-2025 19:45,16.4,40,74.16,1.45,84.17,6.25
23-12-2025 19:45,23-12-2025 20:00,16.32,39.8,74.43,1.23,221.89,6.04
23-12-2025 20:00,23-12-2025 20:15,15.99,39,74.62,0.6,216.59,6.04
23-12-2025 20:15,23-12-2025 20:30,15.99,39,74.64,1.43,270.73,6.18
23-12-2025 20:30,23-12-2025 20:45,15.99,39,74.47,1.59,244.92,6.27
23-12-2025 20:45,23-12-2025 21:00,25.67,62.6,74.37,0.95,333.98,6.1
23-12-2025 21:00,23-12-2025 21:15,72,93.56,74.81,1.37,256.97,6.07
23-12-2025 21:15,23-12-2025 21:30,72,95.25,75.12,1.53,159.78,6.08
23-12-2025 21:30,23-12-2025 21:45,72,96.49,75.49,1.24,241.07,6.06
23-12-2025 21:45,23-12-2025 22:00,62.36,88.69,75.33,1.53,203.89,6.06
23-12-2025 22:00,23-12-2025 22:15,23.78,58,75.23,0.68,260.08,6.15
23-12-2025 22:15,23-12-2025 22:30,23.78,58,75.53,0.55,281.36,6.11
23-12-2025 22:30,23-12-2025 22:45,23.78,58,76.43,0.84,345.9,6.01
23-12-2025 22:45,23-12-2025 23:00,23.04,56.2,75.76,0.6,180.44,6.03
23-12-2025 23:00,23-12-2025 23:15,20.09,49,74.76,0.45,282.46,6.06
23-12-2025 23:15,23-12-2025 23:30,20.09,49,75.45,0.35,84.64,6.04
23-12-2025 23:30,23-12-2025 23:45,20.09,49,75.79,0.86,329.89,6.15
23-12-2025 23:45,24-12-2025 00:00,20.42,49.8,77.11,0.4,197.79,6.08
24-12-2025 00:00,24-12-2025 00:15,21.73,53,76.54,0.38,336.06,6.04
24-12-2025 00:15,24-12-2025 00:30,21.73,53,76.07,0.54,272.23,6.17
24-12-2025 00:30,24-12-2025 00:45,21.73,53,77.02,0.69,202.88,6.07
24-12-2025 00:45,24-12-2025 01:00,21.48,52.4,78.32,0.29,197.47,5.93
24-12-2025 01:00,24-12-2025 01:15,20.5,50,77.81,0.28,319.1,6.07
24-12-2025 01:15,24-12-2025 01:30,20.5,50,77.8,0.48,262.51,6.17
24-12-2025 01:30,24-12-2025 01:45,20.5,50,77.38,0.27,337.17,6.24
24-12-2025 01:45,24-12-2025 02:00,19.6,47.8,77.01,0.3,205.15,6.08
24-12-2025 02:00,24-12-2025 02:15,15.99,39,76.35,0.27,305.17,6.13
24-12-2025 02:15,24-12-2025 02:30,15.99,39,75.88,0.35,325.83,6.18
24-12-2025 02:30,24-12-2025 02:45,15.99,39,75.46,0.38,86.01,6.24
24-12-2025 02:45,24-12-2025 03:00,16.15,39.4,75.8,0.27,86.98,6.25
24-12-2025 03:00,24-12-2025 03:15,16.81,41,75.79,0.27,286.81,6.25
24-12-2025 03:15,24-12-2025 03:30,16.81,41,75.46,0.38,275.16,6.18
24-12-2025 03:30,24-12-2025 03:45,16.81,41,74.8,0.42,151.85,6
24-12-2025 03:45,24-12-2025 04:00,16.65,40.6,75.68,0.27,342.44,6.04
24-12-2025 04:00,24-12-2025 04:15,15.99,39,77.33,0.27,342.91,6.11
24-12-2025 04:15,24-12-2025 04:30,15.99,39,78.41,0.27,344.53,6.2
24-12-2025 04:30,24-12-2025 04:45,15.99,39,80.59,0.57,289.23,6.14
24-12-2025 04:45,24-12-2025 05:00,23.86,58.2,81.89,0.27,255.91,6.13
24-12-2025 05:00,24-12-2025 05:15,26.65,65,83.27,0.32,329.63,6.13
24-12-2025 05:15,24-12-2025 05:30,26.65,65,84.74,0.36,306.56,6.21
24-12-2025 05:30,24-12-2025 05:45,26.65,65,86.09,0.34,71.87,6.13
24-12-2025 05:45,24-12-2025 06:00,27.55,67.2,86.8,0.33,26.5,6.21
24-12-2025 06:00,24-12-2025 06:15,31.16,76,87.1,0.38,301.98,6.14
24-12-2025 06:15,24-12-2025 06:30,31.16,76,87.31,0.27,124.34,6.46
24-12-2025 06:30,24-12-2025 06:45,31.16,76,87.56,0.27,299.23,7.14
24-12-2025 06:45,24-12-2025 07:00,36,87.8,87.47,0.27,288.46,9.2
24-12-2025 07:00,24-12-2025 07:15,31.57,77,86.94,0.27,339.71,10.24
24-12-2025 07:15,24-12-2025 07:30,31.57,77,86.25,0.29,262.5,10.22
24-12-2025 07:30,24-12-2025 07:45,31.57,77,85.58,0.52,187.69,10.28
24-12-2025 07:45,24-12-2025 08:00,37.8,92.2,85.34,0.54,26.5,10.42
24-12-2025 08:00,24-12-2025 08:15,38.13,93,84.87,0.33,262.74,10.65
24-12-2025 08:15,24-12-2025 08:30,38.13,93,84.14,0.3,207.98,10.95
24-12-2025 08:30,24-12-2025 08:45,38.13,93,83.17,0.5,231.64,10.63
24-12-2025 08:45,24-12-2025 09:00,37.64,91.8,81.95,0.66,336.84,10.69
24-12-2025 09:00,24-12-2025 09:15,39.02,87,80.75,0.47,120.04,10.87
24-12-2025 09:15,24-12-2025 09:30,35.67,87,79.36,0.35,92.03,10.94
24-12-2025 09:30,24-12-2025 09:45,35.67,87,79.4,1.04,207.08,10.88
24-12-2025 09:45,24-12-2025 10:00,36.08,88,79.42,0.94,176.98,10.98
24-12-2025 10:00,24-12-2025 10:15,37.72,92,75.88,0.66,185.04,10.93
24-12-2025 10:15,24-12-2025 10:30,37.72,92,72.82,0.89,199.89,10.86
24-12-2025 10:30,24-12-2025 10:45,37.72,92,70.31,1.12,150.44,11.07
24-12-2025 10:45,24-12-2025 11:00,38.3,93.42,70.32,1.14,271.83,10.98
24-12-2025 11:00,24-12-2025 11:15,77,96.6,69.59,1.18,83.39,10.67
24-12-2025 11:15,24-12-2025 11:30,77,95.41,68.81,0.83,160.59,10.87
24-12-2025 11:30,24-12-2025 11:45,76.93,112.11,67.39,1.35,144.29,10.95
24-12-2025 11:45,24-12-2025 12:00,75.79,111.26,66.96,1.55,192.99,10.8
24-12-2025 12:00,24-12-2025 12:15,64,96.01,66.8,0.99,171.49,11.01
24-12-2025 12:15,24-12-2025 12:30,64,95.37,66.61,1.06,128.28,11.07
24-12-2025 12:30,24-12-2025 12:45,64,96.29,65.81,1.84,97.08,10.87
24-12-2025 12:45,24-12-2025 13:00,64,94.77,65.77,1.89,166.99,11.19
24-12-2025 13:00,24-12-2025 13:15,53,91.92,64.28,1.86,99.76,11.09
24-12-2025 13:15,24-12-2025 13:30,53,94.23,63.61,1.24,276.18,11
24-12-2025 13:30,24-12-2025 13:45,53,92.82,64.2,1.5,150.37,11.21
24-12-2025 13:45,24-12-2025 14:00,53,95.86,64,1.31,253.93,10.84
24-12-2025 14:00,24-12-2025 14:15,39,95.36,63,1.54,206.87,10.86
24-12-2025 14:15,24-12-2025 14:30,39,95.93,62.75,1.3,283.07,10.9
24-12-2025 14:30,24-12-2025 14:45,39,94.6,65.12,2.41,113,11.08
24-12-2025 14:45,24-12-2025 15:00,43.75,105.69,66.17,1.57,204.78,11.01
24-12-2025 15:00,24-12-2025 15:15,51.38,94.56,66.7,1.46,87.54,38.06
24-12-2025 15:15,24-12-2025 15:30,50,95.82,67.16,1.28,225.36,136.29
24-12-2025 15:30,24-12-2025 15:45,50,95.74,67.45,1.32,272.99,114.42
24-12-2025 15:45,24-12-2025 16:00,43.69,84.77,67.3,1.75,271.02,84.11
24-12-2025 16:00,24-12-2025 16:15,18.45,45,67.35,1.69,253.01,79.62
24-12-2025 16:15,24-12-2025 16:30,18.45,45,68.05,1.38,136.09,62.3
24-12-2025 16:30,24-12-2025 16:45,18.45,45,69.67,1.17,283.47,49.99
24-12-2025 16:45,24-12-2025 17:00,25.26,61.6,70.25,1.11,279.2,34.21
24-12-2025 17:00,24-12-2025 17:15,61,96.51,70.42,1.39,78.15,23.65
24-12-2025 17:15,24-12-2025 17:30,61,94.54,70.91,1.64,146.02,15.52
24-12-2025 17:30,24-12-2025 17:45,61,96.26,71.08,1.49,208.57,9.91
24-12-2025 17:45,24-12-2025 18:00,62.08,107.76,71.79,1.5,133.01,6.97
24-12-2025 18:00,24-12-2025 18:15,51,94.96,71.96,1.22,232.28,6.21
24-12-2025 18:15,24-12-2025 18:30,51,93.36,71.81,1.69,216.97,6.11
24-12-2025 18:30,24-12-2025 18:45,51,96.62,71.6,1.34,88.19,6.08
24-12-2025 18:45,24-12-2025 19:00,51,96.29,71.55,1.29,139.64,6.18
24-12-2025 19:00,24-12-2025 19:15,48,95.41,71.14,1.52,192.81,6.25
24-12-2025 19:15,24-12-2025 19:30,48,95.97,70.78,1.71,193.16,6.35
24-12-2025 19:30,24-12-2025 19:45,48,93.55,71.07,1.27,189.19,6.2
24-12-2025 19:45,24-12-2025 20:00,52.83,111,72.44,1.09,331.01,6.15
24-12-2025 20:00,24-12-2025 20:15,46,95.85,72.39,2.15,158,6.25
24-12-2025 20:15,24-12-2025 20:30,46,94.71,73.06,1.01,271.04,6.1
24-12-2025 20:30,24-12-2025 20:45,46,95.23,73.33,1.41,263.28,6.18
24-12-2025 20:45,24-12-2025 21:00,46,96.58,73.73,1.07,184.85,6.04
24-12-2025 21:00,24-12-2025 21:15,49,94.14,73.67,1.27,153.65,6.13
24-12-2025 21:15,24-12-2025 21:30,49,93.12,73.74,1.06,147.32,6.21
24-12-2025 21:30,24-12-2025 21:45,49,95.69,73.43,1.36,151.32,6.07
24-12-2025 21:45,24-12-2025 22:00,50.02,101.53,74.4,1.62,192.03,6.11
24-12-2025 22:00,24-12-2025 22:15,56,94.67,75,1.28,214.73,6.07
24-12-2025 22:15,24-12-2025 22:30,56,93.94,74.96,1.58,87.15,6.11
24-12-2025 22:30,24-12-2025 22:45,56,94.2,75.59,1.13,211.28,6.1
24-12-2025 22:45,24-12-2025 23:00,48.16,84.64,75.24,1.34,254.42,6.06
24-12-2025 23:00,24-12-2025 23:15,16.81,41,75.44,1.28,229.24,6
24-12-2025 23:15,24-12-2025 23:30,16.81,41,74.75,0.99,337.9,6.08
24-12-2025 23:30,24-12-2025 23:45,16.81,41,75.02,1.18,207.28,6.11
24-12-2025 23:45,25-12-2025 00:00,24.68,60.2,76.52,1.16,152.52,6.1
25-12-2025 00:00,25-12-2025 00:15,15.17,37,76.74,1.49,211.53,6.17
25-12-2025 00:15,25-12-2025 00:30,15.17,37,76.44,0.74,210.01,5.97
25-12-2025 00:30,25-12-2025 00:45,15.17,37,76.62,0.64,94.38,6.07
25-12-2025 00:45,25-12-2025 01:00,15.09,36.8,76.99,0.45,91.33,6.08
25-12-2025 01:00,25-12-2025 01:15,14.76,36,77.63,0.27,329.02,5.92
25-12-2025 01:15,25-12-2025 01:30,14.76,36,78.69,0.66,245.23,6.01
25-12-2025 01:30,25-12-2025 01:45,14.76,36,79.54,0.27,308.47,6.01
25-12-2025 01:45,25-12-2025 02:00,24.27,59.2,81.01,0.27,303.87,5.93
25-12-2025 02:00,25-12-2025 02:15,66.67,94.21,82.17,0.27,130.82,5.85
25-12-2025 02:15,25-12-2025 02:30,70,97.49,83.27,0.27,325.2,5.93
25-12-2025 02:30,25-12-2025 02:45,70,95.91,84.08,0.27,299.27,5.97
25-12-2025 02:45,25-12-2025 03:00,70,95.98,84.74,0.66,236.63,5.9
25-12-2025 03:00,25-12-2025 03:15,78,97.79,84.86,0.84,248.65,5.96
25-12-2025 03:15,25-12-2025 03:30,78,93.11,84.82,0.39,271.43,5.96
25-12-2025 03:30,25-12-2025 03:45,78,94.71,85.13,0.39,248.26,5.97
25-12-2025 03:45,25-12-2025 04:00,74.54,104.83,85.64,0.3,91.66,6.08
25-12-2025 04:00,25-12-2025 04:15,39.12,95.41,86.03,0.27,221.75,5.9
25-12-2025 04:15,25-12-2025 04:30,38.51,93.94,86.18,0.32,201.38,6
25-12-2025 04:30,25-12-2025 04:45,39.33,95.92,86.21,0.61,167.47,5.93
25-12-2025 04:45,25-12-2025 05:00,38.97,95.05,86.17,0.44,138.82,5.9
25-12-2025 05:00,25-12-2025 05:15,41.05,100.12,86.45,0.31,253.55,5.97
25-12-2025 05:15,25-12-2025 05:30,39.73,96.9,86.67,0.42,252.19,5.99
25-12-2025 05:30,25-12-2025 05:45,39.13,95.45,86.99,0.52,233.48,6
25-12-2025 05:45,25-12-2025 06:00,37.97,92.61,87.17,0.41,288.29,5.86
25-12-2025 06:00,25-12-2025 06:15,42.65,93.96,87.06,0.55,116.76,5.99
25-12-2025 06:15,25-12-2025 06:30,38.56,94.04,86.55,0.47,231.59,6.1
25-12-2025 06:30,25-12-2025 06:45,39.12,95.42,86.01,0.5,288.09,6.68
25-12-2025 06:45,25-12-2025 07:00,47.57,116.03,85.29,0.97,192.01,9.88
25-12-2025 07:00,25-12-2025 07:15,38.17,93.1,84.74,0.53,182.03,11.14
25-12-2025 07:15,25-12-2025 07:30,38.55,94.03,84.43,0.44,197.67,10.72
25-12-2025 07:30,25-12-2025 07:45,38.87,94.8,84.13,0.65,197.46,9.74
25-12-2025 07:45,25-12-2025 08:00,37.86,92.34,84.87,0.54,288.28,14.94
25-12-2025 08:00,25-12-2025 08:15,33.62,82,84.92,0.38,248.82,19.51
25-12-2025 08:15,25-12-2025 08:30,33.62,82,84.15,0.45,191.02,35.14
25-12-2025 08:30,25-12-2025 08:45,33.62,82,83.07,0.85,97.68,41.46
25-12-2025 08:45,25-12-2025 09:00,33.13,80.8,82.71,0.8,191.88,48.59
25-12-2025 09:00,25-12-2025 09:15,36.65,76,81.75,0.82,92.91,57.98
25-12-2025 09:15,25-12-2025 09:30,31.16,76,80.8,0.82,270.53,56.74
25-12-2025 09:30,25-12-2025 09:45,31.16,76,80.38,1.05,246.25,64.04
25-12-2025 09:45,25-12-2025 10:00,40.34,98.4,79.92,1.21,198.06,62.57
25-12-2025 10:00,25-12-2025 10:15,49.71,93.82,79.82,0.86,88.59,68.74
25-12-2025 10:15,25-12-2025 10:30,49.55,93.57,79.57,1.06,88.72,48.18
25-12-2025 10:30,25-12-2025 10:45,84.53,97.37,79.75,0.84,117.7,53.41
25-12-2025 10:45,25-12-2025 11:00,53.79,104.01,79.44,1.81,191.86,63.18
25-12-2025 11:00,25-12-2025 11:15,70.85,93.88,78.9,2.36,148.74,85.78
25-12-2025 11:15,25-12-2025 11:30,70.8,94.71,78.7,2.33,186.23,98.47
25-12-2025 11:30,25-12-2025 11:45,81.93,96.97,78.21,2.23,268.27,98.02
25-12-2025 11:45,25-12-2025 12:00,70.72,94.31,77.94,1.23,259.89,77.89
25-12-2025 12:00,25-12-2025 12:15,83,93.09,77.89,1.96,213.81,80
25-12-2025 12:15,25-12-2025 12:30,83,93.09,77.26,1.5,275.25,89.22
25-12-2025 12:30,25-12-2025 12:45,83,93.52,76.49,1.59,274.14,146.1
25-12-2025 12:45,25-12-2025 13:00,83,94.81,75.59,1.28,208.33,147.61
25-12-2025 13:00,25-12-2025 13:15,74.47,106.85,75.34,0.99,220.37,109.4
25-12-2025 13:15,25-12-2025 13:30,77,94.54,75.9,1.16,112.4,111.8
25-12-2025 13:30,25-12-2025 13:45,77,94.54,76.38,2.08,178.71,119.27
25-12-2025 13:45,25-12-2025 14:00,77,94.07,75.48,1.48,97.43,142.39
25-12-2025 14:00,25-12-2025 14:15,67,94.88,75.92,1.09,157.23,114.61
25-12-2025 14:15,25-12-2025 14:30,67,94.38,75.92,1.88,194.34,152.88
25-12-2025 14:30,25-12-2025 14:45,67,95.78,75.09,1.21,154.57,153.99
25-12-2025 14:45,25-12-2025 15:00,67,95.71,74.9,2.2,143.18,139.04
25-12-2025 15:00,25-12-2025 15:15,67,94.57,75.21,1.47,148.25,122.5
25-12-2025 15:15,25-12-2025 15:30,67,93.58,76.08,2.43,323.91,79.82
25-12-2025 15:30,25-12-2025 15:45,67,92.57,76.63,0.96,244.57,82.07
25-12-2025 15:45,25-12-2025 16:00,67.62,110.8,77.41,1.28,282.44,83.96
25-12-2025 16:00,25-12-2025 16:15,63,96.77,77.74,1.28,195.29,64.26
25-12-2025 16:15,25-12-2025 16:30,63,93.24,77.14,1.11,43.46,60.71
25-12-2025 16:30,25-12-2025 16:45,63,95.72,76.88,1.19,332.84,37.96
25-12-2025 16:45,25-12-2025 17:00,63,95.31,77.56,1.33,304.21,26.92
25-12-2025 17:00,25-12-2025 17:15,47,95.31,78.25,0.75,141.87,22.6
25-12-2025 17:15,25-12-2025 17:30,47,95.75,78.66,1.02,217.06,14
25-12-2025 17:30,25-12-2025 17:45,47,94.53,79.2,0.71,206.78,9.43
25-12-2025 17:45,25-12-2025 18:00,49.49,105.64,79.44,0.73,150.4,6.86
25-12-2025 18:00,25-12-2025 18:15,43,95.99,80.27,0.66,150.58,6.37
25-12-2025 18:15,25-12-2025 18:30,43,95.97,80.48,0.37,185.73,6.25
25-12-2025 18:30,25-12-2025 18:45,43,92.22,81.04,0.59,251.64,6.17
25-12-2025 18:45,25-12-2025 19:00,49.32,113.68,81.26,0.44,140,6.13
25-12-2025 19:00,25-12-2025 19:15,35,92.37,81.27,0.91,206.08,6.18
25-12-2025 19:15,25-12-2025 19:30,35,93.57,81.37,0.85,260.68,6.06
25-12-2025 19:30,25-12-2025 19:45,35,94.2,81.92,0.63,204.11,6.1
25-12-2025 19:45,25-12-2025 20:00,42.35,111.59,82.18,0.76,274.11,6.14
25-12-2025 20:00,25-12-2025 20:15,40.05,113.5,82.22,0.85,267.78,5.92
25-12-2025 20:15,25-12-2025 20:30,31,94.05,81.88,0.57,257.13,6.04
25-12-2025 20:30,25-12-2025 20:45,31,97.39,81.38,0.5,212.41,5.99
25-12-2025 20:45,25-12-2025 21:00,34.72,101.18,81.26,0.67,294.21,6.01
25-12-2025 21:00,25-12-2025 21:15,34,96.47,81.08,0.73,295.68,5.99
25-12-2025 21:15,25-12-2025 21:30,34,94.71,81.34,0.57,162.87,6.01
25-12-2025 21:30,25-12-2025 21:45,34,93.22,81.01,0.78,279.54,6.03
25-12-2025 21:45,25-12-2025 22:00,39.91,107,80.61,0.83,205.68,5.93
25-12-2025 22:00,25-12-2025 22:15,28,95.56,80.24,0.93,132.95,5.9
25-12-2025 22:15,25-12-2025 22:30,28,95.54,79.65,1.34,214.92,6.08
25-12-2025 22:30,25-12-2025 22:45,28,93.45,79.07,1.04,153.21,6.07
25-12-2025 22:45,25-12-2025 23:00,37.98,113.33,78.5,0.7,253.94,5.94
25-12-2025 23:00,25-12-2025 23:15,21,94.71,77.9,0.42,276.97,6.01
25-12-2025 23:15,25-12-2025 23:30,21,95.29,77.32,0.66,214.47,6.17
25-12-2025 23:30,25-12-2025 23:45,21,94.26,76.7,0.67,205.98,6.04
25-12-2025 23:45,26-12-2025 00:00,28.53,103.23,76.07,0.66,270.59,5.94
26-12-2025 00:00,26-12-2025 00:15,29.26,107.22,76,0.59,274.47,6.07
26-12-2025 00:15,26-12-2025 00:30,21,94.73,76.19,0.73,283.64,5.97
26-12-2025 00:30,26-12-2025 00:45,21,93.61,75.58,0.69,217.89,6.07
26-12-2025 00:45,26-12-2025 01:00,28.44,104.88,74.92,0.39,223.23,6.17
26-12-2025 01:00,26-12-2025 01:15,45.11,110.14,75.13,0.29,154.02,5.99
26-12-2025 01:15,26-12-2025 01:30,35,95.57,75.77,0.48,325.64,6.1
26-12-2025 01:30,26-12-2025 01:45,35,94.42,76.22,1.01,308.74,6.01
26-12-2025 01:45,26-12-2025 02:00,35,94.23,75.81,0.85,198.15,5.93
26-12-2025 02:00,26-12-2025 02:15,31,95.74,76.28,0.33,139.67,5.99
26-12-2025 02:15,26-12-2025 02:30,31,96.97,76.77,1.06,154.56,6.15
26-12-2025 02:30,26-12-2025 02:45,31,97.33,76.26,0.46,272.43,6.06
26-12-2025 02:45,26-12-2025 03:00,36.2,103.04,76.95,0.62,274.75,6.07
26-12-2025 03:00,26-12-2025 03:15,36,96.14,76.88,0.36,211.05,6.07
26-12-2025 03:15,26-12-2025 03:30,36,96.08,76.66,0.87,209.25,6.06
26-12-2025 03:30,26-12-2025 03:45,36,97.03,76.99,1.03,149.98,6.11
26-12-2025 03:45,26-12-2025 04:00,37.98,97.18,77.07,1.13,254.42,6.04
26-12-2025 04:00,26-12-2025 04:15,52,95.96,77.07,0.64,211.44,5.96
26-12-2025 04:15,26-12-2025 04:30,54.64,108.81,77.25,0.74,263.51,6.03
26-12-2025 04:30,26-12-2025 04:45,52,94.68,76.74,0.98,133.72,6.1
26-12-2025 04:45,26-12-2025 05:00,52.83,104.7,76.51,0.66,157.93,6.13
26-12-2025 05:00,26-12-2025 05:15,47,95.17,76.79,0.67,275.09,6.07
26-12-2025 05:15,26-12-2025 05:30,47,97.94,76.62,1.02,321.68,6.21
26-12-2025 05:30,26-12-2025 05:45,47,95.85,76.82,0.68,149.32,6.04
26-12-2025 05:45,26-12-2025 06:00,51.95,110.11,77.11,1.34,141.97,5.96
26-12-2025 06:00,26-12-2025 06:15,47,95.29,77.57,0.52,261.83,6.03
26-12-2025 06:15,26-12-2025 06:30,47,96.28,77.45,0.65,276.88,6.55
26-12-2025 06:30,26-12-2025 06:45,47,96.52,77.49,1.81,217.87,8.17
26-12-2025 06:45,26-12-2025 07:00,48.26,102.55,77.73,0.83,150.28,11.97
26-12-2025 07:00,26-12-2025 07:15,42,95.26,77.48,1.29,313.49,16.83
26-12-2025 07:15,26-12-2025 07:30,49.1,114.11,77.27,0.89,267.9,18.78
26-12-2025 07:30,26-12-2025 07:45,42,96.13,76.87,0.96,270.58,26.85
26-12-2025 07:45,26-12-2025 08:00,42,94.48,76.33,0.8,248.33,33.19
26-12-2025 08:00,26-12-2025 08:15,42,95.82,76.12,0.71,194.54,34.5
26-12-2025 08:15,26-12-2025 08:30,42,93.28,75.2,1.34,299.42,38.81
26-12-2025 08:30,26-12-2025 08:45,42,95.77,74.83,1.14,276.62,44.34
26-12-2025 08:45,26-12-2025 09:00,42.78,98.85,74.2,1.3,127.35,44.88
26-12-2025 09:00,26-12-2025 09:15,49,95.56,73.59,1.28,182.94,50.3
26-12-2025 09:15,26-12-2025 09:30,49,94.29,73.16,1.62,179.5,51.12
26-12-2025 09:30,26-12-2025 09:45,52.24,107.62,72.03,1.46,208.95,55.61
26-12-2025 09:45,26-12-2025 10:00,52.07,108.08,71.52,0.99,189.07,57.99
26-12-2025 10:00,26-12-2025 10:15,55,93.4,70.93,1.66,226.95,60.61
26-12-2025 10:15,26-12-2025 10:30,55,94.39,70.7,1.84,213.96,62.08
26-12-2025 10:30,26-12-2025 10:45,55,95.46,70.19,1.6,150.52,65.14
26-12-2025 10:45,26-12-2025 11:00,59.25,114.51,69.87,1.5,137.18,68.82
26-12-2025 11:00,26-12-2025 11:15,53,93.76,69.48,2.12,92.59,73.1
26-12-2025 11:15,26-12-2025 11:30,53,96.43,69.17,1.66,206.58,80.1
26-12-2025 11:30,26-12-2025 11:45,53,92.65,68.46,1.71,87.4,89.15
26-12-2025 11:45,26-12-2025 12:00,56.18,107.73,68.8,2.01,71.25,84.35
26-12-2025 12:00,26-12-2025 12:15,42,97.03,68.88,1.71,29.85,167.22
26-12-2025 12:15,26-12-2025 12:30,42,97.45,68.54,2.1,149.05,228.29
26-12-2025 12:30,26-12-2025 12:45,42,96.12,68.32,2.65,69.41,224.27
26-12-2025 12:45,26-12-2025 13:00,48.03,110.7,68.8,1.19,91.63,228.85
26-12-2025 13:00,26-12-2025 13:15,52,95.11,68,1.89,196.07,227.93
26-12-2025 13:15,26-12-2025 13:30,52,94.04,68.44,1.4,164.64,223.11
26-12-2025 13:30,26-12-2025 13:45,52,91.61,68.1,1.69,148.51,215.17
26-12-2025 13:45,26-12-2025 14:00,53.65,106.05,67.45,2.45,194.73,204.14
26-12-2025 14:00,26-12-2025 14:15,41,94.68,67.2,1.56,95.33,191.24
26-12-2025 14:15,26-12-2025 14:30,41,96.61,67.27,1.43,206.01,182.88
26-12-2025 14:30,26-12-2025 14:45,41,98,67.31,2.24,189.53,167.27
26-12-2025 14:45,26-12-2025 15:00,46.74,109.84,67.97,1.55,179.22,152.08
26-12-2025 15:00,26-12-2025 15:15,52,95.58,68.35,1.85,192.65,139.31
26-12-2025 15:15,26-12-2025 15:30,52,94.9,68.17,1.65,224.16,124.66
26-12-2025 15:30,26-12-2025 15:45,52,95.64,68.35,1.48,188.21,106.21
26-12-2025 15:45,26-12-2025 16:00,52,93.51,68.77,1.31,102.08,89.18
26-12-2025 16:00,26-12-2025 16:15,44,95.4,69.61,1.6,200.73,76.88
26-12-2025 16:15,26-12-2025 16:30,44,93.4,69.9,1.44,26.5,60.18
26-12-2025 16:30,26-12-2025 16:45,46.84,103.81,70.37,1.54,241.47,44.23
26-12-2025 16:45,26-12-2025 17:00,44.38,98.76,70.95,1.86,88.11,32.05
26-12-2025 17:00,26-12-2025 17:15,42,94.16,71.3,1.28,37.27,22.45
26-12-2025 17:15,26-12-2025 17:30,42,93.63,71.89,0.86,159.39,15.22
26-12-2025 17:30,26-12-2025 17:45,42,95.76,72.39,0.75,157.03,9.97
26-12-2025 17:45,26-12-2025 18:00,42,95.09,72.32,0.84,89.24,6.88
26-12-2025 18:00,26-12-2025 18:15,50,95,72.99,1.29,147.41,6.22
26-12-2025 18:15,26-12-2025 18:30,50,93.03,73.26,0.84,273.6,6.29
26-12-2025 18:30,26-12-2025 18:45,50,93.73,73.11,0.68,148.87,6.28
26-12-2025 18:45,26-12-2025 19:00,50,100.95,73.22,1.44,214.63,6.2
26-12-2025 19:00,26-12-2025 19:15,53,95.06,72.82,1.05,253.31,6.08
26-12-2025 19:15,26-12-2025 19:30,53,92.97,73.18,1.59,252.63,6.2
26-12-2025 19:30,26-12-2025 19:45,53,96.5,73.02,1.26,201.98,6.2
26-12-2025 19:45,26-12-2025 20:00,53,94.73,71.7,1.75,212.03,5.97
26-12-2025 20:00,26-12-2025 20:15,49,93.68,71.33,0.9,152.65,6.11
26-12-2025 20:15,26-12-2025 20:30,49,93.38,70.97,1.6,153.21,6.18
26-12-2025 20:30,26-12-2025 20:45,49,97.49,70.37,1.15,94.01,6.04
26-12-2025 20:45,26-12-2025 21:00,53.47,112.11,70.09,1.64,150.58,6.08
26-12-2025 21:00,26-12-2025 21:15,50,94.37,70.12,1.3,210.82,6.13
26-12-2025 21:15,26-12-2025 21:30,50,96.37,70.17,1.52,198.79,6.18
26-12-2025 21:30,26-12-2025 21:45,50,96.29,69.38,1.71,202.64,6.22
26-12-2025 21:45,26-12-2025 22:00,51.56,104.73,69.76,1.35,206.72,6.15
26-12-2025 22:00,26-12-2025 22:15,51.38,107.66,70.15,1.22,275.41,6.18
26-12-2025 22:15,26-12-2025 22:30,45,97.06,70.3,1.28,146.47,6.22
26-12-2025 22:30,26-12-2025 22:45,45,96.09,69.82,1.19,26.5,6.36
26-12-2025 22:45,26-12-2025 23:00,51.17,113.44,70.71,0.83,260.88,6.24
26-12-2025 23:00,26-12-2025 23:15,50,94.48,71.12,1.38,148.74,6.17
26-12-2025 23:15,26-12-2025 23:30,52.87,110.23,70.35,0.92,155.46,6.17
26-12-2025 23:30,26-12-2025 23:45,50,95.84,70.63,1.06,250.75,6.25
26-12-2025 23:45,27-12-2025 00:00,53.04,106.87,70.64,0.6,327.29,6.18
27-12-2025 00:00,27-12-2025 00:15,60,93.44,70.93,0.82,146.05,6.34
27-12-2025 00:15,27-12-2025 00:30,60,94.29,70.33,0.91,105.8,6.25
27-12-2025 00:30,27-12-2025 00:45,60,95.26,70.87,0.77,329.55,6.17
27-12-2025 00:45,27-12-2025 01:00,58.25,101.26,71.23,1.23,256.37,6.04
27-12-2025 01:00,27-12-2025 01:15,52,94.59,71.53,0.88,208.34,6.13
27-12-2025 01:15,27-12-2025 01:30,52,93.98,71.82,0.52,87.95,6.14
27-12-2025 01:30,27-12-2025 01:45,52,94.33,71.88,0.65,214.39,6.15
27-12-2025 01:45,27-12-2025 02:00,56.69,113.9,72.37,0.37,314.95,6.06
27-12-2025 02:00,27-12-2025 02:15,47.26,94.19,73.03,1.16,202.75,6.22
27-12-2025 02:15,27-12-2025 02:30,45,92.71,72.57,0.61,269.21,6.13
27-12-2025 02:30,27-12-2025 02:45,45,96.69,72.36,1.03,333.1,6.22
27-12-2025 02:45,27-12-2025 03:00,50.84,112.35,71.93,1,339.15,6.04
27-12-2025 03:00,27-12-2025 03:15,36,96.2,72.88,0.56,206.91,5.96
27-12-2025 03:15,27-12-2025 03:30,36,96.06,72.65,0.91,243.71,6
27-12-2025 03:30,27-12-2025 03:45,42.58,110.8,72.82,0.41,242.33,6.1
27-12-2025 03:45,27-12-2025 04:00,40.53,104.79,74.95,0.28,325.32,6.08
27-12-2025 04:00,27-12-2025 04:15,53.35,105.21,76.36,0.27,336.4,6.11
27-12-2025 04:15,27-12-2025 04:30,51,95.61,77.44,0.27,220.62,6.07
27-12-2025 04:30,27-12-2025 04:45,51,93.67,78.41,0.34,261.47,6.08
27-12-2025 04:45,27-12-2025 05:00,54.82,109.75,79.47,1.35,229.95,6.07
27-12-2025 05:00,27-12-2025 05:15,76,94.57,80.26,0.27,284.03,6.04
27-12-2025 05:15,27-12-2025 05:30,76,93.86,80.83,0.27,325.23,5.99
27-12-2025 05:30,27-12-2025 05:45,76,95.68,81.28,0.27,182.16,6.1
27-12-2025 05:45,27-12-2025 06:00,76,94.49,81.88,0.47,279.96,5.93
27-12-2025 06:00,27-12-2025 06:15,85,95.99,82.25,0.65,272.82,5.96
27-12-2025 06:15,27-12-2025 06:30,85,96.57,82.69,0.32,263.92,6.39
27-12-2025 06:30,27-12-2025 06:45,85,94.93,82.86,0.27,198.51,7.62
27-12-2025 06:45,27-12-2025 07:00,80.38,107.02,82.58,0.4,188.41,9.3
27-12-2025 07:00,27-12-2025 07:15,38.13,93,82.06,0.46,306,12.24
27-12-2025 07:15,27-12-2025 07:30,39,95.11,81.41,0.36,181.32,20.69
27-12-2025 07:30,27-12-2025 07:45,40.01,97.58,80.59,0.54,242,29.58
27-12-2025 07:45,27-12-2025 08:00,38.75,94.52,79.95,0.61,269.52,21.98
27-12-2025 08:00,27-12-2025 08:15,38.88,94.83,79.97,0.27,291.33,38.97
27-12-2025 08:15,27-12-2025 08:30,39.67,96.75,78.63,0.44,109.29,32.88
27-12-2025 08:30,27-12-2025 08:45,40.27,98.23,78.12,0.8,169.92,43.92
27-12-2025 08:45,27-12-2025 09:00,39.38,96.04,77.49,0.96,149.3,50.74
27-12-2025 09:00,27-12-2025 09:15,38.99,95.1,77.05,0.82,121.15,53.69
27-12-2025 09:15,27-12-2025 09:30,39.39,96.06,75.86,0.97,194.49,77.04
27-12-2025 09:30,27-12-2025 09:45,39.37,96.01,75.01,0.77,138.98,46.83
27-12-2025 09:45,27-12-2025 10:00,39.53,96.42,75.72,1.19,210.43,58.26
27-12-2025 10:00,27-12-2025 10:15,39.72,96.87,75.16,2.29,93.57,89.38
27-12-2025 10:15,27-12-2025 10:30,39.91,97.36,73.48,1.63,103.26,94.8
27-12-2025 10:30,27-12-2025 10:45,38.41,93.67,73.13,2,113.53,91.34
27-12-2025 10:45,27-12-2025 11:00,44.57,108.71,72.48,1.82,144.78,92.84
27-12-2025 11:00,27-12-2025 11:15,64,96.86,71.6,1.54,146.7,103.71
27-12-2025 11:15,27-12-2025 11:30,65.3,110.75,70.3,1.87,279.71,89.94
27-12-2025 11:30,27-12-2025 11:45,64,93.67,69.48,2,208.43,96.59
27-12-2025 11:45,27-12-2025 12:00,64,95.45,68.69,1.91,201.58,92.75
27-12-2025 12:00,27-12-2025 12:15,42,93.83,68.44,2.1,275.68,163.98
27-12-2025 12:15,27-12-2025 12:30,42,97.31,68.04,1.89,72.22,253.88
27-12-2025 12:30,27-12-2025 12:45,42,96.48,68.7,1.8,224.22,246.9
27-12-2025 12:45,27-12-2025 13:00,43.19,98.81,68.55,2.19,174.79,245.18
27-12-2025 13:00,27-12-2025 13:15,27,93.15,68.57,2.24,332.64,240.51
27-12-2025 13:15,27-12-2025 13:30,27,93.22,67.77,1.62,280.61,235.16
27-12-2025 13:30,27-12-2025 13:45,27,94.54,67.95,1.88,145.49,223.91
27-12-2025 13:45,27-12-2025 14:00,27,95.19,67.54,1.66,154.39,213.23
27-12-2025 14:00,27-12-2025 14:15,36,92.87,66.67,1.39,233.65,200.61
27-12-2025 14:15,27-12-2025 14:30,36,93.69,67.23,2.28,313.2,183.88
27-12-2025 14:30,27-12-2025 14:45,39.38,100.31,67.42,2.16,88.62,174.14
27-12-2025 14:45,27-12-2025 15:00,44.13,112.95,67.17,1.42,157.58,159.12
27-12-2025 15:00,27-12-2025 15:15,41,93.82,66.72,1.52,163.24,142.38
27-12-2025 15:15,27-12-2025 15:30,41,95.73,67.66,1.87,235.51,124.09
27-12-2025 15:30,27-12-2025 15:45,41,92.7,67.72,1.4,91.71,105.18
27-12-2025 15:45,27-12-2025 16:00,47.15,110.36,68.6,0.72,277.33,90.81
27-12-2025 16:00,27-12-2025 16:15,44,95.26,69.17,1.78,217.46,75.54
27-12-2025 16:15,27-12-2025 16:30,44,93.73,69.53,1.08,146.88,63.01
27-12-2025 16:30,27-12-2025 16:45,44,95.95,69.74,1.04,147.09,49.21
27-12-2025 16:45,27-12-2025 17:00,50.37,112.68,70.01,1.15,314.72,34.71
27-12-2025 17:00,27-12-2025 17:15,40,96.37,70.42,1.41,242.63,25.86
27-12-2025 17:15,27-12-2025 17:30,40,93.78,71.2,0.64,338.16,16.45
27-12-2025 17:30,27-12-2025 17:45,40,94.06,71.65,1.82,206.5,10.09
27-12-2025 17:45,27-12-2025 18:00,46.84,113.12,72.36,1.63,148.55,7.16
27-12-2025 18:00,27-12-2025 18:15,38,96.73,72.76,1.51,198.42,6.27
27-12-2025 18:15,27-12-2025 18:30,38,96.08,73.06,1.22,213.62,6.32
27-12-2025 18:30,27-12-2025 18:45,38,94.28,72.82,1.02,206.49,6.24
27-12-2025 18:45,27-12-2025 19:00,44.09,108.37,72.79,1.24,199.48,6.21
27-12-2025 19:00,27-12-2025 19:15,37.51,98.52,73.11,0.81,188.42,6.25
27-12-2025 19:15,27-12-2025 19:30,35,95.01,73.32,0.67,336.73,6.24
27-12-2025 19:30,27-12-2025 19:45,35,93.82,73.63,1.28,232.23,6.27
27-12-2025 19:45,27-12-2025 20:00,38.5,99.61,73.07,1.12,187.13,6.22
27-12-2025 20:00,27-12-2025 20:15,52.5,94.77,73.12,0.93,216.61,6.15
27-12-2025 20:15,27-12-2025 20:30,51,97.39,73.31,1.32,235.45,6.24
27-12-2025 20:30,27-12-2025 20:45,51,95.75,72.7,0.77,346.28,6.18
27-12-2025 20:45,27-12-2025 21:00,51,94.5,73.04,0.82,217.42,6.1
27-12-2025 21:00,27-12-2025 21:15,49,97.11,72.74,1.07,317.15,6
27-12-2025 21:15,27-12-2025 21:30,49,91.71,72.72,0.62,271.87,6.11
27-12-2025 21:30,27-12-2025 21:45,49,95.82,72.78,0.79,280.14,6
27-12-2025 21:45,27-12-2025 22:00,52.07,107.09,73.21,0.61,202.07,6.07
27-12-2025 22:00,27-12-2025 22:15,41,96.17,72.8,0.83,203.89,6.13
27-12-2025 22:15,27-12-2025 22:30,41,95.6,72.65,0.88,267.53,6.14
27-12-2025 22:30,27-12-2025 22:45,41,95.34,73.03,1.01,264.19,6.11
27-12-2025 22:45,27-12-2025 23:00,41,96.3,73.53,0.37,326.51,5.97
27-12-2025 23:00,27-12-2025 23:15,42,94.84,73.53,0.77,237.58,6.03
27-12-2025 23:15,27-12-2025 23:30,42,96.06,73.35,1.28,322.99,6.04
27-12-2025 23:30,27-12-2025 23:45,42,96.86,73.24,0.57,138.32,6.17
27-12-2025 23:45,28-12-2025 00:00,48.85,113.89,73.44,0.42,274.18,6.13
28-12-2025 00:00,28-12-2025 00:15,48.6,102.33,73.39,0.58,270.91,6.22
28-12-2025 00:15,28-12-2025 00:30,48.03,109.68,73.45,0.72,101.85,6.11
28-12-2025 00:30,28-12-2025 00:45,42,93.87,73.15,0.87,275.22,6.06
28-12-2025 00:45,28-12-2025 01:00,43.93,100.32,72.98,0.63,268.05,6.2
28-12-2025 01:00,28-12-2025 01:15,42,94.26,72.95,0.4,255.99,6.1
28-12-2025 01:15,28-12-2025 01:30,46.97,107.11,72.81,0.8,190.59,6.17
28-12-2025 01:30,28-12-2025 01:45,42,93.83,73.03,0.51,214.59,6.15
28-12-2025 01:45,28-12-2025 02:00,42,95.82,72.85,0.75,267.58,6.1
28-12-2025 02:00,28-12-2025 02:15,50,94.33,73.08,0.43,268.8,6.1
28-12-2025 02:15,28-12-2025 02:30,50,93.95,72.9,0.7,216.16,6.15
28-12-2025 02:30,28-12-2025 02:45,50,97.05,72.92,0.27,154.09,6.22
28-12-2025 02:45,28-12-2025 03:00,51.64,104.31,75.13,0.27,254.38,6.14
28-12-2025 03:00,28-12-2025 03:15,53,97.1,76.91,0.27,314.43,6.15
28-12-2025 03:15,28-12-2025 03:30,53,93.55,78.22,0.27,131.36,6.01
28-12-2025 03:30,28-12-2025 03:45,53,94.91,79.39,0.27,230.86,6.07
28-12-2025 03:45,28-12-2025 04:00,57.63,120.65,80.57,0.27,250.69,6
28-12-2025 04:00,28-12-2025 04:15,75.27,110.57,81.68,0.51,251.7,6.11
28-12-2025 04:15,28-12-2025 04:30,78,98.02,82.29,0.31,302.65,6.06
28-12-2025 04:30,28-12-2025 04:45,78,93.38,82.82,0.27,307.06,6.06
28-12-2025 04:45,28-12-2025 05:00,78,95.19,83.36,0.27,307.79,5.86
28-12-2025 05:00,28-12-2025 05:15,60.6,94.14,83.59,0.27,89.3,6.04
28-12-2025 05:15,28-12-2025 05:30,49.23,93.47,83.64,0.42,231.12,6.14
28-12-2025 05:30,28-12-2025 05:45,72.27,96.24,83.6,0.3,247.09,6.08
28-12-2025 05:45,28-12-2025 06:00,85.76,101.93,83.66,0.27,313.86,6.13
28-12-2025 06:00,28-12-2025 06:15,38.7,94.39,83.81,0.37,280.48,6.1
28-12-2025 06:15,28-12-2025 06:30,38.99,95.1,84.06,0.27,319.66,6.39
28-12-2025 06:30,28-12-2025 06:45,43.98,107.27,84.22,0.27,310.12,7.58
28-12-2025 06:45,28-12-2025 07:00,43.65,106.45,84.02,0.38,85.12,10.62
28-12-2025 07:00,28-12-2025 07:15,38.88,94.82,83.98,0.27,34.42,15.13
28-12-2025 07:15,28-12-2025 07:30,39.82,97.11,83.79,0.27,200.82,20.39
28-12-2025 07:30,28-12-2025 07:45,39.39,96.06,83.41,0.29,313.13,25.21
28-12-2025 07:45,28-12-2025 08:00,39.43,96.16,82.75,0.51,245.36,28.97
28-12-2025 08:00,28-12-2025 08:15,37.98,92.64,81.98,0.42,147.09,33.62
28-12-2025 08:15,28-12-2025 08:30,39.23,95.67,80.71,0.43,268.42,38.09
28-12-2025 08:30,28-12-2025 08:45,39.77,97.01,79.01,0.52,108.25,42.45
28-12-2025 08:45,28-12-2025 09:00,38.2,93.17,76.65,1.08,185.86,44.39
28-12-2025 09:00,28-12-2025 09:15,39.72,96.88,73.98,1.58,139.88,49.24
28-12-2025 09:15,28-12-2025 09:30,38.87,94.81,73.17,1.3,179.9,50.87
28-12-2025 09:30,28-12-2025 09:45,39.83,97.15,72.1,1.15,337.66,52.65
28-12-2025 09:45,28-12-2025 10:00,42.82,104.44,71.11,1.21,86.8,53.9
28-12-2025 10:00,28-12-2025 10:15,69,93.52,70.18,1,250.72,56.89
28-12-2025 10:15,28-12-2025 10:30,69,94.17,69.28,1.45,143.5,59.76
28-12-2025 10:30,28-12-2025 10:45,69,97.19,69.2,1.78,337.77,57.53
28-12-2025 10:45,28-12-2025 11:00,70.7,115.14,68.81,1.6,208.37,57.15
28-12-2025 11:00,28-12-2025 11:15,56,94.47,67.99,1.5,98.56,62.78
28-12-2025 11:15,28-12-2025 11:30,56,92.88,67.96,1.33,148.9,65.81
28-12-2025 11:30,28-12-2025 11:45,56,94.69,67.87,1.08,95.35,85.06
28-12-2025 11:45,28-12-2025 12:00,56.53,103.5,67.8,1.27,137.03,73.75
28-12-2025 12:00,28-12-2025 12:15,54,92.34,67.04,2.4,66.07,151.52
28-12-2025 12:15,28-12-2025 12:30,54,96.21,67.68,2.07,147.35,236.27
28-12-2025 12:30,28-12-2025 12:45,54,95.41,67.18,1.81,132.67,228.69
28-12-2025 12:45,28-12-2025 13:00,57.55,110.09,67.24,1.76,171.56,220.69
28-12-2025 13:00,28-12-2025 13:15,53,95.17,67.21,1.41,139.51,224.58
28-12-2025 13:15,28-12-2025 13:30,53,94.96,67.16,1.89,273.15,204.03
28-12-2025 13:30,28-12-2025 13:45,53,96.59,67.59,1.5,208.16,215.94
28-12-2025 13:45,28-12-2025 14:00,53,95.04,67.08,2.83,161.95,190.92
28-12-2025 14:00,28-12-2025 14:15,53,95.95,66.69,2.19,84.51,157.06
28-12-2025 14:15,28-12-2025 14:30,53,95.24,67.14,1.16,217.63,156.82
28-12-2025 14:30,28-12-2025 14:45,53,96.5,66.6,1.66,28.81,154.91
28-12-2025 14:45,28-12-2025 15:00,56.91,112.74,67.48,2.02,107.11,136.89
28-12-2025 15:00,28-12-2025 15:15,64,94.52,67.8,1.3,157.81,131.76
28-12-2025 15:15,28-12-2025 15:30,64,95.54,67.14,1.75,225.62,124.8
28-12-2025 15:30,28-12-2025 15:45,61.7,101.17,67.37,1.67,326.43,111.66
28-12-2025 15:45,28-12-2025 16:00,63.01,103.2,68.38,1.94,245.26,95.86
28-12-2025 16:00,28-12-2025 16:15,52,95.47,69.19,1.53,217.9,74.37
28-12-2025 16:15,28-12-2025 16:30,52,94.42,69.62,1.45,245.47,41.21
28-12-2025 16:30,28-12-2025 16:45,52,94.21,70.1,1.21,148.31,32.29
28-12-2025 16:45,28-12-2025 17:00,51.36,100.33,70.39,1.44,196.37,25.13
28-12-2025 17:00,28-12-2025 17:15,74,96.5,70.79,1.78,275.83,19.52
28-12-2025 17:15,28-12-2025 17:30,74,96.16,71.36,1.26,313.79,14.77
28-12-2025 17:30,28-12-2025 17:45,74,95.38,72.12,1.61,91.55,10.11
28-12-2025 17:45,28-12-2025 18:00,74,96.82,72.34,1.42,154.35,7.13
28-12-2025 18:00,28-12-2025 18:15,73,96.59,73.83,1.21,252.2,6.17
28-12-2025 18:15,28-12-2025 18:30,73,96.45,74.16,1,157.45,6.2
28-12-2025 18:30,28-12-2025 18:45,73,95.85,74.55,1.3,265.7,6.25
28-12-2025 18:45,28-12-2025 19:00,71.27,107.49,74.68,1.11,261.01,6.17
28-12-2025 19:00,28-12-2025 19:15,74,96.08,74.65,1.21,279.04,6.14
28-12-2025 19:15,28-12-2025 19:30,74,97.24,74.07,0.99,246.91,6.17
28-12-2025 19:30,28-12-2025 19:45,74,94.07,74.49,1.31,130.34,6.2
28-12-2025 19:45,28-12-2025 20:00,68.71,101.01,74.95,0.9,296.13,5.97
28-12-2025 20:00,28-12-2025 20:15,89,95.92,75.03,0.88,215.42,6.13
28-12-2025 20:15,28-12-2025 20:30,89,95.77,75.24,0.99,216.75,6.21
28-12-2025 20:30,28-12-2025 20:45,89,95.81,74.57,1.06,189.85,6.14
28-12-2025 20:45,28-12-2025 21:00,89,95.61,75.1,1.07,243.68,6.13
28-12-2025 21:00,28-12-2025 21:15,75,97.42,74.53,0.85,257.86,6.15
28-12-2025 21:15,28-12-2025 21:30,75,93.39,74.77,0.78,263.73,6.18
28-12-2025 21:30,28-12-2025 21:45,75,93.69,74.82,1.5,191.58,6.01
28-12-2025 21:45,28-12-2025 22:00,73.28,107.11,74.81,0.71,94.46,6.1
28-12-2025 22:00,28-12-2025 22:15,80,93.37,74.62,0.66,202.95,6.03
28-12-2025 22:15,28-12-2025 22:30,80,96.4,75.01,0.5,271.38,6.04
28-12-2025 22:30,28-12-2025 22:45,80,93.79,74.84,0.99,292.09,6.06
28-12-2025 22:45,28-12-2025 23:00,75.64,102.01,75.1,0.94,180.9,6.08
28-12-2025 23:00,28-12-2025 23:15,77,95.55,75.24,0.48,280.21,5.99
28-12-2025 23:15,28-12-2025 23:30,77,93.82,74.83,0.9,194.54,6.11
28-12-2025 23:30,28-12-2025 23:45,77,93.57,74.47,0.37,272.03,5.92
28-12-2025 23:45,29-12-2025 00:00,77,95.42,74.79,0.49,328.26,5.92
29-12-2025 00:00,29-12-2025 00:15,79,96.68,75.56,0.64,255.44,6.06
29-12-2025 00:15,29-12-2025 00:30,79,94.03,74.84,0.82,209.69,6.14
29-12-2025 00:30,29-12-2025 00:45,79,95.37,74.83,0.45,210.67,6.17
29-12-2025 00:45,29-12-2025 01:00,77.8,112.44,74.92,0.68,270.78,6.04
29-12-2025 01:00,29-12-2025 01:15,76,93.34,75.07,0.43,141.56,6.08
29-12-2025 01:15,29-12-2025 01:30,76,94.24,74.92,1.11,116.44,6.08
29-12-2025 01:30,29-12-2025 01:45,76,95.61,75.17,1.09,285.84,6.04
29-12-2025 01:45,29-12-2025 02:00,76,95.66,74.49,1.57,88.85,6.2
29-12-2025 02:00,29-12-2025 02:15,80,95.55,73.95,1.33,211.82,6.07
29-12-2025 02:15,29-12-2025 02:30,80,94.76,74.13,1.3,273.51,6.08
29-12-2025 02:30,29-12-2025 02:45,80,96.23,74.07,0.83,277.87,6.04
29-12-2025 02:45,29-12-2025 03:00,80,96.32,74.43,0.73,274.85,6.04
29-12-2025 03:00,29-12-2025 03:15,75,94.38,74.53,0.64,331.46,6.18
29-12-2025 03:15,29-12-2025 03:30,75,95.21,75.25,0.83,314.31,6.1
29-12-2025 03:30,29-12-2025 03:45,73.86,108.4,75.3,1,271.15,6.17
29-12-2025 03:45,29-12-2025 04:00,72.22,104.76,74.89,0.81,319.54,6.01
29-12-2025 04:00,29-12-2025 04:15,73,110.23,75.24,0.78,264.77,6.08
29-12-2025 04:15,29-12-2025 04:30,73,95.5,74.29,0.67,335.9,6.25
29-12-2025 04:30,29-12-2025 04:45,73,95.78,74.72,0.51,272.37,6.11
29-12-2025 04:45,29-12-2025 05:00,71.03,107.49,75.91,0.27,87.41,6.13
29-12-2025 05:00,29-12-2025 05:15,71,97.06,77.28,0.45,92,6.08
29-12-2025 05:15,29-12-2025 05:30,71,96.7,76.05,0.71,277.57,6.15
29-12-2025 05:30,29-12-2025 05:45,71,96.53,75.25,1.07,271.6,6.14
29-12-2025 05:45,29-12-2025 06:00,71,92.61,76.51,0.37,323.03,6.1
29-12-2025 06:00,29-12-2025 06:15,82,97.26,79.6,0.27,213.85,6.08
29-12-2025 06:15,29-12-2025 06:30,82,94.71,81.92,0.41,275.14,6.52
29-12-2025 06:30,29-12-2025 06:45,82,95.88,83.36,0.33,246.89,7.62
29-12-2025 06:45,29-12-2025 07:00,77,102.49,83.89,0.35,246.94,10.67
29-12-2025 07:00,29-12-2025 07:15,39.55,96.47,84.01,0.32,249.92,11.39
29-12-2025 07:15,29-12-2025 07:30,39.18,95.56,83.86,0.27,319.71,18
29-12-2025 07:30,29-12-2025 07:45,37.76,92.09,83.59,0.38,133.94,23
29-12-2025 07:45,29-12-2025 08:00,40.17,97.98,83.47,0.34,143.33,28.53
29-12-2025 08:00,29-12-2025 08:15,39.34,95.95,82.78,0.38,265.12,41.25
29-12-2025 08:15,29-12-2025 08:30,38.95,95.01,81.42,0.7,193.31,46.15
29-12-2025 08:30,29-12-2025 08:45,38.92,94.91,80.5,0.81,200.89,46.87
29-12-2025 08:45,29-12-2025 09:00,38.83,94.7,79.7,0.55,308.33,57.88
29-12-2025 09:00,29-12-2025 09:15,39.32,95.9,78.22,0.62,152.26,54.49
29-12-2025 09:15,29-12-2025 09:30,39.48,96.28,76.6,1.36,210.3,58.9
29-12-2025 09:30,29-12-2025 09:45,38.44,93.77,74.44,1.19,263.9,63.6
29-12-2025 09:45,29-12-2025 10:00,42.98,104.82,72.61,0.84,178.89,77.65
29-12-2025 10:00,29-12-2025 10:15,39.08,95.33,70.73,1.9,250.4,81.81
29-12-2025 10:15,29-12-2025 10:30,39.46,96.25,69.27,1.42,328.56,87.77
29-12-2025 10:30,29-12-2025 10:45,38.56,94.05,69.58,2.08,90.45,93.4
29-12-2025 10:45,29-12-2025 11:00,38.98,95.08,69.08,0.99,172.39,103.51
29-12-2025 11:00,29-12-2025 11:15,67,94.8,68.57,1.93,170.05,113.64
29-12-2025 11:15,29-12-2025 11:30,67,94.11,68.74,1.29,160.73,94.83
29-12-2025 11:30,29-12-2025 11:45,67,97.01,67.97,1.81,152.14,96.65
29-12-2025 11:45,29-12-2025 12:00,67.13,111.46,67.8,1.67,257.21,93.8
29-12-2025 12:00,29-12-2025 12:15,61,94.87,67.42,1.59,90.71,147.52
29-12-2025 12:15,29-12-2025 12:30,61,95.86,67.31,1.98,97.32,216.73
29-12-2025 12:30,29-12-2025 12:45,61,96.76,67.67,1.71,103.16,215.82
29-12-2025 12:45,29-12-2025 13:00,64.38,114.79,67.3,1.97,70.14,200.88
29-12-2025 13:00,29-12-2025 13:15,61.73,112.82,67.07,1.91,34.32,215.8
29-12-2025 13:15,29-12-2025 13:30,58,93.37,67.07,1.53,26.5,203.45
29-12-2025 13:30,29-12-2025 13:45,58,94.02,66.65,2.18,86.21,190.07
29-12-2025 13:45,29-12-2025 14:00,57.47,104.36,66.82,1.76,125.34,191.74
29-12-2025 14:00,29-12-2025 14:15,64,95.22,66.87,1.25,203.46,183.95
29-12-2025 14:15,29-12-2025 14:30,64,95.56,67.29,1.8,150.98,146.22
29-12-2025 14:30,29-12-2025 14:45,64,94.76,68.71,2.3,202.18,139.95
29-12-2025 14:45,29-12-2025 15:00,63.91,106.43,69.14,1.6,73.64,106.18
29-12-2025 15:00,29-12-2025 15:15,63,95.22,69.21,1.88,26.5,86.53
29-12-2025 15:15,29-12-2025 15:30,63,93.02,69.38,1.87,86.44,82.19
29-12-2025 15:30,29-12-2025 15:45,63,93.56,69.86,1.89,87.58,81.08
29-12-2025 15:45,29-12-2025 16:00,63.44,109.42,69.83,1.19,139.91,78.92
29-12-2025 16:00,29-12-2025 16:15,64,94.92,69.94,1.84,26.5,69.06
29-12-2025 16:15,29-12-2025 16:30,64,95.12,70.03,1.52,205.78,57.98
29-12-2025 16:30,29-12-2025 16:45,64,94.79,70.77,1.37,99.48,44.03
29-12-2025 16:45,29-12-2025 17:00,64,93.34,71.68,1.83,144.94,33.6
29-12-2025 17:00,29-12-2025 17:15,69,95.94,71.93,1.96,84.9,23.58
29-12-2025 17:15,29-12-2025 17:30,69,95.56,72.61,1.52,140.67,16.38
29-12-2025 17:30,29-12-2025 17:45,68.89,108.53,72.55,1.98,133.17,10.53
29-12-2025 17:45,29-12-2025 18:00,69,94.6,72.81,1.1,88.49,7.38
29-12-2025 18:00,29-12-2025 18:15,75,92.89,73.77,1.87,123.5,6.38
29-12-2025 18:15,29-12-2025 18:30,75,95.67,74.26,1.48,83.52,6.08
29-12-2025 18:30,29-12-2025 18:45,75,96.76,74.5,1.9,26.5,6.17
29-12-2025 18:45,29-12-2025 19:00,68.86,113.98,75.07,1.31,144.74,6.27
29-12-2025 19:00,29-12-2025 19:15,77,96.3,75.07,1.3,146.16,6.24
29-12-2025 19:15,29-12-2025 19:30,77,93.79,75.35,1.9,26.5,6.18
29-12-2025 19:30,29-12-2025 19:45,77,96.04,75.35,0.93,206.84,6.22
29-12-2025 19:45,29-12-2025 20:00,77,92.89,75.27,1.48,26.5,6.03
29-12-2025 20:00,29-12-2025 20:15,69,96.58,75.43,1.87,135.19,6.18
29-12-2025 20:15,29-12-2025 20:30,69,94.34,75.99,1.14,149.92,6.2
29-12-2025 20:30,29-12-2025 20:45,69,95.02,76.09,0.61,83.78,6.32
29-12-2025 20:45,29-12-2025 21:00,68.4,106.39,76.3,0.72,142.3,6.04
29-12-2025 21:00,29-12-2025 21:15,74,97.08,76.35,0.93,87.36,6.13
29-12-2025 21:15,29-12-2025 21:30,74,95.6,76.67,1.15,208.45,6.13
29-12-2025 21:30,29-12-2025 21:45,74,93.48,76.93,1.2,148.67,6.11
29-12-2025 21:45,29-12-2025 22:00,74,97.33,76.96,0.89,140.98,6.06
29-12-2025 22:00,29-12-2025 22:15,84,94.17,77.27,1.44,125.33,6.21
29-12-2025 22:15,29-12-2025 22:30,84,96.54,77.64,1.16,99.66,6.17
29-12-2025 22:30,29-12-2025 22:45,84,94.24,77.71,1.31,214.06,6.11
29-12-2025 22:45,29-12-2025 23:00,77.7,102.18,77.98,0.98,146.92,6.04
29-12-2025 23:00,29-12-2025 23:15,74,93.93,77.86,1.25,115.68,6.13
29-12-2025 23:15,29-12-2025 23:30,74,96.59,77.73,1.34,145.3,5.99
29-12-2025 23:30,29-12-2025 23:45,74,93.99,77.94,0.91,26.5,6.17
29-12-2025 23:45,30-12-2025 00:00,74,95.77,78.23,0.72,215.93,6.06
30-12-2025 00:00,30-12-2025 00:15,80,92.74,78.42,1.07,88.85,5.9
30-12-2025 00:15,30-12-2025 00:30,80,93.61,78.71,1.02,26.5,6.01
30-12-2025 00:30,30-12-2025 00:45,80,95.81,78.94,1.03,152,5.99
30-12-2025 00:45,30-12-2025 01:00,76.46,106.44,79.21,0.78,82.61,5.99
30-12-2025 01:00,30-12-2025 01:15,76,93.65,79.42,1.15,177.05,6.13
30-12-2025 01:15,30-12-2025 01:30,76,94.77,79.63,1.17,26.5,6.07
30-12-2025 01:30,30-12-2025 01:45,72.53,105.02,79.85,1.17,214.86,5.93
30-12-2025 01:45,30-12-2025 02:00,73.76,106.89,80.1,1.02,140.18,5.99
30-12-2025 02:00,30-12-2025 02:15,88,97.01,80.29,0.93,26.5,5.96
30-12-2025 02:15,30-12-2025 02:30,88,94.65,80.62,0.74,208.42,6
30-12-2025 02:30,30-12-2025 02:45,83.03,104.93,80.68,0.93,26.56,5.97
30-12-2025 02:45,30-12-2025 03:00,85.16,111.74,80.92,1.1,57.85,5.87
30-12-2025 03:00,30-12-2025 03:15,80.22,93.4,80.95,0.84,89,5.93
30-12-2025 03:15,30-12-2025 03:30,91,97.21,81.6,0.27,147.28,6.06
30-12-2025 03:30,30-12-2025 03:45,91,95.62,83.2,0.27,205.16,6.14
30-12-2025 03:45,30-12-2025 04:00,76.33,110.81,84.98,0.57,142.76,6.06
30-12-2025 04:00,30-12-2025 04:15,89,94.88,86.03,0.28,26.5,6.14
30-12-2025 04:15,30-12-2025 04:30,89,93.96,86.95,0.27,26.5,6.14
30-12-2025 04:30,30-12-2025 04:45,89,93.33,87.41,0.27,88.55,6.04
30-12-2025 04:45,30-12-2025 05:00,81.7,102.02,87.49,0.37,173.76,5.92
30-12-2025 05:00,30-12-2025 05:15,38.71,94.41,87.52,0.36,26.5,6
30-12-2025 05:15,30-12-2025 05:30,37.87,92.37,87.61,0.27,84.47,6.06
30-12-2025 05:30,30-12-2025 05:45,38.93,94.96,87.7,0.38,84.58,6.03
30-12-2025 05:45,30-12-2025 06:00,42.17,102.85,87.58,0.39,84.42,6.04
30-12-2025 06:00,30-12-2025 06:15,38.64,94.25,87.59,0.5,85.72,6.17
30-12-2025 06:15,30-12-2025 06:30,38.38,93.61,87.69,0.3,62.3,6.58
30-12-2025 06:30,30-12-2025 06:45,38.73,94.47,87.83,0.34,175.76,7.99
30-12-2025 06:45,30-12-2025 07:00,46.47,113.35,87.84,0.58,141.6,11.55
30-12-2025 07:00,30-12-2025 07:15,40.13,97.87,87.49,0.81,84.11,16.08
30-12-2025 07:15,30-12-2025 07:30,37.92,92.48,87.19,0.69,83.19,21.22
30-12-2025 07:30,30-12-2025 07:45,38.28,93.38,86.68,0.81,81.9,26.53
30-12-2025 07:45,30-12-2025 08:00,47.7,116.34,85.95,0.41,87.98,31.75
30-12-2025 08:00,30-12-2025 08:15,38.6,94.14,84.93,0.54,28.21,37.64
30-12-2025 08:15,30-12-2025 08:30,39.57,96.5,83.71,1.05,136.04,42.82
30-12-2025 08:30,30-12-2025 08:45,38.89,94.85,83.08,0.66,142.34,50.37
30-12-2025 08:45,30-12-2025 09:00,44.89,109.49,82.11,1.07,192.66,55.96
30-12-2025 09:00,30-12-2025 09:15,38.41,93.67,80.97,1.02,26.5,63.52
30-12-2025 09:15,30-12-2025 09:30,38.57,94.07,80.22,1.23,67.35,65.36
30-12-2025 09:30,30-12-2025 09:45,38.28,93.35,79.34,1.87,94.42,64.9
30-12-2025 09:45,30-12-2025 10:00,40.1,97.8,78.24,1.27,148.07,67.96
30-12-2025 10:00,30-12-2025 10:15,45.4,110.73,77.08,1.71,72.85,81.23
30-12-2025 10:15,30-12-2025 10:30,39.79,97.03,76.13,1.49,87.96,100.81
30-12-2025 10:30,30-12-2025 10:45,39.16,95.52,74.62,1.45,26.5,105.8
30-12-2025 10:45,30-12-2025 11:00,44.9,109.5,74.11,1.3,85.53,104.33
30-12-2025 11:00,30-12-2025 11:15,82,97.23,74.02,1.92,26.5,107.18
30-12-2025 11:15,30-12-2025 11:30,93,96.1,73.75,1.5,143.51,117.33
30-12-2025 11:30,30-12-2025 11:45,70.98,95.47,73.49,1.52,153.71,110.85
30-12-2025 11:45,30-12-2025 12:00,88.59,112.4,72.8,1.72,26.5,110.75
30-12-2025 12:00,30-12-2025 12:15,49.54,113.59,73.37,2.1,87.71,131.14
30-12-2025 12:15,30-12-2025 12:30,38.3,93.41,72.53,1.88,149.89,173.45
30-12-2025 12:30,30-12-2025 12:45,38.81,94.66,73.11,1.65,27.43,202.33
30-12-2025 12:45,30-12-2025 13:00,45.76,111.61,73.03,1.9,71.58,185.9
30-12-2025 13:00,30-12-2025 13:15,70.22,92.47,72.61,1.65,89.87,147.57
30-12-2025 13:15,30-12-2025 13:30,92,97.24,72.86,1.72,83.13,146
30-12-2025 13:30,30-12-2025 13:45,81.03,94.77,72.68,0.74,26.5,128.15
30-12-2025 13:45,30-12-2025 14:00,84.18,102.57,72.16,1.7,31.72,145.78
30-12-2025 14:00,30-12-2025 14:15,87,95.6,72.96,1.53,191.46,118.45
30-12-2025 14:15,30-12-2025 14:30,87,97.11,74.01,1.66,84.96,117.4
30-12-2025 14:30,30-12-2025 14:45,87,95.4,73.94,1.37,32.43,110.1
30-12-2025 14:45,30-12-2025 15:00,87,96.51,74.67,1.81,33.14,76.71
30-12-2025 15:00,30-12-2025 15:15,83.58,96.74,76.2,1.41,30.56,56.46
30-12-2025 15:15,30-12-2025 15:30,60.45,93.78,76.76,1.49,95.36,52.25
30-12-2025 15:30,30-12-2025 15:45,60.72,94.98,76.94,1.99,87.92,49.77
30-12-2025 15:45,30-12-2025 16:00,62.52,99.16,77.79,1.53,142.2,53.86
30-12-2025 16:00,30-12-2025 16:15,38.48,93.86,77.85,1.09,26.5,48.34
30-12-2025 16:15,30-12-2025 16:30,39.71,96.85,78.7,1.41,82.04,45.84
30-12-2025 16:30,30-12-2025 16:45,39.08,95.32,79.12,1.19,88.52,32.7
30-12-2025 16:45,30-12-2025 17:00,38.68,94.33,80.24,1.44,183.5,22.79
30-12-2025 17:00,30-12-2025 17:15,61.32,94.28,80.57,2.14,144.49,16.53
30-12-2025 17:15,30-12-2025 17:30,49.9,93.93,80.91,0.99,86.58,13.27
30-12-2025 17:30,30-12-2025 17:45,50.03,94.22,81.48,1.7,84.4,9.94
30-12-2025 17:45,30-12-2025 18:00,46.21,112.72,82.15,1.29,53.58,6.8
30-12-2025 18:00,30-12-2025 18:15,38.66,94.3,82.65,1.29,26.5,6.21
30-12-2025 18:15,30-12-2025 18:30,38.82,94.69,82.94,0.6,87.09,6.14
30-12-2025 18:30,30-12-2025 18:45,38.27,93.33,83.25,1.77,87.3,6.01
30-12-2025 18:45,30-12-2025 19:00,42.06,102.59,83.54,1.25,26.5,5.97
30-12-2025 19:00,30-12-2025 19:15,39.19,95.59,83.27,1.31,94.23,5.89
30-12-2025 19:15,30-12-2025 19:30,39.28,95.79,80.96,1.11,58.8,5.94
30-12-2025 19:30,30-12-2025 19:45,39.26,95.76,80.43,1.2,261.58,6.08
30-12-2025 19:45,30-12-2025 20:00,46.07,112.37,80.25,1.38,89.72,5.99
30-12-2025 20:00,30-12-2025 20:15,90,95.65,79.82,0.74,86.09,5.97
30-12-2025 20:15,30-12-2025 20:30,90,94.44,79.83,0.71,88.4,6.03
30-12-2025 20:30,30-12-2025 20:45,90,95.54,80.33,1.04,26.5,6.1
30-12-2025 20:45,30-12-2025 21:00,90,92.12,81.19,0.68,88.91,5.96
30-12-2025 21:00,30-12-2025 21:15,89,94.04,81.58,0.91,200.32,6.15
30-12-2025 21:15,30-12-2025 21:30,89,93.43,81.53,0.83,26.5,6.17
30-12-2025 21:30,30-12-2025 21:45,89,93.86,81.49,1,156.9,6.17
30-12-2025 21:45,30-12-2025 22:00,82.27,105.02,81.15,1.27,88.04,6.06
30-12-2025 22:00,30-12-2025 22:15,71.58,94.36,81.6,0.84,26.5,6.01
30-12-2025 22:15,30-12-2025 22:30,60.29,94.51,81.96,0.77,86.96,6.18
30-12-2025 22:30,30-12-2025 22:45,71.65,96.44,81.6,1.61,89.47,6.07
30-12-2025 22:45,30-12-2025 23:00,63.41,101.93,81.46,0.98,26.5,6.15
30-12-2025 23:00,30-12-2025 23:15,85,90.69,81.46,0.68,90.46,6.1
30-12-2025 23:15,30-12-2025 23:30,85,94.75,81.77,1.09,132.13,6.07
30-12-2025 23:30,30-12-2025 23:45,85,94.56,81.79,1.07,146.99,6.07
30-12-2025 23:45,31-12-2025 00:00,85,95.43,81.54,1.09,144.74,5.99
31-12-2025 00:00,31-12-2025 00:15,89,94.42,81.37,1.02,143.99,6.03
31-12-2025 00:15,31-12-2025 00:30,89,94.28,81.35,0.45,147.41,6.1
31-12-2025 00:30,31-12-2025 00:45,89,91.65,81.79,0.95,146.42,5.97
31-12-2025 00:45,31-12-2025 01:00,84.16,106.15,82.25,0.87,112.8,5.97
31-12-2025 01:00,31-12-2025 01:15,81,95.43,82.29,0.46,86.14,5.96
31-12-2025 01:15,31-12-2025 01:30,81,97.19,82.31,0.52,26.5,6.01
31-12-2025 01:30,31-12-2025 01:45,81,93.84,83.02,0.59,268.29,5.97
31-12-2025 01:45,31-12-2025 02:00,75.54,103.17,83.65,0.83,90.73,5.94
31-12-2025 02:00,31-12-2025 02:15,74,94.26,84.11,1.34,148.3,5.89
31-12-2025 02:15,31-12-2025 02:30,74,97.51,84.24,0.6,151.69,5.94
31-12-2025 02:30,31-12-2025 02:45,74,94.47,84.37,0.93,82.55,5.99
31-12-2025 02:45,31-12-2025 03:00,73.88,111.97,84.58,1.03,148.1,5.9
31-12-2025 03:00,31-12-2025 03:15,65,94.74,84.78,1.05,88.71,6
31-12-2025 03:15,31-12-2025 03:30,65,95,84.98,0.58,142.74,6
31-12-2025 03:30,31-12-2025 03:45,65,95.23,85.01,0.5,26.5,6.04
31-12-2025 03:45,31-12-2025 04:00,65.53,109.82,85.16,0.42,215.86,6.03
31-12-2025 04:00,31-12-2025 04:15,74,95.55,85.48,0.27,339.1,6.07
31-12-2025 04:15,31-12-2025 04:30,74,95.41,85.9,0.27,217.35,6.07
31-12-2025 04:30,31-12-2025 04:45,74,94.1,86.48,0.27,26.5,5.97
31-12-2025 04:45,31-12-2025 05:00,71.01,102.74,87.19,0.31,90.21,6.1
31-12-2025 05:00,31-12-2025 05:15,90,97.55,88.15,0.27,149.77,6.1
31-12-2025 05:15,31-12-2025 05:30,90,95.16,88.78,0.27,126.76,6.11
31-12-2025 05:30,31-12-2025 05:45,90,95.12,89.21,0.27,130.56,6.03
31-12-2025 05:45,31-12-2025 06:00,90,97.72,89.35,0.27,311.25,6.01
31-12-2025 06:00,31-12-2025 06:15,39.83,97.15,89.49,0.41,90.29,6.11
31-12-2025 06:15,31-12-2025 06:30,39.92,97.36,89.6,0.37,26.5,6.3
31-12-2025 06:30,31-12-2025 06:45,39.03,95.18,89.41,0.64,42.93,7.4
31-12-2025 06:45,31-12-2025 07:00,43.65,106.46,88.96,0.47,145.35,9.42
31-12-2025 07:00,31-12-2025 07:15,39.17,95.54,88.54,0.43,28.17,12.31
31-12-2025 07:15,31-12-2025 07:30,39.31,95.88,88.03,1.11,142.36,17.66
31-12-2025 07:30,31-12-2025 07:45,39.24,95.7,87.62,0.7,86.08,21.94
31-12-2025 07:45,31-12-2025 08:00,43.61,106.36,87.1,0.99,83.77,27.85
31-12-2025 08:00,31-12-2025 08:15,38.75,94.52,86.37,0.7,197.33,47.93
31-12-2025 08:15,31-12-2025 08:30,38.64,94.24,85.05,0.82,188.81,42.37
31-12-2025 08:30,31-12-2025 08:45,38.74,94.48,84.84,0.52,139.42,36.74
31-12-2025 08:45,31-12-2025 09:00,45.74,111.55,83.78,1.04,140.94,67.03
31-12-2025 09:00,31-12-2025 09:15,38.36,93.55,82.45,1.04,152.3,56.35
31-12-2025 09:15,31-12-2025 09:30,37.75,92.07,81.52,1.92,89.22,73.57
31-12-2025 09:30,31-12-2025 09:45,38.68,94.34,80.97,2.61,118.75,91.33
31-12-2025 09:45,31-12-2025 10:00,46.96,114.54,80.14,1.8,107.03,92.41
31-12-2025 10:00,31-12-2025 10:15,38.25,93.29,78.37,2.12,172.73,99.57
31-12-2025 10:15,31-12-2025 10:30,38.87,94.81,77.95,1.7,211.12,90.76
31-12-2025 10:30,31-12-2025 10:45,39.52,96.38,78.29,2.23,143.3,78.8
31-12-2025 10:45,31-12-2025 11:00,40,97.57,78.91,2.22,202.01,80.67
31-12-2025 11:00,31-12-2025 11:15,49.83,93.78,78.33,2.47,172.63,109.99
31-12-2025 11:15,31-12-2025 11:30,61.67,95.57,77.25,2.29,174.82,111.52
31-12-2025 11:30,31-12-2025 11:45,61.62,95.1,77.01,1.49,223.28,70.66
31-12-2025 11:45,31-12-2025 12:00,38.88,94.83,77.77,1.06,204.75,64.52
31-12-2025 12:00,31-12-2025 12:15,61.19,93.51,77.26,1.06,96.83,89.31
31-12-2025 12:15,31-12-2025 12:30,60.23,119.52,75.59,0.94,150.57,116.78
31-12-2025 12:30,31-12-2025 12:45,61.61,95.24,74.79,1.08,31.37,153.04
31-12-2025 12:45,31-12-2025 13:00,65.3,103.77,75.16,1.27,150.36,136.33
31-12-2025 13:00,31-12-2025 13:15,67.64,93.78,74.75,1.8,146.34,170.98
31-12-2025 13:15,31-12-2025 13:30,70,95.6,74.63,2.14,62.51,87.32
31-12-2025 13:30,31-12-2025 13:45,70,93.83,76.43,1.82,88.66,69.87
31-12-2025 13:45,31-12-2025 14:00,58.21,81.01,77.06,1.24,190.7,69.02
31-12-2025 14:00,31-12-2025 14:15,11.07,27,77.16,2.01,206.96,71.62
31-12-2025 14:15,31-12-2025 14:30,11.07,27,77.55,0.91,26.5,46.87
31-12-2025 14:30,31-12-2025 14:45,11.07,27,77.2,1.86,87.07,49
31-12-2025 14:45,31-12-2025 15:00,32.23,78.6,76.86,1.22,184.27,54.1
31-12-2025 15:00,31-12-2025 15:15,27.06,66,76.98,0.99,94.29,35.75
31-12-2025 15:15,31-12-2025 15:30,27.06,66,77.78,0.77,140.73,31.46
31-12-2025 15:30,31-12-2025 15:45,27.06,66,79.37,1.07,259.18,26.23
31-12-2025 15:45,31-12-2025 16:00,35.01,85.4,81.01,1.7,240.32,24.34
31-12-2025 16:00,31-12-2025 16:15,26.24,64,81.65,1.11,281.59,20.64
31-12-2025 16:15,31-12-2025 16:30,26.24,64,80.47,1.37,278.02,19.34
31-12-2025 16:30,31-12-2025 16:45,26.24,64,79.9,1.2,199.81,24.17
31-12-2025 16:45,31-12-2025 17:00,36,87.8,80.43,0.96,143.2,20.82
31-12-2025 17:00,31-12-2025 17:15,24.19,59,80.96,0.77,147.02,12.41
31-12-2025 17:15,31-12-2025 17:30,24.19,59,80.76,1.46,91.47,10.25
31-12-2025 17:30,31-12-2025 17:45,24.19,59,80.53,1.23,258.91,8.8
31-12-2025 17:45,31-12-2025 18:00,24.11,58.8,80.66,1.91,216.04,6.64
31-12-2025 18:00,31-12-2025 18:15,23.78,58,81.04,1.92,165.48,6.32
31-12-2025 18:15,31-12-2025 18:30,23.78,58,80.3,1.62,192.21,6.1
31-12-2025 18:30,31-12-2025 18:45,23.78,58,80.8,1.38,215.59,6.2
31-12-2025 18:45,31-12-2025 19:00,34.28,83.6,82.56,1.06,209.12,6.08
31-12-2025 19:00,31-12-2025 19:15,26.24,64,84.37,1.02,137.75,6.2
31-12-2025 19:15,31-12-2025 19:30,26.24,64,85.51,1.01,208.9,6.18
31-12-2025 19:30,31-12-2025 19:45,26.24,64,86.29,1.2,168.35,6.2
31-12-2025 19:45,31-12-2025 20:00,35.39,66.2,86.93,0.49,292.08,6.1
31-12-2025 20:00,31-12-2025 20:15,30.75,75,86.27,0.46,275.22,6.17
31-12-2025 20:15,31-12-2025 20:30,30.75,75,84.99,1.4,263.64,6.13
31-12-2025 20:30,31-12-2025 20:45,30.75,75,84.93,0.94,146.28,6.13
31-12-2025 20:45,31-12-2025 21:00,36.33,88.6,85.47,0.95,228.43,6.2
31-12-2025 21:00,31-12-2025 21:15,21.32,52,85.72,1.61,134.2,6.28
31-12-2025 21:15,31-12-2025 21:30,21.32,52,85.81,1.67,200.3,6.13
31-12-2025 21:30,31-12-2025 21:45,21.32,52,85.83,1.19,77.21,6.1
31-12-2025 21:45,31-12-2025 22:00,28.86,70.4,85.98,1.02,217.66,6.18
31-12-2025 22:00,31-12-2025 22:15,19.68,48,86.22,1,210.57,6.2
31-12-2025 22:15,31-12-2025 22:30,19.68,48,86.62,0.75,255.66,6.01
31-12-2025 22:30,31-12-2025 22:45,19.68,48,86.91,0.6,253.41,6.11
31-12-2025 22:45,31-12-2025 23:00,30.18,73.6,87.04,0.68,147.15,6.07
31-12-2025 23:00,31-12-2025 23:15,11.89,29,88.19,0.51,26.5,6.04
31-12-2025 23:15,31-12-2025 23:30,11.89,29,89.58,0.38,314.95,6.18
31-12-2025 23:30,31-12-2025 23:45,11.89,29,90.6,0.43,89.65,6.14
31-12-2025 23:45,01-01-2026 00:00,11.48,28,91.51,0.59,89.4,6.06
01-01-2026 00:00,01-01-2026 00:15,9.84,24,92.37,0.4,74.15,6.06
01-01-2026 00:15,01-01-2026 00:30,9.84,24,92.63,0.27,87.93,6.1
01-01-2026 00:30,01-01-2026 00:45,9.84,24,92.67,0.66,73.99,6.1
01-01-2026 00:45,01-01-2026 01:00,9.51,23.2,93.15,0.75,82.91,6.04
01-01-2026 01:00,01-01-2026 01:15,8.2,20,93.77,0.42,67.59,6.15
01-01-2026 01:15,01-01-2026 01:30,8.2,20,93.72,0.7,53.66,6.11
01-01-2026 01:30,01-01-2026 01:45,8.2,20,94.54,0.37,86.36,6.2
01-01-2026 01:45,01-01-2026 02:00,28.21,68.8,95,0.31,80.97,6.03
01-01-2026 02:00,01-01-2026 02:15,5.33,13,95,0.47,130.95,6.18
01-01-2026 02:15,01-01-2026 02:30,5.33,13,95,0.31,26.5,6.48
01-01-2026 02:30,01-01-2026 02:45,5.33,13,95,0.31,124.49,7.4
01-01-2026 02:45,01-01-2026 03:00,5,12.2,95,0.39,26.5,8.67
01-01-2026 03:00,01-01-2026 03:15,3.69,9,95,0.3,64.52,8.98
01-01-2026 03:15,01-01-2026 03:30,3.69,9,95,0.32,122.19,9.26
01-01-2026 03:30,01-01-2026 03:45,3.69,9,95,0.29,26.5,9.08
01-01-2026 03:45,01-01-2026 04:00,4.26,10.4,95,0.27,304.83,9.08
01-01-2026 04:00,01-01-2026 04:15,6.56,16,95,0.41,249.76,8.95
01-01-2026 04:15,01-01-2026 04:30,6.56,16,95,0.4,240.91,8.92
01-01-2026 04:30,01-01-2026 04:45,6.56,16,95,0.27,303.2,8.88
01-01-2026 04:45,01-01-2026 05:00,6.81,16.6,95,0.27,286.53,8.95
01-01-2026 05:00,01-01-2026 05:15,7.79,19,95,0.27,288.8,9.16
01-01-2026 05:15,01-01-2026 05:30,7.79,19,95,0.27,299.14,9.4
01-01-2026 05:30,01-01-2026 05:45,7.79,19,95,0.27,308.37,9.74
01-01-2026 05:45,01-01-2026 06:00,28.78,70.2,95,0.56,255.73,11.76
01-01-2026 06:00,01-01-2026 06:15,11.89,29,95,0.41,86.72,11.18
01-01-2026 06:15,01-01-2026 06:30,11.89,29,95,0.32,26.5,11.79
01-01-2026 06:30,01-01-2026 06:45,11.89,29,95,0.27,26.5,12.03
01-01-2026 06:45,01-01-2026 07:00,20.91,51,95,0.39,72.31,12.51
01-01-2026 07:00,01-01-2026 07:15,3.28,8,95,0.37,88.89,14.29
01-01-2026 07:15,01-01-2026 07:30,3.28,8,95,0.4,88.94,18.41
01-01-2026 07:30,01-01-2026 07:45,3.28,8,95,0.32,63.95,23.43
01-01-2026 07:45,01-01-2026 08:00,3.69,9,95,0.41,91.68,28.63
01-01-2026 08:00,01-01-2026 08:15,7,13,95,0.9,114.75,34.57
01-01-2026 08:15,01-01-2026 08:30,7,13,95,0.39,76.37,38.63
01-01-2026 08:30,01-01-2026 08:45,7,13,95,0.49,96.77,42.78
01-01-2026 08:45,01-01-2026 09:00,14.78,32.8,95,0.36,77.01,45.78
01-01-2026 09:00,01-01-2026 09:15,13,14,95,0.27,112.36,58.12
01-01-2026 09:15,01-01-2026 09:30,13,14,95,0.4,133.71,72.11
01-01-2026 09:30,01-01-2026 09:45,13,14,95,0.3,158.9,82.97
01-01-2026 09:45,01-01-2026 10:00,30.92,64.8,94.61,0.27,181.29,81.21
01-01-2026 10:00,01-01-2026 10:15,5.33,13,93.76,0.49,123.18,69.57
01-01-2026 10:15,01-01-2026 10:30,5.33,13,93.44,0.47,254.56,79.49
01-01-2026 10:30,01-01-2026 10:45,5.33,13,92.94,0.28,43.66,111.12
01-01-2026 10:45,01-01-2026 11:00,16.81,41,91.86,0.85,89.63,131.8
01-01-2026 11:00,01-01-2026 11:15,6.15,15,90.76,0.52,60.07,130.93
01-01-2026 11:15,01-01-2026 11:30,6.15,15,89.43,0.28,70.42,71.99
01-01-2026 11:30,01-01-2026 11:45,6.15,15,89.01,0.38,106,52.24
01-01-2026 11:45,01-01-2026 12:00,8.12,19,89.15,0.44,86.51,41.96
01-01-2026 12:00,01-01-2026 12:15,17,35,88.94,0.29,55.29,47.96
01-01-2026 12:15,01-01-2026 12:30,17,35,88.88,0.27,49.06,63.77
01-01-2026 12:30,01-01-2026 12:45,17,35,88.47,0.44,52.83,106.57
01-01-2026 12:45,01-01-2026 13:00,27.05,60.8,87.34,0.72,52.12,151.69
01-01-2026 13:00,01-01-2026 13:15,13,14,87.13,1.18,103.69,173.79
01-01-2026 13:15,01-01-2026 13:30,13,14,86.64,0.52,97.31,169.46
01-01-2026 13:30,01-01-2026 13:45,13,14,86.04,0.43,58.74,129.29
01-01-2026 13:45,01-01-2026 14:00,24.26,45,85.39,0.78,140.26,144.97
01-01-2026 14:00,01-01-2026 14:15,13,25,84.85,0.79,124.94,131.89
01-01-2026 14:15,01-01-2026 14:30,13,25,84.52,0.74,119.72,122.89
01-01-2026 14:30,01-01-2026 14:45,13,25,85.38,0.57,215.06,94.62
01-01-2026 14:45,01-01-2026 15:00,13,25.2,85.87,0.55,113.12,118.29
01-01-2026 15:00,01-01-2026 15:15,20,26,85.81,0.6,233.31,115.31
01-01-2026 15:15,01-01-2026 15:30,20,26,85.53,0.3,85.01,106.19
01-01-2026 15:30,01-01-2026 15:45,20,26,84.47,0.44,321.75,119.87
01-01-2026 15:45,01-01-2026 16:00,25.1,43,84.46,0.44,265.6,78.45
01-01-2026 16:00,01-01-2026 16:15,7.38,18,85.8,0.42,26.5,48.74
01-01-2026 16:15,01-01-2026 16:30,7.38,18,86.89,0.55,321.35,58.01
01-01-2026 16:30,01-01-2026 16:45,7.38,18,86.95,0.5,149.87,58.26
01-01-2026 16:45,01-01-2026 17:00,15.58,38,86.87,0.87,31.3,37.06
01-01-2026 17:00,01-01-2026 17:15,8.2,20,87.44,0.32,83.11,19.55
01-01-2026 17:15,01-01-2026 17:30,8.2,20,87.93,0.27,115.97,12.8
01-01-2026 17:30,01-01-2026 17:45,8.2,20,88.33,0.55,210.14,8.6
01-01-2026 17:45,01-01-2026 18:00,17.47,42.6,88.72,0.44,26.5,6.73
01-01-2026 18:00,01-01-2026 18:15,7.79,19,88.89,0.71,26.5,6.08
01-01-2026 18:15,01-01-2026 18:30,7.79,19,88.93,0.48,207.78,6.06
01-01-2026 18:30,01-01-2026 18:45,7.79,19,89.08,0.34,93.36,6.21
01-01-2026 18:45,01-01-2026 19:00,16.73,40.8,89.2,0.55,271.08,6.1
01-01-2026 19:00,01-01-2026 19:15,10.66,26,88.84,0.5,87.7,5.99
01-01-2026 19:15,01-01-2026 19:30,10.66,26,88.73,0.27,335.45,6.13
01-01-2026 19:30,01-01-2026 19:45,10.66,26,88.98,0.38,26.5,6.17
01-01-2026 19:45,01-01-2026 20:00,20.75,50.6,88.72,0.71,152.5,6.01
01-01-2026 20:00,01-01-2026 20:15,17.22,42,88.78,0.37,91.45,6.17
01-01-2026 20:15,01-01-2026 20:30,17.22,42,89.04,0.33,88.57,6.2
01-01-2026 20:30,01-01-2026 20:45,17.22,42,88.84,0.7,140.92,6.18
01-01-2026 20:45,01-01-2026 21:00,26.24,64,88.57,0.69,233.35,6.04
01-01-2026 21:00,01-01-2026 21:15,19.68,48,88.52,0.64,202.95,6.1
01-01-2026 21:15,01-01-2026 21:30,19.68,48,88.57,0.45,89.83,6.17
01-01-2026 21:30,01-01-2026 21:45,19.68,48,88.28,0.39,273.23,6.14
01-01-2026 21:45,01-01-2026 22:00,20.01,48.8,88.02,0.46,201.79,6.08
01-01-2026 22:00,01-01-2026 22:15,21.32,52,87.85,0.78,150.23,6.29
01-01-2026 22:15,01-01-2026 22:30,21.32,52,88.04,0.27,26.5,6.2
01-01-2026 22:30,01-01-2026 22:45,21.32,52,88.14,0.64,147.92,6.18
01-01-2026 22:45,01-01-2026 23:00,20.99,51.2,88.2,0.38,335.78,6.2
01-01-2026 23:00,01-01-2026 23:15,19.68,48,88.27,0.27,270.63,6.18
01-01-2026 23:15,01-01-2026 23:30,19.68,48,88.19,0.27,331.64,6.22
01-01-2026 23:30,01-01-2026 23:45,19.68,48,88.22,0.44,79.28,6.17
01-01-2026 23:45,02-01-2026 00:00,28.21,68.8,88.2,0.27,330.04,6.1
02-01-2026 00:00,02-01-2026 00:15,11.89,29,88.42,0.27,151.08,6.14
02-01-2026 00:15,02-01-2026 00:30,11.89,29,88.66,0.27,208.2,6.11
02-01-2026 00:30,02-01-2026 00:45,11.89,29,89.2,0.27,266.63,6.14
02-01-2026 00:45,02-01-2026 01:00,12.22,29.8,89.41,0.4,153.99,6.13
02-01-2026 01:00,02-01-2026 01:15,13.53,33,89.39,0.44,26.5,6.14
02-01-2026 01:15,02-01-2026 01:30,13.53,33,89.31,0.27,152.04,5.96
02-01-2026 01:30,02-01-2026 01:45,13.53,33,89.16,0.36,213.36,6.04
02-01-2026 01:45,02-01-2026 02:00,24.19,59,89.18,0.37,26.5,6.06
02-01-2026 02:00,02-01-2026 02:15,14.35,35,89.33,0.27,215.68,6.08
02-01-2026 02:15,02-01-2026 02:30,14.35,35,89.58,0.45,208.34,6.14
02-01-2026 02:30,02-01-2026 02:45,14.35,35,89.95,0.27,26.5,6.21
02-01-2026 02:45,02-01-2026 03:00,21.32,52,90.54,0.27,152.74,6.14
02-01-2026 03:00,02-01-2026 03:15,14.35,35,91.03,0.27,344.69,6.14
02-01-2026 03:15,02-01-2026 03:30,14.35,35,91.42,0.27,151.81,6.18
02-01-2026 03:30,02-01-2026 03:45,14.35,35,91.69,0.35,339.43,6.14
02-01-2026 03:45,02-01-2026 04:00,20.75,50.6,91.83,0.27,26.5,6.08
02-01-2026 04:00,02-01-2026 04:15,15.99,39,91.96,0.27,26.5,6.17
02-01-2026 04:15,02-01-2026 04:30,15.99,39,92.34,0.27,118.54,6.08
02-01-2026 04:30,02-01-2026 04:45,15.99,39,92.86,0.27,251.12,6.04
02-01-2026 04:45,02-01-2026 05:00,27.06,66,93.07,0.27,251.75,6.11
02-01-2026 05:00,02-01-2026 05:15,19.27,47,93.18,0.27,285.62,6.14
02-01-2026 05:15,02-01-2026 05:30,19.27,47,93.19,0.27,315.3,6.2
02-01-2026 05:30,02-01-2026 05:45,19.27,47,93.1,0.27,202.53,6.36
02-01-2026 05:45,02-01-2026 06:00,24.44,59.6,93.05,0.27,26.5,6.22
02-01-2026 06:00,02-01-2026 06:15,17.63,43,93.17,0.27,324.64,6.32
02-01-2026 06:15,02-01-2026 06:30,17.63,43,93.27,0.27,324.48,6.41
02-01-2026 06:30,02-01-2026 06:45,17.63,43,93.19,0.27,324.56,7.78
02-01-2026 06:45,02-01-2026 07:00,19.19,46.8,92.9,0.27,208.07,11.87
02-01-2026 07:00,02-01-2026 07:15,25.42,62,92.78,0.27,83.76,13.99
02-01-2026 07:15,02-01-2026 07:30,25.42,62,92.83,0.27,348.6,17.31
02-01-2026 07:30,02-01-2026 07:45,25.42,62,92.85,0.27,292.93,23.14
02-01-2026 07:45,02-01-2026 08:00,31.32,76.4,92.7,0.35,299.41,24.78
02-01-2026 08:00,02-01-2026 08:15,22.14,54,92.59,0.27,247.48,28.73
02-01-2026 08:15,02-01-2026 08:30,22.14,54,92.27,0.27,152.97,37.85
02-01-2026 08:30,02-01-2026 08:45,22.14,54,91.66,0.32,203.2,40.53
02-01-2026 08:45,02-01-2026 09:00,21.07,51.4,90.39,0.89,91.21,48.45
02-01-2026 09:00,02-01-2026 09:15,16.81,41,87.43,1.1,208.7,54.72
02-01-2026 09:15,02-01-2026 09:30,16.81,41,85.28,0.78,89.11,52.74
02-01-2026 09:30,02-01-2026 09:45,16.81,41,83.62,0.64,148.53,55.14
02-01-2026 09:45,02-01-2026 10:00,24.11,58.8,82.34,2.26,182.21,57
02-01-2026 10:00,02-01-2026 10:15,19.68,48,82.09,1.7,313.79,55.91
02-01-2026 10:15,02-01-2026 10:30,19.68,48,81.2,1.14,28.44,57.78
02-01-2026 10:30,02-01-2026 10:45,19.68,48,79.57,1.82,87.17,61.75
02-01-2026 10:45,02-01-2026 11:00,17.96,43.8,79.1,1.39,46.75,68.81
02-01-2026 11:00,02-01-2026 11:15,11.07,27,79.11,1.91,146.17,74.01
02-01-2026 11:15,02-01-2026 11:30,11.07,27,79.63,1.36,137.98,77.4
02-01-2026 11:30,02-01-2026 11:45,11.07,27,79.46,1.68,152.35,87.57
02-01-2026 11:45,02-01-2026 12:00,11.07,27,79.99,1.59,152.22,88.05
02-01-2026 12:00,02-01-2026 12:15,11.07,27,80.68,2.43,205.46,160.28
02-01-2026 12:15,02-01-2026 12:30,11.07,27,81.03,1.49,149.37,220.29
02-01-2026 12:30,02-01-2026 12:45,11.07,27,80.92,1.58,127.34,219.67
02-01-2026 12:45,02-01-2026 13:00,11.97,29.2,80.08,0.98,134.07,216.85
02-01-2026 13:00,02-01-2026 13:15,15.58,38,79.16,1.38,93.64,212.17
02-01-2026 13:15,02-01-2026 13:30,15.58,38,78.82,1.33,88.06,202.81
02-01-2026 13:30,02-01-2026 13:45,15.58,38,78.96,1.41,181.4,200.13
02-01-2026 13:45,02-01-2026 14:00,15.83,38.6,79.52,0.93,83.75,189.25
02-01-2026 14:00,02-01-2026 14:15,16.81,41,77.17,1.69,141.34,176.03
02-01-2026 14:15,02-01-2026 14:30,16.81,41,78.04,0.91,195.1,162.83
02-01-2026 14:30,02-01-2026 14:45,16.81,41,77.72,0.87,207.02,148.67
02-01-2026 14:45,02-01-2026 15:00,25.09,61.2,79.47,0.78,151.11,126.95
02-01-2026 15:00,02-01-2026 15:15,19.27,47,80.53,1.02,147.53,109.41
02-01-2026 15:15,02-01-2026 15:30,19.27,47,81.17,0.47,146.5,95.62
02-01-2026 15:30,02-01-2026 15:45,19.27,47,81.9,0.73,208.11,79.84
02-01-2026 15:45,02-01-2026 16:00,25.62,49.4,82.63,0.47,152.63,69.19
02-01-2026 16:00,02-01-2026 16:15,,,82.64,0.88,147.86,61.17
02-01-2026 16:15,02-01-2026 16:30,,,81.89,1.02,154.16,56.53
02-01-2026 16:30,02-01-2026 16:45,,,81.64,0.81,147.82,45.64
02-01-2026 16:45,02-01-2026 17:00,50.07,54.2,82.12,0.37,152.18,34.49
02-01-2026 17:00,02-01-2026 17:15,14.35,35,82.24,0.54,320.93,26.14
02-01-2026 17:15,02-01-2026 17:30,14.35,35,82.96,0.5,277.36,13.38
02-01-2026 17:30,02-01-2026 17:45,14.35,35,83.96,0.57,194.35,9.19
02-01-2026 17:45,02-01-2026 18:00,21.32,52,84.81,0.58,85.87,7.5
02-01-2026 18:00,02-01-2026 18:15,12.71,31,85.02,0.7,154.78,6.49
02-01-2026 18:15,02-01-2026 18:30,12.71,31,85.25,0.71,253.15,6.27
02-01-2026 18:30,02-01-2026 18:45,12.71,31,85.36,0.63,217.85,6.25
02-01-2026 18:45,02-01-2026 19:00,21.48,52.4,85.48,0.5,209.28,6.18
02-01-2026 19:00,02-01-2026 19:15,13.12,32,85.6,0.31,273.14,6.15
02-01-2026 19:15,02-01-2026 19:30,13.12,32,85.97,0.82,275.82,6.1
02-01-2026 19:30,02-01-2026 19:45,13.12,32,86.21,0.62,225.71,6.01
02-01-2026 19:45,02-01-2026 20:00,13.53,33,86.88,0.35,88.25,6.08
02-01-2026 20:00,02-01-2026 20:15,15.17,37,87.14,0.89,273.02,5.94
02-01-2026 20:15,02-01-2026 20:30,15.17,37,86.92,1.04,287.91,6.07
02-01-2026 20:30,02-01-2026 20:45,15.17,37,86.59,0.92,89.99,6.01
02-01-2026 20:45,02-01-2026 21:00,15.74,38.4,86.52,0.6,87.88,6.03
02-01-2026 21:00,02-01-2026 21:15,18.04,44,86.61,0.84,26.5,6.1
02-01-2026 21:15,02-01-2026 21:30,18.04,44,86.6,0.38,120.81,6.18
02-01-2026 21:30,02-01-2026 21:45,18.04,44,86.07,0.83,149.39,6.1
02-01-2026 21:45,02-01-2026 22:00,28.54,69.6,85.91,0.77,207.53,6.11
02-01-2026 22:00,02-01-2026 22:15,22.55,55,85.2,1.15,213.08,6.06
02-01-2026 22:15,02-01-2026 22:30,22.55,55,85.41,1.16,154.97,6.18
02-01-2026 22:30,02-01-2026 22:45,22.55,55,85.44,1,149.68,6.24
02-01-2026 22:45,02-01-2026 23:00,29.93,73,85.24,0.61,276.21,6.1
02-01-2026 23:00,02-01-2026 23:15,25.83,63,85.02,1.23,171.49,6.06
02-01-2026 23:15,02-01-2026 23:30,25.83,63,84.84,1.12,199.44,6.18
02-01-2026 23:30,02-01-2026 23:45,25.83,63,84.85,0.69,119.68,6.22
02-01-2026 23:45,03-01-2026 00:00,31.65,77.2,85.55,0.72,256.29,6.11
03-01-2026 00:00,03-01-2026 00:15,26.24,64,85.72,1.45,272.48,6.17
03-01-2026 00:15,03-01-2026 00:30,26.24,64,86.08,0.64,256.37,6.25
03-01-2026 00:30,03-01-2026 00:45,26.24,64,86.32,0.69,148.61,6.22
03-01-2026 00:45,03-01-2026 01:00,26.08,63.6,86.12,0.71,233.63,6.17
03-01-2026 01:00,03-01-2026 01:15,25.42,62,86.44,0.57,208.07,6.01
03-01-2026 01:15,03-01-2026 01:30,25.42,62,86.35,0.74,347.87,6.27
03-01-2026 01:30,03-01-2026 01:45,25.42,62,85.78,1.07,216.71,6.11
03-01-2026 01:45,03-01-2026 02:00,32.88,80.2,85.9,0.79,244.05,6.17
03-01-2026 02:00,03-01-2026 02:15,13.53,33,85.64,0.74,257.18,6.11
03-01-2026 02:15,03-01-2026 02:30,13.53,33,85.14,0.74,74.54,6.1
03-01-2026 02:30,03-01-2026 02:45,13.53,33,85.1,0.89,149.06,6.13
03-01-2026 02:45,03-01-2026 03:00,20.91,51,84.3,0.81,154.73,6.18
03-01-2026 03:00,03-01-2026 03:15,18.86,46,84.44,1.01,262.21,6.06
03-01-2026 03:15,03-01-2026 03:30,18.86,46,84.48,0.44,256.32,6.08
03-01-2026 03:30,03-01-2026 03:45,18.86,46,83.78,1.22,264.56,6.11
03-01-2026 03:45,03-01-2026 04:00,24.76,60.4,83.68,0.92,79.01,5.99
03-01-2026 04:00,03-01-2026 04:15,16.81,41,83.85,1.05,205.11,6.08
03-01-2026 04:15,03-01-2026 04:30,16.81,41,84.39,0.72,127.11,6.04
03-01-2026 04:30,03-01-2026 04:45,16.81,41,84.26,0.99,276.3,6
03-01-2026 04:45,03-01-2026 05:00,24.76,60.4,84.6,1.2,156.42,6.04
03-01-2026 05:00,03-01-2026 05:15,15.99,39,84.75,1.07,296.79,6.04
03-01-2026 05:15,03-01-2026 05:30,15.99,39,84.67,0.41,275.14,6
03-01-2026 05:30,03-01-2026 05:45,15.99,39,83.96,1.02,271.74,6.1
03-01-2026 05:45,03-01-2026 06:00,16.4,40,84.31,0.92,141.27,6.13
03-01-2026 06:00,03-01-2026 06:15,18.04,44,83.64,0.92,220.83,6.1
03-01-2026 06:15,03-01-2026 06:30,18.04,44,83.77,0.63,273.78,6.38
03-01-2026 06:30,03-01-2026 06:45,18.04,44,83.37,0.88,149.86,7.46
03-01-2026 06:45,03-01-2026 07:00,29.77,72.6,83.19,1.01,271.19,11.42
03-01-2026 07:00,03-01-2026 07:15,18.45,45,82.58,1.34,91.63,15.87
03-01-2026 07:15,03-01-2026 07:30,18.45,45,81.88,0.81,215.93,20.47
03-01-2026 07:30,03-01-2026 07:45,18.45,45,81.96,1.21,146.05,25
03-01-2026 07:45,03-01-2026 08:00,17.3,42.2,81.71,0.7,226.81,30.85
03-01-2026 08:00,03-01-2026 08:15,12.71,31,81.51,0.84,89.09,34.77
03-01-2026 08:15,03-01-2026 08:30,12.71,31,81.59,0.68,330.31,47.08
03-01-2026 08:30,03-01-2026 08:45,12.71,31,79.85,1.05,261.69,53.8
03-01-2026 08:45,03-01-2026 09:00,13.78,33.6,78.77,1.29,86.87,50.99
03-01-2026 09:00,03-01-2026 09:15,18.04,44,78.28,1.1,85.63,57.73
03-01-2026 09:15,03-01-2026 09:30,18.04,44,77.34,1.05,132.32,56.94
03-01-2026 09:30,03-01-2026 09:45,18.04,44,76.51,1.12,147.65,64.48
03-01-2026 09:45,03-01-2026 10:00,23.53,57.4,75.91,1.15,92.4,67.06
03-01-2026 10:00,03-01-2026 10:15,15.99,39,75.79,1.07,147.96,73.31
03-01-2026 10:15,03-01-2026 10:30,15.99,39,74.64,1.68,203.93,78.76
03-01-2026 10:30,03-01-2026 10:45,15.99,39,74.24,1.58,32.17,81.98
03-01-2026 10:45,03-01-2026 11:00,15.33,37.4,74.2,1.31,138.69,83.42
03-01-2026 11:00,03-01-2026 11:15,12.71,31,74.28,1.14,38.4,100.91
03-01-2026 11:15,03-01-2026 11:30,12.71,31,74.71,1.9,88.13,107.67
03-01-2026 11:30,03-01-2026 11:45,12.71,31,74.82,2.27,55.62,103.37
03-01-2026 11:45,03-01-2026 12:00,19.35,47.2,74.43,1.36,130.64,103.71
03-01-2026 12:00,03-01-2026 12:15,13.94,34,73.99,2.12,261.23,139.65
03-01-2026 12:15,03-01-2026 12:30,13.94,34,74.03,1.18,201.79,199.38
03-01-2026 12:30,03-01-2026 12:45,13.94,34,73.95,1.52,191.32,227.69
03-01-2026 12:45,03-01-2026 13:00,22.14,54,73.79,1.38,152.47,229.01
03-01-2026 13:00,03-01-2026 13:15,12.71,31,73.73,1.17,276.51,228.14
03-01-2026 13:15,03-01-2026 13:30,12.71,31,73.53,1.06,197.56,221.3
03-01-2026 13:30,03-01-2026 13:45,12.71,31,73.82,0.96,88.59,211.41
03-01-2026 13:45,03-01-2026 14:00,24.27,59.2,73.34,0.71,167.81,210.78
03-01-2026 14:00,03-01-2026 14:15,11.07,27,72.18,1.5,195.88,200.92
03-01-2026 14:15,03-01-2026 14:30,11.07,27,72.28,0.82,81.95,188.65
03-01-2026 14:30,03-01-2026 14:45,11.07,27,72.78,0.86,125.09,176.46
03-01-2026 14:45,03-01-2026 15:00,11.97,29.2,73.25,1,77.98,163.61
03-01-2026 15:00,03-01-2026 15:15,15.58,38,72.78,1.54,142.32,137.25
03-01-2026 15:15,03-01-2026 15:30,15.58,38,73.93,1.49,187.5,126.75
03-01-2026 15:30,03-01-2026 15:45,15.58,38,74.54,1.4,26.5,109.74
03-01-2026 15:45,03-01-2026 16:00,25.26,61.6,75.24,1.36,85.78,95.29
03-01-2026 16:00,03-01-2026 16:15,19.27,47,75.42,0.63,88.56,85.11
03-01-2026 16:15,03-01-2026 16:30,19.27,47,76.21,0.93,85.45,67.91
03-01-2026 16:30,03-01-2026 16:45,19.27,47,76.64,1.59,26.5,50.16
03-01-2026 16:45,03-01-2026 17:00,19.11,46.6,77.08,1.35,144.19,29.08
03-01-2026 17:00,03-01-2026 17:15,18.45,45,78.1,1.75,122.36,19.86
03-01-2026 17:15,03-01-2026 17:30,18.45,45,79.04,1.12,145.49,16.73
03-01-2026 17:30,03-01-2026 17:45,18.45,45,78.93,0.99,26.5,11.8
03-01-2026 17:45,03-01-2026 18:00,18.04,44,79.45,0.58,150.48,7.88
03-01-2026 18:00,03-01-2026 18:15,16.4,40,79.87,0.78,26.5,6.55
03-01-2026 18:15,03-01-2026 18:30,16.4,40,79.89,1.48,128.01,6.35
03-01-2026 18:30,03-01-2026 18:45,16.4,40,79.61,0.91,95.84,6.25
03-01-2026 18:45,03-01-2026 19:00,35.67,87,79.91,0.51,88.57,6.18
03-01-2026 19:00,03-01-2026 19:15,9.43,23,79.92,0.84,82.98,6.15
03-01-2026 19:15,03-01-2026 19:30,9.43,23,80.24,0.55,86.06,6.21
03-01-2026 19:30,03-01-2026 19:45,9.43,23,79.99,0.41,205.42,6.17
03-01-2026 19:45,03-01-2026 20:00,18.29,44.6,80.42,0.47,88.7,6.18
03-01-2026 20:00,03-01-2026 20:15,13.12,32,79.61,0.55,158.39,6.2
03-01-2026 20:15,03-01-2026 20:30,13.12,32,79.56,0.32,323.98,6.21
03-01-2026 20:30,03-01-2026 20:45,13.12,32,79.95,0.52,263.99,6.2
03-01-2026 20:45,03-01-2026 21:00,24.6,60,80.08,0.42,86.1,6.27
03-01-2026 21:00,03-01-2026 21:15,10.66,26,80.36,0.37,136.05,6.17
03-01-2026 21:15,03-01-2026 21:30,10.66,26,79.78,0.47,84.75,6.27
03-01-2026 21:30,03-01-2026 21:45,10.66,26,79.71,0.51,263.48,6.1
03-01-2026 21:45,03-01-2026 22:00,23.45,57.2,79.44,0.32,143.69,6.14
03-01-2026 22:00,03-01-2026 22:15,11.07,27,78.99,0.53,81.12,6.17
03-01-2026 22:15,03-01-2026 22:30,11.07,27,78.77,0.48,142.27,6.18
03-01-2026 22:30,03-01-2026 22:45,11.07,27,78.94,0.43,197.33,6.24
03-01-2026 22:45,03-01-2026 23:00,10.66,26,78.74,0.38,145.57,6.2
03-01-2026 23:00,03-01-2026 23:15,9.02,22,78.47,0.39,26.5,6.18
03-01-2026 23:15,03-01-2026 23:30,9.02,22,78.31,0.41,26.5,6.2
03-01-2026 23:30,03-01-2026 23:45,9.02,22,78.32,0.35,126.66,6.24
03-01-2026 23:45,04-01-2026 00:00,19.68,48,78.25,0.54,311.84,6.25
04-01-2026 00:00,04-01-2026 00:15,11.07,27,78.52,0.44,133.14,6.24
04-01-2026 00:15,04-01-2026 00:30,11.07,27,78.35,0.33,85.71,6.15
04-01-2026 00:30,04-01-2026 00:45,11.07,27,78.87,0.27,30.44,6.24
04-01-2026 00:45,04-01-2026 01:00,10.91,26.6,79.14,0.42,145.11,6.07
04-01-2026 01:00,04-01-2026 01:15,10.25,25,78.91,0.49,201.87,6.27
04-01-2026 01:15,04-01-2026 01:30,10.25,25,79.25,0.38,255.91,6.15
04-01-2026 01:30,04-01-2026 01:45,10.25,25,78.99,0.9,193.31,6.17
04-01-2026 01:45,04-01-2026 02:00,20.09,49,78.93,0.85,83.73,6.18
04-01-2026 02:00,04-01-2026 02:15,10.25,25,78.8,0.33,143.89,6.15
04-01-2026 02:15,04-01-2026 02:30,10.25,25,78.57,0.28,204.98,6.15
04-01-2026 02:30,04-01-2026 02:45,10.25,25,78.48,0.27,209.61,6.18
04-01-2026 02:45,04-01-2026 03:00,20.09,49,79.16,0.31,194.84,6.13
04-01-2026 03:00,04-01-2026 03:15,11.48,28,78.82,0.29,332.83,6.01
04-01-2026 03:15,04-01-2026 03:30,11.48,28,79.63,0.39,208.93,6.06
04-01-2026 03:30,04-01-2026 03:45,11.48,28,79.01,0.6,52.95,6.13
04-01-2026 03:45,04-01-2026 04:00,23.37,57,78.75,0.68,88.74,6.08
04-01-2026 04:00,04-01-2026 04:15,4.92,12,78.97,0.33,85.6,6.04
04-01-2026 04:15,04-01-2026 04:30,4.92,12,78.91,1.04,88.08,6.03
04-01-2026 04:30,04-01-2026 04:45,4.92,12,78.39,0.57,197.93,6.03
04-01-2026 04:45,04-01-2026 05:00,5.82,14.2,78.34,0.27,145.71,6
04-01-2026 05:00,04-01-2026 05:15,9.43,23,80.33,0.27,26.5,6.13
04-01-2026 05:15,04-01-2026 05:30,9.43,23,82.99,0.27,26.5,6.06
04-01-2026 05:30,04-01-2026 05:45,9.43,23,84.72,0.27,26.5,6.07
04-01-2026 05:45,04-01-2026 06:00,18.04,44,86.31,0.27,26.5,6.03
04-01-2026 06:00,04-01-2026 06:15,13.53,33,87.51,0.27,138.86,6.07
04-01-2026 06:15,04-01-2026 06:30,13.53,33,88.22,0.27,306.26,6.32
04-01-2026 06:30,04-01-2026 06:45,13.53,33,88.72,0.33,297.75,7.75
04-01-2026 06:45,04-01-2026 07:00,25.75,62.8,89.12,0.27,308.8,10.95
04-01-2026 07:00,04-01-2026 07:15,22.96,56,89.44,0.27,181.67,16.45
04-01-2026 07:15,04-01-2026 07:30,22.96,56,89.41,0.32,79.58,20.23
04-01-2026 07:30,04-01-2026 07:45,22.96,56,89.08,0.27,135.99,26.46
04-01-2026 07:45,04-01-2026 08:00,30.59,74.6,88.56,0.46,83.97,29.05
04-01-2026 08:00,04-01-2026 08:15,27.88,68,87.74,0.42,87.11,35.01
04-01-2026 08:15,04-01-2026 08:30,27.88,68,86.84,0.36,26.5,42.79
04-01-2026 08:30,04-01-2026 08:45,27.88,68,85.16,0.55,174.18,56.4
04-01-2026 08:45,04-01-2026 09:00,36.24,88.4,82.88,1.17,86.46,48.17
04-01-2026 09:00,04-01-2026 09:15,29.11,71,80.57,1.55,84.63,54.23
04-01-2026 09:15,04-01-2026 09:30,29.11,71,80.42,1.55,26.5,54.94
04-01-2026 09:30,04-01-2026 09:45,29.11,71,78.51,1.39,26.5,69.94
04-01-2026 09:45,04-01-2026 10:00,27.55,67.2,78.39,1.48,87.37,81.97
04-01-2026 10:00,04-01-2026 10:15,21.32,52,75.21,1.24,206.09,74.37
04-01-2026 10:15,04-01-2026 10:30,21.32,52,73.47,1.28,87.36,77.59
04-01-2026 10:30,04-01-2026 10:45,21.32,52,72.57,1.35,150.76,80.57
04-01-2026 10:45,04-01-2026 11:00,29.85,72.8,72.53,1.92,149.39,77.93
04-01-2026 11:00,04-01-2026 11:15,18.86,46,71.57,2.45,120.77,81.27
04-01-2026 11:15,04-01-2026 11:30,18.86,46,71.38,1.56,26.5,78.14
04-01-2026 11:30,04-01-2026 11:45,18.86,46,70.82,0.82,269.44,87.49
04-01-2026 11:45,04-01-2026 12:00,27.22,66.4,69.88,2.03,88.03,85.98
04-01-2026 12:00,04-01-2026 12:15,11.07,27,70.14,1.39,110.98,150.92
04-01-2026 12:15,04-01-2026 12:30,11.07,27,69.85,1.62,130.19,236.3
04-01-2026 12:30,04-01-2026 12:45,11.07,27,69.69,2.32,145.69,208.62
04-01-2026 12:45,04-01-2026 13:00,11.07,27,70.51,1.78,56.18,243.36
04-01-2026 13:00,04-01-2026 13:15,11.07,27,69.7,1.64,153.64,240.54
04-01-2026 13:15,04-01-2026 13:30,11.07,27,69.77,1.97,85.5,232.08
04-01-2026 13:30,04-01-2026 13:45,11.07,27,70.17,1.97,26.5,206.23
04-01-2026 13:45,04-01-2026 14:00,17.26,30.2,69.49,1.99,26.5,225.15
04-01-2026 14:00,04-01-2026 14:15,17.63,43,69.56,2.3,86.66,218.02
04-01-2026 14:15,04-01-2026 14:30,17.63,43,68.49,2.25,84.98,206.77
04-01-2026 14:30,04-01-2026 14:45,17.63,43,68.81,1.53,85,191.01
04-01-2026 14:45,04-01-2026 15:00,27.39,66.8,69.06,2.05,38.5,174.73
04-01-2026 15:00,04-01-2026 15:15,10.25,25,68.57,1.59,52.95,160.93
04-01-2026 15:15,04-01-2026 15:30,10.25,25,68.66,1.39,84.27,142.72
04-01-2026 15:30,04-01-2026 15:45,10.25,25,68.85,1.64,64.38,126.72
04-01-2026 15:45,04-01-2026 16:00,10.58,25.8,69.85,1.16,80.25,108.38
04-01-2026 16:00,04-01-2026 16:15,11.89,29,70.55,1.66,87.1,89.47
04-01-2026 16:15,04-01-2026 16:30,11.89,29,70.91,1.66,81.91,72.62
04-01-2026 16:30,04-01-2026 16:45,11.89,29,71.84,1.91,85.68,50.99
04-01-2026 16:45,04-01-2026 17:00,15.51,29.6,72.69,2.14,137.01,32.5
04-01-2026 17:00,04-01-2026 17:15,13.12,32,73.39,1.02,150.26,26.55
04-01-2026 17:15,04-01-2026 17:30,13.12,32,73.59,1.6,155.7,18.87
04-01-2026 17:30,04-01-2026 17:45,13.12,32,73.96,1.56,26.5,11.82
04-01-2026 17:45,04-01-2026 18:00,25.5,62.2,74.43,1.77,73.15,7.85
04-01-2026 18:00,04-01-2026 18:15,12.3,30,74.63,1.44,206.55,6.66
04-01-2026 18:15,04-01-2026 18:30,12.3,30,75.08,0.84,26.5,6.32
04-01-2026 18:30,04-01-2026 18:45,12.3,30,75.38,0.81,26.5,6.28
04-01-2026 18:45,04-01-2026 19:00,12.79,31.2,75.31,1.11,146.96,6.25
04-01-2026 19:00,04-01-2026 19:15,14.76,36,75.16,0.7,141.48,6.24
04-01-2026 19:15,04-01-2026 19:30,14.76,36,75.46,0.68,199.7,6.2
04-01-2026 19:30,04-01-2026 19:45,14.76,36,75.14,0.96,88.26,6.29
04-01-2026 19:45,04-01-2026 20:00,14.35,35,75.15,0.78,81.7,6.28
04-01-2026 20:00,04-01-2026 20:15,12.71,31,75.22,1.12,255.12,6.2
04-01-2026 20:15,04-01-2026 20:30,12.71,31,74.94,1.01,87.54,6.15
04-01-2026 20:30,04-01-2026 20:45,12.71,31,74.35,1.07,206.2,6.22
04-01-2026 20:45,04-01-2026 21:00,25.26,61.6,74.28,0.42,85.72,6.17
04-01-2026 21:00,04-01-2026 21:15,11.07,27,74.4,1.04,147.74,6.13
04-01-2026 21:15,04-01-2026 21:30,11.07,27,74.94,0.67,26.5,6.18
04-01-2026 21:30,04-01-2026 21:45,11.07,27,75.27,1.11,130.39,6.06
04-01-2026 21:45,04-01-2026 22:00,10.82,26.4,75.39,0.97,33,6.07
04-01-2026 22:00,04-01-2026 22:15,9.84,24,75.56,0.82,141.34,6.13
04-01-2026 22:15,04-01-2026 22:30,9.84,24,73.95,0.36,26.5,6.15
04-01-2026 22:30,04-01-2026 22:45,9.84,24,73.01,0.6,258.68,6.17
04-01-2026 22:45,04-01-2026 23:00,18.04,44,73.59,0.95,209.26,6
04-01-2026 23:00,04-01-2026 23:15,11.89,29,74,0.35,131.09,6.13
04-01-2026 23:15,04-01-2026 23:30,11.89,29,74.32,0.45,26.5,6.15
04-01-2026 23:30,04-01-2026 23:45,11.89,29,74.01,1.01,26.5,6.1
04-01-2026 23:45,05-01-2026 00:00,23.86,58.2,74.51,0.98,79.03,6.01
05-01-2026 00:00,05-01-2026 00:15,11.48,28,74.2,0.37,197.49,6.08
05-01-2026 00:15,05-01-2026 00:30,11.48,28,74.09,0.47,237.28,6.14
05-01-2026 00:30,05-01-2026 00:45,11.48,28,73.9,0.81,84.51,6.11
05-01-2026 00:45,05-01-2026 01:00,12.63,30.8,74,0.7,142.47,6.06
05-01-2026 01:00,05-01-2026 01:15,17.22,42,73.68,0.64,126.31,6.17
05-01-2026 01:15,05-01-2026 01:30,17.22,42,73.66,0.54,248.44,6.31
05-01-2026 01:30,05-01-2026 01:45,17.22,42,73.47,0.81,230.11,6.29
05-01-2026 01:45,05-01-2026 02:00,16.15,39.4,73.68,0.77,130.99,6.14
05-01-2026 02:00,05-01-2026 02:15,11.89,29,73.62,0.52,147.4,6.21
05-01-2026 02:15,05-01-2026 02:30,11.89,29,73.54,0.78,155.99,6.04
05-01-2026 02:30,05-01-2026 02:45,11.89,29,73.48,0.66,200.73,6.21
05-01-2026 02:45,05-01-2026 03:00,12.63,30.8,74.29,0.27,83.21,6.08
05-01-2026 03:00,05-01-2026 03:15,15.58,38,74.58,0.59,241.24,6.32
05-01-2026 03:15,05-01-2026 03:30,15.58,38,73.56,0.78,149.27,6.15
05-01-2026 03:30,05-01-2026 03:45,15.58,38,73.19,0.68,80.97,6.2
05-01-2026 03:45,05-01-2026 04:00,24.52,59.8,73.28,0.7,87,6.2
05-01-2026 04:00,05-01-2026 04:15,15.99,39,73.18,1.11,189.71,6.15
05-01-2026 04:15,05-01-2026 04:30,15.99,39,73.49,0.75,72.57,6.11
05-01-2026 04:30,05-01-2026 04:45,15.99,39,73.41,0.49,203.67,6.24
05-01-2026 04:45,05-01-2026 05:00,26.65,65,73.63,0.4,213.73,6.06
05-01-2026 05:00,05-01-2026 05:15,9.43,23,73.7,0.44,73.93,6.06
05-01-2026 05:15,05-01-2026 05:30,9.43,23,73.92,1.09,26.5,6.18
05-01-2026 05:30,05-01-2026 05:45,9.43,23,73.56,0.71,143.4,6.17
05-01-2026 05:45,05-01-2026 06:00,16.89,41.2,74.22,0.83,147.68,6.08
05-01-2026 06:00,05-01-2026 06:15,13.94,34,74.37,0.77,86.83,6.06
05-01-2026 06:15,05-01-2026 06:30,13.94,34,73.87,1.34,127.01,6.28
05-01-2026 06:30,05-01-2026 06:45,13.94,34,73,1.04,146.57,7.88
05-01-2026 06:45,05-01-2026 07:00,14.02,34.2,73.8,1.01,26.5,13.64
05-01-2026 07:00,05-01-2026 07:15,14.35,35,73.09,1.12,88.28,16.88
05-01-2026 07:15,05-01-2026 07:30,14.35,35,72.97,1.15,143.29,23.11
05-01-2026 07:30,05-01-2026 07:45,14.35,35,72.14,1.16,97.14,26.5
05-01-2026 07:45,05-01-2026 08:00,25.83,63,71.77,1.08,26.5,30.45
05-01-2026 08:00,05-01-2026 08:15,13.94,34,71.54,1.09,84.41,32.4
05-01-2026 08:15,05-01-2026 08:30,13.94,34,71.09,1.89,58.17,38.13
05-01-2026 08:30,05-01-2026 08:45,13.94,34,70.59,0.96,26.5,41.93
05-01-2026 08:45,05-01-2026 09:00,25.09,61.2,70.05,1.56,174.45,44.36
05-01-2026 09:00,05-01-2026 09:15,15.58,38,70.46,0.75,85.49,52.29
05-01-2026 09:15,05-01-2026 09:30,15.58,38,70.13,0.97,83.22,63.6
05-01-2026 09:30,05-01-2026 09:45,15.58,38,69.07,1.17,35.66,62.56
05-01-2026 09:45,05-01-2026 10:00,26.9,65.6,68.42,1.8,140.08,57.01
05-01-2026 10:00,05-01-2026 10:15,15.99,39,68.33,2.05,26.5,67.09
05-01-2026 10:15,05-01-2026 10:30,15.99,39,67.8,1.73,85.34,67.51
05-01-2026 10:30,05-01-2026 10:45,15.99,39,68,1.76,90.46,67.48
05-01-2026 10:45,05-01-2026 11:00,23.21,56.6,67.75,2.03,31.26,64.7
05-01-2026 11:00,05-01-2026 11:15,18.04,44,66.77,1.94,26.5,71.03
05-01-2026 11:15,05-01-2026 11:30,18.04,44,66.79,1.75,86.06,88.77
05-01-2026 11:30,05-01-2026 11:45,18.04,44,67.38,1.42,65.24,97.98
05-01-2026 11:45,05-01-2026 12:00,24.68,60.2,67.12,2.21,81.4,102.27
05-01-2026 12:00,05-01-2026 12:15,17.63,43,67.01,2.09,143.03,121.05
05-01-2026 12:15,05-01-2026 12:30,17.63,43,66.97,2.64,26.5,230.61
05-01-2026 12:30,05-01-2026 12:45,17.63,43,66.64,1.87,90.7,229.71
05-01-2026 12:45,05-01-2026 13:00,26.65,65,66.74,2.26,84.47,222.65
05-01-2026 13:00,05-01-2026 13:15,19.27,47,66.91,1.78,135.99,199.44
05-01-2026 13:15,05-01-2026 13:30,19.27,47,67.04,2.06,86.16,214.26
05-01-2026 13:30,05-01-2026 13:45,19.27,47,67.19,1.38,149.16,208
05-01-2026 13:45,05-01-2026 14:00,17.96,43.8,66.68,1.42,180.24,200.68
05-01-2026 14:00,05-01-2026 14:15,12.71,31,66.06,1.77,26.5,187.86
05-01-2026 14:15,05-01-2026 14:30,12.71,31,66,1.53,26.5,179.08
05-01-2026 14:30,05-01-2026 14:45,12.71,31,66.26,1.33,26.5,153.93
05-01-2026 14:45,05-01-2026 15:00,22.3,54.4,67.13,1.41,141.37,153.91
05-01-2026 15:00,05-01-2026 15:15,16.4,40,66.96,1.19,26.5,144.07
05-01-2026 15:15,05-01-2026 15:30,16.4,40,67.08,1.91,96.39,127.46
05-01-2026 15:30,05-01-2026 15:45,16.4,40,67.69,2.19,89.34,104.09
05-01-2026 15:45,05-01-2026 16:00,25.67,62.6,67.89,1.95,26.5,96.66
05-01-2026 16:00,05-01-2026 16:15,17.63,43,68.74,1.65,81.57,82.29
05-01-2026 16:15,05-01-2026 16:30,17.63,43,68.71,1.68,39.13,66.17
05-01-2026 16:30,05-01-2026 16:45,17.63,43,69.04,1.79,30.59,50.02
05-01-2026 16:45,05-01-2026 17:00,28.54,69.6,69.6,1.7,104.81,37.75
05-01-2026 17:00,05-01-2026 17:15,16.81,41,70.58,1.6,117.44,27.08
05-01-2026 17:15,05-01-2026 17:30,16.81,41,71.26,1.42,70.75,17.83
05-01-2026 17:30,05-01-2026 17:45,16.81,41,71.68,1.57,36.74,11.52
05-01-2026 17:45,05-01-2026 18:00,17.14,41.8,71.68,1.36,134.98,7.79
05-01-2026 18:00,05-01-2026 18:15,18.45,45,72.34,1.12,26.5,6.38
05-01-2026 18:15,05-01-2026 18:30,18.45,45,72.25,1.63,77.77,6.11
05-01-2026 18:30,05-01-2026 18:45,18.45,45,72.97,1.1,84.78,6.17
05-01-2026 18:45,05-01-2026 19:00,25.5,62.2,72.91,1.09,26.5,6.18
05-01-2026 19:00,05-01-2026 19:15,20.09,49,73.07,0.76,105.58,6.2
05-01-2026 19:15,05-01-2026 19:30,20.09,49,73.26,0.45,85.64,6.2
05-01-2026 19:30,05-01-2026 19:45,20.09,49,73.73,1.02,153.41,6.35
05-01-2026 19:45,05-01-2026 20:00,27.8,67.8,73.66,0.88,256.08,6.21
05-01-2026 20:00,05-01-2026 20:15,22.14,54,73.79,1.14,140.25,6.27
05-01-2026 20:15,05-01-2026 20:30,22.14,54,73.64,0.91,29.44,6.22
05-01-2026 20:30,05-01-2026 20:45,22.14,54,74.42,1.01,108.67,6.21
05-01-2026 20:45,05-01-2026 21:00,22.3,54.4,74.07,1.17,144.55,6.2
05-01-2026 21:00,05-01-2026 21:15,22.96,56,73.6,1,92.53,6.13
05-01-2026 21:15,05-01-2026 21:30,22.96,56,74.35,0.89,32.42,6.31
05-01-2026 21:30,05-01-2026 21:45,22.96,56,74.98,0.7,47.52,6.24
05-01-2026 21:45,05-01-2026 22:00,21.57,52.6,74.73,0.85,29.99,6.03
05-01-2026 22:00,05-01-2026 22:15,15.99,39,74.13,1.22,141.09,6.34
05-01-2026 22:15,05-01-2026 22:30,15.99,39,74.49,0.71,34.48,6.1
05-01-2026 22:30,05-01-2026 22:45,15.99,39,74.26,0.84,217.08,6.22
05-01-2026 22:45,05-01-2026 23:00,15.99,39,74.39,0.89,136.89,6.18
05-01-2026 23:00,05-01-2026 23:15,15.99,39,75.05,0.62,147.67,6.08
05-01-2026 23:15,05-01-2026 23:30,15.99,39,75.15,0.8,324.81,6.06
05-01-2026 23:30,05-01-2026 23:45,15.99,39,75.8,0.8,179.89,6.07
05-01-2026 23:45,06-01-2026 00:00,21.98,53.6,75.5,1,102.32,6.1
06-01-2026 00:00,06-01-2026 00:15,16.4,40,74.96,0.86,208.82,6.01
06-01-2026 00:15,06-01-2026 00:30,16.4,40,74.98,1.01,207.43,6.15
06-01-2026 00:30,06-01-2026 00:45,16.4,40,75.31,1.18,73.37,6.07
06-01-2026 00:45,06-01-2026 01:00,16.56,40.4,75.54,1.02,142.75,6.08
06-01-2026 01:00,06-01-2026 01:15,17.22,42,75.3,0.81,28.05,6.08
06-01-2026 01:15,06-01-2026 01:30,17.22,42,75.56,0.78,26.77,6.07
06-01-2026 01:30,06-01-2026 01:45,17.22,42,75.65,0.75,66.22,6.13
06-01-2026 01:45,06-01-2026 02:00,17.71,43.2,76.42,0.74,199.17,6.08
06-01-2026 02:00,06-01-2026 02:15,19.68,48,75.47,1.39,132,6.24
06-01-2026 02:15,06-01-2026 02:30,19.68,48,75.78,0.74,31.25,6.15
06-01-2026 02:30,06-01-2026 02:45,19.68,48,75.84,1.21,57.8,6.17
06-01-2026 02:45,06-01-2026 03:00,27.88,68,75.73,1.14,201.68,6.17
06-01-2026 03:00,06-01-2026 03:15,19.27,47,76.59,0.88,84.51,6.32
06-01-2026 03:15,06-01-2026 03:30,19.27,47,76.43,1.17,146.29,6.17
06-01-2026 03:30,06-01-2026 03:45,19.27,47,75.98,1.01,134.71,6.22
06-01-2026 03:45,06-01-2026 04:00,28.45,69.4,75.6,1.56,156.95,6.18
06-01-2026 04:00,06-01-2026 04:15,18.86,46,75.93,0.86,36.26,6.07
06-01-2026 04:15,06-01-2026 04:30,18.86,46,75.53,1.47,177.23,6.24
06-01-2026 04:30,06-01-2026 04:45,18.86,46,74.98,1.08,137.42,6.17
06-01-2026 04:45,06-01-2026 05:00,24.11,58.8,75.2,1.19,82.9,6.18
06-01-2026 05:00,06-01-2026 05:15,20.5,50,75.14,0.94,26.5,6.17
06-01-2026 05:15,06-01-2026 05:30,20.5,50,74.86,1.26,72.1,6.25
06-01-2026 05:30,06-01-2026 05:45,20.5,50,74.76,1.04,29.47,6.21
06-01-2026 05:45,06-01-2026 06:00,20.42,49.8,74.93,1,109.97,6.08
06-01-2026 06:00,06-01-2026 06:15,20.09,49,75.02,1.05,33.07,6.21
06-01-2026 06:15,06-01-2026 06:30,20.09,49,74.5,1.69,27.15,6.17
06-01-2026 06:30,06-01-2026 06:45,20.09,49,73.61,1.17,89.1,7.79
06-01-2026 06:45,06-01-2026 07:00,18.86,46,72.86,1.14,144.64,11.59
06-01-2026 07:00,06-01-2026 07:15,13.94,34,73.5,1.12,145.26,17.01
06-01-2026 07:15,06-01-2026 07:30,13.94,34,73.2,1.31,143.26,19.88
06-01-2026 07:30,06-01-2026 07:45,13.94,34,72.61,1.08,87.25,24.66
06-01-2026 07:45,06-01-2026 08:00,14.6,35.6,73.02,1.14,84.08,28.39
06-01-2026 08:00,06-01-2026 08:15,17.22,42,72.24,0.81,26.5,28.9
06-01-2026 08:15,06-01-2026 08:30,17.22,42,72.3,0.68,137.32,32.03
06-01-2026 08:30,06-01-2026 08:45,17.22,42,72.12,0.72,130.61,33.92
06-01-2026 08:45,06-01-2026 09:00,17.14,41.8,70.82,1.36,86.09,35.01
06-01-2026 09:00,06-01-2026 09:15,16.81,41,70.27,1.99,83.18,35.9
06-01-2026 09:15,06-01-2026 09:30,16.81,41,70.03,1.46,83.92,36.97
06-01-2026 09:30,06-01-2026 09:45,16.81,41,69.83,1.62,157.97,37.02
06-01-2026 09:45,06-01-2026 10:00,22.63,55.2,69.05,1.13,87.58,37.09
06-01-2026 10:00,06-01-2026 10:15,17.22,42,68.75,1.42,131.83,38.92
06-01-2026 10:15,06-01-2026 10:30,17.22,42,68.73,2.7,59.01,39.3
06-01-2026 10:30,06-01-2026 10:45,17.22,42,68.39,1.4,152.78,38.25
06-01-2026 10:45,06-01-2026 11:00,23.7,57.8,68.31,2.01,83.96,38.75
06-01-2026 11:00,06-01-2026 11:15,18.04,44,68.42,1.98,66.92,40.31
06-01-2026 11:15,06-01-2026 11:30,18.04,44,68.5,2.41,91.81,41.42
06-01-2026 11:30,06-01-2026 11:45,18.04,44,68.48,2.31,34.51,40.91
06-01-2026 11:45,06-01-2026 12:00,18.37,44.8,68.63,2.4,91.46,42.17
06-01-2026 12:00,06-01-2026 12:15,19.68,48,68.57,1.96,93.51,42.17
06-01-2026 12:15,06-01-2026 12:30,19.68,48,68.74,1.69,204.57,45.93
06-01-2026 12:30,06-01-2026 12:45,19.68,48,68.61,1.65,26.5,47.68
06-01-2026 12:45,06-01-2026 13:00,19.93,48.6,68.96,1.57,144,44.64
06-01-2026 13:00,06-01-2026 13:15,20.91,51,69.17,2.61,134.44,45.67
06-01-2026 13:15,06-01-2026 13:30,20.91,51,68.98,1.01,94.99,45.62
06-01-2026 13:30,06-01-2026 13:45,20.91,51,68.36,1.45,27.93,44.72
06-01-2026 13:45,06-01-2026 14:00,31.98,78,68.27,1.6,112.95,44.03
06-01-2026 14:00,06-01-2026 14:15,20.09,49,69.03,0.78,26.5,44.25
06-01-2026 14:15,06-01-2026 14:30,20.09,49,69.58,1.44,261.1,43.92
06-01-2026 14:30,06-01-2026 14:45,20.09,49,69.31,1.38,26.5,45.01
06-01-2026 14:45,06-01-2026 15:00,18.61,45.4,70.01,1.29,93.33,44.37
06-01-2026 15:00,06-01-2026 15:15,12.71,31,69.79,1.08,26.5,44.14
06-01-2026 15:15,06-01-2026 15:30,12.71,31,69.31,0.49,125.89,43.6
06-01-2026 15:30,06-01-2026 15:45,12.71,31,69.33,1.47,172.87,44.51
06-01-2026 15:45,06-01-2026 16:00,13.12,32,69.54,1.4,254.95,43.55
06-01-2026 16:00,06-01-2026 16:15,14.76,36,70.53,1.5,47.44,42.88
06-01-2026 16:15,06-01-2026 16:30,14.76,36,71.17,1.52,124.04,38.3
06-01-2026 16:30,06-01-2026 16:45,14.76,36,72.51,1.78,26.5,33.34
06-01-2026 16:45,06-01-2026 17:00,15.25,37.2,72.15,1.74,91.15,25.03
06-01-2026 17:00,06-01-2026 17:15,17.22,42,72.44,0.94,278.61,23.55
06-01-2026 17:15,06-01-2026 17:30,17.22,42,72.86,1.23,145.07,22.74
06-01-2026 17:30,06-01-2026 17:45,17.22,42,73.42,1.49,46.17,15.78
06-01-2026 17:45,06-01-2026 18:00,17.3,42.2,73.96,0.57,145.76,8.7
06-01-2026 18:00,06-01-2026 18:15,17.63,43,74.71,1.17,98.16,6.9
06-01-2026 18:15,06-01-2026 18:30,17.63,43,74.57,0.84,264.14,6.18
06-01-2026 18:30,06-01-2026 18:45,17.63,43,74.05,0.99,209.53,6.13
06-01-2026 18:45,06-01-2026 19:00,17.88,43.6,74.58,0.62,337.67,6.27
06-01-2026 19:00,06-01-2026 19:15,18.86,46,75.39,0.4,83.61,6.14
06-01-2026 19:15,06-01-2026 19:30,18.86,46,75.87,0.73,149.71,6.08
06-01-2026 19:30,06-01-2026 19:45,18.86,46,76.22,1.03,209.81,6.1
06-01-2026 19:45,06-01-2026 20:00,26.73,65.2,76.57,1.05,192.09,6.22
06-01-2026 20:00,06-01-2026 20:15,19.27,47,77.25,0.59,149.28,6.22
06-01-2026 20:15,06-01-2026 20:30,19.27,47,77.17,0.73,259.42,6.21
06-01-2026 20:30,06-01-2026 20:45,19.27,47,76.7,0.35,264.87,6.29
06-01-2026 20:45,06-01-2026 21:00,19.43,47.4,76.55,0.93,144.85,6.1
06-01-2026 21:00,06-01-2026 21:15,20.09,49,76.68,1.01,83.88,6.18
06-01-2026 21:15,06-01-2026 21:30,20.09,49,76.36,0.5,149.43,6.18
06-01-2026 21:30,06-01-2026 21:45,20.09,49,77.09,0.57,194.53,6.22
06-01-2026 21:45,06-01-2026 22:00,20.09,49,77.14,1.23,192.85,6.22
06-01-2026 22:00,06-01-2026 22:15,20.09,49,76.21,0.8,88.97,6.17
06-01-2026 22:15,06-01-2026 22:30,20.09,49,76.22,0.76,149.42,6.21
06-01-2026 22:30,06-01-2026 22:45,20.09,49,76.19,0.89,127.07,6.27
06-01-2026 22:45,06-01-2026 23:00,29.44,71.8,76.55,0.93,152.25,6.21
06-01-2026 23:00,06-01-2026 23:15,22.96,56,76.43,0.66,151.02,6.2
06-01-2026 23:15,06-01-2026 23:30,22.96,56,75.89,1.29,125.37,6.18
06-01-2026 23:30,06-01-2026 23:45,22.96,56,76.66,0.96,256.04,6.17
06-01-2026 23:45,07-01-2026 00:00,33.7,82.2,76.04,0.61,144.93,6.03
07-01-2026 00:00,07-01-2026 00:15,14.35,35,76.37,0.7,261.72,6.18
07-01-2026 00:15,07-01-2026 00:30,14.35,35,75.82,0.97,272.32,6.13
07-01-2026 00:30,07-01-2026 00:45,14.35,35,75.17,0.7,141.33,6.2
07-01-2026 00:45,07-01-2026 01:00,15.25,37.2,75.01,0.86,270.21,6.04
07-01-2026 01:00,07-01-2026 01:15,18.86,46,75.01,0.81,161.73,6.2
07-01-2026 01:15,07-01-2026 01:30,18.86,46,74.89,0.83,203.82,6.07
07-01-2026 01:30,07-01-2026 01:45,18.86,46,75.07,1.04,199.65,6.08
07-01-2026 01:45,07-01-2026 02:00,18.61,45.4,73.89,0.96,213.09,6.08
07-01-2026 02:00,07-01-2026 02:15,17.63,43,73.82,0.61,92.32,5.97
07-01-2026 02:15,07-01-2026 02:30,17.63,43,73.59,1.66,211.4,6.08
07-01-2026 02:30,07-01-2026 02:45,17.63,43,73.93,0.86,289.29,6.08
07-01-2026 02:45,07-01-2026 03:00,28.95,70.6,73.5,1.7,202.63,6.01
07-01-2026 03:00,07-01-2026 03:15,19.27,47,73.48,0.88,93.37,6.04
07-01-2026 03:15,07-01-2026 03:30,19.27,47,73.94,1.13,216.06,5.96
07-01-2026 03:30,07-01-2026 03:45,19.27,47,74.2,0.92,239.18,6.28
07-01-2026 03:45,07-01-2026 04:00,25.83,63,75.37,1.33,159.9,6.06
07-01-2026 04:00,07-01-2026 04:15,19.27,47,75.39,1.55,116.86,6.07
07-01-2026 04:15,07-01-2026 04:30,19.27,47,75.68,1.77,143.75,6.13
07-01-2026 04:30,07-01-2026 04:45,19.27,47,75.43,1,141.95,6.18
07-01-2026 04:45,07-01-2026 05:00,19.93,48.6,74.82,1.04,212.51,6.13
07-01-2026 05:00,07-01-2026 05:15,22.55,55,74.64,1.81,204.71,6.04
07-01-2026 05:15,07-01-2026 05:30,22.55,55,73.01,1.33,321.42,6.25
07-01-2026 05:30,07-01-2026 05:45,22.55,55,71.87,1.29,209.98,6.21
07-01-2026 05:45,07-01-2026 06:00,21.89,53.4,72.26,1.26,150.71,6.08
07-01-2026 06:00,07-01-2026 06:15,19.27,47,72.44,0.94,276.25,6.03
07-01-2026 06:15,07-01-2026 06:30,19.27,47,72.24,0.94,210.37,6.31
07-01-2026 06:30,07-01-2026 06:45,19.27,47,72.57,1.57,150.2,7.89
07-01-2026 06:45,07-01-2026 07:00,27.63,67.4,72.78,1.49,233.64,10.75
07-01-2026 07:00,07-01-2026 07:15,18.04,44,72.48,1.48,203.69,15.98
07-01-2026 07:15,07-01-2026 07:30,18.04,44,71.68,0.99,154.68,20.71
07-01-2026 07:30,07-01-2026 07:45,18.04,44,71.45,1.44,204.13,28.38
07-01-2026 07:45,07-01-2026 08:00,17.14,41.8,71.58,0.84,151.45,28.42
07-01-2026 08:00,07-01-2026 08:15,13.53,33,71.99,1.88,150.1,35.25
07-01-2026 08:15,07-01-2026 08:30,13.53,33,71.69,1.74,80.47,41.35
07-01-2026 08:30,07-01-2026 08:45,13.53,33,71.34,1.44,175.83,63.5
07-01-2026 08:45,07-01-2026 09:00,13.61,33.2,70.83,1.1,143.92,55.26
07-01-2026 09:00,07-01-2026 09:15,13.94,34,69.61,2.18,90,51.4
07-01-2026 09:15,07-01-2026 09:30,13.94,34,68.62,1.72,246.39,53.29
07-01-2026 09:30,07-01-2026 09:45,13.94,34,68.57,1.33,77.41,59.67
07-01-2026 09:45,07-01-2026 10:00,14.1,34.4,67.66,1.94,298.84,63.09
07-01-2026 10:00,07-01-2026 10:15,14.76,36,67.87,1.8,142.12,60.61
07-01-2026 10:15,07-01-2026 10:30,14.76,36,67.65,1.93,201.15,64.72
07-01-2026 10:30,07-01-2026 10:45,14.76,36,67.16,1.82,140.02,61.58
07-01-2026 10:45,07-01-2026 11:00,24.19,59,67.2,1.96,147.89,65.46
07-01-2026 11:00,07-01-2026 11:15,13.12,32,67.34,1.73,160.61,74.67
07-01-2026 11:15,07-01-2026 11:30,13.12,32,66.63,1.31,240.53,63.78
07-01-2026 11:30,07-01-2026 11:45,13.12,32,65.61,2.19,58.8,70.68
07-01-2026 11:45,07-01-2026 12:00,13.45,32.8,65.9,1.56,196.65,73.93
07-01-2026 12:00,07-01-2026 12:15,14.76,36,66.25,1.19,153.06,82.49
07-01-2026 12:15,07-01-2026 12:30,14.76,36,66.6,2.19,160.75,185.77
07-01-2026 12:30,07-01-2026 12:45,14.76,36,66.75,2.55,146.58,225.67
07-01-2026 12:45,07-01-2026 13:00,15.01,36.6,67.65,1.85,56.4,248.12
07-01-2026 13:00,07-01-2026 13:15,15.99,39,67.14,2.34,260.87,228.45
07-01-2026 13:15,07-01-2026 13:30,15.99,39,66.3,1.55,223.62,242.5
07-01-2026 13:30,07-01-2026 13:45,15.99,39,65.78,1.57,255.5,238.67
07-01-2026 13:45,07-01-2026 14:00,16.24,39.6,65.11,1.87,169.23,225.08
07-01-2026 14:00,07-01-2026 14:15,17.22,42,64.39,2.17,149.28,215.48
07-01-2026 14:15,07-01-2026 14:30,17.22,42,64.89,1.53,75,200.23
07-01-2026 14:30,07-01-2026 14:45,17.22,42,64.02,1.6,306.27,192.59
07-01-2026 14:45,07-01-2026 15:00,17.38,42.4,65.79,2.54,100.64,179.49
07-01-2026 15:00,07-01-2026 15:15,18.04,44,67.64,1.95,223.67,105.43
07-01-2026 15:15,07-01-2026 15:30,18.04,44,66.99,2.09,194.95,141.59
07-01-2026 15:30,07-01-2026 15:45,18.04,44,66.77,1.91,64.36,123.75
07-01-2026 15:45,07-01-2026 16:00,24.19,59,67.44,2.54,144.73,107.65
07-01-2026 16:00,07-01-2026 16:15,20.91,51,68.2,1.5,157.1,92.7
07-01-2026 16:15,07-01-2026 16:30,20.91,51,68.97,1.92,149.95,64.72
07-01-2026 16:30,07-01-2026 16:45,20.91,51,70.1,1.39,94.75,61.34
07-01-2026 16:45,07-01-2026 17:00,20.25,49.4,70.58,1.92,253.72,40.93
07-01-2026 17:00,07-01-2026 17:15,17.63,43,71.42,2.43,160.08,24.23
07-01-2026 17:15,07-01-2026 17:30,17.63,43,69.99,2.07,299.95,18.72
07-01-2026 17:30,07-01-2026 17:45,17.63,43,71.33,1.3,319.57,11.54
07-01-2026 17:45,07-01-2026 18:00,29.36,71.6,70.54,1.73,80.32,8.05
07-01-2026 18:00,07-01-2026 18:15,17.63,43,71.09,1.22,140.71,6.59
07-01-2026 18:15,07-01-2026 18:30,17.63,43,71.15,2.3,91.9,6.2
07-01-2026 18:30,07-01-2026 18:45,17.63,43,71.15,0.92,204.16,6.17
07-01-2026 18:45,07-01-2026 19:00,23.7,57.8,71.07,1.16,215.58,6.04
07-01-2026 19:00,07-01-2026 19:15,15.99,39,71.93,1.32,137.88,6.14
07-01-2026 19:15,07-01-2026 19:30,15.99,39,71.5,1.35,181.27,6.04
07-01-2026 19:30,07-01-2026 19:45,15.99,39,71.61,1.27,146.26,6.2
07-01-2026 19:45,07-01-2026 20:00,22.47,54.8,71.91,1.06,211.45,6.06
07-01-2026 20:00,07-01-2026 20:15,15.58,38,72.12,1.22,201.06,6.21
07-01-2026 20:15,07-01-2026 20:30,15.58,38,72.09,1.14,318.83,6.03
07-01-2026 20:30,07-01-2026 20:45,15.58,38,72.66,1.32,85.1,6.1
07-01-2026 20:45,07-01-2026 21:00,15.74,38.4,72.13,0.72,190.61,5.97
07-01-2026 21:00,07-01-2026 21:15,16.4,40,72.39,1.17,195.51,6
07-01-2026 21:15,07-01-2026 21:30,16.4,40,72.44,1.12,290.89,6
07-01-2026 21:30,07-01-2026 21:45,16.4,40,72.54,0.81,212.76,6.04
07-01-2026 21:45,07-01-2026 22:00,16.4,40,72.91,1,215.91,6.11
07-01-2026 22:00,07-01-2026 22:15,16.4,40,72.36,0.91,210.85,6.13
07-01-2026 22:15,07-01-2026 22:30,16.4,40,72.28,1.54,203.2,6.15
07-01-2026 22:30,07-01-2026 22:45,16.4,40,72.53,0.69,229.41,6.21
07-01-2026 22:45,07-01-2026 23:00,15.66,38.2,73.11,0.93,246.06,6.11
07-01-2026 23:00,07-01-2026 23:15,12.71,31,73.62,1.05,268.5,6
07-01-2026 23:15,07-01-2026 23:30,12.71,31,74.11,0.95,327.86,6.06
07-01-2026 23:30,07-01-2026 23:45,12.71,31,74.1,1.05,266.09,6.18
07-01-2026 23:45,08-01-2026 00:00,23.45,57.2,73.95,1.95,303.99,6.04
08-01-2026 00:00,08-01-2026 00:15,24.6,60,73.95,1.1,292.53,6
08-01-2026 00:15,08-01-2026 00:30,13.53,33,74.06,0.85,202.37,6.01
08-01-2026 00:30,08-01-2026 00:45,13.53,33,74.51,0.89,246.85,6.14
08-01-2026 00:45,08-01-2026 01:00,12.96,31.6,74.91,0.94,266.88,6.17
08-01-2026 01:00,08-01-2026 01:15,10.66,26,74.84,1,306.01,6.14
08-01-2026 01:15,08-01-2026 01:30,10.66,26,74.39,1.13,295.74,6.06
08-01-2026 01:30,08-01-2026 01:45,10.66,26,74.23,0.79,270.47,6.04
08-01-2026 01:45,08-01-2026 02:00,10.74,26.2,74.28,0.88,338.38,5.94
08-01-2026 02:00,08-01-2026 02:15,11.07,27,74.3,1.49,210.95,6.03
08-01-2026 02:15,08-01-2026 02:30,11.07,27,74.09,1.55,191.61,5.93
08-01-2026 02:30,08-01-2026 02:45,11.07,27,73.26,1.24,217.67,5.94
08-01-2026 02:45,08-01-2026 03:00,24.44,59.6,73.85,0.92,321.3,6.04
08-01-2026 03:00,08-01-2026 03:15,9.02,22,73.77,0.85,209.21,5.93
08-01-2026 03:15,08-01-2026 03:30,9.02,22,73.12,1.14,270.73,6.08
08-01-2026 03:30,08-01-2026 03:45,9.02,22,73.89,1.18,151.7,5.96
08-01-2026 03:45,08-01-2026 04:00,16.24,39.6,73.41,1.84,193.9,6.01
08-01-2026 04:00,08-01-2026 04:15,9.02,22,73.51,1.78,255.82,6.04
08-01-2026 04:15,08-01-2026 04:30,9.02,22,73.75,1.23,250.49,6.04
08-01-2026 04:30,08-01-2026 04:45,9.02,22,73.1,1.16,231.72,5.96
08-01-2026 04:45,08-01-2026 05:00,9.1,22.2,74.12,0.65,95.61,6.08
08-01-2026 05:00,08-01-2026 05:15,9.43,23,73.64,1.92,214.75,6.2
08-01-2026 05:15,08-01-2026 05:30,9.43,23,73.72,1.6,335.78,6.21
08-01-2026 05:30,08-01-2026 05:45,9.43,23,72.97,1.95,244.2,6
08-01-2026 05:45,08-01-2026 06:00,9.76,23.8,73.39,1.2,203.16,5.92
08-01-2026 06:00,08-01-2026 06:15,11.07,27,72.81,2.25,206.59,5.99
08-01-2026 06:15,08-01-2026 06:30,11.07,27,73.31,1.21,266.21,6.25
08-01-2026 06:30,08-01-2026 06:45,11.07,27,73.06,1.62,258.64,8.06
08-01-2026 06:45,08-01-2026 07:00,19.27,47,72.73,2.11,217.27,12.01
08-01-2026 07:00,08-01-2026 07:15,9.02,22,71.5,1.17,190.98,18.52
08-01-2026 07:15,08-01-2026 07:30,9.02,22,72.27,1.43,223.26,23.56
08-01-2026 07:30,08-01-2026 07:45,9.02,22,72.94,1.22,145.83,40.07
08-01-2026 07:45,08-01-2026 08:00,9.02,22,71.09,1.66,207.45,50.68
08-01-2026 08:00,08-01-2026 08:15,9.02,22,71.41,1.37,158.3,67.1
08-01-2026 08:15,08-01-2026 08:30,9.02,22,71.25,1.76,146.99,63.25
08-01-2026 08:30,08-01-2026 08:45,9.02,22,71.36,2.22,210.18,50.75
08-01-2026 08:45,08-01-2026 09:00,8.94,21.8,71.7,1.2,134.28,40.55
08-01-2026 09:00,08-01-2026 09:15,8.61,21,72.06,0.84,89.82,39.92
08-01-2026 09:15,08-01-2026 09:30,8.61,21,71.09,1,284.23,47.7
08-01-2026 09:30,08-01-2026 09:45,8.61,21,70.98,1.85,221.13,52.18
08-01-2026 09:45,08-01-2026 10:00,19.93,48.6,68.82,1.46,204.72,46.74
08-01-2026 10:00,08-01-2026 10:15,5.74,14,69.31,1.3,204.92,51.21
08-01-2026 10:15,08-01-2026 10:30,5.74,14,68.75,1.77,124.57,53.99
08-01-2026 10:30,08-01-2026 10:45,5.74,14,68.29,1.42,195.45,56.03
08-01-2026 10:45,08-01-2026 11:00,5.82,14.2,67.52,2.21,116.87,65.67
08-01-2026 11:00,08-01-2026 11:15,6.15,15,67.37,1.72,141.24,66.07
08-01-2026 11:15,08-01-2026 11:30,6.15,15,67.13,1.42,161.46,73.08
08-01-2026 11:30,08-01-2026 11:45,6.15,15,67.22,2.29,27.43,77.52
08-01-2026 11:45,08-01-2026 12:00,6.72,16.4,67.04,1.45,186.23,86.39
08-01-2026 12:00,08-01-2026 12:15,9.02,22,67.3,1.76,150.49,89.89
08-01-2026 12:15,08-01-2026 12:30,9.02,22,67.41,2.14,246.35,210.86
08-01-2026 12:30,08-01-2026 12:45,9.02,22,66.77,1.76,185.41,260.06
08-01-2026 12:45,08-01-2026 13:00,9.02,22,67.08,1.58,75.55,255.5
08-01-2026 13:00,08-01-2026 13:15,9.02,22,66.29,2.21,161.24,226.42
08-01-2026 13:15,08-01-2026 13:30,9.02,22,66.07,2.35,149.73,207.54
08-01-2026 13:30,08-01-2026 13:45,9.02,22,66.31,1.37,91.65,242.4
08-01-2026 13:45,08-01-2026 14:00,9.1,22.2,66.3,2.16,138.21,222.3
08-01-2026 14:00,08-01-2026 14:15,9.43,23,65.82,2.92,67.2,233.8
08-01-2026 14:15,08-01-2026 14:30,9.43,23,66.18,2.08,187.93,210.41
08-01-2026 14:30,08-01-2026 14:45,9.43,23,66.34,1.91,125.41,206.72
08-01-2026 14:45,08-01-2026 15:00,9.68,23.6,65.86,2.06,152.45,182.05
08-01-2026 15:00,08-01-2026 15:15,10.66,26,66.41,1.29,28.19,148.12
08-01-2026 15:15,08-01-2026 15:30,10.66,26,66.05,1.56,152.85,138.69
08-01-2026 15:30,08-01-2026 15:45,10.66,26,66.87,1.62,116.64,105.56
08-01-2026 15:45,08-01-2026 16:00,10.58,25.8,67.41,1.41,130.94,110.48
08-01-2026 16:00,08-01-2026 16:15,10.25,25,67.53,1.35,132.69,102.4
08-01-2026 16:15,08-01-2026 16:30,10.25,25,67.91,2.07,143.74,84.44
08-01-2026 16:30,08-01-2026 16:45,10.25,25,68.18,1.21,171.91,59.68
08-01-2026 16:45,08-01-2026 17:00,10.25,25,67.97,1.89,117.61,44.77
08-01-2026 17:00,08-01-2026 17:15,10.25,25,68.47,1.7,147.25,32.58
08-01-2026 17:15,08-01-2026 17:30,10.25,25,68.52,1.82,144.61,22.36
08-01-2026 17:30,08-01-2026 17:45,10.25,25,69.38,1.34,95.97,13.09
08-01-2026 17:45,08-01-2026 18:00,22.55,55,68.81,1.5,317.2,7.75
08-01-2026 18:00,08-01-2026 18:15,11.48,28,69.16,1.51,183.07,6.71
08-01-2026 18:15,08-01-2026 18:30,11.48,28,69.34,1.29,210.46,6.13
08-01-2026 18:30,08-01-2026 18:45,11.48,28,68.44,1.58,236,6.15
08-01-2026 18:45,08-01-2026 19:00,20.09,49,69.74,1.72,248.13,6.1
08-01-2026 19:00,08-01-2026 19:15,31,95.5,70.19,2.15,149.23,6.13
08-01-2026 19:15,08-01-2026 19:30,31,95.47,70.71,1.14,334.67,6.08
08-01-2026 19:30,08-01-2026 19:45,31,92.66,71,1.61,135.02,6.08
08-01-2026 19:45,08-01-2026 20:00,26.52,80.04,70.39,1.87,201.77,6.07
08-01-2026 20:00,08-01-2026 20:15,8.61,21,70.31,1.92,80.52,6.14
08-01-2026 20:15,08-01-2026 20:30,8.61,21,70.98,1.2,267.62,6.13
08-01-2026 20:30,08-01-2026 20:45,8.61,21,70.81,1.56,176.41,6.08
08-01-2026 20:45,08-01-2026 21:00,8.86,21.6,70.22,1.47,254.02,6.04
08-01-2026 21:00,08-01-2026 21:15,9.84,24,70.37,2.02,78.69,6.13
08-01-2026 21:15,08-01-2026 21:30,9.84,24,70.34,2.3,174.12,6.14
08-01-2026 21:30,08-01-2026 21:45,9.84,24,70.98,1.67,194.57,6.22
08-01-2026 21:45,08-01-2026 22:00,22.06,53.8,71.41,1.77,152.37,6.04
08-01-2026 22:00,08-01-2026 22:15,9.43,23,72.03,1.36,147.48,6.01
08-01-2026 22:15,08-01-2026 22:30,9.43,23,72.09,1.75,157.93,5.97
08-01-2026 22:30,08-01-2026 22:45,9.43,23,72.59,1.41,232.95,6.03
08-01-2026 22:45,08-01-2026 23:00,17.3,42.2,72.42,1.67,147.72,6.13
08-01-2026 23:00,08-01-2026 23:15,10.25,25,71.51,1.7,212.24,6.07
08-01-2026 23:15,08-01-2026 23:30,10.25,25,71.21,1.43,223.43,6.15
08-01-2026 23:30,08-01-2026 23:45,10.25,25,70.36,1.39,311.9,6.13
08-01-2026 23:45,09-01-2026 00:00,10.09,24.6,70.82,1.44,181.93,6.03
09-01-2026 00:00,09-01-2026 00:15,22,23,71.18,1.26,214.86,6.11
09-01-2026 00:15,09-01-2026 00:30,22,23,70.97,1.23,156.8,6.24
09-01-2026 00:30,09-01-2026 00:45,22,23,70.57,1.39,140.85,6.04
09-01-2026 00:45,09-01-2026 01:00,18.75,21.2,70.41,1.29,124.75,6.07
09-01-2026 01:00,09-01-2026 01:15,10,14,70.29,1.86,215.27,6.01
09-01-2026 01:15,09-01-2026 01:30,10,14,70.5,1.03,322.98,6.03
09-01-2026 01:30,09-01-2026 01:45,10,14,70.78,1.11,277.52,6.06
09-01-2026 01:45,09-01-2026 02:00,10,14.4,70.71,1.81,120.06,6.11
09-01-2026 02:00,09-01-2026 02:15,,,70.95,1.84,194.11,6.07
09-01-2026 02:15,09-01-2026 02:30,,,71.15,1.88,95.92,6.24
09-01-2026 02:30,09-01-2026 02:45,,,70.98,1.94,154.01,5.92
09-01-2026 02:45,09-01-2026 03:00,13.54,14.6,70.24,1.29,273.7,6.13
09-01-2026 03:00,09-01-2026 03:15,3.69,9,70.71,1.43,228.78,6.17
09-01-2026 03:15,09-01-2026 03:30,3.69,9,71.29,2.19,195.52,6.17
09-01-2026 03:30,09-01-2026 03:45,3.69,9,71.67,1.25,185.25,6.06
09-01-2026 03:45,09-01-2026 04:00,3.77,9.2,70.79,2.05,86.59,6.06
09-01-2026 04:00,09-01-2026 04:15,4.1,10,70.48,1.37,197.72,6
09-01-2026 04:15,09-01-2026 04:30,4.1,10,70.99,1.53,150.2,6.06
09-01-2026 04:30,09-01-2026 04:45,4.1,10,71.14,0.92,153.05,6.06
09-01-2026 04:45,09-01-2026 05:00,12.55,30.6,71.31,1.47,189.39,6.08
09-01-2026 05:00,09-01-2026 05:15,4.92,12,71.38,1.6,263.41,6.04
09-01-2026 05:15,09-01-2026 05:30,4.92,12,71.44,1.51,180.35,6
09-01-2026 05:30,09-01-2026 05:45,4.92,12,71.43,1.66,193.7,5.92
09-01-2026 05:45,09-01-2026 06:00,5.49,13.4,71.87,1.77,217.86,6.04
09-01-2026 06:00,09-01-2026 06:15,7.79,19,72.08,1.87,279.11,6.15
09-01-2026 06:15,09-01-2026 06:30,7.79,19,72.19,1.25,328.56,6.06
09-01-2026 06:30,09-01-2026 06:45,7.79,19,72.54,1.24,263.57,6.73
09-01-2026 06:45,09-01-2026 07:00,7.87,19.2,72.19,1.25,238.9,9
09-01-2026 07:00,09-01-2026 07:15,8.2,20,72.61,1.52,176.64,12.58
09-01-2026 07:15,09-01-2026 07:30,8.2,20,73.02,1.54,206.08,14.4
09-01-2026 07:30,09-01-2026 07:45,8.2,20,72.86,2.02,222.85,16.36
09-01-2026 07:45,09-01-2026 08:00,17.22,42,73.09,2.3,170.7,22.21
09-01-2026 08:00,09-01-2026 08:15,11.89,29,73.59,1.67,175.9,22.01
09-01-2026 08:15,09-01-2026 08:30,11.89,29,73.68,2.37,304.55,21.61
09-01-2026 08:30,09-01-2026 08:45,11.89,29,72.97,1.63,88.99,29.34
09-01-2026 08:45,09-01-2026 09:00,11.4,27.8,72.47,1.38,190.3,37.48
09-01-2026 09:00,09-01-2026 09:15,9.43,23,72.3,2.01,165.69,37.27
09-01-2026 09:15,09-01-2026 09:30,9.43,23,72.37,1.34,90.29,59.08
09-01-2026 09:30,09-01-2026 09:45,9.43,23,71.89,2.67,184.88,72.42
09-01-2026 09:45,09-01-2026 10:00,9.84,24,71.15,1.78,214.27,72.24
09-01-2026 10:00,09-01-2026 10:15,11.48,28,70.9,2.1,126.32,72.75
09-01-2026 10:15,09-01-2026 10:30,11.48,28,70.74,1.95,170.22,79.17
09-01-2026 10:30,09-01-2026 10:45,11.48,28,71.03,2.34,169.39,76.19
09-01-2026 10:45,09-01-2026 11:00,15.18,28.8,71.22,2.07,177.67,84
09-01-2026 11:00,09-01-2026 11:15,,,70.66,2.1,263.22,99.46
09-01-2026 11:15,09-01-2026 11:30,,,70.32,1.82,199.89,111.26
09-01-2026 11:30,09-01-2026 11:45,,,69.81,1.57,215.61,93.49
09-01-2026 11:45,09-01-2026 12:00,34.78,48,70.34,2.01,44.25,87.47
09-01-2026 12:00,09-01-2026 12:15,9.84,24,70.48,2.21,172.7,90.54
09-01-2026 12:15,09-01-2026 12:30,9.84,24,70.84,1.83,305.18,64.63
09-01-2026 12:30,09-01-2026 12:45,9.84,24,71.12,2.02,137.83,57.57
09-01-2026 12:45,09-01-2026 13:00,9.68,23.6,71.34,1.67,211.93,64.67
09-01-2026 13:00,09-01-2026 13:15,9.02,22,71.31,2.25,132.63,79.89
09-01-2026 13:15,09-01-2026 13:30,9.02,22,71.67,1.67,151.78,62.2
09-01-2026 13:30,09-01-2026 13:45,9.02,22,71.87,2.94,187.4,58.84
09-01-2026 13:45,09-01-2026 14:00,21.89,53.4,72.14,1.95,127.5,57.63
09-01-2026 14:00,09-01-2026 14:15,10.66,26,71.91,1.6,192.86,53.82
09-01-2026 14:15,09-01-2026 14:30,10.66,26,67.09,2.11,119.11,48.62
09-01-2026 14:30,09-01-2026 14:45,10.66,26,68.1,1.55,279.29,74.67
09-01-2026 14:45,09-01-2026 15:00,10.74,26.2,70.78,1.75,252.21,69.67
09-01-2026 15:00,09-01-2026 15:15,11.07,27,70.91,2.32,260.91,47.14
09-01-2026 15:15,09-01-2026 15:30,11.07,27,72.12,1.45,190.95,29.59
09-01-2026 15:30,09-01-2026 15:45,11.07,27,72.28,1.91,121.06,25.38
09-01-2026 15:45,09-01-2026 16:00,11.32,27.6,70.97,2.91,113.04,19.86
09-01-2026 16:00,09-01-2026 16:15,12.3,30,70.95,1.75,118.77,20.31
09-01-2026 16:15,09-01-2026 16:30,12.3,30,72.78,1.96,184.57,20.84
09-01-2026 16:30,09-01-2026 16:45,12.3,30,71.37,2.4,114.52,10.76
09-01-2026 16:45,09-01-2026 17:00,20.25,49.4,69.19,1.67,180.57,10.97
09-01-2026 17:00,09-01-2026 17:15,33,34,69.42,1.76,154.74,12.33
09-01-2026 17:15,09-01-2026 17:30,33,34,75.44,1.72,26.5,9.95
09-01-2026 17:30,09-01-2026 17:45,33,34,75.1,1.15,181.01,7.88
09-01-2026 17:45,09-01-2026 18:00,33,33.8,70.65,2.2,264.39,6.9
09-01-2026 18:00,09-01-2026 18:15,13.53,33,69.47,1.59,75.32,6.27
09-01-2026 18:15,09-01-2026 18:30,13.53,33,70.63,1.47,191.9,6.06
09-01-2026 18:30,09-01-2026 18:45,13.53,33,72.85,1.64,248.78,6.15
09-01-2026 18:45,09-01-2026 19:00,22.22,54.2,72.84,1.91,117.57,6.07
09-01-2026 19:00,09-01-2026 19:15,11.48,28,74.12,1.92,239.25,6.28
09-01-2026 19:15,09-01-2026 19:30,11.48,28,74.08,1.36,153.89,6.14
09-01-2026 19:30,09-01-2026 19:45,11.48,28,74.3,2.71,251.71,6.06
09-01-2026 19:45,09-01-2026 20:00,11.07,27,74.26,1.47,219.4,6.07
09-01-2026 20:00,09-01-2026 20:15,9.43,23,74.36,1.89,207.6,6.06
09-01-2026 20:15,09-01-2026 20:30,9.43,23,73.31,1.69,192.11,6.04
09-01-2026 20:30,09-01-2026 20:45,9.43,23,73.28,1.46,298.23,5.96
09-01-2026 20:45,09-01-2026 21:00,18.86,46,73.79,1.81,182.13,6
09-01-2026 21:00,09-01-2026 21:15,9.43,23,74.23,1.42,195.54,5.93
09-01-2026 21:15,09-01-2026 21:30,9.43,23,73.99,1.7,84.7,6.08
09-01-2026 21:30,09-01-2026 21:45,9.43,23,73.85,2.15,141.22,6
09-01-2026 21:45,09-01-2026 22:00,9.76,23.8,74.14,1.79,86.96,6.03
09-01-2026 22:00,09-01-2026 22:15,11.07,27,74.44,1.28,255.22,5.93
09-01-2026 22:15,09-01-2026 22:30,11.07,27,74.38,1.87,195.36,6.11
09-01-2026 22:30,09-01-2026 22:45,11.07,27,76.5,1.6,203.51,5.89
09-01-2026 22:45,09-01-2026 23:00,10.74,26.2,77.65,1.48,308.78,5.89
09-01-2026 23:00,09-01-2026 23:15,9.43,23,76.41,1.98,256.04,6.04
09-01-2026 23:15,09-01-2026 23:30,9.43,23,75.58,1.83,116.9,5.99
09-01-2026 23:30,09-01-2026 23:45,9.43,23,76.06,1.72,156.09,5.93
09-01-2026 23:45,10-01-2026 00:00,13.74,24.8,75.07,1.38,192.49,5.97
10-01-2026 00:00,10-01-2026 00:15,,,75.16,1.86,251.01,6.06
10-01-2026 00:15,10-01-2026 00:30,,,74.62,1.3,270.13,6.06
10-01-2026 00:30,10-01-2026 00:45,,,75.61,1.97,154.33,6.01
10-01-2026 00:45,10-01-2026 01:00,27.4,30,70.16,1.9,227.75,6.06
10-01-2026 01:00,10-01-2026 01:15,9.02,22,69.7,1.89,127.02,6.04
10-01-2026 01:15,10-01-2026 01:30,9.02,22,71.74,2.03,264.33,6.1
10-01-2026 01:30,10-01-2026 01:45,9.02,22,73.21,2.98,201.86,6.11
10-01-2026 01:45,10-01-2026 02:00,9.18,22.4,73.41,1.42,281.41,5.96
10-01-2026 02:00,10-01-2026 02:15,9.84,24,73.17,1.82,211.43,6.11
10-01-2026 02:15,10-01-2026 02:30,9.84,24,72.92,3.11,170.59,6.03
10-01-2026 02:30,10-01-2026 02:45,9.84,24,72.9,2.39,241.82,6.11
10-01-2026 02:45,10-01-2026 03:00,13.67,26.6,72.99,1.61,81.72,6.17
10-01-2026 03:00,10-01-2026 03:15,22,37,72.97,1.25,210.49,6.24
10-01-2026 03:15,10-01-2026 03:30,22,37,72.67,1.38,234.85,6.21
10-01-2026 03:30,10-01-2026 03:45,22,37,72.21,1.35,148,6.31
10-01-2026 03:45,10-01-2026 04:00,32.85,66.8,73.08,1.39,256.54,6.08
10-01-2026 04:00,10-01-2026 04:15,11.07,27,78.15,2.32,85.83,6.17
10-01-2026 04:15,10-01-2026 04:30,11.07,27,83.06,1.53,96.65,6.03
10-01-2026 04:30,10-01-2026 04:45,11.07,27,82.74,1.58,245.06,6.01
10-01-2026 04:45,10-01-2026 05:00,10.5,25.6,82.36,1.92,211.47,6.03
10-01-2026 05:00,10-01-2026 05:15,8.2,20,84.32,1.85,141.59,5.99
10-01-2026 05:15,10-01-2026 05:30,8.2,20,85.78,1.84,126.83,5.99
10-01-2026 05:30,10-01-2026 05:45,8.2,20,87.02,1.55,257.8,5.93
10-01-2026 05:45,10-01-2026 06:00,8.36,20.4,87,2.12,204.79,5.92
10-01-2026 06:00,10-01-2026 06:15,9.02,22,85.41,2.39,265.54,5.89
10-01-2026 06:15,10-01-2026 06:30,9.02,22,84.03,2.03,175.07,5.83
10-01-2026 06:30,10-01-2026 06:45,9.02,22,82.99,2.33,187.94,6.29
10-01-2026 06:45,10-01-2026 07:00,9.84,24,82.25,2.68,91.74,8.12
10-01-2026 07:00,10-01-2026 07:15,13.12,32,83.14,2.42,155.85,12.78
10-01-2026 07:15,10-01-2026 07:30,13.12,32,83.73,1.78,145.5,13.28
10-01-2026 07:30,10-01-2026 07:45,13.12,32,83.74,1.77,147.04,17.73
10-01-2026 07:45,10-01-2026 08:00,12.87,31.4,82.79,1.59,167.02,24.8
10-01-2026 08:00,10-01-2026 08:15,11.89,29,81.61,1.87,88.32,27.57
10-01-2026 08:15,10-01-2026 08:30,11.89,29,81.14,1.59,215.72,29.15
10-01-2026 08:30,10-01-2026 08:45,11.89,29,79.83,3.41,175.18,35.7
10-01-2026 08:45,10-01-2026 09:00,12.63,30.8,78.81,1.8,130.99,29.62
10-01-2026 09:00,10-01-2026 09:15,15.58,38,75.91,1.83,132.03,30.35
10-01-2026 09:15,10-01-2026 09:30,15.58,38,72.61,1.86,218.01,59.96
10-01-2026 09:30,10-01-2026 09:45,15.58,38,72.36,1.77,136.34,71.54
10-01-2026 09:45,10-01-2026 10:00,15.25,37.2,71.62,1.29,170.6,100.91
10-01-2026 10:00,10-01-2026 10:15,13.94,34,71.77,2.01,257.35,88.07
10-01-2026 10:15,10-01-2026 10:30,13.94,34,72.46,1.69,307.2,97.79
10-01-2026 10:30,10-01-2026 10:45,13.94,34,71.51,1.57,218.49,108.76
10-01-2026 10:45,10-01-2026 11:00,13.37,32.6,70.71,3.32,160.65,126.25
10-01-2026 11:00,10-01-2026 11:15,11.07,27,69.76,2.72,170.29,108.48
10-01-2026 11:15,10-01-2026 11:30,11.07,27,69.9,2.26,263.61,98.61
10-01-2026 11:30,10-01-2026 11:45,11.07,27,70.42,1.85,262.1,90.52
10-01-2026 11:45,10-01-2026 12:00,11.23,27.4,69.97,2.51,82.3,64.56
10-01-2026 12:00,10-01-2026 12:15,11.89,29,70.53,2.34,161.57,59.11
10-01-2026 12:15,10-01-2026 12:30,11.89,29,71.05,2.11,116.65,77.39
10-01-2026 12:30,10-01-2026 12:45,11.89,29,70.67,1.5,233.58,51.71
10-01-2026 12:45,10-01-2026 13:00,10.99,26.8,71.53,1.13,200.24,77.72
10-01-2026 13:00,10-01-2026 13:15,7.38,18,72.49,2,142.07,46.79
10-01-2026 13:15,10-01-2026 13:30,7.38,18,73.11,1.91,199.68,34.02
10-01-2026 13:30,10-01-2026 13:45,7.38,18,77.32,1.36,283.81,23.2
10-01-2026 13:45,10-01-2026 14:00,7.46,18.2,81.85,1.47,203.73,21.8
10-01-2026 14:00,10-01-2026 14:15,7.79,19,83.05,1.48,204.49,30.34
10-01-2026 14:15,10-01-2026 14:30,7.79,19,81.37,1.48,91.07,33.1
10-01-2026 14:30,10-01-2026 14:45,7.79,19,77.28,2.49,165.06,23.15
10-01-2026 14:45,10-01-2026 15:00,20.58,50.2,77.48,1.55,89.87,33.61
10-01-2026 15:00,10-01-2026 15:15,6.97,17,79.36,1.76,337.24,28.46
10-01-2026 15:15,10-01-2026 15:30,6.97,17,78.46,1.29,270.82,22.63
10-01-2026 15:30,10-01-2026 15:45,6.97,17,78.7,1.81,168.14,16.81
10-01-2026 15:45,10-01-2026 16:00,20.09,49,82.82,2.23,233.97,22.17
10-01-2026 16:00,10-01-2026 16:15,12.71,31,86.25,2.29,99.46,33.93
10-01-2026 16:15,10-01-2026 16:30,12.71,31,84.15,2.79,192.43,33.16
10-01-2026 16:30,10-01-2026 16:45,12.71,31,81.74,2.32,170.05,28.67
10-01-2026 16:45,10-01-2026 17:00,12.46,30.4,82,2.79,222.53,14.17
10-01-2026 17:00,10-01-2026 17:15,11.48,28,82.08,2.51,150.65,11.1
10-01-2026 17:15,10-01-2026 17:30,11.48,28,81.4,1.8,251.39,9.06
10-01-2026 17:30,10-01-2026 17:45,11.48,28,80.7,2.36,183.11,7.13
10-01-2026 17:45,10-01-2026 18:00,18.94,46.2,80.33,1.66,119.54,6.75
10-01-2026 18:00,10-01-2026 18:15,11.89,29,79.28,2.34,172.33,6.08
10-01-2026 18:15,10-01-2026 18:30,11.89,29,77.37,1.44,272.26,5.99
10-01-2026 18:30,10-01-2026 18:45,11.89,29,77.21,1.25,299.92,6.01
10-01-2026 18:45,10-01-2026 19:00,12.87,31.4,76.18,1.59,165.17,5.97
10-01-2026 19:00,10-01-2026 19:15,16.81,41,75.69,0.95,243.79,5.94
10-01-2026 19:15,10-01-2026 19:30,16.81,41,75.22,1.66,191.98,6.11
10-01-2026 19:30,10-01-2026 19:45,16.81,41,76.06,1.68,153.94,5.99
10-01-2026 19:45,10-01-2026 20:00,15.91,38.8,80.6,1.03,235.64,5.89
10-01-2026 20:00,10-01-2026 20:15,12.3,30,83.21,0.58,257.09,6.01
10-01-2026 20:15,10-01-2026 20:30,12.3,30,84.2,1.11,137.19,6
10-01-2026 20:30,10-01-2026 20:45,12.3,30,84.15,0.78,160.9,5.99
10-01-2026 20:45,10-01-2026 21:00,24.11,58.8,84.56,1.19,144.89,6.07
10-01-2026 21:00,10-01-2026 21:15,14.76,36,84.96,0.69,197.25,6.1
10-01-2026 21:15,10-01-2026 21:30,14.76,36,84.39,1.64,141.1,5.93
10-01-2026 21:30,10-01-2026 21:45,14.76,36,84.57,1.4,89.75,5.97
10-01-2026 21:45,10-01-2026 22:00,13.53,33,84.53,2.09,112.63,5.94
10-01-2026 22:00,10-01-2026 22:15,8.61,21,84.66,2.4,259.37,6.01
10-01-2026 22:15,10-01-2026 22:30,8.61,21,86.14,2.12,238.57,5.87
10-01-2026 22:30,10-01-2026 22:45,8.61,21,87.02,2.19,93.84,6
10-01-2026 22:45,10-01-2026 23:00,8.69,21.2,87.74,1.74,293.98,5.94
10-01-2026 23:00,10-01-2026 23:15,9.02,22,88.72,1.72,201.76,5.93
10-01-2026 23:15,10-01-2026 23:30,9.02,22,90.26,2.1,181.86,5.83
10-01-2026 23:30,10-01-2026 23:45,9.02,22,90.89,2.02,183.49,5.87
10-01-2026 23:45,11-01-2026 00:00,8.86,21.6,91.3,1.85,228.88,5.83
11-01-2026 00:00,11-01-2026 00:15,8.2,20,91.63,1.57,190.54,5.89
11-01-2026 00:15,11-01-2026 00:30,8.2,20,91.29,1.74,304.35,5.96
11-01-2026 00:30,11-01-2026 00:45,8.2,20,90.53,1.88,192.02,5.79
11-01-2026 00:45,11-01-2026 01:00,8.53,20.8,90.2,2.38,120.47,5.86
11-01-2026 01:00,11-01-2026 01:15,9.84,24,90.01,2.06,163.02,5.94
11-01-2026 01:15,11-01-2026 01:30,9.84,24,89.33,3.34,275.02,5.93
11-01-2026 01:30,11-01-2026 01:45,9.84,24,89.12,1.73,305.18,6
11-01-2026 01:45,11-01-2026 02:00,22.14,54,89.26,2.39,251.27,5.97
11-01-2026 02:00,11-01-2026 02:15,8.61,21,88.99,1.48,176.79,5.9
11-01-2026 02:15,11-01-2026 02:30,8.61,21,88.06,1.59,129.45,6.01
11-01-2026 02:30,11-01-2026 02:45,8.61,21,87.23,1.23,85.35,5.99
11-01-2026 02:45,11-01-2026 03:00,20.25,49.4,86.03,1.85,131.96,5.96
11-01-2026 03:00,11-01-2026 03:15,11.48,28,85.14,2.88,89.52,5.99
11-01-2026 03:15,11-01-2026 03:30,11.48,28,87.15,2.69,231.78,6.13
11-01-2026 03:30,11-01-2026 03:45,11.48,28,90.17,2.17,137.26,5.99
11-01-2026 03:45,11-01-2026 04:00,11.56,28.2,91.5,2.83,167.76,5.94
11-01-2026 04:00,11-01-2026 04:15,11.89,29,92.34,1.25,218.12,6.17
11-01-2026 04:15,11-01-2026 04:30,11.89,29,92.64,1.83,255.29,6.08
11-01-2026 04:30,11-01-2026 04:45,11.89,29,92.24,2.38,64.53,6.1
11-01-2026 04:45,11-01-2026 05:00,11.48,28,91.52,2.37,139.4,6.11
11-01-2026 05:00,11-01-2026 05:15,9.84,24,90.67,2.19,217.96,5.94
11-01-2026 05:15,11-01-2026 05:30,9.84,24,89.38,2.07,147.32,6.08
11-01-2026 05:30,11-01-2026 05:45,9.84,24,88.2,1.87,136.13,6.15
11-01-2026 05:45,11-01-2026 06:00,8.94,21.8,87.81,1.62,33.84,5.93
11-01-2026 06:00,11-01-2026 06:15,5.33,13,87.21,1.84,301.3,6.04
11-01-2026 06:15,11-01-2026 06:30,5.33,13,86.83,1.34,153.83,6.01
11-01-2026 06:30,11-01-2026 06:45,5.33,13,87.43,1.61,211.33,6.11
11-01-2026 06:45,11-01-2026 07:00,17.14,41.8,86.68,1.13,93.23,6.14
11-01-2026 07:00,11-01-2026 07:15,10.25,25,85.72,1.4,89.08,6.49
11-01-2026 07:15,11-01-2026 07:30,10.25,25,84.57,1.28,205.89,7.82
11-01-2026 07:30,11-01-2026 07:45,10.25,25,83.25,0.32,196.08,8.43
11-01-2026 07:45,11-01-2026 08:00,22.14,54,81.84,1.38,150.75,8.94
11-01-2026 08:00,11-01-2026 08:15,10.25,25,81.15,0.89,141.52,9.42
11-01-2026 08:15,11-01-2026 08:30,10.25,25,81.29,0.41,93.6,9.35
11-01-2026 08:30,11-01-2026 08:45,10.25,25,81.6,0.84,130.81,13.82
11-01-2026 08:45,11-01-2026 09:00,21.98,53.6,81.98,1.86,201.33,12.04
11-01-2026 09:00,11-01-2026 09:15,10.66,26,83.18,0.99,211.26,16.43
11-01-2026 09:15,11-01-2026 09:30,10.66,26,81.92,0.92,148.9,19.18
11-01-2026 09:30,11-01-2026 09:45,10.66,26,80.79,0.61,127.47,25.79
11-01-2026 09:45,11-01-2026 10:00,17.96,43.8,80.2,0.92,177.93,25.04
11-01-2026 10:00,11-01-2026 10:15,11.07,27,79.71,1.71,54,57.4
11-01-2026 10:15,11-01-2026 10:30,11.07,27,78.42,2.12,119.18,47.82
11-01-2026 10:30,11-01-2026 10:45,11.07,27,78.68,2.34,88.56,23.87
11-01-2026 10:45,11-01-2026 11:00,18.37,44.8,79.85,3.4,92.26,24.24
11-01-2026 11:00,11-01-2026 11:15,12.3,30,84.82,2.5,257.9,32.05
11-01-2026 11:15,11-01-2026 11:30,12.3,30,86.41,2.35,207.17,48.91
11-01-2026 11:30,11-01-2026 11:45,12.3,30,87.75,2.39,189.78,46.14
11-01-2026 11:45,11-01-2026 12:00,12.63,30.8,87.74,2.21,86.87,46.48
11-01-2026 12:00,11-01-2026 12:15,31,34,87.24,1.44,27.65,25.09
11-01-2026 12:15,11-01-2026 12:30,31,34,87.31,1.76,73.01,27.06
11-01-2026 12:30,11-01-2026 12:45,31,34,86.92,2.94,153.85,45.7
11-01-2026 12:45,11-01-2026 13:00,27.1,32.8,86.28,2.28,148.61,42.2
11-01-2026 13:00,11-01-2026 13:15,11.48,28,86.13,1.78,125.59,38.46
11-01-2026 13:15,11-01-2026 13:30,11.48,28,85.83,2.46,145.94,41.8
11-01-2026 13:30,11-01-2026 13:45,11.48,28,85.21,3.12,81.01,47.79
11-01-2026 13:45,11-01-2026 14:00,12.38,30.2,84.52,2.33,179.71,34.08
11-01-2026 14:00,11-01-2026 14:15,37,39,84.74,2.27,264.62,16.91
11-01-2026 14:15,11-01-2026 14:30,37,39,86.53,2.01,140.75,15.57
11-01-2026 14:30,11-01-2026 14:45,37,39,88.13,1.84,188.87,9.49
11-01-2026 14:45,11-01-2026 15:00,43.05,64,90.27,1.71,192.96,14.26
11-01-2026 15:00,11-01-2026 15:15,9.02,22,91.92,2.18,150.11,16.5
11-01-2026 15:15,11-01-2026 15:30,9.02,22,92.01,2.79,57.74,21.53
11-01-2026 15:30,11-01-2026 15:45,9.02,22,91.39,2.09,137.14,20.53
11-01-2026 15:45,11-01-2026 16:00,18.2,44.4,90.93,1.76,99.5,14.54
11-01-2026 16:00,11-01-2026 16:15,9.43,23,90.35,2.83,246.34,15.46
11-01-2026 16:15,11-01-2026 16:30,9.43,23,90.3,1.81,128.1,15.9
11-01-2026 16:30,11-01-2026 16:45,9.43,23,90.67,2.22,232.19,13.16
11-01-2026 16:45,11-01-2026 17:00,22.88,55.8,89.75,1.98,151.19,11.89
11-01-2026 17:00,11-01-2026 17:15,8.61,21,89.39,1.56,184.96,9.42
11-01-2026 17:15,11-01-2026 17:30,8.61,21,89.2,2.29,170.89,9.46
11-01-2026 17:30,11-01-2026 17:45,8.61,21,88.78,1.5,132.48,7.78
11-01-2026 17:45,11-01-2026 18:00,8.45,20.6,88.02,2.1,74.46,7.03
11-01-2026 18:00,11-01-2026 18:15,7.79,19,87.1,2.1,151.42,6.27
11-01-2026 18:15,11-01-2026 18:30,7.79,19,87.04,2.22,148.38,6.04
11-01-2026 18:30,11-01-2026 18:45,7.79,19,87.3,1.84,139.42,6
11-01-2026 18:45,11-01-2026 19:00,8.28,20.2,87.27,2.3,200.15,5.99
11-01-2026 19:00,11-01-2026 19:15,10.25,25,87.46,1.73,153.11,5.97
11-01-2026 19:15,11-01-2026 19:30,10.25,25,87.36,2.32,215.43,6.06
11-01-2026 19:30,11-01-2026 19:45,10.25,25,86.83,2.41,89,5.89
11-01-2026 19:45,11-01-2026 20:00,10.5,25.6,86.95,1.66,181.82,5.96
11-01-2026 20:00,11-01-2026 20:15,11.48,28,87.21,2.46,191.95,5.9
11-01-2026 20:15,11-01-2026 20:30,11.48,28,87.72,2.06,219.1,6.22
11-01-2026 20:30,11-01-2026 20:45,11.48,28,88.12,0.98,165.99,6.07
11-01-2026 20:45,11-01-2026 21:00,11.81,28.8,88.33,1.12,26.5,6.01
11-01-2026 21:00,11-01-2026 21:15,13.12,32,88.31,1.32,179.52,6.04
11-01-2026 21:15,11-01-2026 21:30,13.12,32,88.44,1.38,76.93,6.01
11-01-2026 21:30,11-01-2026 21:45,13.12,32,88.67,1.22,114.2,6.08
11-01-2026 21:45,11-01-2026 22:00,13.12,32,88.75,0.86,218.14,6.08
11-01-2026 22:00,11-01-2026 22:15,13.12,32,88.71,2.12,55.74,6.14
11-01-2026 22:15,11-01-2026 22:30,13.12,32,88.34,1.41,88.67,6.14
11-01-2026 22:30,11-01-2026 22:45,13.12,32,87.81,1.4,204.5,6.1
11-01-2026 22:45,11-01-2026 23:00,11.97,29.2,87.59,1.77,212.43,6.1
11-01-2026 23:00,11-01-2026 23:15,7.38,18,87.54,2.38,84.84,5.92
11-01-2026 23:15,11-01-2026 23:30,7.38,18,87.37,2.85,235.07,6.01
11-01-2026 23:30,11-01-2026 23:45,7.38,18,88.08,2.79,27.58,5.94
11-01-2026 23:45,12-01-2026 00:00,8.12,19.8,88.89,2.51,28.46,5.97
12-01-2026 00:00,12-01-2026 00:15,11.07,27,89.4,1.77,146.29,5.92
12-01-2026 00:15,12-01-2026 00:30,11.07,27,89.41,2.1,211.85,6.06
12-01-2026 00:30,12-01-2026 00:45,11.07,27,89.71,1.67,188.37,5.96
12-01-2026 00:45,12-01-2026 01:00,10.41,25.4,90.17,1.63,151.42,5.9
12-01-2026 01:00,12-01-2026 01:15,7.79,19,90.39,2.01,89.01,5.94
12-01-2026 01:15,12-01-2026 01:30,7.79,19,90.36,1.08,88.59,6.07
12-01-2026 01:30,12-01-2026 01:45,7.79,19,90.5,1.01,201.44,6
12-01-2026 01:45,12-01-2026 02:00,19.52,47.6,91.18,0.85,150.55,5.94
12-01-2026 02:00,12-01-2026 02:15,9.84,24,91.42,1.52,85.56,5.99
12-01-2026 02:15,12-01-2026 02:30,9.84,24,91.59,0.7,146.1,5.96
12-01-2026 02:30,12-01-2026 02:45,9.84,24,91.59,0.73,143.88,5.93
12-01-2026 02:45,12-01-2026 03:00,20.99,51.2,91.83,0.49,142.6,6.03
12-01-2026 03:00,12-01-2026 03:15,8.61,21,92.21,0.84,84.62,6.03
12-01-2026 03:15,12-01-2026 03:30,8.61,21,92.02,0.89,136.22,6.03
12-01-2026 03:30,12-01-2026 03:45,8.61,21,91.89,0.84,87.93,6.01
12-01-2026 03:45,12-01-2026 04:00,8.94,21.8,91.84,0.55,147.11,6.13
12-01-2026 04:00,12-01-2026 04:15,10.25,25,91.69,0.48,90.51,6.04
12-01-2026 04:15,12-01-2026 04:30,10.25,25,91.69,0.29,198.24,6.17
12-01-2026 04:30,12-01-2026 04:45,10.25,25,91.56,0.88,144.98,6.04
12-01-2026 04:45,12-01-2026 05:00,10.33,25.2,91.12,0.66,189.43,5.96
12-01-2026 05:00,12-01-2026 05:15,10.66,26,90.92,0.27,147.22,5.97
12-01-2026 05:15,12-01-2026 05:30,10.66,26,90.88,0.8,150.2,5.97
12-01-2026 05:30,12-01-2026 05:45,10.66,26,90.76,0.36,116.95,6.07
12-01-2026 05:45,12-01-2026 06:00,10.91,26.6,90.49,0.75,172.33,6.08
12-01-2026 06:00,12-01-2026 06:15,11.89,29,90.42,0.28,128.57,5.96
12-01-2026 06:15,12-01-2026 06:30,11.89,29,90.43,0.37,83.91,6.07
12-01-2026 06:30,12-01-2026 06:45,11.89,29,90.43,0.35,132.77,6.51
12-01-2026 06:45,12-01-2026 07:00,20.09,49,90.27,0.34,187.34,6.79
12-01-2026 07:00,12-01-2026 07:15,15.99,39,89.92,0.67,145.64,7.24
12-01-2026 07:15,12-01-2026 07:30,15.99,39,89.85,1.07,142.84,8.27
12-01-2026 07:30,12-01-2026 07:45,15.99,39,90.17,0.49,125.73,13.19
12-01-2026 07:45,12-01-2026 08:00,14.92,36.4,91.11,0.28,165.2,12.04
12-01-2026 08:00,12-01-2026 08:15,10.66,26,91.7,0.98,86.47,20.81
12-01-2026 08:15,12-01-2026 08:30,10.66,26,91.33,0.84,210.63,26.55
12-01-2026 08:30,12-01-2026 08:45,10.66,26,90.48,1.07,26.5,17.49
12-01-2026 08:45,12-01-2026 09:00,19.6,47.8,90.16,1.19,203.64,18.35
12-01-2026 09:00,12-01-2026 09:15,13.12,32,89.71,1.11,85.5,17.69
12-01-2026 09:15,12-01-2026 09:30,13.12,32,89.66,0.52,175.48,14.76
12-01-2026 09:30,12-01-2026 09:45,13.12,32,89.61,1.75,141.94,17.66
12-01-2026 09:45,12-01-2026 10:00,13.28,32.4,89.03,1.61,189.33,21.05
12-01-2026 10:00,12-01-2026 10:15,13.94,34,88.32,1.83,182.92,37.61
12-01-2026 10:15,12-01-2026 10:30,13.94,34,88.12,1.56,168.53,60.9
12-01-2026 10:30,12-01-2026 10:45,13.94,34,88.68,2.01,276.86,74.22
12-01-2026 10:45,12-01-2026 11:00,14.43,35.2,87.81,1.43,118.37,77.11
12-01-2026 11:00,12-01-2026 11:15,16.4,40,85.73,0.47,206.7,61.57
12-01-2026 11:15,12-01-2026 11:30,16.4,40,84.36,0.46,120.99,58.49
12-01-2026 11:30,12-01-2026 11:45,16.4,40,80.34,2.09,28.64,65.47
12-01-2026 11:45,12-01-2026 12:00,23.86,58.2,77.79,1.07,212.93,82.94
12-01-2026 12:00,12-01-2026 12:15,38,42,75.7,1.17,153.26,105.15
12-01-2026 12:15,12-01-2026 12:30,38,42,75.75,1.39,93.51,104.84
12-01-2026 12:30,12-01-2026 12:45,38,42,76.65,1.33,180.94,166.28
12-01-2026 12:45,12-01-2026 13:00,38,41.8,75.52,0.98,144.49,154.81
12-01-2026 13:00,12-01-2026 13:15,33,41,75.72,2.09,201.95,221.11
12-01-2026 13:15,12-01-2026 13:30,33,41,75.76,1.2,217.86,140.86
12-01-2026 13:30,12-01-2026 13:45,33,41,76.4,1.55,35.74,130.93
12-01-2026 13:45,12-01-2026 14:00,28.61,38.2,77.15,1.44,91.71,74.46
12-01-2026 14:00,12-01-2026 14:15,11.07,27,78.11,1.51,200.15,93.26
12-01-2026 14:15,12-01-2026 14:30,11.07,27,78.44,1.13,26.5,82.21
12-01-2026 14:30,12-01-2026 14:45,11.07,27,78.84,1.66,147.02,61.13
12-01-2026 14:45,12-01-2026 15:00,22.55,55,79.45,1.62,87.22,71.49
12-01-2026 15:00,12-01-2026 15:15,27,42,79.1,1.11,87.37,70.35
12-01-2026 15:15,12-01-2026 15:30,27,42,79.51,1.98,146.29,51.12
12-01-2026 15:30,12-01-2026 15:45,27,42,80.5,1.64,26.5,36.7
12-01-2026 15:45,12-01-2026 16:00,23.32,37.8,81.17,1.26,26.5,37.96
12-01-2026 16:00,12-01-2026 16:15,8.61,21,81.15,0.84,91.86,28.7
12-01-2026 16:15,12-01-2026 16:30,8.61,21,81.33,1.44,26.5,21.63
12-01-2026 16:30,12-01-2026 16:45,8.61,21,81.82,0.75,204.63,16.43
12-01-2026 16:45,12-01-2026 17:00,8.86,21.6,82.25,0.89,87.9,13.36
12-01-2026 17:00,12-01-2026 17:15,9.84,24,82.22,1.41,257.24,15.36
12-01-2026 17:15,12-01-2026 17:30,9.84,24,82.6,1.15,26.5,12.97
12-01-2026 17:30,12-01-2026 17:45,9.84,24,83.41,0.92,148.27,10.36
12-01-2026 17:45,12-01-2026 18:00,9.84,24,83.23,0.83,120,7.37
12-01-2026 18:00,12-01-2026 18:15,9.84,24,82.89,0.81,26.5,6.44
12-01-2026 18:15,12-01-2026 18:30,9.84,24,83.19,0.62,87.86,6.01
12-01-2026 18:30,12-01-2026 18:45,9.84,24,82.81,0.94,146.13,5.93
12-01-2026 18:45,12-01-2026 19:00,9.43,23,82.74,0.84,142.96,5.9
12-01-2026 19:00,12-01-2026 19:15,7.79,19,82.99,0.91,26.5,5.86
12-01-2026 19:15,12-01-2026 19:30,7.79,19,82.74,0.66,197.87,6.03
12-01-2026 19:30,12-01-2026 19:45,7.79,19,82.77,0.5,145.35,6.04
12-01-2026 19:45,12-01-2026 20:00,8.04,19.6,82.31,0.8,69.6,5.93
12-01-2026 20:00,12-01-2026 20:15,9.02,22,82.17,0.46,142.75,6
12-01-2026 20:15,12-01-2026 20:30,9.02,22,81.64,1.07,87.2,6.04
12-01-2026 20:30,12-01-2026 20:45,9.02,22,81.62,0.74,26.5,5.97
12-01-2026 20:45,12-01-2026 21:00,12.22,23.2,81.36,1.12,148.01,5.99
12-01-2026 21:00,12-01-2026 21:15,11.48,28,81.76,1.34,212.96,6.01
12-01-2026 21:15,12-01-2026 21:30,11.48,28,81.79,1.42,141.18,5.99
12-01-2026 21:30,12-01-2026 21:45,11.48,28,82.11,0.82,26.5,5.99
12-01-2026 21:45,12-01-2026 22:00,14.98,28.4,82.57,0.63,26.5,6.03
12-01-2026 22:00,12-01-2026 22:15,28,30,82.41,0.97,88.52,6.03
12-01-2026 22:15,12-01-2026 22:30,28,30,82.73,0.73,26.5,6.07
12-01-2026 22:30,12-01-2026 22:45,28,30,83.15,0.49,88.93,6.06
12-01-2026 22:45,12-01-2026 23:00,24.12,28.2,82.7,0.66,26.5,6.1
12-01-2026 23:00,12-01-2026 23:15,8.61,21,83.18,0.63,87.97,6.03
12-01-2026 23:15,12-01-2026 23:30,8.61,21,83.79,1.29,26.5,6.01
12-01-2026 23:30,12-01-2026 23:45,8.61,21,83.62,0.73,83.47,6.01
12-01-2026 23:45,13-01-2026 00:00,18.53,45.2,83.81,0.81,26.5,6.1
13-01-2026 00:00,13-01-2026 00:15,26,45,84.28,0.6,26.5,6.18
13-01-2026 00:15,13-01-2026 00:30,26,45,84.09,0.51,150.18,6.13
13-01-2026 00:30,13-01-2026 00:45,26,45,83.59,0.91,210.84,6.04
13-01-2026 00:45,13-01-2026 01:00,21.46,37.6,82.71,0.76,89.09,6.01
13-01-2026 01:00,13-01-2026 01:15,3.28,8,83.21,0.52,26.5,5.9
13-01-2026 01:15,13-01-2026 01:30,3.28,8,83.99,0.41,147.66,6.07
13-01-2026 01:30,13-01-2026 01:45,3.28,8,83.72,1.19,148.6,5.93
13-01-2026 01:45,13-01-2026 02:00,4.1,10,83.86,0.88,267.97,5.92
13-01-2026 02:00,13-01-2026 02:15,7.38,18,83.89,0.74,91.15,5.99
13-01-2026 02:15,13-01-2026 02:30,7.38,18,83.93,0.61,26.5,6.04
13-01-2026 02:30,13-01-2026 02:45,7.38,18,83.8,0.66,150.59,5.97
13-01-2026 02:45,13-01-2026 03:00,7.3,17.8,83.96,1.11,150.62,5.97
13-01-2026 03:00,13-01-2026 03:15,6.97,17,83.87,0.66,84.07,5.99
13-01-2026 03:15,13-01-2026 03:30,6.97,17,84.01,0.58,26.5,5.9
13-01-2026 03:30,13-01-2026 03:45,6.97,17,84.63,0.64,272.58,5.99
13-01-2026 03:45,13-01-2026 04:00,6.81,16.6,84.57,0.33,145.46,6.01
13-01-2026 04:00,13-01-2026 04:15,6.15,15,84.29,0.72,149.77,5.94
13-01-2026 04:15,13-01-2026 04:30,6.15,15,84.77,0.56,206.28,6.01
13-01-2026 04:30,13-01-2026 04:45,6.15,15,84.77,0.39,148.82,5.99
13-01-2026 04:45,13-01-2026 05:00,14.27,34.8,84.65,0.27,210.63,5.97
13-01-2026 05:00,13-01-2026 05:15,11.07,27,84.94,0.48,145.62,5.94
13-01-2026 05:15,13-01-2026 05:30,11.07,27,85.21,0.36,88.47,5.97
13-01-2026 05:30,13-01-2026 05:45,11.07,27,85.22,0.95,128.36,6.11
13-01-2026 05:45,13-01-2026 06:00,21.4,52.2,85.08,0.41,85.24,5.99
13-01-2026 06:00,13-01-2026 06:15,13.12,32,85.28,0.62,87.54,6.1
13-01-2026 06:15,13-01-2026 06:30,13.12,32,85.49,0.34,26.5,6.34
13-01-2026 06:30,13-01-2026 06:45,13.12,32,85.88,0.37,78.98,7.21
13-01-2026 06:45,13-01-2026 07:00,13.12,32,86.03,0.71,199.24,10.89
13-01-2026 07:00,13-01-2026 07:15,13.12,32,86.3,0.27,84.75,13.54
13-01-2026 07:15,13-01-2026 07:30,13.12,32,86.56,1.19,147.71,18.57
13-01-2026 07:30,13-01-2026 07:45,13.12,32,86.15,0.7,87.56,28.01
13-01-2026 07:45,13-01-2026 08:00,17.7,38,85.59,0.34,83.65,32.46
13-01-2026 08:00,13-01-2026 08:15,54,62,85.08,1.8,26.5,38.29
13-01-2026 08:15,13-01-2026 08:30,54,62,84.57,1.1,88.98,38.71
13-01-2026 08:30,13-01-2026 08:45,54,62,84.08,0.67,26.5,43.86
13-01-2026 08:45,13-01-2026 09:00,47.22,59.4,82.92,0.59,94.48,46.18
13-01-2026 09:00,13-01-2026 09:15,,,82.03,0.75,129.79,45.77
13-01-2026 09:15,13-01-2026 09:30,,,81.37,1.02,141.05,42.58
13-01-2026 09:30,13-01-2026 09:45,,,81.01,0.54,90.81,59.8
13-01-2026 09:45,13-01-2026 10:00,51.34,68.8,79.91,1.26,170.14,55.43
13-01-2026 10:00,13-01-2026 10:15,13.53,33,79.94,1.04,147.29,53.03
13-01-2026 10:15,13-01-2026 10:30,13.53,33,80.05,2.29,136.39,64.8
13-01-2026 10:30,13-01-2026 10:45,13.53,33,79.64,1.54,190.93,71.69
13-01-2026 10:45,13-01-2026 11:00,23.86,58.2,78.96,1.07,26.5,66.95
13-01-2026 11:00,13-01-2026 11:15,14.35,35,77.27,1.7,122.22,62.86
13-01-2026 11:15,13-01-2026 11:30,14.35,35,77.22,1.88,26.5,63.3
13-01-2026 11:30,13-01-2026 11:45,14.35,35,76.42,1.75,79.21,59.73
13-01-2026 11:45,13-01-2026 12:00,14.68,35.8,75.64,1,170.61,60.82
13-01-2026 12:00,13-01-2026 12:15,38,39,74.32,1.18,143.43,62.99
13-01-2026 12:15,13-01-2026 12:30,38,39,74.05,0.85,100.64,189.87
13-01-2026 12:30,13-01-2026 12:45,38,39,73.9,0.87,74.93,266.98
13-01-2026 12:45,13-01-2026 13:00,43.27,62.6,73.59,1.02,141.68,226.41
13-01-2026 13:00,13-01-2026 13:15,11.48,28,73.78,1.7,140.29,262.32
13-01-2026 13:15,13-01-2026 13:30,11.48,28,74.58,1.74,126.53,248.09
13-01-2026 13:30,13-01-2026 13:45,11.48,28,73.34,1.31,244.47,244.35
13-01-2026 13:45,13-01-2026 14:00,18.86,46,72.85,1.02,145.92,240.48
13-01-2026 14:00,13-01-2026 14:15,44,61,71.14,1.2,89.37,228.26
13-01-2026 14:15,13-01-2026 14:30,44,61,71.3,0.98,259.31,217.62
13-01-2026 14:30,13-01-2026 14:45,44,61,71.42,1.75,145.31,210.14
13-01-2026 14:45,13-01-2026 15:00,44,61,71.74,2.36,26.5,200.15
13-01-2026 15:00,13-01-2026 15:15,44,61,72.28,1.52,77.63,180.44
13-01-2026 15:15,13-01-2026 15:30,44,61,70.54,1.28,88.81,165.53
13-01-2026 15:30,13-01-2026 15:45,44,61,70.76,0.79,83.01,153.11
13-01-2026 15:45,13-01-2026 16:00,37.74,55,70.84,1.49,84.17,74.6
13-01-2026 16:00,13-01-2026 16:15,12.71,31,72.13,1.28,120.61,54.18
13-01-2026 16:15,13-01-2026 16:30,12.71,31,73.09,1.54,164.76,57.69
13-01-2026 16:30,13-01-2026 16:45,12.71,31,74.13,1.01,85.24,68.34
13-01-2026 16:45,13-01-2026 17:00,16.77,32.2,74.38,1.25,88.53,59.56
13-01-2026 17:00,13-01-2026 17:15,15.17,37,75.92,0.95,205.35,41.01
13-01-2026 17:15,13-01-2026 17:30,15.17,37,75.98,0.93,26.5,25.16
13-01-2026 17:30,13-01-2026 17:45,15.17,37,77.32,0.31,88.06,13.3
13-01-2026 17:45,13-01-2026 18:00,14.43,35.2,78.49,0.49,204.4,8.63
13-01-2026 18:00,13-01-2026 18:15,,,79.61,0.62,85.12,6.51
13-01-2026 18:15,13-01-2026 18:30,,,80.19,0.47,207.92,6.17
13-01-2026 18:30,13-01-2026 18:45,,,80.29,0.57,150.35,6.1
13-01-2026 18:45,13-01-2026 19:00,,,80.75,0.36,85.94,6.07
13-01-2026 19:00,13-01-2026 19:15,11.48,28,80.95,0.27,26.5,6.03
13-01-2026 19:15,13-01-2026 19:30,11.48,28,81.71,0.6,207.32,5.99
13-01-2026 19:30,13-01-2026 19:45,11.48,28,82.29,0.56,274.59,6.18
13-01-2026 19:45,13-01-2026 20:00,12.38,30.2,82.71,0.28,26.5,6
13-01-2026 20:00,13-01-2026 20:15,27,39,82.79,0.39,89.77,6.07
13-01-2026 20:15,13-01-2026 20:30,27,39,83.35,0.52,150.81,6.13
13-01-2026 20:30,13-01-2026 20:45,27,39,83.59,0.66,87.84,6.1
13-01-2026 20:45,13-01-2026 21:00,41.75,62.2,84.01,0.75,269.42,6.15
13-01-2026 21:00,13-01-2026 21:15,30.4,36,84.19,0.46,210.72,6.07
13-01-2026 21:15,13-01-2026 21:30,28.4,36,84.33,0.42,26.5,6
13-01-2026 21:30,13-01-2026 21:45,28.2,36,84.51,0.28,26.5,6.13
13-01-2026 21:45,13-01-2026 22:00,28.8,36.6,84.6,0.29,26.5,6.06
13-01-2026 22:00,13-01-2026 22:15,35,39,84.58,0.49,26.5,5.96
13-01-2026 22:15,13-01-2026 22:30,35,39,84.57,0.63,26.5,5.99
13-01-2026 22:30,13-01-2026 22:45,35,39,84.73,0.4,26.5,5.99
13-01-2026 22:45,13-01-2026 23:00,33.8,38,84.96,0.29,142.76,5.99
13-01-2026 23:00,13-01-2026 23:15,33,34,85.01,0.27,26.5,6.14
13-01-2026 23:15,13-01-2026 23:30,33,34,85.26,0.41,91.75,6.01
13-01-2026 23:30,13-01-2026 23:45,33,34,85.21,0.27,26.5,6.04
13-01-2026 23:45,14-01-2026 00:00,33,37.2,85.35,0.48,26.5,6
14-01-2026 00:00,14-01-2026 00:15,49,50,85.5,0.39,26.5,5.99
14-01-2026 00:15,14-01-2026 00:30,49,50,86.04,0.27,26.5,5.94
14-01-2026 00:30,14-01-2026 00:45,49,50,86.81,0.27,26.5,5.94
14-01-2026 00:45,14-01-2026 01:00,44.8,47.6,87.47,0.27,26.5,5.99
14-01-2026 01:00,14-01-2026 01:15,30.6,38,88.06,0.27,26.5,5.94
14-01-2026 01:15,14-01-2026 01:30,30.8,38,88.7,0.27,26.5,5.97
14-01-2026 01:30,14-01-2026 01:45,29.4,38,89.24,0.27,26.5,5.93
14-01-2026 01:45,14-01-2026 02:00,42.2,58.4,89.56,0.27,26.5,5.93
14-01-2026 02:00,14-01-2026 02:15,24.2,32,90.09,0.27,26.5,5.8
14-01-2026 02:15,14-01-2026 02:30,25.4,32,90.4,0.27,26.5,5.9
14-01-2026 02:30,14-01-2026 02:45,23.6,32,90.52,0.27,26.5,5.9
14-01-2026 02:45,14-01-2026 03:00,26,34.8,90.67,0.27,26.5,5.97
14-01-2026 03:00,14-01-2026 03:15,38.8,46,90.83,0.27,26.5,5.87
14-01-2026 03:15,14-01-2026 03:30,37.8,46,91,0.27,26.5,5.94
14-01-2026 03:30,14-01-2026 03:45,38.2,46,91.14,0.27,26.5,5.86
14-01-2026 03:45,14-01-2026 04:00,44.2,51.2,91.29,0.27,26.5,5.85
14-01-2026 04:00,14-01-2026 04:15,64.2,72,91.46,0.27,26.5,5.87
14-01-2026 04:15,14-01-2026 04:30,64.8,72,91.54,0.27,26.5,6.01
14-01-2026 04:30,14-01-2026 04:45,65.8,72,91.55,0.27,26.5,5.87
14-01-2026 04:45,14-01-2026 05:00,79,86.6,91.6,0.27,26.5,5.78
14-01-2026 05:00,14-01-2026 05:15,138.4,145,91.83,0.27,26.5,5.82
14-01-2026 05:15,14-01-2026 05:30,137.4,145,91.89,0.27,26.5,5.9
14-01-2026 05:30,14-01-2026 05:45,137,145,91.99,0.27,26.5,5.92
14-01-2026 05:45,14-01-2026 06:00,161.6,169.4,92.01,0.27,26.5,5.85
14-01-2026 06:00,14-01-2026 06:15,258.6,267,92.03,0.27,26.5,6.03
14-01-2026 06:15,14-01-2026 06:30,260,267,92.11,0.27,26.5,6.17
14-01-2026 06:30,14-01-2026 06:45,260,267,92.17,0.42,142.85,7.07
14-01-2026 06:45,14-01-2026 07:00,230.87,249.4,92.07,0.27,81.01,9.35
14-01-2026 07:00,14-01-2026 07:15,263.2,272,91.93,0.27,301.51,13.2
14-01-2026 07:15,14-01-2026 07:30,265.4,272,91.69,0.27,323.81,17.06
14-01-2026 07:30,14-01-2026 07:45,264,272,91.37,0.27,331.03,21.16
14-01-2026 07:45,14-01-2026 08:00,235.19,254.2,90.57,0.3,209.1,24.56
14-01-2026 08:00,14-01-2026 08:15,216.2,224,89.42,0.27,26.5,28.28
14-01-2026 08:15,14-01-2026 08:30,216.8,224,88.03,0.27,210.16,32.22
14-01-2026 08:30,14-01-2026 08:45,217.6,224,86.15,0.48,243.57,36.63
14-01-2026 08:45,14-01-2026 09:00,204.4,213.8,83.83,0.38,80.9,47.58
14-01-2026 09:00,14-01-2026 09:15,164.6,173,80.14,0.57,165.56,45.91
14-01-2026 09:15,14-01-2026 09:30,165.8,173,76.62,0.52,176.9,34.89
14-01-2026 09:30,14-01-2026 09:45,165.4,173,74.87,0.86,104.43,34.12
14-01-2026 09:45,14-01-2026 10:00,148,154.8,74.27,1.03,200,37.2
14-01-2026 10:00,14-01-2026 10:15,45,82,74.54,0.54,36.95,41.49
14-01-2026 10:15,14-01-2026 10:30,45,82,73.54,0.62,26.5,43.49
14-01-2026 10:30,14-01-2026 10:45,45,82,73.14,0.96,71.28,40.81
14-01-2026 10:45,14-01-2026 11:00,50.43,87.8,73.33,0.5,83.37,36.3
14-01-2026 11:00,14-01-2026 11:15,30.2,37,71.99,0.48,54.33,38.8
14-01-2026 11:15,14-01-2026 11:30,29.4,37,71.59,0.76,61.26,40.8
14-01-2026 11:30,14-01-2026 11:45,30.2,37,71.2,1.12,108.06,35.89
14-01-2026 11:45,14-01-2026 12:00,28,35,71.29,0.79,129.54,44.98
14-01-2026 12:00,14-01-2026 12:15,19.6,27,71.35,0.87,146.23,43.21
14-01-2026 12:15,14-01-2026 12:30,18.4,27,71.94,1.11,127.95,161.3
14-01-2026 12:30,14-01-2026 12:45,20.6,27,71.67,0.86,38.76,262.49
14-01-2026 12:45,14-01-2026 13:00,20.2,27.6,71.6,0.79,68.28,259.58
14-01-2026 13:00,14-01-2026 13:15,22.6,30,71.68,0.92,51.64,255.19
14-01-2026 13:15,14-01-2026 13:30,21.4,30,71.42,0.9,140.24,250.83
14-01-2026 13:30,14-01-2026 13:45,22.6,30,71.3,1.14,60.41,245.28
14-01-2026 13:45,14-01-2026 14:00,21.8,30,71.77,1.41,88.66,235.98
14-01-2026 14:00,14-01-2026 14:15,22.8,30,71.3,0.89,117.73,226.83
14-01-2026 14:15,14-01-2026 14:30,23.2,30,70.33,1.29,97.57,214.11
14-01-2026 14:30,14-01-2026 14:45,23.8,30,70.13,0.81,65.93,194.29
14-01-2026 14:45,14-01-2026 15:00,21.4,30,71.19,0.9,37.12,182.48
14-01-2026 15:00,14-01-2026 15:15,21.8,30,71.12,0.7,62.57,156.86
14-01-2026 15:15,14-01-2026 15:30,22.8,30,71.2,0.67,50.21,142.83
14-01-2026 15:30,14-01-2026 15:45,22.2,30,71.32,1.19,109.59,127.58
14-01-2026 15:45,14-01-2026 16:00,40.24,57.6,72.32,0.81,97.72,109.45
14-01-2026 16:00,14-01-2026 16:15,19.8,28,73.13,0.46,108.25,91.63
14-01-2026 16:15,14-01-2026 16:30,21.4,28,73.35,0.7,84.15,77.21
14-01-2026 16:30,14-01-2026 16:45,19.2,28,74.1,0.69,163.6,60.1
14-01-2026 16:45,14-01-2026 17:00,20.6,28.8,74.47,0.66,146.44,45.25
14-01-2026 17:00,14-01-2026 17:15,24.2,32,75.53,0.4,327.62,31.57
14-01-2026 17:15,14-01-2026 17:30,25.4,32,76.13,0.35,262.59,21.11
14-01-2026 17:30,14-01-2026 17:45,23.8,32,76.57,0.56,77.63,12.89
14-01-2026 17:45,14-01-2026 18:00,40.81,57.4,77.07,0.3,36.16,8.64
14-01-2026 18:00,14-01-2026 18:15,27,34,77.72,0.27,26.5,6.58
14-01-2026 18:15,14-01-2026 18:30,26.8,34,78.24,0.27,139.93,6.22
14-01-2026 18:30,14-01-2026 18:45,26.2,34,78.81,0.27,198.06,6.31
14-01-2026 18:45,14-01-2026 19:00,37.39,51.8,79.05,0.27,26.5,6.11
14-01-2026 19:00,14-01-2026 19:15,28.2,34,79.39,0.27,26.5,6.03
14-01-2026 19:15,14-01-2026 19:30,27.6,34,79.54,0.27,26.5,6.01
14-01-2026 19:30,14-01-2026 19:45,26.4,34,79.8,0.27,26.5,6.04
14-01-2026 19:45,14-01-2026 20:00,38.47,51,80.02,0.27,26.5,5.96
14-01-2026 20:00,14-01-2026 20:15,22,29,80.26,0.27,26.5,6.01
14-01-2026 20:15,14-01-2026 20:30,21.6,29,80.62,0.27,26.5,6.06
14-01-2026 20:30,14-01-2026 20:45,22,29,80.99,0.27,26.5,6.06
14-01-2026 20:45,14-01-2026 21:00,21.8,29.2,81.33,0.27,26.5,5.99
14-01-2026 21:00,14-01-2026 21:15,22.2,30,81.67,0.27,26.5,5.99
14-01-2026 21:15,14-01-2026 21:30,22.6,30,82.35,0.27,26.5,6.04
14-01-2026 21:30,14-01-2026 21:45,23,30,83.4,0.27,26.5,5.99
14-01-2026 21:45,14-01-2026 22:00,39.98,57.2,83.71,0.27,26.5,6.07
14-01-2026 22:00,14-01-2026 22:15,19.2,27,83.77,0.27,26.5,5.93
14-01-2026 22:15,14-01-2026 22:30,20.8,27,84.34,0.27,26.5,6.07
14-01-2026 22:30,14-01-2026 22:45,20.4,27,85.06,0.27,26.5,5.93
14-01-2026 22:45,14-01-2026 23:00,38.36,56,84.98,0.27,26.5,6
14-01-2026 23:00,14-01-2026 23:15,18.6,27,84.74,0.27,26.5,5.96
14-01-2026 23:15,14-01-2026 23:30,19.4,27,85.54,0.27,26.5,5.93
14-01-2026 23:30,14-01-2026 23:45,20.8,27,86.38,0.27,26.5,5.83
14-01-2026 23:45,15-01-2026 00:00,18.4,26.8,87.2,0.27,26.5,5.87
15-01-2026 00:00,15-01-2026 00:15,17.4,26,87.97,0.27,26.5,5.89
15-01-2026 00:15,15-01-2026 00:30,17.4,26,88.64,0.27,26.5,5.9
15-01-2026 00:30,15-01-2026 00:45,18.4,26,88.86,0.27,26.5,5.97
15-01-2026 00:45,15-01-2026 01:00,18.4,27.2,89.28,0.27,26.5,5.89
15-01-2026 01:00,15-01-2026 01:15,24.2,32,89.59,0.27,26.5,5.93
15-01-2026 01:15,15-01-2026 01:30,24.8,32,89.92,0.27,26.5,5.94
15-01-2026 01:30,15-01-2026 01:45,25.6,32,90.18,0.27,26.5,5.9
15-01-2026 01:45,15-01-2026 02:00,38.97,55.4,90.41,0.27,26.5,5.89
15-01-2026 02:00,15-01-2026 02:15,21.8,29,90.42,0.27,26.5,5.96
15-01-2026 02:15,15-01-2026 02:30,19.4,29,90.65,0.27,26.5,5.93
15-01-2026 02:30,15-01-2026 02:45,22,29,90.79,0.27,26.5,5.97
15-01-2026 02:45,15-01-2026 03:00,21.6,28.4,90.81,0.27,26.5,5.9
15-01-2026 03:00,15-01-2026 03:15,20,26,90.96,0.27,26.5,6
15-01-2026 03:15,15-01-2026 03:30,18,26,91.27,0.27,26.5,5.96
15-01-2026 03:30,15-01-2026 03:45,19.6,26,91.34,0.27,26.5,5.93
15-01-2026 03:45,15-01-2026 04:00,32.98,50,91.53,0.27,26.5,5.9
15-01-2026 04:00,15-01-2026 04:15,14.8,23,91.74,0.27,254.13,5.92
15-01-2026 04:15,15-01-2026 04:30,16.6,23,91.43,0.27,247.85,5.93
15-01-2026 04:30,15-01-2026 04:45,14.8,23,91.62,0.27,271.23,5.9
15-01-2026 04:45,15-01-2026 05:00,34.65,51.4,91.68,0.27,255,5.83
15-01-2026 05:00,15-01-2026 05:15,45.8,53,91.8,0.27,256.5,5.85
15-01-2026 05:15,15-01-2026 05:30,44.8,53,91.91,0.27,257.31,5.92
15-01-2026 05:30,15-01-2026 05:45,46,53,92.11,0.27,268.5,5.89
15-01-2026 05:45,15-01-2026 06:00,54.5,72.4,91.84,0.27,291.57,5.82
15-01-2026 06:00,15-01-2026 06:15,47.6,56,91.67,0.27,307.09,5.8
15-01-2026 06:15,15-01-2026 06:30,48.2,56,91.56,0.27,317.95,6.1
15-01-2026 06:30,15-01-2026 06:45,46,56,91.64,0.27,317.99,7.1
15-01-2026 06:45,15-01-2026 07:00,48.8,56,91.56,0.27,277.44,9.94
15-01-2026 07:00,15-01-2026 07:15,49.4,56,91.21,0.27,302.41,14.03
15-01-2026 07:15,15-01-2026 07:30,48.6,56,90.95,0.27,200.24,19.3
15-01-2026 07:30,15-01-2026 07:45,47.6,56,90.26,0.27,233.29,23.57
15-01-2026 07:45,15-01-2026 08:00,48,56.6,89.51,0.27,292.48,28.34
15-01-2026 08:00,15-01-2026 08:15,51.2,59,88.66,0.27,255.42,32.94
15-01-2026 08:15,15-01-2026 08:30,52.4,59,87.44,0.27,82.34,36.31
15-01-2026 08:30,15-01-2026 08:45,52,59,86.16,0.27,289.17,39.63
15-01-2026 08:45,15-01-2026 09:00,56.95,70.2,84.91,0.4,215.51,41.96
15-01-2026 09:00,15-01-2026 09:15,49.8,57,83.56,0.84,211.88,48.07
15-01-2026 09:15,15-01-2026 09:30,49.4,57,82.28,0.32,223.27,53.14
15-01-2026 09:30,15-01-2026 09:45,49.2,57,79.23,0.62,201.39,55.5
15-01-2026 09:45,15-01-2026 10:00,47.4,55,77.13,0.41,56.18,52.55
15-01-2026 10:00,15-01-2026 10:15,37.8,47,75.87,0.86,76.47,53.55
15-01-2026 10:15,15-01-2026 10:30,39,47,75.8,0.42,107.2,53.53
15-01-2026 10:30,15-01-2026 10:45,39.6,47,74.7,0.48,228.45,55.48
15-01-2026 10:45,15-01-2026 11:00,55.7,75.6,73.88,1.02,83.12,57.18
15-01-2026 11:00,15-01-2026 11:15,46,48,74.34,1.25,40.59,61.68
15-01-2026 11:15,15-01-2026 11:30,46,48,74.19,0.7,81.57,62.9
15-01-2026 11:30,15-01-2026 11:45,46,48,73.4,0.97,81.49,61.34
15-01-2026 11:45,15-01-2026 12:00,44.4,47.6,73.71,1.49,87,63.45
15-01-2026 12:00,15-01-2026 12:15,38.8,46,73.4,1.1,52.16,68.72
15-01-2026 12:15,15-01-2026 12:30,38.8,46,73.49,0.69,53.17,186.41
15-01-2026 12:30,15-01-2026 12:45,38.2,46,73.32,1.05,101.87,241.58
15-01-2026 12:45,15-01-2026 13:00,36.8,43.4,73.8,1.07,92.57,238.37
15-01-2026 13:00,15-01-2026 13:15,25.2,33,72.72,0.75,63.32,237.8
15-01-2026 13:15,15-01-2026 13:30,25.2,33,72.74,0.89,112.22,231.73
15-01-2026 13:30,15-01-2026 13:45,24.4,33,72.68,0.57,94.79,223.26
15-01-2026 13:45,15-01-2026 14:00,26.4,33,72.34,1.13,62.86,214.01
15-01-2026 14:00,15-01-2026 14:15,24.6,33,71.94,0.75,64.14,206.81
15-01-2026 14:15,15-01-2026 14:30,26.2,33,71.24,0.93,85.57,194.74
15-01-2026 14:30,15-01-2026 14:45,26.2,33,70.91,0.3,109.12,182.36
15-01-2026 14:45,15-01-2026 15:00,43.28,61.6,71.75,0.74,150.43,170.13
15-01-2026 15:00,15-01-2026 15:15,24.4,32,72,0.7,82.13,157.37
15-01-2026 15:15,15-01-2026 15:30,24.8,32,72.22,0.87,109.51,142.69
15-01-2026 15:30,15-01-2026 15:45,24.8,32,72.1,0.66,201.01,127.47
15-01-2026 15:45,15-01-2026 16:00,25.4,33.2,73.77,0.29,226.33,106.98
15-01-2026 16:00,15-01-2026 16:15,31.4,38,73.82,0.65,211.7,89.05
15-01-2026 16:15,15-01-2026 16:30,29.8,38,74.72,0.66,156.19,75.42
15-01-2026 16:30,15-01-2026 16:45,30,38,75.55,0.46,163.87,60.1
15-01-2026 16:45,15-01-2026 17:00,32.2,39.8,76.01,0.78,157.72,46.05
15-01-2026 17:00,15-01-2026 17:15,40.2,47,77.18,0.35,123.75,33.66
15-01-2026 17:15,15-01-2026 17:30,39.2,47,77.99,0.54,266.79,22.62
15-01-2026 17:30,15-01-2026 17:45,39.2,47,78.24,0.36,325.83,14.05
15-01-2026 17:45,15-01-2026 18:00,38.2,45.6,78.66,0.28,151.3,8.96
15-01-2026 18:00,15-01-2026 18:15,31.6,40,79.59,0.28,26.5,6.79
15-01-2026 18:15,15-01-2026 18:30,31.8,40,80.19,0.36,206.65,6.17
15-01-2026 18:30,15-01-2026 18:45,32,40,80.77,0.27,26.5,6.24
15-01-2026 18:45,15-01-2026 19:00,48.43,66.2,81.14,0.28,26.5,6.17
15-01-2026 19:00,15-01-2026 19:15,29,37,80.98,0.59,214.67,6.14
15-01-2026 19:15,15-01-2026 19:30,30.4,37,81.56,0.41,152.61,6.24
15-01-2026 19:30,15-01-2026 19:45,29,37,81.4,0.29,26.5,6.14
15-01-2026 19:45,15-01-2026 20:00,31,36.6,81.65,0.27,147.97,6.14
15-01-2026 20:00,15-01-2026 20:15,26.6,35,81.8,0.27,270.7,6.11
15-01-2026 20:15,15-01-2026 20:30,26.8,35,81.81,0.3,26.5,6.08
15-01-2026 20:30,15-01-2026 20:45,28.6,35,82.22,0.27,26.5,6
15-01-2026 20:45,15-01-2026 21:00,42.47,59.8,82.56,0.27,252.81,5.97
15-01-2026 21:00,15-01-2026 21:15,19.6,26,82.36,0.27,26.5,5.99
15-01-2026 21:15,15-01-2026 21:30,19.6,26,82.68,0.27,26.5,6.07
15-01-2026 21:30,15-01-2026 21:45,19.4,26,83.24,0.27,26.5,6.1
15-01-2026 21:45,15-01-2026 22:00,19.2,26.4,83.9,0.3,26.5,6.04
15-01-2026 22:00,15-01-2026 22:15,21.6,28,84.3,0.3,26.5,6.06
15-01-2026 22:15,15-01-2026 22:30,20.2,28,84.59,0.27,88.63,6.07
15-01-2026 22:30,15-01-2026 22:45,20.6,28,84.73,0.41,335.72,6.11
15-01-2026 22:45,15-01-2026 23:00,22.8,29.2,83.88,0.31,209.34,6
15-01-2026 23:00,15-01-2026 23:15,26.6,34,83.11,0.37,87.9,5.99
15-01-2026 23:15,15-01-2026 23:30,27,34,82.15,0.32,205.38,6
15-01-2026 23:30,15-01-2026 23:45,25.8,34,82.15,0.33,201.52,5.94
15-01-2026 23:45,16-01-2026 00:00,26.4,34,81.36,0.53,31.62,5.96
16-01-2026 00:00,16-01-2026 00:15,43.43,61.4,80.89,0.57,42.74,5.87
16-01-2026 00:15,16-01-2026 00:30,27,34,81.08,0.31,26.5,5.85
16-01-2026 00:30,16-01-2026 00:45,24.8,34,81.38,0.41,149.32,6.04
16-01-2026 00:45,16-01-2026 01:00,46.44,64.8,81.97,0.41,26.5,5.96
16-01-2026 01:00,16-01-2026 01:15,22,30,82.64,0.27,141.61,5.94
16-01-2026 01:15,16-01-2026 01:30,22.4,30,82.51,0.41,89.07,5.97
16-01-2026 01:30,16-01-2026 01:45,22.6,30,82.33,0.3,58.03,6
16-01-2026 01:45,16-01-2026 02:00,22.2,31.8,82.31,0.33,281.69,6.07
16-01-2026 02:00,16-01-2026 02:15,31.6,39,82.73,0.27,332.64,6.07
16-01-2026 02:15,16-01-2026 02:30,32.8,39,83.54,0.27,332.94,6.1
16-01-2026 02:30,16-01-2026 02:45,31,39,84.51,0.27,333.01,6
16-01-2026 02:45,16-01-2026 03:00,31.2,38.2,85.17,0.27,333.05,6
16-01-2026 03:00,16-01-2026 03:15,27.4,35,85.72,0.27,332.94,6.01
16-01-2026 03:15,16-01-2026 03:30,28.4,35,86.23,0.27,333.03,6.06
16-01-2026 03:30,16-01-2026 03:45,27,35,86.2,0.27,338.14,6.04
16-01-2026 03:45,16-01-2026 04:00,30.8,37.2,86.17,0.27,321.61,6.13
16-01-2026 04:00,16-01-2026 04:15,38.2,46,86.64,0.27,334.19,6.11
16-01-2026 04:15,16-01-2026 04:30,39,46,87.17,0.27,338.68,6.14
16-01-2026 04:30,16-01-2026 04:45,38,46,87.44,0.35,317.09,6.08
16-01-2026 04:45,16-01-2026 05:00,36.8,44.6,87.41,0.27,320.83,6.1
16-01-2026 05:00,16-01-2026 05:15,32.4,39,88.18,0.27,322.47,5.9
16-01-2026 05:15,16-01-2026 05:30,31,39,88.69,0.27,334.44,5.96
16-01-2026 05:30,16-01-2026 05:45,30.6,39,89.51,0.27,263.07,5.89
16-01-2026 05:45,16-01-2026 06:00,31.2,38.8,89.92,0.33,139.55,5.83
16-01-2026 06:00,16-01-2026 06:15,31.2,38,90.2,0.27,26.5,5.89
16-01-2026 06:15,16-01-2026 06:30,30.6,38,90.7,0.27,26.5,6.03
16-01-2026 06:30,16-01-2026 06:45,30.6,38,91.1,0.27,26.5,7.19
16-01-2026 06:45,16-01-2026 07:00,40.25,55.4,91.44,0.27,26.5,9.92
16-01-2026 07:00,16-01-2026 07:15,46.4,54,91.51,0.27,26.5,14.23
16-01-2026 07:15,16-01-2026 07:30,46,54,91.51,0.27,26.5,19.28
16-01-2026 07:30,16-01-2026 07:45,46.4,54,90.96,0.27,228.71,24.27
16-01-2026 07:45,16-01-2026 08:00,44.8,54.4,90.32,0.27,244.83,29.48
16-01-2026 08:00,16-01-2026 08:15,48,56,89.14,0.27,26.5,33.66
16-01-2026 08:15,16-01-2026 08:30,48.4,56,87.77,0.27,316.55,37.39
16-01-2026 08:30,16-01-2026 08:45,49,56,85.37,0.27,316.6,41.46
16-01-2026 08:45,16-01-2026 09:00,49.2,55.4,81.75,0.6,322.54,46.46
16-01-2026 09:00,16-01-2026 09:15,46.2,53,79.91,0.69,225.54,51.04
16-01-2026 09:15,16-01-2026 09:30,44,53,78.68,0.82,271.17,54.35
16-01-2026 09:30,16-01-2026 09:45,44.4,53,77.75,0.89,148.83,56.79
16-01-2026 09:45,16-01-2026 10:00,53.28,69.6,76.04,0.64,129.76,57.19
16-01-2026 10:00,16-01-2026 10:15,42.2,49,74.87,0.98,111.61,60.06
16-01-2026 10:15,16-01-2026 10:30,42.2,49,75.11,0.43,109.62,61.98
16-01-2026 10:30,16-01-2026 10:45,42,49,74.81,1.23,131.95,66.01
16-01-2026 10:45,16-01-2026 11:00,41.6,48.8,74.81,0.95,40.94,67.43
16-01-2026 11:00,16-01-2026 11:15,39.6,48,74.57,0.76,103.97,71.58
16-01-2026 11:15,16-01-2026 11:30,40.4,48,74.22,0.76,102.4,74.19
16-01-2026 11:30,16-01-2026 11:45,41.6,48,72.94,0.61,169.04,73.21
16-01-2026 11:45,16-01-2026 12:00,55.75,73.4,72.54,1.12,127.01,73.34
16-01-2026 12:00,16-01-2026 12:15,41.2,50,72.31,0.98,112.79,72.97
16-01-2026 12:15,16-01-2026 12:30,43.4,50,72.43,0.51,123.68,177.82
16-01-2026 12:30,16-01-2026 12:45,43.6,50,72.54,1.1,68.73,247.64
16-01-2026 12:45,16-01-2026 13:00,54.52,72.8,72.79,0.92,120.07,244.83
16-01-2026 13:00,16-01-2026 13:15,38.2,47,72.51,1.1,136.42,242.05
16-01-2026 13:15,16-01-2026 13:30,39.4,47,72.61,1.12,98.76,237.43
16-01-2026 13:30,16-01-2026 13:45,37.8,47,72.7,0.68,210.56,225.29
16-01-2026 13:45,16-01-2026 14:00,51.81,69,72.32,0.61,35.27,222.15
16-01-2026 14:00,16-01-2026 14:15,26.8,33,71.66,0.52,108.5,214.45
16-01-2026 14:15,16-01-2026 14:30,26.6,33,69.96,0.63,141.86,200.15
16-01-2026 14:30,16-01-2026 14:45,25.8,33,69.64,0.59,123.44,190.8
16-01-2026 14:45,16-01-2026 15:00,38.34,54,70,0.64,53.97,176.77
16-01-2026 15:00,16-01-2026 15:15,29.6,36,69.89,0.63,85.08,162.69
16-01-2026 15:15,16-01-2026 15:30,28.6,36,69.5,0.98,205.04,147.73
16-01-2026 15:30,16-01-2026 15:45,28.8,36,70.4,1.09,55.28,133.45
16-01-2026 15:45,16-01-2026 16:00,46.2,64.8,71.26,0.48,99.13,117.13
16-01-2026 16:00,16-01-2026 16:15,27.8,35,72.33,0.72,181.09,97.68
16-01-2026 16:15,16-01-2026 16:30,27,35,72.6,0.74,205.73,80.48
16-01-2026 16:30,16-01-2026 16:45,27.8,35,73.21,0.43,204.52,65.27
16-01-2026 16:45,16-01-2026 17:00,41.6,56,73.4,0.55,41.18,48.79
16-01-2026 17:00,16-01-2026 17:15,30.4,39,74.13,0.42,214.52,35.58
16-01-2026 17:15,16-01-2026 17:30,32,39,74.79,0.41,89.81,24.52
16-01-2026 17:30,16-01-2026 17:45,31.6,39,75.6,0.35,214.14,14.91
16-01-2026 17:45,16-01-2026 18:00,32.4,39.2,76.81,0.48,214.63,9.26
16-01-2026 18:00,16-01-2026 18:15,32,40,77.71,0.37,212.47,6.65
16-01-2026 18:15,16-01-2026 18:30,31.4,40,78.39,0.55,276.2,6.13
16-01-2026 18:30,16-01-2026 18:45,33.8,40,78.76,0.27,26.5,6.07
16-01-2026 18:45,16-01-2026 19:00,32,39.2,79.37,0.35,26.5,6.17
16-01-2026 19:00,16-01-2026 19:15,23,36,79.93,0.27,151.22,6.13
16-01-2026 19:15,16-01-2026 19:30,30.2,36,79.95,0.27,333.13,6.13
16-01-2026 19:30,16-01-2026 19:45,29,36,80.23,0.27,322.09,6.21
16-01-2026 19:45,16-01-2026 20:00,30.2,36.8,80.28,0.27,330.15,6.14
16-01-2026 20:00,16-01-2026 20:15,32.8,40,80.52,0.47,26.5,6.08
16-01-2026 20:15,16-01-2026 20:30,30.8,40,81,0.27,26.5,6.17
16-01-2026 20:30,16-01-2026 20:45,33.4,40,81.02,0.27,210.26,6.11
16-01-2026 20:45,16-01-2026 21:00,34.2,41,80.95,0.27,213.02,6.11
16-01-2026 21:00,16-01-2026 21:15,38,45,80.57,0.27,150.84,6.06
16-01-2026 21:15,16-01-2026 21:30,37.8,45,80.65,0.27,149.24,6.07
16-01-2026 21:30,16-01-2026 21:45,38,45,80.77,0.39,89.45,6.1
16-01-2026 21:45,16-01-2026 22:00,37.8,44,81.01,0.37,89.37,6.22
16-01-2026 22:00,16-01-2026 22:15,32.4,40,81.57,0.27,89.27,6.08
16-01-2026 22:15,16-01-2026 22:30,33.4,40,81.73,0.32,26.5,6.07
16-01-2026 22:30,16-01-2026 22:45,32.8,40,82.37,0.27,26.5,5.99
16-01-2026 22:45,16-01-2026 23:00,29.4,37.4,82.92,0.35,328.06,6.03
16-01-2026 23:00,16-01-2026 23:15,20,27,82.67,0.28,336.87,5.91
16-01-2026 23:15,16-01-2026 23:30,19.17,27,82.57,0.27,234.69,5.97
16-01-2026 23:30,16-01-2026 23:45,18,27,82.41,0.27,26.5,6.09
16-01-2026 23:45,17-01-2026 00:00,33.34,47.17,82.85,0.27,26.5,6.09
17-01-2026 00:00,17-01-2026 00:15,31.6,38,82.86,0.27,26.5,5.96
17-01-2026 00:15,17-01-2026 00:30,29.4,38,83.15,0.27,26.5,6
17-01-2026 00:30,17-01-2026 00:45,30,38,83.72,0.27,26.5,5.94
17-01-2026 00:45,17-01-2026 01:00,31,39.2,83.78,0.27,26.5,5.89
17-01-2026 01:00,17-01-2026 01:15,33.8,41,83.55,0.27,26.5,5.99
17-01-2026 01:15,17-01-2026 01:30,33.4,41,83.26,0.27,26.5,5.9
17-01-2026 01:30,17-01-2026 01:45,34.4,41,83.03,0.27,26.5,5.93
17-01-2026 01:45,17-01-2026 02:00,31,38.6,82.92,0.27,26.5,5.85
17-01-2026 02:00,17-01-2026 02:15,27.8,35,82.78,0.27,26.5,5.92
17-01-2026 02:15,17-01-2026 02:30,27.8,35,83.06,0.27,26.5,5.92
17-01-2026 02:30,17-01-2026 02:45,26.8,35,83.94,0.27,26.5,5.97
17-01-2026 02:45,17-01-2026 03:00,29.2,35,84.95,0.27,26.5,5.97
17-01-2026 03:00,17-01-2026 03:15,27.6,35,85.9,0.54,290.1,5.92
17-01-2026 03:15,17-01-2026 03:30,27.8,35,86.37,0.27,318.61,5.94
17-01-2026 03:30,17-01-2026 03:45,28.4,35,86.82,0.27,319.28,5.99
17-01-2026 03:45,17-01-2026 04:00,31.2,37.8,87.39,0.27,309.85,5.97
17-01-2026 04:00,17-01-2026 04:15,35.4,42,87.93,0.27,317.52,5.93
17-01-2026 04:15,17-01-2026 04:30,33.6,42,88.6,0.27,317.41,6.03
17-01-2026 04:30,17-01-2026 04:45,34.2,42,89.13,0.27,317.86,6.06
17-01-2026 04:45,17-01-2026 05:00,33,40.4,89.45,0.27,310.58,5.96
17-01-2026 05:00,17-01-2026 05:15,29.8,38,89.71,0.27,305.68,6.01
17-01-2026 05:15,17-01-2026 05:30,30,38,90.15,0.27,318.1,5.97
17-01-2026 05:30,17-01-2026 05:45,30.4,38,90.59,0.34,260.24,5.97
17-01-2026 05:45,17-01-2026 06:00,39.8,46,90.77,0.28,155.4,6.13
17-01-2026 06:00,17-01-2026 06:15,50,58,91.04,0.27,311.53,5.99
17-01-2026 06:15,17-01-2026 06:30,50.2,58,91.26,0.27,301.02,6.31
17-01-2026 06:30,17-01-2026 06:45,50.67,58,91.61,0.36,235.97,7.98
17-01-2026 06:45,17-01-2026 07:00,51.33,67.4,91.74,0.41,288.83,11.77
17-01-2026 07:00,17-01-2026 07:15,31.2,40,91.79,0.35,199.83,16.49
17-01-2026 07:15,17-01-2026 07:30,32.2,40,91.53,0.59,231.2,20.94
17-01-2026 07:30,17-01-2026 07:45,32.8,40,91.04,0.39,215.16,25.95
17-01-2026 07:45,17-01-2026 08:00,52.01,69,90.21,0.62,279.7,30.85
17-01-2026 08:00,17-01-2026 08:15,46.4,54,89.02,0.46,119.59,36.06
17-01-2026 08:15,17-01-2026 08:30,46.4,54,87.89,0.6,145.69,39.22
17-01-2026 08:30,17-01-2026 08:45,46.8,54,86.14,0.46,195.55,41.39
17-01-2026 08:45,17-01-2026 09:00,61.5,79.2,84.16,0.38,146.81,43.16
17-01-2026 09:00,17-01-2026 09:15,52.4,59,80.25,0.34,72.99,46.35
17-01-2026 09:15,17-01-2026 09:30,50,59,74.94,0.98,147.8,54.72
17-01-2026 09:30,17-01-2026 09:45,51.8,59,70.47,0.59,26.5,53.96
17-01-2026 09:45,17-01-2026 10:00,40.8,49.4,69.23,0.77,26.5,52.5
17-01-2026 10:00,17-01-2026 10:15,36.8,43,68.29,0.54,84.9,51.95
17-01-2026 10:15,17-01-2026 10:30,37,43,66.95,0.98,88.9,51.28
17-01-2026 10:30,17-01-2026 10:45,36,43,67.19,0.61,140.47,51.44
17-01-2026 10:45,17-01-2026 11:00,29.8,37.6,66.41,0.91,226.42,51.66
17-01-2026 11:00,17-01-2026 11:15,26.4,34,67.06,0.93,50.66,56.58
17-01-2026 11:15,17-01-2026 11:30,26.4,34,67.28,0.62,56.52,56.61
17-01-2026 11:30,17-01-2026 11:45,26.6,34,66.44,0.31,50.42,63.19
17-01-2026 11:45,17-01-2026 12:00,28.8,37.6,66.04,1.4,125.07,72.38
17-01-2026 12:00,17-01-2026 12:15,32.6,40,66,0.59,28.43,83.9
17-01-2026 12:15,17-01-2026 12:30,32.6,40,65.72,0.93,238.64,230.16
17-01-2026 12:30,17-01-2026 12:45,33.2,40,65.4,0.46,164.23,248.56
17-01-2026 12:45,17-01-2026 13:00,29.8,36.4,64.29,0.69,88.76,250.28
17-01-2026 13:00,17-01-2026 13:15,26,34,64.8,0.44,192.95,255.08
17-01-2026 13:15,17-01-2026 13:30,25.6,34,64.56,0.61,148.78,249.36
17-01-2026 13:30,17-01-2026 13:45,27.83,34,65.39,0.73,38.17,242.8
17-01-2026 13:45,17-01-2026 14:00,43.1,60.5,65.64,1.11,104.13,234.28
17-01-2026 14:00,17-01-2026 14:15,28.2,36,64.56,1.25,171.61,215.97
17-01-2026 14:15,17-01-2026 14:30,27.5,36,64.18,1.01,26.5,208.24
17-01-2026 14:30,17-01-2026 14:45,28.5,36,64.94,0.71,125.66,193.32
17-01-2026 14:45,17-01-2026 15:00,36.16,50,65.35,0.7,32.92,176.95
17-01-2026 15:00,17-01-2026 15:15,25,34,65.85,0.82,53.86,161.21
17-01-2026 15:15,17-01-2026 15:30,28.2,34,65.28,0.62,82.08,146.64
17-01-2026 15:30,17-01-2026 15:45,26.2,34,66.03,0.56,91.72,128.32
17-01-2026 15:45,17-01-2026 16:00,34.91,50.2,66.28,0.92,36.62,109.51
17-01-2026 16:00,17-01-2026 16:15,22,30,66.86,0.51,67,93.52
17-01-2026 16:15,17-01-2026 16:30,22.4,30,67.12,0.34,202.62,77.53
17-01-2026 16:30,17-01-2026 16:45,22,30,67.47,0.38,141.05,56.92
17-01-2026 16:45,17-01-2026 17:00,22,29.2,67.6,0.56,26.5,42.72
17-01-2026 17:00,17-01-2026 17:15,21.8,29,67.39,0.84,266.33,28.94
17-01-2026 17:15,17-01-2026 17:30,21.2,29,68.19,0.47,276.31,19.07
17-01-2026 17:30,17-01-2026 17:45,21.8,29,69.36,0.36,85.22,11.64
17-01-2026 17:45,17-01-2026 18:00,27,34.6,70.2,0.44,194.42,7.46
17-01-2026 18:00,17-01-2026 18:15,28.6,36,71.2,0.41,208.23,6.22
17-01-2026 18:15,17-01-2026 18:30,28.2,36,72.2,0.27,26.5,6.03
17-01-2026 18:30,17-01-2026 18:45,28.8,36,73.32,0.44,26.5,6.04
17-01-2026 18:45,17-01-2026 19:00,26.8,34.4,74.29,0.31,26.5,6.01
17-01-2026 19:00,17-01-2026 19:15,26.2,34,74.83,0.28,26.5,6.03
17-01-2026 19:15,17-01-2026 19:30,25.6,34,74.6,0.27,26.5,6.11
17-01-2026 19:30,17-01-2026 19:45,26.2,34,75.26,0.36,148.59,6.03
17-01-2026 19:45,17-01-2026 20:00,25.2,34,75.94,0.33,208.49,6.08
17-01-2026 20:00,17-01-2026 20:15,27.2,34,75.79,0.43,150.47,6.14
17-01-2026 20:15,17-01-2026 20:30,26.4,34,75.64,0.27,273.34,6.17
17-01-2026 20:30,17-01-2026 20:45,24.4,34,75.13,0.35,341.03,6.28
17-01-2026 20:45,17-01-2026 21:00,43.7,61.2,75.3,0.52,87.05,6
17-01-2026 21:00,17-01-2026 21:15,28,34,76.37,0.43,148.33,6.08
17-01-2026 21:15,17-01-2026 21:30,26,34,77.06,0.27,331.25,6.14
17-01-2026 21:30,17-01-2026 21:45,27,34,77.6,0.27,323.22,6.15
17-01-2026 21:45,17-01-2026 22:00,46.41,65.6,78,0.28,336.77,6.11
17-01-2026 22:00,17-01-2026 22:15,30.6,39,76.88,0.44,212.24,6.15
17-01-2026 22:15,17-01-2026 22:30,32.4,39,76.87,0.27,212.13,6.07
17-01-2026 22:30,17-01-2026 22:45,31.6,39,77.7,0.27,26.5,6.01
17-01-2026 22:45,17-01-2026 23:00,27.6,35.8,78.52,0.27,26.5,6.06
17-01-2026 23:00,17-01-2026 23:15,27,35,79.33,0.27,26.5,6.15
17-01-2026 23:15,17-01-2026 23:30,28.2,35,78.92,0.27,26.5,6.13
17-01-2026 23:30,17-01-2026 23:45,27.4,35,78.78,0.27,26.5,6.11
17-01-2026 23:45,18-01-2026 00:00,32.83,48.2,79.06,0.27,26.5,5.94
18-01-2026 00:00,18-01-2026 00:15,18.2,25,79.8,0.27,26.5,6.04
18-01-2026 00:15,18-01-2026 00:30,17.8,25,80.55,0.27,26.5,6.07
18-01-2026 00:30,18-01-2026 00:45,17.8,25,81.04,0.27,26.5,6
18-01-2026 00:45,18-01-2026 01:00,27.6,34.6,81.4,0.27,26.5,6.01
18-01-2026 01:00,18-01-2026 01:15,27.6,37,81.52,0.27,26.5,6.07
18-01-2026 01:15,18-01-2026 01:30,28,37,81.66,0.27,26.5,6.01
18-01-2026 01:30,18-01-2026 01:45,30,37,81.69,0.27,26.5,6
18-01-2026 01:45,18-01-2026 02:00,46.33,65.2,81.84,0.27,26.5,6
18-01-2026 02:00,18-01-2026 02:15,27.8,36,82.05,0.27,26.5,6.11
18-01-2026 02:15,18-01-2026 02:30,28.8,36,81.86,0.27,26.5,5.99
18-01-2026 02:30,18-01-2026 02:45,27.8,36,80.99,0.27,26.5,6.04
18-01-2026 02:45,18-01-2026 03:00,25.2,33.6,81.24,0.27,26.5,6.13
18-01-2026 03:00,18-01-2026 03:15,26.2,33,81.25,0.27,26.5,6.06
18-01-2026 03:15,18-01-2026 03:30,25.4,33,81.19,0.27,26.5,6.03
18-01-2026 03:30,18-01-2026 03:45,25,33,81.39,0.27,26.5,6.07
18-01-2026 03:45,18-01-2026 04:00,25,32.2,81.73,0.27,26.5,6.07
18-01-2026 04:00,18-01-2026 04:15,23.8,32,81.98,0.27,26.5,6.1
18-01-2026 04:15,18-01-2026 04:30,24.6,32,82.36,0.27,26.5,6.13
18-01-2026 04:30,18-01-2026 04:45,23.8,32,82.96,0.27,26.5,6.13
18-01-2026 04:45,18-01-2026 05:00,42.1,62.4,83.81,0.27,26.5,6.1
18-01-2026 05:00,18-01-2026 05:15,22.8,30,84.58,0.27,26.5,5.9
18-01-2026 05:15,18-01-2026 05:30,23.8,30,85.1,0.27,26.5,5.85
18-01-2026 05:30,18-01-2026 05:45,23.2,30,86.25,0.35,188.98,6
18-01-2026 05:45,18-01-2026 06:00,29.8,36.4,86.75,0.27,294,5.96
18-01-2026 06:00,18-01-2026 06:15,30,38,87.38,0.27,276.49,6.1
18-01-2026 06:15,18-01-2026 06:30,29,38,87.41,0.28,295.19,6.72
18-01-2026 06:30,18-01-2026 06:45,30.2,38,87.45,0.41,231.29,8.74
18-01-2026 06:45,18-01-2026 07:00,33,41.2,87.89,0.39,227.03,12.38
18-01-2026 07:00,18-01-2026 07:15,35.6,42,87.86,0.52,280.96,16.73
18-01-2026 07:15,18-01-2026 07:30,33.8,42,87.42,0.66,216.7,21.05
18-01-2026 07:30,18-01-2026 07:45,33.8,42,86.72,0.66,209.73,25.77
18-01-2026 07:45,18-01-2026 08:00,50.58,67,85.51,0.61,247.94,29.79
18-01-2026 08:00,18-01-2026 08:15,40.2,49,83.94,1.13,247.1,33.12
18-01-2026 08:15,18-01-2026 08:30,41.2,49,81.93,0.81,297.93,35.69
18-01-2026 08:30,18-01-2026 08:45,41.4,49,79.96,0.38,131.86,37.69
18-01-2026 08:45,18-01-2026 09:00,40.4,47.4,78.41,0.6,104.27,41.32
18-01-2026 09:00,18-01-2026 09:15,39.2,47,77.47,0.56,231.93,45.68
18-01-2026 09:15,18-01-2026 09:30,40.4,47,75.52,0.29,205.91,49.76
18-01-2026 09:30,18-01-2026 09:45,39.2,47,72.39,0.41,88.57,50.33
18-01-2026 09:45,18-01-2026 10:00,43.4,51,70.06,0.76,138.17,54.27
18-01-2026 10:00,18-01-2026 10:15,45,52,67.52,0.6,63.87,44.37
18-01-2026 10:15,18-01-2026 10:30,45,52,66.79,1.32,94.11,44.13
18-01-2026 10:30,18-01-2026 10:45,43.2,52,67.03,0.85,153.43,45.2
18-01-2026 10:45,18-01-2026 11:00,31.6,39.2,66.48,0.48,266.96,47.08
18-01-2026 11:00,18-01-2026 11:15,28.8,36,65.71,1.06,94.36,48.34
18-01-2026 11:15,18-01-2026 11:30,27.4,36,65.75,0.78,75.04,50.65
18-01-2026 11:30,18-01-2026 11:45,28.6,36,66.52,0.53,75.07,52.31
18-01-2026 11:45,18-01-2026 12:00,24.8,32,66.32,0.97,39.87,54.48
18-01-2026 12:00,18-01-2026 12:15,23.4,31,66.26,1.07,96.39,68.82
18-01-2026 12:15,18-01-2026 12:30,23.8,31,66.3,0.38,115.13,267.6
18-01-2026 12:30,18-01-2026 12:45,23,31,65.21,0.99,38.93,264.1
18-01-2026 12:45,18-01-2026 13:00,45.79,62.2,65.11,1.02,133.99,263.87
18-01-2026 13:00,18-01-2026 13:15,32,39,65.54,1.5,155.85,264.75
18-01-2026 13:15,18-01-2026 13:30,30,39,65.31,0.78,155.42,261.53
18-01-2026 13:30,18-01-2026 13:45,30.6,39,65.27,0.57,36.24,249.8
18-01-2026 13:45,18-01-2026 14:00,50.21,69.6,64.4,0.95,61.5,245.02
18-01-2026 14:00,18-01-2026 14:15,36.6,44,64.29,0.46,131.82,231.1
18-01-2026 14:15,18-01-2026 14:30,36.2,44,63.95,0.43,97.83,216.19
18-01-2026 14:30,18-01-2026 14:45,35.4,44,64.33,0.95,94.87,205.1
18-01-2026 14:45,18-01-2026 15:00,46.54,60,64.72,0.37,57.97,188.12
18-01-2026 15:00,18-01-2026 15:15,38.8,46,63.87,0.52,53.62,172.59
18-01-2026 15:15,18-01-2026 15:30,38,46,63.18,0.7,150.83,157.04
18-01-2026 15:30,18-01-2026 15:45,38.6,46,63.56,0.9,104.26,137.15
18-01-2026 15:45,18-01-2026 16:00,51.03,69.2,64.17,0.37,163.01,120.14
18-01-2026 16:00,18-01-2026 16:15,36.8,43,64.57,0.28,58.39,102.27
18-01-2026 16:15,18-01-2026 16:30,35.6,43,64.92,0.43,133.58,82.59
18-01-2026 16:30,18-01-2026 16:45,34.2,43,65.68,0.51,146.95,64.42
18-01-2026 16:45,18-01-2026 17:00,41.47,59.6,66.26,0.49,82.19,48.83
18-01-2026 17:00,18-01-2026 17:15,24,32,66.94,0.34,49.86,34.05
18-01-2026 17:15,18-01-2026 17:30,25.2,32,67.53,0.49,26.5,19.78
18-01-2026 17:30,18-01-2026 17:45,25,32,68.77,0.28,51.93,11.38
18-01-2026 17:45,18-01-2026 18:00,41.01,58.2,70.05,0.27,26.5,7.38
18-01-2026 18:00,18-01-2026 18:15,26.6,34,70.78,0.27,26.5,6.11
18-01-2026 18:15,18-01-2026 18:30,26.6,34,71.46,0.27,42.1,6.01
18-01-2026 18:30,18-01-2026 18:45,25.6,34,72.64,0.27,26.5,5.94
18-01-2026 18:45,18-01-2026 19:00,43.07,62.4,73.26,0.27,26.5,6.01
18-01-2026 19:00,18-01-2026 19:15,26.8,33,74.32,0.27,26.5,5.92
18-01-2026 19:15,18-01-2026 19:30,25.8,33,74.65,0.27,26.5,5.93
18-01-2026 19:30,18-01-2026 19:45,24.6,33,75.08,0.27,26.5,5.94
18-01-2026 19:45,18-01-2026 20:00,37.69,53,76.02,0.27,26.5,5.96
18-01-2026 20:00,18-01-2026 20:15,25,33,75.2,0.27,26.5,5.99
18-01-2026 20:15,18-01-2026 20:30,25.2,33,74.94,0.27,26.5,6.06
18-01-2026 20:30,18-01-2026 20:45,26,33,75.04,0.27,26.5,5.94
18-01-2026 20:45,18-01-2026 21:00,41.29,56,75.36,0.27,236.56,6.07
18-01-2026 21:00,18-01-2026 21:15,31.4,38,75.72,0.27,330.82,5.99
18-01-2026 21:15,18-01-2026 21:30,30,38,76.72,0.27,327.04,6.01
18-01-2026 21:30,18-01-2026 21:45,29.6,38,76.89,0.27,332.79,6.15
18-01-2026 21:45,18-01-2026 22:00,43.37,60.2,77.08,0.27,332.75,6.11
18-01-2026 22:00,18-01-2026 22:15,31.6,38,77.1,0.27,147.4,6.2
18-01-2026 22:15,18-01-2026 22:30,30.6,38,76.92,0.29,26.5,6.21
18-01-2026 22:30,18-01-2026 22:45,31.2,38,77.33,0.27,26.5,6.2
18-01-2026 22:45,18-01-2026 23:00,38.82,54.2,77.8,0.27,26.5,6
18-01-2026 23:00,18-01-2026 23:15,27,33,78.33,0.27,26.5,6.13
18-01-2026 23:15,18-01-2026 23:30,24.2,33,78.33,0.27,26.5,6.13
18-01-2026 23:30,18-01-2026 23:45,26.4,33,77.33,0.36,26.5,6.15
18-01-2026 23:45,19-01-2026 00:00,40.67,58.8,76.85,0.27,26.5,6.14
19-01-2026 00:00,19-01-2026 00:15,26.8,34,77.67,0.3,26.5,6.18
19-01-2026 00:15,19-01-2026 00:30,27,34,77.37,0.27,26.5,6.28
19-01-2026 00:30,19-01-2026 00:45,27.8,34,77.87,0.27,26.5,6.28
19-01-2026 00:45,19-01-2026 01:00,37.14,50.8,78.24,0.27,26.5,6.08
19-01-2026 01:00,19-01-2026 01:15,25.6,34,79.02,0.27,26.5,6.24
19-01-2026 01:15,19-01-2026 01:30,26.4,34,79.37,0.27,26.5,6.11
19-01-2026 01:30,19-01-2026 01:45,27,34,80.11,0.27,26.5,6.08
19-01-2026 01:45,19-01-2026 02:00,43.38,61.4,80.57,0.27,26.5,6.06
19-01-2026 02:00,19-01-2026 02:15,21.8,29,80.65,0.27,26.5,6.17
19-01-2026 02:15,19-01-2026 02:30,21.8,29,80.93,0.27,26.5,6.07
19-01-2026 02:30,19-01-2026 02:45,20.8,29,81.04,0.27,26.5,6.04
19-01-2026 02:45,19-01-2026 03:00,33.8,41,80.83,0.27,26.5,6.04
19-01-2026 03:00,19-01-2026 03:15,37.4,44,81.21,0.27,26.5,6.08
19-01-2026 03:15,19-01-2026 03:30,36.4,44,81.02,0.27,26.5,5.96
19-01-2026 03:30,19-01-2026 03:45,36.4,44,80.78,0.27,26.5,6.03
19-01-2026 03:45,19-01-2026 04:00,35.6,43.2,81.1,0.27,26.5,6
19-01-2026 04:00,19-01-2026 04:15,34.8,43,81.46,0.27,26.5,6.06
19-01-2026 04:15,19-01-2026 04:30,35.6,43,81.58,0.27,26.5,6.04
19-01-2026 04:30,19-01-2026 04:45,35.2,43,81.87,0.27,26.5,5.99
19-01-2026 04:45,19-01-2026 05:00,29.2,38.2,82.97,0.44,109,5.97
19-01-2026 05:00,19-01-2026 05:15,28.8,37,84.49,0.3,274.38,5.96
19-01-2026 05:15,19-01-2026 05:30,29.4,37,85.73,0.28,294.85,5.94
19-01-2026 05:30,19-01-2026 05:45,30,37,86.38,0.27,297.17,5.94
19-01-2026 05:45,19-01-2026 06:00,42.6,49,86.43,0.54,263.15,5.82
19-01-2026 06:00,19-01-2026 06:15,43.6,52,86.52,0.27,290.89,5.89
19-01-2026 06:15,19-01-2026 06:30,44.4,52,86.87,0.27,250.51,6.44
19-01-2026 06:30,19-01-2026 06:45,43.8,52,87.26,0.66,248.12,8.43
19-01-2026 06:45,19-01-2026 07:00,42,50.4,87.15,0.52,259.45,11.75
19-01-2026 07:00,19-01-2026 07:15,43,50,87.08,0.52,289.12,15.69
19-01-2026 07:15,19-01-2026 07:30,42.6,50,86.71,0.52,250.11,20.84
19-01-2026 07:30,19-01-2026 07:45,42.6,50,85.4,1.46,244.52,27.59
19-01-2026 07:45,19-01-2026 08:00,44.6,53.2,83.76,0.58,294.44,31.1
19-01-2026 08:00,19-01-2026 08:15,47,54,82.57,0.92,221.55,35.79
19-01-2026 08:15,19-01-2026 08:30,47.8,54,81.67,0.36,175.98,41.08
19-01-2026 08:30,19-01-2026 08:45,45.8,54,80.11,0.55,217.98,43.07
19-01-2026 08:45,19-01-2026 09:00,59.12,76.6,78.06,0.53,171.03,44.41
19-01-2026 09:00,19-01-2026 09:15,47.2,55,76.1,0.38,132,46.84
19-01-2026 09:15,19-01-2026 09:30,48.2,55,74.25,0.55,246.12,52.02
19-01-2026 09:30,19-01-2026 09:45,47.4,55,70.58,0.64,195.55,67
19-01-2026 09:45,19-01-2026 10:00,57.96,76,68.31,0.48,143.4,70.8
19-01-2026 10:00,19-01-2026 10:15,43.8,51,66.9,0.86,118.3,59.08
19-01-2026 10:15,19-01-2026 10:30,43.6,51,66.34,1.17,139.79,57.91
19-01-2026 10:30,19-01-2026 10:45,43.2,51,66.22,0.58,115.35,61.04
19-01-2026 10:45,19-01-2026 11:00,45.57,60,66.02,0.78,101.4,63.57
19-01-2026 11:00,19-01-2026 11:15,32,40,66.36,0.79,55.83,73.92
19-01-2026 11:15,19-01-2026 11:30,32,40,65.61,0.47,101.27,70.16
19-01-2026 11:30,19-01-2026 11:45,32.6,40,65.65,0.84,156.77,66.54
19-01-2026 11:45,19-01-2026 12:00,34.2,40.8,65.44,1.15,26.5,67.69
19-01-2026 12:00,19-01-2026 12:15,34,41,65.32,0.59,95.12,81.42
19-01-2026 12:15,19-01-2026 12:30,34.4,41,65.37,0.45,39.77,247.79
19-01-2026 12:30,19-01-2026 12:45,33.4,41,65.34,0.55,227.68,252.47
19-01-2026 12:45,19-01-2026 13:00,37.7,51.8,65.27,0.98,78.86,254.16
19-01-2026 13:00,19-01-2026 13:15,30.4,36,65.2,0.95,209.54,253.54
19-01-2026 13:15,19-01-2026 13:30,28.8,36,65.08,0.78,205.6,249.26
19-01-2026 13:30,19-01-2026 13:45,29,36,65.28,0.39,87.75,242.27
19-01-2026 13:45,19-01-2026 14:00,88.48,134.4,33.09,0.35,306.8,48.42
19-01-2026 14:00,19-01-2026 14:15,28.8,36,64.77,0.65,83.78,232
19-01-2026 14:15,19-01-2026 14:30,28.2,36,64.65,0.71,208.39,219.44
19-01-2026 14:30,19-01-2026 14:45,28.8,36,64.07,0.82,94.57,203.34
19-01-2026 14:45,19-01-2026 15:00,197.8,327.2,64.43,0.66,117.86,187.88
19-01-2026 15:00,19-01-2026 15:15,300,400,65.25,0.55,146.82,170.72
19-01-2026 15:15,19-01-2026 15:30,300,400,65.04,0.64,41.04,154.28
19-01-2026 15:30,19-01-2026 15:45,300,400,66.28,0.97,154.67,138.92
19-01-2026 15:45,19-01-2026 16:00,86.6,111.2,66.77,0.62,147.26,116.82
19-01-2026 16:00,19-01-2026 16:15,32,39,67.67,0.5,98.12,96.9
19-01-2026 16:15,19-01-2026 16:30,31,39,68.55,0.43,195.4,77.7
19-01-2026 16:30,19-01-2026 16:45,33,39,69.28,0.79,272.17,64.26
19-01-2026 16:45,19-01-2026 17:00,47.38,66.6,70.06,0.45,157.65,46.02
19-01-2026 17:00,19-01-2026 17:15,29.4,36,70.72,0.41,268.74,29.68
19-01-2026 17:15,19-01-2026 17:30,28.6,36,71.3,0.36,88.4,19.94
19-01-2026 17:30,19-01-2026 17:45,28,36,71.22,0.29,26.5,11.66
19-01-2026 17:45,19-01-2026 18:00,32.4,40,71.01,0.37,26.5,7.64
19-01-2026 18:00,19-01-2026 18:15,33.6,41,71.78,0.31,333.48,6.39
19-01-2026 18:15,19-01-2026 18:30,33.4,41,72.11,0.27,328.34,6.32
19-01-2026 18:30,19-01-2026 18:45,34.4,41,72.88,0.27,86.76,6.35
19-01-2026 18:45,19-01-2026 19:00,42.34,59,73.29,0.27,26.5,6.48
19-01-2026 19:00,19-01-2026 19:15,24.2,32,73.09,0.27,26.5,6.53
19-01-2026 19:15,19-01-2026 19:30,25.8,32,72.96,0.27,270.03,6.38
19-01-2026 19:30,19-01-2026 19:45,24.8,32,72.94,0.27,335.98,6.32
19-01-2026 19:45,19-01-2026 20:00,20.8,28.8,73.64,0.69,206.25,6.48
19-01-2026 20:00,19-01-2026 20:15,19.8,28,73.14,0.35,208.94,6.48
19-01-2026 20:15,19-01-2026 20:30,21,28,73.58,0.27,331.35,6.51
19-01-2026 20:30,19-01-2026 20:45,20.2,28,73.82,0.27,45.21,6.58
19-01-2026 20:45,19-01-2026 21:00,22.4,29.6,74.31,0.31,26.5,6.52
19-01-2026 21:00,19-01-2026 21:15,22.8,30,74.3,0.3,83.91,6.51
19-01-2026 21:15,19-01-2026 21:30,21.8,30,74.5,0.42,154.99,6.67
19-01-2026 21:30,19-01-2026 21:45,23.4,30,74.56,0.27,26.5,6.59
19-01-2026 21:45,19-01-2026 22:00,18.8,29.2,74.22,0.27,270.72,6.55
19-01-2026 22:00,19-01-2026 22:15,22.4,29,74.81,0.27,331.97,6.54
19-01-2026 22:15,19-01-2026 22:30,21.6,29,75.59,0.33,321.46,6.49
19-01-2026 22:30,19-01-2026 22:45,20.6,29,75.2,0.27,333.39,6.67
19-01-2026 22:45,19-01-2026 23:00,26.6,33.8,75,0.27,257.83,6.42
19-01-2026 23:00,19-01-2026 23:15,27,35,75.58,0.27,211.34,6.42
19-01-2026 23:15,19-01-2026 23:30,27,35,75.61,0.27,332.28,6.32
19-01-2026 23:30,19-01-2026 23:45,27,35,76.19,0.27,87.69,6.22
19-01-2026 23:45,20-01-2026 00:00,24.9,41.6,76.47,0.27,26.5,6.1
20-01-2026 00:00,20-01-2026 00:15,14,21,76.84,0.27,26.5,6.2
20-01-2026 00:15,20-01-2026 00:30,13.8,21,77.44,0.27,26.5,6.34
20-01-2026 00:30,20-01-2026 00:45,14.2,21,77.53,0.27,26.5,6.28
20-01-2026 00:45,20-01-2026 01:00,34.25,50,79.01,0.27,26.5,6.24
20-01-2026 01:00,20-01-2026 01:15,20,28,80.81,0.27,26.5,6.2
20-01-2026 01:15,20-01-2026 01:30,20,28,82.05,0.27,26.5,6.25
20-01-2026 01:30,20-01-2026 01:45,20,28,82.47,0.27,26.5,6.08
20-01-2026 01:45,20-01-2026 02:00,33.2,39.2,83.43,0.27,26.5,6.11
20-01-2026 02:00,20-01-2026 02:15,33.4,42,84.25,0.27,26.5,6.22
20-01-2026 02:15,20-01-2026 02:30,34,42,84.94,0.27,26.5,6.21
20-01-2026 02:30,20-01-2026 02:45,34.4,42,85.53,0.27,26.5,6.14
20-01-2026 02:45,20-01-2026 03:00,29.4,37.2,85.79,0.27,26.5,6.37
20-01-2026 03:00,20-01-2026 03:15,27.6,36,86.01,0.27,26.5,6.48
20-01-2026 03:15,20-01-2026 03:30,28.6,36,85.82,0.27,26.5,6.48
20-01-2026 03:30,20-01-2026 03:45,27.6,36,85.53,0.27,26.5,6.21
20-01-2026 03:45,20-01-2026 04:00,51.13,66.6,85.58,0.27,26.5,6.27
20-01-2026 04:00,20-01-2026 04:15,44.8,52,85.71,0.27,26.5,6.22
20-01-2026 04:15,20-01-2026 04:30,45.2,52,86.04,0.27,89.08,6.39
20-01-2026 04:30,20-01-2026 04:45,45.8,52,86.23,0.27,318.53,6.52
20-01-2026 04:45,20-01-2026 05:00,54.6,63.2,86.76,0.27,311.81,6.29
20-01-2026 05:00,20-01-2026 05:15,58,66,87.21,0.27,294.66,6.29
20-01-2026 05:15,20-01-2026 05:30,57.4,66,87.2,0.35,265.86,6.27
20-01-2026 05:30,20-01-2026 05:45,58.6,66,86.77,0.27,140.13,6.31
20-01-2026 05:45,20-01-2026 06:00,62,70,86.79,0.27,276.75,6.42
20-01-2026 06:00,20-01-2026 06:15,64.6,71,87,0.28,295.97,6.38
20-01-2026 06:15,20-01-2026 06:30,64.2,71,86.7,0.3,314.73,7.05
20-01-2026 06:30,20-01-2026 06:45,62.6,71,86.91,0.27,272.17,9.06
20-01-2026 06:45,20-01-2026 07:00,70.01,86,86.9,0.58,263.54,12.56
20-01-2026 07:00,20-01-2026 07:15,66.2,74,86.5,0.57,207.05,17.17
20-01-2026 07:15,20-01-2026 07:30,66.2,74,85.88,0.5,260.05,21.74
20-01-2026 07:30,20-01-2026 07:45,67.2,74,84.88,0.56,267.72,26.86
20-01-2026 07:45,20-01-2026 08:00,57.4,64.4,83.72,0.71,155.83,31.17
20-01-2026 08:00,20-01-2026 08:15,56.2,62,82.53,0.88,204.33,35.15
20-01-2026 08:15,20-01-2026 08:30,55.2,62,81.44,0.58,285.22,37.55
20-01-2026 08:30,20-01-2026 08:45,56,62,80.01,0.6,253.97,40.96
20-01-2026 08:45,20-01-2026 09:00,51,58,78.07,0.6,249.59,45.33
20-01-2026 09:00,20-01-2026 09:15,50,57,76.61,0.72,202.27,54.15
20-01-2026 09:15,20-01-2026 09:30,49.8,57,75.23,0.78,136.28,56.15
20-01-2026 09:30,20-01-2026 09:45,48.6,57,72.71,0.6,272.24,56.48
20-01-2026 09:45,20-01-2026 10:00,53.4,60.2,69.43,0.72,100.31,54.52
20-01-2026 10:00,20-01-2026 10:15,52.4,61,68.33,0.66,168.51,55.78
20-01-2026 10:15,20-01-2026 10:30,54.6,61,67.81,0.66,147.75,55.65
20-01-2026 10:30,20-01-2026 10:45,52.4,61,67.15,0.45,101.47,58.74
20-01-2026 10:45,20-01-2026 11:00,41.8,48.2,67.02,0.79,152.5,57.49
20-01-2026 11:00,20-01-2026 11:15,37,45,66.75,1.1,170.91,64.94
20-01-2026 11:15,20-01-2026 11:30,38,45,66.45,0.69,207.67,65.53
20-01-2026 11:30,20-01-2026 11:45,38.8,45,66.12,1.68,151.21,65.26
20-01-2026 11:45,20-01-2026 12:00,34.6,41.8,68.14,1.67,213.63,70.72
20-01-2026 12:00,20-01-2026 12:15,35,41,68.06,0.84,147.75,100.63
20-01-2026 12:15,20-01-2026 12:30,32.4,41,67.52,1.43,202.74,251.39
20-01-2026 12:30,20-01-2026 12:45,33.6,41,68.54,1.38,78.26,253.34
20-01-2026 12:45,20-01-2026 13:00,36.6,45,68.49,1.63,33.23,248.24
20-01-2026 13:00,20-01-2026 13:15,39.6,46,67.85,0.95,81.1,238.57
20-01-2026 13:15,20-01-2026 13:30,37.8,46,67.52,1.15,86.02,237.43
20-01-2026 13:30,20-01-2026 13:45,38.4,46,66.75,1.17,153.61,231.95
20-01-2026 13:45,20-01-2026 14:00,39.2,46,66.94,1.24,29.32,224.75
20-01-2026 14:00,20-01-2026 14:15,37.4,46,66.01,1.47,199.62,214.42
20-01-2026 14:15,20-01-2026 14:30,38,46,66.11,0.81,88.55,204.59
20-01-2026 14:30,20-01-2026 14:45,39.8,46,66.45,1.05,159.53,187.4
20-01-2026 14:45,20-01-2026 15:00,49.55,66,67.73,1.12,44.14,177.32
20-01-2026 15:00,20-01-2026 15:15,36,43,68.31,1.29,150.21,152.92
20-01-2026 15:15,20-01-2026 15:30,36.6,43,69.32,1.4,148.98,127.14
20-01-2026 15:30,20-01-2026 15:45,33.8,43,68.94,1.13,153.36,97.1
20-01-2026 15:45,20-01-2026 16:00,38.8,46.2,68.36,1.13,278.64,109.47
20-01-2026 16:00,20-01-2026 16:15,39.8,47,68.47,1.39,90.46,92.77
20-01-2026 16:15,20-01-2026 16:30,39.8,47,69.47,0.68,149.87,71.12
20-01-2026 16:30,20-01-2026 16:45,40.4,47,70.08,1.85,235.86,52.21
20-01-2026 16:45,20-01-2026 17:00,30.2,36.6,70.53,1.26,29.82,41.92
20-01-2026 17:00,20-01-2026 17:15,26.4,34,71.14,1.21,195.31,27.36
20-01-2026 17:15,20-01-2026 17:30,26.6,34,71.73,1.11,147.39,18.75
20-01-2026 17:30,20-01-2026 17:45,26.8,34,72.69,1.38,270.13,11.07
20-01-2026 17:45,20-01-2026 18:00,32.4,41.2,73.75,0.98,192.09,7.45
20-01-2026 18:00,20-01-2026 18:15,34.6,43,74.28,1.43,85.29,6.41
20-01-2026 18:15,20-01-2026 18:30,35.4,43,74.5,1.32,210.95,6.13
20-01-2026 18:30,20-01-2026 18:45,34.8,43,74.85,1.22,101.57,6.17
20-01-2026 18:45,20-01-2026 19:00,49.74,66.6,74.56,0.92,204.56,6.17
20-01-2026 19:00,20-01-2026 19:15,36.8,44,75.33,1.46,212.59,6.15
20-01-2026 19:15,20-01-2026 19:30,36.6,44,76.1,0.62,240.88,6.15
20-01-2026 19:30,20-01-2026 19:45,36,44,76.25,1.2,209.51,6.24
20-01-2026 19:45,20-01-2026 20:00,36.2,44,77.04,1.16,167.28,6.45
20-01-2026 20:00,20-01-2026 20:15,35.4,44,76.66,0.69,26.5,6.39
20-01-2026 20:15,20-01-2026 20:30,36.8,44,76.49,0.69,263.84,6.38
20-01-2026 20:30,20-01-2026 20:45,35.4,44,76.59,1.44,268.07,6.42
20-01-2026 20:45,20-01-2026 21:00,34.6,41.6,77.27,0.88,166.62,6.38
20-01-2026 21:00,20-01-2026 21:15,34.6,41,75.79,1.81,128.69,6.36
20-01-2026 21:15,20-01-2026 21:30,33.2,41,75.46,0.95,196.75,6.34
20-01-2026 21:30,20-01-2026 21:45,34.8,41,75.28,0.89,204.63,6.48
20-01-2026 21:45,20-01-2026 22:00,31.2,38.6,75.17,1.48,210.94,6.41
20-01-2026 22:00,20-01-2026 22:15,31.4,38,75.8,1.15,142.48,6.32
20-01-2026 22:15,20-01-2026 22:30,30.6,38,75.64,1.21,82.53,6.68
20-01-2026 22:30,20-01-2026 22:45,29.4,38,74.32,0.72,213.12,6.57
20-01-2026 22:45,20-01-2026 23:00,48.52,67.2,73.49,0.95,233.69,6.63
20-01-2026 23:00,20-01-2026 23:15,31.8,38,73.42,1.27,209.27,6.58
20-01-2026 23:15,20-01-2026 23:30,30.6,38,73.8,0.58,150.48,6.71
20-01-2026 23:30,20-01-2026 23:45,28.8,38,73.42,0.72,91.75,6.88
20-01-2026 23:45,21-01-2026 00:00,27,35.6,73.67,1.08,184.08,6.78
21-01-2026 00:00,21-01-2026 00:15,27.4,35,73.25,0.88,85.18,6.62
21-01-2026 00:15,21-01-2026 00:30,27,35,73.57,0.59,83.61,6.55
21-01-2026 00:30,21-01-2026 00:45,26.4,35,73.17,0.92,149.62,6.55
21-01-2026 00:45,21-01-2026 01:00,35.85,52.2,73.5,0.83,201.16,6.15
21-01-2026 01:00,21-01-2026 01:15,21.2,27,73.94,0.8,209.01,6.32
21-01-2026 01:15,21-01-2026 01:30,18.6,27,73.42,0.66,248.22,6.21
21-01-2026 01:30,21-01-2026 01:45,19.8,27,73.15,0.74,333.57,6.14
21-01-2026 01:45,21-01-2026 02:00,24.2,31,73.26,0.81,214.99,6.13
21-01-2026 02:00,21-01-2026 02:15,26.2,32,73.4,0.41,151.94,6.2
21-01-2026 02:15,21-01-2026 02:30,25.4,32,74.43,0.63,174.63,6.15
21-01-2026 02:30,21-01-2026 02:45,23.8,32,74.25,0.33,340.76,6.18
21-01-2026 02:45,21-01-2026 03:00,29,35.2,74.57,0.66,330.13,6.08
21-01-2026 03:00,21-01-2026 03:15,29.8,36,73.38,0.4,52.84,6.13
21-01-2026 03:15,21-01-2026 03:30,28.8,36,73.54,0.51,26.5,6.04
21-01-2026 03:30,21-01-2026 03:45,28.2,36,75.93,0.65,284.17,6.29
21-01-2026 03:45,21-01-2026 04:00,25.2,32.8,79.23,0.28,107.56,6.25
21-01-2026 04:00,21-01-2026 04:15,24,32,81.23,0.42,178.74,6.28
21-01-2026 04:15,21-01-2026 04:30,24,32,82.95,0.33,232.64,6.11
21-01-2026 04:30,21-01-2026 04:45,23.4,32,84.27,0.33,253.5,6.34
21-01-2026 04:45,21-01-2026 05:00,40.8,47.2,85.23,0.46,256.56,6.2
21-01-2026 05:00,21-01-2026 05:15,43.8,51,85.81,0.37,145.01,6.38
21-01-2026 05:15,21-01-2026 05:30,43.4,51,86.08,0.27,182.38,6.32
21-01-2026 05:30,21-01-2026 05:45,43.6,51,86.44,0.31,83.84,6.37
21-01-2026 05:45,21-01-2026 06:00,65.71,82.2,86.81,0.54,37.82,6.41
21-01-2026 06:00,21-01-2026 06:15,62.6,71,86.95,0.55,173.51,6.48
21-01-2026 06:15,21-01-2026 06:30,63.2,71,87.12,0.34,291.67,6.95
21-01-2026 06:30,21-01-2026 06:45,64.2,71,87.08,0.42,87.09,8.99
21-01-2026 06:45,21-01-2026 07:00,67,75.8,86.56,0.47,269.74,11.9
21-01-2026 07:00,21-01-2026 07:15,70.8,77,86.47,0.72,190.95,15.2
21-01-2026 07:15,21-01-2026 07:30,70,77,86.39,0.6,184.38,20.82
21-01-2026 07:30,21-01-2026 07:45,69.8,77,85.78,1.45,104.94,26.79
21-01-2026 07:45,21-01-2026 08:00,67.2,75.4,84.68,0.56,85.15,33.22
21-01-2026 08:00,21-01-2026 08:15,67.2,75,83.53,1.05,240.43,46.72
21-01-2026 08:15,21-01-2026 08:30,66.8,75,81.96,0.71,159.85,55.44
21-01-2026 08:30,21-01-2026 08:45,67.6,75,80.59,1.36,88.89,73.26
21-01-2026 08:45,21-01-2026 09:00,65.6,73.4,80.25,1.07,168.69,72.8
21-01-2026 09:00,21-01-2026 09:15,66,73,79.56,1.39,86.65,59.26
21-01-2026 09:15,21-01-2026 09:30,66.6,73,77.96,1.89,173.35,54.37
21-01-2026 09:30,21-01-2026 09:45,65.8,73,76.4,1.93,82,53.66
21-01-2026 09:45,21-01-2026 10:00,59.77,76.2,74.67,1.36,178.64,55.68
21-01-2026 10:00,21-01-2026 10:15,45.4,53,73.1,1.22,129.88,57.77
21-01-2026 10:15,21-01-2026 10:30,45.4,53,71.34,1.25,103.99,56.32
21-01-2026 10:30,21-01-2026 10:45,44.4,53,70.2,1.18,180.46,53.32
21-01-2026 10:45,21-01-2026 11:00,40,46.6,69.35,1.73,52.4,53.72
21-01-2026 11:00,21-01-2026 11:15,38.2,45,68.47,2.13,134.69,63.44
21-01-2026 11:15,21-01-2026 11:30,38,45,68.83,1.31,197,70.02
21-01-2026 11:30,21-01-2026 11:45,36.8,45,68.42,1.8,85.58,60.48
21-01-2026 11:45,21-01-2026 12:00,30.8,37.8,67.37,1.39,88.1,65.24
21-01-2026 12:00,21-01-2026 12:15,29.8,36,66.64,1.73,86.42,69.9
21-01-2026 12:15,21-01-2026 12:30,28.8,36,65.66,1.68,31.77,222.75
21-01-2026 12:30,21-01-2026 12:45,30.4,36,65.84,1.81,93.33,264.06
21-01-2026 12:45,21-01-2026 13:00,43.2,59.6,66.05,2.27,148.71,257.51
21-01-2026 13:00,21-01-2026 13:15,27,34,66.1,2.53,189.52,254.51
21-01-2026 13:15,21-01-2026 13:30,27,34,66.17,1.9,139.49,253.38
21-01-2026 13:30,21-01-2026 13:45,27,34,65.44,1.42,112.6,245.96
21-01-2026 13:45,21-01-2026 14:00,20.6,28.4,64.66,1.97,85.05,236.79
21-01-2026 14:00,21-01-2026 14:15,19.6,27,64.6,1.62,168.78,226.53
21-01-2026 14:15,21-01-2026 14:30,18.2,27,64.33,1.3,269.05,213.56
21-01-2026 14:30,21-01-2026 14:45,18,27,64.28,1.69,31.96,202.26
21-01-2026 14:45,21-01-2026 15:00,20.2,27.8,64.88,1.19,184.83,188.68
21-01-2026 15:00,21-01-2026 15:15,20.4,28,64.52,1.85,143.37,173.07
21-01-2026 15:15,21-01-2026 15:30,21.2,28,65.05,1.54,89.41,157.34
21-01-2026 15:30,21-01-2026 15:45,21,28,66.75,1.28,184.28,140.4
21-01-2026 15:45,21-01-2026 16:00,20.2,28,67.21,1.6,271.77,123.3
21-01-2026 16:00,21-01-2026 16:15,20.4,28,66.9,0.79,121.2,104.95
21-01-2026 16:15,21-01-2026 16:30,21.2,28,67.17,1.3,217.87,87.81
21-01-2026 16:30,21-01-2026 16:45,19.6,28,68.11,1.03,200.38,69.71
21-01-2026 16:45,21-01-2026 17:00,16.4,23.2,68.27,1.18,110.66,52.14
21-01-2026 17:00,21-01-2026 17:15,13.6,22,68.07,0.92,314.27,34.31
21-01-2026 17:15,21-01-2026 17:30,15,22,67.8,0.9,212.68,17.38
21-01-2026 17:30,21-01-2026 17:45,15.6,22,68.64,1.21,87.6,11.08
21-01-2026 17:45,21-01-2026 18:00,21.4,28.4,68.76,0.83,212.83,8.03
21-01-2026 18:00,21-01-2026 18:15,21.8,30,69.61,0.78,257.26,6.72
21-01-2026 18:15,21-01-2026 18:30,22.6,30,69.89,1.84,198.36,6.41
21-01-2026 18:30,21-01-2026 18:45,21.4,30,69.41,1.26,250.95,6.34
21-01-2026 18:45,21-01-2026 19:00,12.2,19.6,69.49,1.26,129.31,6.17
21-01-2026 19:00,21-01-2026 19:15,9.2,17,69.46,1.09,179.89,6.27
21-01-2026 19:15,21-01-2026 19:30,9.8,17,69.93,1.86,251.34,6.15
21-01-2026 19:30,21-01-2026 19:45,9.2,17,70.34,0.65,309.17,6.17
21-01-2026 19:45,21-01-2026 20:00,29.74,43.8,70.41,1.55,126.56,6.17
21-01-2026 20:00,21-01-2026 20:15,21.6,28,71.02,1.4,238.14,6.2
21-01-2026 20:15,21-01-2026 20:30,21.2,28,71.17,1.43,245.48,6.22
21-01-2026 20:30,21-01-2026 20:45,20,28,70.65,1.34,267.73,6.2
21-01-2026 20:45,21-01-2026 21:00,15.6,21.6,71.1,0.98,178.98,6.11
21-01-2026 21:00,21-01-2026 21:15,13,20,70.72,1.67,176.19,6.17
21-01-2026 21:15,21-01-2026 21:30,11.6,20,70.47,1.54,161.94,6.2
21-01-2026 21:30,21-01-2026 21:45,13.4,20,69.89,1.57,176.01,6.29
21-01-2026 21:45,21-01-2026 22:00,8.4,16,70.15,1.6,314.96,6.45
21-01-2026 22:00,21-01-2026 22:15,8,15,70.79,0.89,275.65,6.45
21-01-2026 22:15,21-01-2026 22:30,7.2,15,71.35,1.78,216.06,6.64
21-01-2026 22:30,21-01-2026 22:45,5.8,15,70.65,1.31,250.37,6.55
21-01-2026 22:45,21-01-2026 23:00,5.8,15,71.14,1.48,150.44,6.58
21-01-2026 23:00,21-01-2026 23:15,7.4,15,70.86,0.87,272.84,6.62
21-01-2026 23:15,21-01-2026 23:30,8.2,15,71.15,0.98,81.53,6.54
21-01-2026 23:30,21-01-2026 23:45,7.8,15,71.04,1.66,197.98,6.37
21-01-2026 23:45,22-01-2026 00:00,9,16.6,69.83,1.62,193.53,6.44
22-01-2026 00:00,22-01-2026 00:15,8.4,17,70.06,0.51,243.28,6.51
22-01-2026 00:15,22-01-2026 00:30,9.4,17,70.31,1.24,185.62,6.56
22-01-2026 00:30,22-01-2026 00:45,10.4,17,70.42,1.15,215.58,6.55
22-01-2026 00:45,22-01-2026 01:00,7.8,16.2,70.03,0.73,275.96,6.65
22-01-2026 01:00,22-01-2026 01:15,7.2,16,70.02,0.96,89.92,6.56
22-01-2026 01:15,22-01-2026 01:30,7.8,16,70.19,1.34,210.02,6.71
22-01-2026 01:30,22-01-2026 01:45,8.6,16,70.92,1.1,192.63,6.78
22-01-2026 01:45,22-01-2026 02:00,19.97,35.6,70.86,1.09,139.98,6.86
22-01-2026 02:00,22-01-2026 02:15,2.4,11,70.24,0.95,191.42,6.69
22-01-2026 02:15,22-01-2026 02:30,3.4,11,69.57,1.25,27.75,6.5
22-01-2026 02:30,22-01-2026 02:45,3,11,70.78,1.11,134.72,6.46
22-01-2026 02:45,22-01-2026 03:00,4,11,70.12,1.3,147.14,6.22
22-01-2026 03:00,22-01-2026 03:15,3,11,69.28,1.33,26.5,6.35
22-01-2026 03:15,22-01-2026 03:30,1.6,11,70.06,1.3,146.16,6.13
22-01-2026 03:30,22-01-2026 03:45,3.2,11,69.65,0.82,141.94,6.25
22-01-2026 03:45,22-01-2026 04:00,5.4,13.4,73.82,0.49,233.63,6.18
22-01-2026 04:00,22-01-2026 04:15,6.4,14,77.12,0.64,233.95,6.18
22-01-2026 04:15,22-01-2026 04:30,6.4,14,78.96,0.27,249.66,6.29
22-01-2026 04:30,22-01-2026 04:45,7.2,14,80.4,0.47,265.6,6.21
22-01-2026 04:45,22-01-2026 05:00,20.8,28.4,81.68,0.27,200.06,6.08
22-01-2026 05:00,22-01-2026 05:15,24.4,32,82.65,0.27,88.16,6.13
22-01-2026 05:15,22-01-2026 05:30,22.6,32,83.31,0.33,141.14,6.25
22-01-2026 05:30,22-01-2026 05:45,24.2,32,83.66,0.41,290.03,6.27
22-01-2026 05:45,22-01-2026 06:00,54.01,72.4,83.85,0.54,260.25,6.11
22-01-2026 06:00,22-01-2026 06:15,42.6,51,83.7,0.89,256.91,6.21
22-01-2026 06:15,22-01-2026 06:30,43.6,51,83.71,0.62,215.66,6.97
22-01-2026 06:30,22-01-2026 06:45,42.4,51,83.92,0.71,219.17,9.32
22-01-2026 06:45,22-01-2026 07:00,47.6,54.2,83.75,0.6,234.79,11.44
22-01-2026 07:00,22-01-2026 07:15,46.8,55,82.93,0.59,117.06,14.12
22-01-2026 07:15,22-01-2026 07:30,46.8,55,81.8,0.6,176.61,19.27
22-01-2026 07:30,22-01-2026 07:45,48.4,55,80.54,0.54,148.19,20.3
22-01-2026 07:45,22-01-2026 08:00,54,60.6,76.27,0.87,209.52,23.35
22-01-2026 08:00,22-01-2026 08:15,53.4,62,71.09,1.81,111.62,32.7
22-01-2026 08:15,22-01-2026 08:30,55,62,69.72,1.23,26.5,33.67
22-01-2026 08:30,22-01-2026 08:45,56.4,62,68.56,1.24,271.37,31.2
22-01-2026 08:45,22-01-2026 09:00,45.85,64,67.01,0.97,140.99,32.03
22-01-2026 09:00,22-01-2026 09:15,22.6,31,66.21,1.39,147.75,34.21
22-01-2026 09:15,22-01-2026 09:30,23.2,31,65.54,1.24,71.51,38.64
22-01-2026 09:30,22-01-2026 09:45,23,31,65.83,1.07,133.3,44.16
22-01-2026 09:45,22-01-2026 10:00,17.6,24.6,66.37,1.95,128.08,49.09
22-01-2026 10:00,22-01-2026 10:15,15,23,66.11,1.63,111.04,43.17
22-01-2026 10:15,22-01-2026 10:30,16.6,23,65.93,1.44,27.72,41.12
22-01-2026 10:30,22-01-2026 10:45,16.2,23,63.71,1.59,54.02,39.74
22-01-2026 10:45,22-01-2026 11:00,17.8,25.4,64.55,2.1,77.81,44.54
22-01-2026 11:00,22-01-2026 11:15,18.6,26,63.9,1.76,148.03,46.35
22-01-2026 11:15,22-01-2026 11:30,18,26,63.24,1.12,88.7,52.42
22-01-2026 11:30,22-01-2026 11:45,17.6,26,62.6,1.67,131.94,48.75
22-01-2026 11:45,22-01-2026 12:00,12.2,20.4,62.51,1.05,88.62,53.82
22-01-2026 12:00,22-01-2026 12:15,12,19,61.66,1.63,26.5,71.32
22-01-2026 12:15,22-01-2026 12:30,11.6,19,61.61,1.86,84.53,241.57
22-01-2026 12:30,22-01-2026 12:45,11.6,19,61.72,2.29,255.86,267.45
22-01-2026 12:45,22-01-2026 13:00,31.86,48.2,63.04,2.01,27.98,259.1
22-01-2026 13:00,22-01-2026 13:15,13.4,20,63.56,2.49,127.39,256.11
22-01-2026 13:15,22-01-2026 13:30,11.8,20,63.21,1.52,180.64,249.79
22-01-2026 13:30,22-01-2026 13:45,12.8,20,62.38,2.78,148.46,243.05
22-01-2026 13:45,22-01-2026 14:00,12.6,21.6,62.59,1.66,92.6,234.76
22-01-2026 14:00,22-01-2026 14:15,16.33,22,62.31,1.63,29.22,223.6
22-01-2026 14:15,22-01-2026 14:30,15.6,22,62.31,1.22,148.25,212.75
22-01-2026 14:30,22-01-2026 14:45,14.4,22,62.67,1.87,26.5,198.69
22-01-2026 14:45,22-01-2026 15:00,14.8,21.2,63.42,1.91,204.52,182.12
22-01-2026 15:00,22-01-2026 15:15,13.6,21,64.07,1.66,87.82,166.25
22-01-2026 15:15,22-01-2026 15:30,14,21,64.28,1.18,74.86,146.82
22-01-2026 15:30,22-01-2026 15:45,13.2,21,65.22,1.74,26.5,128.09
22-01-2026 15:45,22-01-2026 16:00,18.6,27,65.49,1.27,137.26,110.92
22-01-2026 16:00,22-01-2026 16:15,18.4,27,64.82,1.27,26.5,93.83
22-01-2026 16:15,22-01-2026 16:30,19.6,27,65.8,1.02,83.67,76.07
22-01-2026 16:30,22-01-2026 16:45,18.6,27,65.72,0.9,88.26,60.27
22-01-2026 16:45,22-01-2026 17:00,13,22,66.19,0.95,91.23,44.75
22-01-2026 17:00,22-01-2026 17:15,13,22,66.07,1.2,26.5,30.7
22-01-2026 17:15,22-01-2026 17:30,13.4,22,66.68,1.45,94.28,19.85
22-01-2026 17:30,22-01-2026 17:45,14.6,22,68.28,1.53,150.61,12.11
22-01-2026 17:45,22-01-2026 18:00,20,26,69.17,1.09,215.38,8.16
22-01-2026 18:00,22-01-2026 18:15,19.2,26,69.5,0.92,207.64,6.98
22-01-2026 18:15,22-01-2026 18:30,19,26,69.69,1.17,88.91,6.88
22-01-2026 18:30,22-01-2026 18:45,18.2,26,70.13,0.95,131.01,7.05
22-01-2026 18:45,22-01-2026 19:00,22.8,30,70.6,0.75,55.37,7.09
22-01-2026 19:00,22-01-2026 19:15,21.2,30,70.34,1.68,212.37,6.82
22-01-2026 19:15,22-01-2026 19:30,21.4,30,70.8,0.82,276.11,6.56
22-01-2026 19:30,22-01-2026 19:45,23,30,71.62,0.87,273.98,6.44
22-01-2026 19:45,22-01-2026 20:00,15.8,23,71.83,1.26,188.96,6.31
22-01-2026 20:00,22-01-2026 20:15,16.4,23,72.01,0.97,135.34,6.21
22-01-2026 20:15,22-01-2026 20:30,16,23,72.05,1.57,209.21,6.34
22-01-2026 20:30,22-01-2026 20:45,15.8,23,70.35,1.09,209.77,6.15
22-01-2026 20:45,22-01-2026 21:00,9.6,24,68.42,1.05,135.2,6.17
22-01-2026 21:00,22-01-2026 21:15,17.2,24,68.13,0.81,149.23,6.13
22-01-2026 21:15,22-01-2026 21:30,16.2,24,67.91,1.31,202.1,6.29
22-01-2026 21:30,22-01-2026 21:45,32.85,49,68.81,0.88,225.45,6.13
22-01-2026 21:45,22-01-2026 22:00,,,,,,
22-01-2026 22:00,22-01-2026 22:15,22.29,29,69.18,0.93,251.7,6.15
22-01-2026 22:15,22-01-2026 22:30,,,,,,
22-01-2026 22:30,22-01-2026 22:45,20.2,29,68.72,0.75,210.28,6.15
22-01-2026 22:45,22-01-2026 23:00,38.24,56.8,69.28,0.62,206.92,5.99
22-01-2026 23:00,22-01-2026 23:15,53.82,354.8,69.27,0.55,85.82,6.03
22-01-2026 23:15,22-01-2026 23:30,39,400,69.15,0.67,89.17,6.27
22-01-2026 23:30,22-01-2026 23:45,39,400,70.17,0.49,142.66,6.41
22-01-2026 23:45,23-01-2026 00:00,34.6,324.8,70.51,0.49,271.2,6.35
23-01-2026 00:00,23-01-2026 00:15,16,24,72.39,0.27,344.03,6.41
23-01-2026 00:15,23-01-2026 00:30,17,24,73.75,0.41,340.57,6.41
23-01-2026 00:30,23-01-2026 00:45,17.6,24,73.69,0.27,338.88,6.32
23-01-2026 00:45,23-01-2026 01:00,17.6,24.2,74.37,0.27,338.77,6.51
23-01-2026 01:00,23-01-2026 01:15,20,25,75.29,0.27,338.42,6.52
23-01-2026 01:15,23-01-2026 01:30,17.6,25,75.3,0.34,281.94,6.36
23-01-2026 01:30,23-01-2026 01:45,18.6,25,74.94,0.27,307.5,6.45
23-01-2026 01:45,23-01-2026 02:00,22.8,30.8,74.67,0.33,326.65,6.68
23-01-2026 02:00,23-01-2026 02:15,48,54,74.91,0.27,329.64,6.62
23-01-2026 02:15,23-01-2026 02:30,46,54,75.76,0.27,249.68,6.46
23-01-2026 02:30,23-01-2026 02:45,47,54,76.8,0.27,69.03,6.82
23-01-2026 02:45,23-01-2026 03:00,45.2,52.6,78.17,0.34,299.68,6.82
23-01-2026 03:00,23-01-2026 03:15,39.4,47,79.45,0.27,284.25,6.85
23-01-2026 03:15,23-01-2026 03:30,39.4,47,80.63,0.33,295.15,6.76
23-01-2026 03:30,23-01-2026 03:45,40,47,81.34,0.31,138.02,6.85
23-01-2026 03:45,23-01-2026 04:00,41.6,49.6,81.42,0.47,249.2,6.5
23-01-2026 04:00,23-01-2026 04:15,52.8,60,81.02,0.82,247.66,6.43
23-01-2026 04:15,23-01-2026 04:30,53.6,60,80.39,0.8,218.54,6.42
23-01-2026 04:30,23-01-2026 04:45,51.8,60,79.96,0.84,210.64,6.39
23-01-2026 04:45,23-01-2026 05:00,66.07,83.8,80.07,0.38,211.48,6.39
23-01-2026 05:00,23-01-2026 05:15,53.8,63,80.56,0.4,243.65,6.31
23-01-2026 05:15,23-01-2026 05:30,55.4,63,80.63,0.37,264.57,6.11
23-01-2026 05:30,23-01-2026 05:45,56,63,80.04,0.35,251.6,6.19
23-01-2026 05:45,23-01-2026 06:00,59.83,67,80,0.37,278.76,6.04
23-01-2026 06:00,23-01-2026 06:15,69.34,83.6,79.79,0.47,132.48,6.18
23-01-2026 06:15,23-01-2026 06:30,68.2,75,80.03,0.36,194.48,6.42
23-01-2026 06:30,23-01-2026 06:45,67,75,80.38,0.28,249.49,7.36
23-01-2026 06:45,23-01-2026 07:00,64,72.2,80.29,0.35,140.3,11.62
23-01-2026 07:00,23-01-2026 07:15,60,68,79.7,0.38,74.51,15.98
23-01-2026 07:15,23-01-2026 07:30,60.6,68,79.32,0.71,129.3,19.72
23-01-2026 07:30,23-01-2026 07:45,61.2,68,78.29,0.76,207.4,24.66
23-01-2026 07:45,23-01-2026 08:00,63,79.8,77.73,0.65,177.35,30.11
23-01-2026 08:00,23-01-2026 08:15,48.2,55,76.91,0.79,118.99,34.98
23-01-2026 08:15,23-01-2026 08:30,47.6,55,76.12,1.02,261.41,44.16
23-01-2026 08:30,23-01-2026 08:45,46.2,55,75.39,1.37,206.95,46.22
23-01-2026 08:45,23-01-2026 09:00,46.6,54.2,74.89,1.05,108.59,52.12
23-01-2026 09:00,23-01-2026 09:15,45.8,53,74.55,0.96,190.24,53.52
23-01-2026 09:15,23-01-2026 09:30,44.8,53,74.41,2.1,133.79,54.23
23-01-2026 09:30,23-01-2026 09:45,45.8,53,73.78,2.65,176.01,54.96
23-01-2026 09:45,23-01-2026 10:00,45.4,51.8,73.91,2.12,84.79,52.93
23-01-2026 10:00,23-01-2026 10:15,43.2,50,75.27,2.7,26.5,74.31
23-01-2026 10:15,23-01-2026 10:30,42.2,50,74.96,1.74,40.05,95.49
23-01-2026 10:30,23-01-2026 10:45,42.2,50,73.15,1.87,199.5,103.82
23-01-2026 10:45,23-01-2026 11:00,45.2,52.8,74.04,1.38,140.08,73.38
23-01-2026 11:00,23-01-2026 11:15,48,57,75.06,1.93,191.13,79.53
23-01-2026 11:15,23-01-2026 11:30,49.2,57,75.04,1.5,189.74,79.25
23-01-2026 11:30,23-01-2026 11:45,50.2,57,75.14,1.74,214.1,66.42
23-01-2026 11:45,23-01-2026 12:00,58.8,98.2,76.32,1.24,208.34,62.61
23-01-2026 12:00,23-01-2026 12:15,66,160,77.53,1.68,26.5,83.86
23-01-2026 12:15,23-01-2026 12:30,66,160,77.99,1.2,229.31,107.02
23-01-2026 12:30,23-01-2026 12:45,66,160,78.27,1.04,263.56,41.77
23-01-2026 12:45,23-01-2026 13:00,66,142,82.73,1.55,196.6,29.29
23-01-2026 13:00,23-01-2026 13:15,66,115,85.42,0.85,272.78,92.74
23-01-2026 13:15,23-01-2026 13:30,66,115,82.1,0.89,209.28,133.89
23-01-2026 13:30,23-01-2026 13:45,66,115,77.16,1.11,173.72,139.7
23-01-2026 13:45,23-01-2026 14:00,72.32,117.2,76.47,1.06,173.21,138.45
23-01-2026 14:00,23-01-2026 14:15,55,86,75.24,1.83,218.24,54.72
23-01-2026 14:15,23-01-2026 14:30,55,86,77.39,1.54,211.48,48.47
23-01-2026 14:30,23-01-2026 14:45,55,86,77.02,1.21,212.89,73.31
23-01-2026 14:45,23-01-2026 15:00,50.2,83,76.43,0.76,146.81,68.03
23-01-2026 15:00,23-01-2026 15:15,43,81,76.15,1.36,211.53,64.86
23-01-2026 15:15,23-01-2026 15:30,43,81,75.82,1.25,157.7,63.63
23-01-2026 15:30,23-01-2026 15:45,43,81,76.38,0.74,88.04,50.66
23-01-2026 15:45,23-01-2026 16:00,46.2,91.2,77.08,1.31,141.26,40.45
23-01-2026 16:00,23-01-2026 16:15,51,98,77.3,0.94,88.64,32.54
23-01-2026 16:15,23-01-2026 16:30,51,98,77.6,0.91,87.82,18.98
23-01-2026 16:30,23-01-2026 16:45,51,98,77.27,1.74,76.65,23.97
23-01-2026 16:45,23-01-2026 17:00,61.79,113,77.63,1.23,269.58,19.77
23-01-2026 17:00,23-01-2026 17:15,57,113,78.64,1.72,175.82,11.49
23-01-2026 17:15,23-01-2026 17:30,57,113,78.48,1.74,143.32,9.51
23-01-2026 17:30,23-01-2026 17:45,57,113,77.95,1.48,144.21,7.85
23-01-2026 17:45,23-01-2026 18:00,54.6,99.2,77.8,1.74,52.63,6.85
23-01-2026 18:00,23-01-2026 18:15,51,90,80.77,2.1,215.17,6.44
23-01-2026 18:15,23-01-2026 18:30,51,90,85.65,1.56,88.18,6.38
23-01-2026 18:30,23-01-2026 18:45,51,90,84.46,1.47,66.15,6.7
23-01-2026 18:45,23-01-2026 19:00,53.8,81,85.34,0.61,112.97,6.79
23-01-2026 19:00,23-01-2026 19:15,58,75,86.22,0.99,233.81,6.65
23-01-2026 19:15,23-01-2026 19:30,58,75,86.72,1.07,114.02,6.76
23-01-2026 19:30,23-01-2026 19:45,58,75,87.54,0.83,90.76,6.88
23-01-2026 19:45,23-01-2026 20:00,58.99,81.4,86.53,0.67,199.74,7.2
23-01-2026 20:00,23-01-2026 20:15,43,57,83.89,1.05,143.96,6.91
23-01-2026 20:15,23-01-2026 20:30,43,57,83.02,1.09,301.65,6.79
23-01-2026 20:30,23-01-2026 20:45,43,57,83.04,0.3,144.67,6.69
23-01-2026 20:45,23-01-2026 21:00,39.4,50.4,81.73,0.35,150.52,6.46
23-01-2026 21:00,23-01-2026 21:15,34,46,81.42,0.28,91.75,6.41
23-01-2026 21:15,23-01-2026 21:30,34,46,82.88,0.47,215.59,6.31
23-01-2026 21:30,23-01-2026 21:45,34,46,84.74,0.77,258.17,6.27
23-01-2026 21:45,23-01-2026 22:00,32.8,40.6,84.42,1.04,275.88,6.15
23-01-2026 22:00,23-01-2026 22:15,31,37,84.72,0.5,129.62,6.04
23-01-2026 22:15,23-01-2026 22:30,31,37,85.08,0.92,236.86,6.06
23-01-2026 22:30,23-01-2026 22:45,31,37,85.76,0.83,198.12,6.06
23-01-2026 22:45,23-01-2026 23:00,30.2,43.6,85.94,0.53,29.6,5.99
23-01-2026 23:00,23-01-2026 23:15,29,48,86.95,0.38,150.86,6.03
23-01-2026 23:15,23-01-2026 23:30,29,48,87.7,0.44,194.32,5.99
23-01-2026 23:30,23-01-2026 23:45,29,48,87.78,0.72,100.46,6.03
23-01-2026 23:45,24-01-2026 00:00,40.68,64.8,87.91,0.43,124.44,6
24-01-2026 00:00,24-01-2026 00:15,35,56,87.91,0.3,308.82,5.96
24-01-2026 00:15,24-01-2026 00:30,35,56,87.33,0.34,90.92,5.99
24-01-2026 00:30,24-01-2026 00:45,35,56,87.22,0.62,26.5,5.97
24-01-2026 00:45,24-01-2026 01:00,28,42.2,86.53,0.71,202.8,6.03
24-01-2026 01:00,24-01-2026 01:15,23,33,86.56,0.49,275.94,6.21
24-01-2026 01:15,24-01-2026 01:30,23,33,85.51,0.58,270.96,6.2
24-01-2026 01:30,24-01-2026 01:45,23,33,84.57,0.59,313.08,6.31
24-01-2026 01:45,24-01-2026 02:00,20.6,30.6,84.42,0.8,118.37,6.22
24-01-2026 02:00,24-01-2026 02:15,17,29,83.59,0.74,338.97,6.38
24-01-2026 02:15,24-01-2026 02:30,17,29,82.14,0.86,253.19,6.42
24-01-2026 02:30,24-01-2026 02:45,17,29,82.69,0.64,274.52,6.51
24-01-2026 02:45,24-01-2026 03:00,20.2,35,82.59,1.05,153.73,6.72
24-01-2026 03:00,24-01-2026 03:15,25,39,81.28,1.1,185.35,6.34
24-01-2026 03:15,24-01-2026 03:30,25,39,81.88,1.71,38.83,6.65
24-01-2026 03:30,24-01-2026 03:45,25,39,82.62,0.97,258.63,6.66
24-01-2026 03:45,24-01-2026 04:00,47.23,70.2,82.97,1.22,269.12,6.72
24-01-2026 04:00,24-01-2026 04:15,44,61,83.68,0.83,270.84,6.72
24-01-2026 04:15,24-01-2026 04:30,44,61,84.33,0.74,346.63,6.63
24-01-2026 04:30,24-01-2026 04:45,35.2,61,84.6,0.59,347.91,6.74
24-01-2026 04:45,24-01-2026 05:00,45.6,65.8,85.38,0.67,179.99,6.72
24-01-2026 05:00,24-01-2026 05:15,48,69,87.22,0.88,141.74,6.77
24-01-2026 05:15,24-01-2026 05:30,48,69,89.84,0.6,121.29,6.65
24-01-2026 05:30,24-01-2026 05:45,48,69,91.02,1.01,279.07,6.46
24-01-2026 05:45,24-01-2026 06:00,46.4,61.8,91.64,1.17,202.25,6.25
24-01-2026 06:00,24-01-2026 06:15,44,57,92.03,0.8,203.71,6.31
24-01-2026 06:15,24-01-2026 06:30,44,57,92.46,1.3,90.89,6.44
24-01-2026 06:30,24-01-2026 06:45,44,57,92.63,0.84,220.4,6.9
24-01-2026 06:45,24-01-2026 07:00,37,47.4,92.8,2.25,217.53,9.66
24-01-2026 07:00,24-01-2026 07:15,31,41,93.11,1.27,210.32,9.97
24-01-2026 07:15,24-01-2026 07:30,31,41,93.18,1.11,333.85,13.13
24-01-2026 07:30,24-01-2026 07:45,31,41,93.1,1.28,154.28,15.01
24-01-2026 07:45,24-01-2026 08:00,36.2,53,92.96,1.84,232.83,18.21
24-01-2026 08:00,24-01-2026 08:15,44,61,92.7,2.51,199.76,16.84
24-01-2026 08:15,24-01-2026 08:30,44,61,92.45,1.36,81.58,14.26
24-01-2026 08:30,24-01-2026 08:45,44,61,92.48,2.58,213.58,13.58
24-01-2026 08:45,24-01-2026 09:00,37.4,47.8,92.1,2.39,250.43,18.13
24-01-2026 09:00,24-01-2026 09:15,35,39,91.91,2.72,291.4,21.32
24-01-2026 09:15,24-01-2026 09:30,35,39,91.77,1.84,212.88,34.22
24-01-2026 09:30,24-01-2026 09:45,35,39,90.65,2.65,189.68,87.81
24-01-2026 09:45,24-01-2026 10:00,37.4,56.4,88.41,2.68,159.89,80.17
24-01-2026 10:00,24-01-2026 10:15,41,68,87.67,2.44,268.83,78.24
24-01-2026 10:15,24-01-2026 10:30,41,68,87.35,1.73,216.72,62.87
24-01-2026 10:30,24-01-2026 10:45,41,68,86.69,2.36,200.26,104.97
24-01-2026 10:45,24-01-2026 11:00,41.8,72.2,84.63,2.5,262.61,87.4
24-01-2026 11:00,24-01-2026 11:15,43,75,82.67,2.84,219.04,138.72
24-01-2026 11:15,24-01-2026 11:30,43,75,81.16,2.95,273.33,114.35
24-01-2026 11:30,24-01-2026 11:45,43,75,80.38,2.41,265.91,82.4
24-01-2026 11:45,24-01-2026 12:00,43,80.4,80.11,2.76,275.29,48.93
24-01-2026 12:00,24-01-2026 12:15,43,84,80.71,2.96,55.64,37.67
24-01-2026 12:15,24-01-2026 12:30,43,84,81.01,2.61,214.09,42.04
24-01-2026 12:30,24-01-2026 12:45,43,84,81.81,3.19,197.88,43.88
24-01-2026 12:45,24-01-2026 13:00,46.2,94.8,81.65,2.52,256.42,58.93
24-01-2026 13:00,24-01-2026 13:15,51,102,81.03,2.79,205.54,69.29
24-01-2026 13:15,24-01-2026 13:30,51,102,80.84,3.82,276.58,82.46
24-01-2026 13:30,24-01-2026 13:45,51,102,81.09,2.78,185.69,86.94
24-01-2026 13:45,24-01-2026 14:00,62.07,108.2,81.52,2.25,261.99,106.05
24-01-2026 14:00,24-01-2026 14:15,46,79,79.64,1.83,142.72,79.35
24-01-2026 14:15,24-01-2026 14:30,46,79,79.78,1.67,258.27,60.41
24-01-2026 14:30,24-01-2026 14:45,46,79,79.21,2.21,36.24,34.24
24-01-2026 14:45,24-01-2026 15:00,46.8,109,80.1,2.07,91.5,22.14
24-01-2026 15:00,24-01-2026 15:15,48,129,80.93,2.87,210.44,21.36
24-01-2026 15:15,24-01-2026 15:30,48,129,83.99,1.99,241.32,18.71
24-01-2026 15:30,24-01-2026 15:45,48,129,87.3,0.79,237.2,38.57
24-01-2026 15:45,24-01-2026 16:00,44,114,87.38,1.39,39.18,50.15
24-01-2026 16:00,24-01-2026 16:15,38,104,84.35,1.23,150.61,44.87
24-01-2026 16:15,24-01-2026 16:30,38,104,83.73,1.67,96.65,26.1
24-01-2026 16:30,24-01-2026 16:45,38,104,87.68,1.55,201.31,14.29
24-01-2026 16:45,24-01-2026 17:00,45.78,90.8,89.4,0.93,215.74,18.52
24-01-2026 17:00,24-01-2026 17:15,29,50,88.22,1.33,216.45,15.32
24-01-2026 17:15,24-01-2026 17:30,29,50,86.82,1.3,138.91,9.56
24-01-2026 17:30,24-01-2026 17:45,29,50,86.6,1.38,151.64,8.01
24-01-2026 17:45,24-01-2026 18:00,30.6,52.4,87.12,0.76,273.29,7.22
24-01-2026 18:00,24-01-2026 18:15,33,54,86.55,1.11,162.68,6.48
24-01-2026 18:15,24-01-2026 18:30,33,54,85.19,1.06,150.85,6.29
24-01-2026 18:30,24-01-2026 18:45,33,54,84.2,1.16,183.05,6.24
24-01-2026 18:45,24-01-2026 19:00,37.4,64.2,83.14,1.1,269.4,6.14
24-01-2026 19:00,24-01-2026 19:15,44,71,81.76,1.58,103.18,6.24
24-01-2026 19:15,24-01-2026 19:30,44,71,80.36,1.65,123.41,6.38
24-01-2026 19:30,24-01-2026 19:45,44,71,80.29,1.47,147.17,6.46
24-01-2026 19:45,24-01-2026 20:00,42.8,75.2,80.75,1.19,150.33,6.38
24-01-2026 20:00,24-01-2026 20:15,41,78,81.29,0.97,152.75,6.52
24-01-2026 20:15,24-01-2026 20:30,41,78,82.5,1.66,85.09,6.44
24-01-2026 20:30,24-01-2026 20:45,41,78,81.76,1.21,207.04,6.51
24-01-2026 20:45,24-01-2026 21:00,50.52,95.2,80.31,1.52,117.44,6.64
24-01-2026 21:00,24-01-2026 21:15,45,98,79.82,1.93,201.92,6.55
24-01-2026 21:15,24-01-2026 21:30,45,98,80.9,1.08,269.43,6.54
24-01-2026 21:30,24-01-2026 21:45,45,98,81.58,1.34,241.52,6.55
24-01-2026 21:45,24-01-2026 22:00,46.42,222,81.54,2.06,114.25,6.58
24-01-2026 22:00,24-01-2026 22:15,34,400,81.7,1.58,129.81,6.64
24-01-2026 22:15,24-01-2026 22:30,34,400,81.89,1.71,222.06,6.54
24-01-2026 22:30,24-01-2026 22:45,34,400,80.92,0.64,203.79,6.39
24-01-2026 22:45,24-01-2026 23:00,38.8,200.2,79.04,1.72,188.51,6.21
24-01-2026 23:00,24-01-2026 23:15,46,67,78.56,1.9,241.48,6.22
24-01-2026 23:15,24-01-2026 23:30,46,67,78.13,1.98,87.1,6.07
24-01-2026 23:30,24-01-2026 23:45,46,67,78.78,1.95,212.6,6.22
24-01-2026 23:45,25-01-2026 00:00,48.89,77,79.94,1.18,149.57,6.01
25-01-2026 00:00,25-01-2026 00:15,33,59,80.48,1.17,208.74,6.03
25-01-2026 00:15,25-01-2026 00:30,33,59,80.66,1.7,208.78,6.07
25-01-2026 00:30,25-01-2026 00:45,33,59,80.77,1.17,212.57,6.03
25-01-2026 00:45,25-01-2026 01:00,29,62.6,80.76,1.06,48.99,5.97
25-01-2026 01:00,25-01-2026 01:15,23,65,81.32,1.13,26.5,5.97
25-01-2026 01:15,25-01-2026 01:30,23,65,81.73,0.77,85.19,6.13
25-01-2026 01:30,25-01-2026 01:45,23,65,81.87,1.19,265.27,6.07
25-01-2026 01:45,25-01-2026 02:00,25.4,62,81.74,1.97,139.62,5.89
25-01-2026 02:00,25-01-2026 02:15,29,60,82.08,1.29,236.01,6.1
25-01-2026 02:15,25-01-2026 02:30,29,60,82.3,1.12,223.07,6.03
25-01-2026 02:30,25-01-2026 02:45,29,60,82.77,0.51,246.88,6.24
25-01-2026 02:45,25-01-2026 03:00,45.07,83,82.58,0.93,168.61,6.17
25-01-2026 03:00,25-01-2026 03:15,32,68,81.97,1.5,196.75,6.21
25-01-2026 03:15,25-01-2026 03:30,32,68,81.55,1.06,165.62,6.24
25-01-2026 03:30,25-01-2026 03:45,32,68,81.53,1.24,134.83,6.25
25-01-2026 03:45,25-01-2026 04:00,44.97,77.4,81.89,1.69,222.35,6.41
25-01-2026 04:00,25-01-2026 04:15,32,51,83.23,1.49,213.46,6.43
25-01-2026 04:15,25-01-2026 04:30,32,51,84.02,1.61,213.61,6.45
25-01-2026 04:30,25-01-2026 04:45,32,51,86.02,2.21,223.09,6.66
25-01-2026 04:45,25-01-2026 05:00,40.28,64,87.93,1.11,217.48,6.66
25-01-2026 05:00,25-01-2026 05:15,31,51,88.26,0.71,337.97,6.48
25-01-2026 05:15,25-01-2026 05:30,31,51,88.71,0.39,217.17,6.82
25-01-2026 05:30,25-01-2026 05:45,31,51,89.73,0.32,280.85,6.76
25-01-2026 05:45,25-01-2026 06:00,35,55.8,90.51,0.39,206.68,6.75
25-01-2026 06:00,25-01-2026 06:15,41,59,91.43,0.55,226.89,6.89
25-01-2026 06:15,25-01-2026 06:30,41,59,92.21,0.66,95.31,7.09
25-01-2026 06:30,25-01-2026 06:45,41,59,92.09,0.49,84.77,7.23
25-01-2026 06:45,25-01-2026 07:00,46.83,68.2,92.09,1.67,151.08,7.54
25-01-2026 07:00,25-01-2026 07:15,27,36,92.81,2.3,137.13,8.03
25-01-2026 07:15,25-01-2026 07:30,27,36,92.94,2.25,280.69,9.67
25-01-2026 07:30,25-01-2026 07:45,27,36,92.89,1.53,262.42,11.79
25-01-2026 07:45,25-01-2026 08:00,18.2,31.2,92.66,1.22,214.65,12.34
25-01-2026 08:00,25-01-2026 08:15,5,28,92.58,0.52,346.58,12.69
25-01-2026 08:15,25-01-2026 08:30,5,28,92.57,0.32,151.9,14.82
25-01-2026 08:30,25-01-2026 08:45,5,28,92.71,0.76,152.41,26.89
25-01-2026 08:45,25-01-2026 09:00,46.61,81.4,92.26,1.61,333.88,38.99
25-01-2026 09:00,25-01-2026 09:15,24,51,91.8,1.51,225.83,50.41
25-01-2026 09:15,25-01-2026 09:30,24,51,91.28,1.73,316.13,38.03
25-01-2026 09:30,25-01-2026 09:45,24,51,91.19,1.73,265.45,38.85
25-01-2026 09:45,25-01-2026 10:00,39,74.4,91.23,2.26,114.45,52.53
25-01-2026 10:00,25-01-2026 10:15,15,45,91.03,2.18,274.35,60.56
25-01-2026 10:15,25-01-2026 10:30,15,45,90.05,2.15,211.68,79.69
25-01-2026 10:30,25-01-2026 10:45,15,45,87.7,1.5,316.22,74.22
25-01-2026 10:45,25-01-2026 11:00,18.2,49.2,85.27,2.16,133.08,73.43
25-01-2026 11:00,25-01-2026 11:15,23,52,83.88,1.05,202.91,73.76
25-01-2026 11:15,25-01-2026 11:30,23,52,82.76,1.45,272.67,83.26
25-01-2026 11:30,25-01-2026 11:45,23,52,80.63,2.36,144.2,103.86
25-01-2026 11:45,25-01-2026 12:00,27.8,53.8,80.62,1.21,258.54,75.19
25-01-2026 12:00,25-01-2026 12:15,35,55,81.12,1.39,67.58,67.71
25-01-2026 12:15,25-01-2026 12:30,35,55,80.44,1.07,281.13,70.58
25-01-2026 12:30,25-01-2026 12:45,35,55,79.07,1.72,209.38,83.79
25-01-2026 12:45,25-01-2026 13:00,33.8,71.2,78.31,1.12,207.96,106.07
25-01-2026 13:00,25-01-2026 13:15,32,82,76.65,1.16,275.69,108.39
25-01-2026 13:15,25-01-2026 13:30,32,82,76.4,1.24,332.05,90.37
25-01-2026 13:30,25-01-2026 13:45,32,82,75.85,1.14,269.81,68.51
25-01-2026 13:45,25-01-2026 14:00,29.6,65.8,77.41,0.6,306.87,51.9
25-01-2026 14:00,25-01-2026 14:15,26,55,78.65,0.71,271.32,46.77
25-01-2026 14:15,25-01-2026 14:30,26,55,80.65,1.09,292.9,35.31
25-01-2026 14:30,25-01-2026 14:45,26,55,82.36,1.08,271.14,39.18
25-01-2026 14:45,25-01-2026 15:00,23.2,49,82.91,1.13,158.23,35.14
25-01-2026 15:00,25-01-2026 15:15,19,45,83.65,1.55,147.18,32.48
25-01-2026 15:15,25-01-2026 15:30,19,45,84.25,1.11,154.73,32.92
25-01-2026 15:30,25-01-2026 15:45,19,45,84.28,1.04,197.52,38.87
25-01-2026 15:45,25-01-2026 16:00,22.2,53.4,83.82,2.3,214.07,30.35
25-01-2026 16:00,25-01-2026 16:15,27,59,84,1.33,145.28,36.18
25-01-2026 16:15,25-01-2026 16:30,27,59,83.87,0.66,266.97,41.59
25-01-2026 16:30,25-01-2026 16:45,27,59,83.62,1.14,336.68,28.95
25-01-2026 16:45,25-01-2026 17:00,37.81,77.8,84.06,0.96,265.57,19.51
25-01-2026 17:00,25-01-2026 17:15,23,67,84.14,1.18,217.63,14.6
25-01-2026 17:15,25-01-2026 17:30,23,67,84.53,0.91,338.86,11.63
25-01-2026 17:30,25-01-2026 17:45,23,67,84.8,1.16,279.86,9.87
25-01-2026 17:45,25-01-2026 18:00,26.2,78.4,85.27,0.66,250.48,6.82
25-01-2026 18:00,25-01-2026 18:15,31,86,86.03,0.74,328.99,6.27
25-01-2026 18:15,25-01-2026 18:30,31,86,86.89,0.52,281.13,6.11
25-01-2026 18:30,25-01-2026 18:45,31,86,87.25,0.57,280.43,6.08
25-01-2026 18:45,25-01-2026 19:00,31,82.4,87.75,0.44,334.78,5.99
25-01-2026 19:00,25-01-2026 19:15,31,80,87.96,0.27,336.09,6.07
25-01-2026 19:15,25-01-2026 19:30,31,80,88.46,0.61,189.69,6.17
25-01-2026 19:30,25-01-2026 19:45,31,80,90.38,1.26,97.98,6.35
25-01-2026 19:45,25-01-2026 20:00,43.73,86.2,92.57,1.05,102.52,6.44
25-01-2026 20:00,25-01-2026 20:15,26,55,93.28,0.55,114.54,6.44
25-01-2026 20:15,25-01-2026 20:30,26,55,93.51,0.46,111.09,6.56
25-01-2026 20:30,25-01-2026 20:45,26,55,93.74,0.76,178.26,6.69
25-01-2026 20:45,25-01-2026 21:00,33.18,55.6,94.32,0.46,85.57,6.8
25-01-2026 21:00,25-01-2026 21:15,16,21,95,0.27,26.5,6.82
25-01-2026 21:15,25-01-2026 21:30,16,21,95,0.27,72.38,7.14
25-01-2026 21:30,25-01-2026 21:45,16,21,95,0.27,104.69,7.17
25-01-2026 21:45,25-01-2026 22:00,15.6,21,95,0.27,91.51,7.07
25-01-2026 22:00,25-01-2026 22:15,13.8,21,95,0.29,255,6.99
25-01-2026 22:15,25-01-2026 22:30,13.4,21,95,0.43,267.13,7.2
25-01-2026 22:30,25-01-2026 22:45,13.2,21,95,0.56,295.27,7.3
25-01-2026 22:45,25-01-2026 23:00,30.98,47.6,95,0.78,262.55,7.37
25-01-2026 23:00,25-01-2026 23:15,19,25,95,0.28,262.53,7.58
25-01-2026 23:15,25-01-2026 23:30,18.6,25,95,0.27,254.29,8.04
25-01-2026 23:30,25-01-2026 23:45,19,25,95,0.3,230.13,8.13
25-01-2026 23:45,26-01-2026 00:00,37.63,55.4,95,0.27,26.5,7.76
26-01-2026 00:00,26-01-2026 00:15,20.4,28,95,0.7,26.5,7.44
26-01-2026 00:15,26-01-2026 00:30,21.2,28,95,0.62,279.75,7.33
26-01-2026 00:30,26-01-2026 00:45,21.6,28,95,0.83,26.5,7.28
26-01-2026 00:45,26-01-2026 01:00,15.8,22,95,0.3,208.07,7.27
26-01-2026 01:00,26-01-2026 01:15,13,18,95,0.45,132.39,7.1
26-01-2026 01:15,26-01-2026 01:30,13,18,95,0.78,150.92,7.1
26-01-2026 01:30,26-01-2026 01:45,13,18,95,0.83,120.08,7.17
26-01-2026 01:45,26-01-2026 02:00,33.32,50.4,95,0.43,235.62,6.95
26-01-2026 02:00,26-01-2026 02:15,17,26,95,0.27,126.46,6.98
26-01-2026 02:15,26-01-2026 02:30,17,26,95,0.29,165.2,7.05
26-01-2026 02:30,26-01-2026 02:45,17,26,95,0.48,250.54,7.03
26-01-2026 02:45,26-01-2026 03:00,19,29.6,95,0.33,302.49,6.88
26-01-2026 03:00,26-01-2026 03:15,35.67,53.4,95,0.58,199.71,6.93
26-01-2026 03:15,26-01-2026 03:30,22,32,95,0.27,185.52,7.02
26-01-2026 03:30,26-01-2026 03:45,22,32,95,0.37,185.73,6.98
26-01-2026 03:45,26-01-2026 04:00,18,29,95,0.44,269.07,6.79
26-01-2026 04:00,26-01-2026 04:15,12,27,95,0.27,258.49,7.09
26-01-2026 04:15,26-01-2026 04:30,12,27,95,0.33,293.1,7.19
26-01-2026 04:30,26-01-2026 04:45,12,27,95,0.37,277.16,7.24
26-01-2026 04:45,26-01-2026 05:00,30.08,52.4,95,0.58,253.48,7.09
26-01-2026 05:00,26-01-2026 05:15,19,36,95,0.79,247.06,7.33
26-01-2026 05:15,26-01-2026 05:30,19,36,95,0.85,244.59,7.51
26-01-2026 05:30,26-01-2026 05:45,19,36,95,0.64,233.46,7.48
26-01-2026 05:45,26-01-2026 06:00,18.6,30.6,95,0.27,187.6,7.38
26-01-2026 06:00,26-01-2026 06:15,19.4,27,95,0.61,205.8,7.81
26-01-2026 06:15,26-01-2026 06:30,19.6,27,95,0.55,177.23,7.7
26-01-2026 06:30,26-01-2026 06:45,20.8,27,95,0.4,254.51,8.68
26-01-2026 06:45,26-01-2026 07:00,17.6,27,95,0.27,330.37,10.35
26-01-2026 07:00,26-01-2026 07:15,16,27,95,0.34,284.16,13.62
26-01-2026 07:15,26-01-2026 07:30,16,27,95,0.62,224.81,19.37
26-01-2026 07:30,26-01-2026 07:45,16,27,95,0.61,252.3,27.12
26-01-2026 07:45,26-01-2026 08:00,24.4,37.2,95,0.56,285.53,35.75
26-01-2026 08:00,26-01-2026 08:15,35.4,44,95,0.37,207.03,43.27
26-01-2026 08:15,26-01-2026 08:30,36.8,44,94.64,0.66,279.97,44.43
26-01-2026 08:30,26-01-2026 08:45,36.8,44,93.6,0.28,268.65,49.79
26-01-2026 08:45,26-01-2026 09:00,42.6,52.4,92.89,0.46,233.43,58.47
26-01-2026 09:00,26-01-2026 09:15,48,58,92.31,0.71,152.37,59.52
26-01-2026 09:15,26-01-2026 09:30,48,58,91.6,0.42,150.93,63.68
26-01-2026 09:30,26-01-2026 09:45,48,58,90.56,0.74,212.82,69.43
26-01-2026 09:45,26-01-2026 10:00,53.6,82,87.94,1.1,104.99,66.44
26-01-2026 10:00,26-01-2026 10:15,34,67,86.38,1.62,193.17,70.56
26-01-2026 10:15,26-01-2026 10:30,34,67,85.1,1.42,174.92,82.12
26-01-2026 10:30,26-01-2026 10:45,34,67,85.02,1.11,156.93,89.32
26-01-2026 10:45,26-01-2026 11:00,43.52,83.2,84.24,1.46,210.39,94.52
26-01-2026 11:00,26-01-2026 11:15,28,69,84.1,0.63,272.35,94.91
26-01-2026 11:15,26-01-2026 11:30,28,69,84.16,1.12,147.48,117.71
26-01-2026 11:30,26-01-2026 11:45,28,69,83.48,0.82,264.44,75.16
26-01-2026 11:45,26-01-2026 12:00,42.99,84.6,84.68,1.18,261.87,54.89
26-01-2026 12:00,26-01-2026 12:15,20,51,86.43,1.08,150.65,59.25
26-01-2026 12:15,26-01-2026 12:30,20,51,86.75,0.75,146.53,67.93
26-01-2026 12:30,26-01-2026 12:45,20,51,86.73,1.13,151.78,75.67
26-01-2026 12:45,26-01-2026 13:00,30.03,59.4,86.77,1.31,332.37,103.89
26-01-2026 13:00,26-01-2026 13:15,19,42,86.39,1.73,110.92,95.97
26-01-2026 13:15,26-01-2026 13:30,19,42,86.2,1.29,337.36,98.44
26-01-2026 13:30,26-01-2026 13:45,19,42,86.31,1.3,153.31,98.48
26-01-2026 13:45,26-01-2026 14:00,36.73,63,86.18,1.18,198.25,100.36
26-01-2026 14:00,26-01-2026 14:15,27,45,85.9,1.48,210.39,88.64
26-01-2026 14:15,26-01-2026 14:30,27,45,87.29,1.73,155.49,59.05
26-01-2026 14:30,26-01-2026 14:45,27,45,87.82,1.76,156.97,55.36
26-01-2026 14:45,26-01-2026 15:00,26.6,44.4,87.64,1.16,150.82,57.15
26-01-2026 15:00,26-01-2026 15:15,,,,,,
26-01-2026 15:15,26-01-2026 15:30,,,,,,
26-01-2026 15:30,26-01-2026 15:45,,,,,,
26-01-2026 15:45,26-01-2026 16:00,,,,,,
26-01-2026 16:00,26-01-2026 16:15,,,,,,
26-01-2026 16:15,26-01-2026 16:30,,,,,,
26-01-2026 16:30,26-01-2026 16:45,,,,,,
26-01-2026 16:45,26-01-2026 17:00,,,,,,
26-01-2026 17:00,26-01-2026 17:15,,,,,,
26-01-2026 17:15,26-01-2026 17:30,,,,,,
26-01-2026 17:30,26-01-2026 17:45,,,,,,
26-01-2026 17:45,26-01-2026 18:00,,,,,,
26-01-2026 18:00,26-01-2026 18:15,,,,,,
26-01-2026 18:15,26-01-2026 18:30,,,,,,
26-01-2026 18:30,26-01-2026 18:45,,,,,,
26-01-2026 18:45,26-01-2026 19:00,,,,,,
26-01-2026 19:00,26-01-2026 19:15,,,,,,
26-01-2026 19:15,26-01-2026 19:30,,,,,,
26-01-2026 19:30,26-01-2026 19:45,,,,,,
26-01-2026 19:45,26-01-2026 20:00,,,,,,
26-01-2026 20:00,26-01-2026 20:15,,,,,,
26-01-2026 20:15,26-01-2026 20:30,,,,,,
26-01-2026 20:30,26-01-2026 20:45,,,,,,
26-01-2026 20:45,26-01-2026 21:00,,,,,,
26-01-2026 21:00,26-01-2026 21:15,,,,,,
26-01-2026 21:15,26-01-2026 21:30,,,,,,
26-01-2026 21:30,26-01-2026 21:45,,,,,,
26-01-2026 21:45,26-01-2026 22:00,,,,,,
26-01-2026 22:00,26-01-2026 22:15,,,,,,
26-01-2026 22:15,26-01-2026 22:30,,,,,,
26-01-2026 22:30,26-01-2026 22:45,,,,,,
26-01-2026 22:45,26-01-2026 23:00,,,,,,
26-01-2026 23:00,26-01-2026 23:15,,,,,,
26-01-2026 23:15,26-01-2026 23:30,,,,,,
26-01-2026 23:30,26-01-2026 23:45,,,,,,
26-01-2026 23:45,27-01-2026 00:00,,,,,,
27-01-2026 00:00,27-01-2026 00:15,,,,,,
27-01-2026 00:15,27-01-2026 00:30,,,,,,
27-01-2026 00:30,27-01-2026 00:45,,,,,,
27-01-2026 00:45,27-01-2026 01:00,,,,,,
27-01-2026 01:00,27-01-2026 01:15,,,,,,
27-01-2026 01:15,27-01-2026 01:30,,,,,,
27-01-2026 01:30,27-01-2026 01:45,,,,,,
27-01-2026 01:45,27-01-2026 02:00,,,,,,
27-01-2026 02:00,27-01-2026 02:15,,,,,,
27-01-2026 02:15,27-01-2026 02:30,,,,,,
27-01-2026 02:30,27-01-2026 02:45,,,,,,
27-01-2026 02:45,27-01-2026 03:00,,,,,,
27-01-2026 03:00,27-01-2026 03:15,,,,,,
27-01-2026 03:15,27-01-2026 03:30,,,,,,
27-01-2026 03:30,27-01-2026 03:45,,,,,,
27-01-2026 03:45,27-01-2026 04:00,,,,,,
27-01-2026 04:00,27-01-2026 04:15,,,,,,
27-01-2026 04:15,27-01-2026 04:30,,,,,,
27-01-2026 04:30,27-01-2026 04:45,,,,,,
27-01-2026 04:45,27-01-2026 05:00,,,,,,
27-01-2026 05:00,27-01-2026 05:15,,,,,,
27-01-2026 05:15,27-01-2026 05:30,,,,,,
27-01-2026 05:30,27-01-2026 05:45,,,,,,
27-01-2026 05:45,27-01-2026 06:00,,,,,,
27-01-2026 06:00,27-01-2026 06:15,,,,,,
27-01-2026 06:15,27-01-2026 06:30,,,,,,
27-01-2026 06:30,27-01-2026 06:45,,,,,,
27-01-2026 06:45,27-01-2026 07:00,,,,,,
27-01-2026 07:00,27-01-2026 07:15,,,,,,
27-01-2026 07:15,27-01-2026 07:30,,,,,,
27-01-2026 07:30,27-01-2026 07:45,,,,,,
27-01-2026 07:45,27-01-2026 08:00,,,,,,
27-01-2026 08:00,27-01-2026 08:15,,,,,,
27-01-2026 08:15,27-01-2026 08:30,,,,,,
27-01-2026 08:30,27-01-2026 08:45,,,,,,
27-01-2026 08:45,27-01-2026 09:00,,,,,,
27-01-2026 09:00,27-01-2026 09:15,,,,,,
27-01-2026 09:15,27-01-2026 09:30,56,88,75.93,0.73,208.21,51.81
27-01-2026 09:30,27-01-2026 09:45,56,88,73.72,0.63,26.5,55.59
27-01-2026 09:45,27-01-2026 10:00,55.5,87,74.05,0.82,128.57,60.68
27-01-2026 10:00,27-01-2026 10:15,53,85,74.93,0.75,61.91,65.65
27-01-2026 10:15,27-01-2026 10:30,53,85,73.85,0.84,245.67,67.06
27-01-2026 10:30,27-01-2026 10:45,53,85,73.43,0.5,172.51,69.12
27-01-2026 10:45,27-01-2026 11:00,52.83,83.67,72.87,0.92,128.07,69.75
27-01-2026 11:00,27-01-2026 11:15,52,81,72.47,1.41,228.91,68.87
27-01-2026 11:15,27-01-2026 11:30,52,81,72.55,1.23,84.92,71.39
27-01-2026 11:30,27-01-2026 11:45,52,81,72.61,1.26,160.87,85.64
27-01-2026 11:45,27-01-2026 12:00,62.27,96.6,71.82,1.18,92.52,75.85
27-01-2026 12:00,27-01-2026 12:15,48,81,71.2,1.02,126.16,80.48
27-01-2026 12:15,27-01-2026 12:30,48,81,71.49,0.68,142.68,201.63
27-01-2026 12:30,27-01-2026 12:45,48,81,70.89,0.43,44.17,249.16
27-01-2026 12:45,27-01-2026 13:00,55.17,90.6,71.48,1.04,26.5,253.19
27-01-2026 13:00,27-01-2026 13:15,54,90,71.05,0.85,127.69,250.51
27-01-2026 13:15,27-01-2026 13:30,54,90,70.48,1.1,131.09,248.19
27-01-2026 13:30,27-01-2026 13:45,54,90,70.12,1.38,54.37,244.84
27-01-2026 13:45,27-01-2026 14:00,53,89.33,69.82,0.97,125.87,238.21
27-01-2026 14:00,27-01-2026 14:15,48,88,70.02,1.36,26.5,226.15
27-01-2026 14:15,27-01-2026 14:30,48,88,70.43,0.58,66.62,214.67
27-01-2026 14:30,27-01-2026 14:45,48,88,69.79,0.74,257.28,198.51
27-01-2026 14:45,27-01-2026 15:00,47.8,91.2,69.61,1.26,206.33,185.15
27-01-2026 15:00,27-01-2026 15:15,47,96,70.07,1.3,29.11,168.73
27-01-2026 15:15,27-01-2026 15:30,47,96,70.89,1.03,127.93,154.19
27-01-2026 15:30,27-01-2026 15:45,,,,,,
27-01-2026 15:45,27-01-2026 16:00,,,,,,
27-01-2026 16:00,27-01-2026 16:15,,,,,,
27-01-2026 16:15,27-01-2026 16:30,,,,,,
27-01-2026 16:30,27-01-2026 16:45,,,,,,
27-01-2026 16:45,27-01-2026 17:00,,,,,,
27-01-2026 17:00,27-01-2026 17:15,54,97,75.19,0.85,147.59,32.26
27-01-2026 17:15,27-01-2026 17:30,54,97,75.58,0.77,89.65,22.19
27-01-2026 17:30,27-01-2026 17:45,54,97,76.43,0.41,211.56,15.16
27-01-2026 17:45,27-01-2026 18:00,66.94,111.4,77.3,0.56,89.56,10.15
27-01-2026 18:00,27-01-2026 18:15,55,94,78.08,0.75,88.91,7.74
27-01-2026 18:15,27-01-2026 18:30,55,94,78.36,0.5,26.5,7.05
27-01-2026 18:30,27-01-2026 18:45,55,94,78.7,0.45,274.67,6.82
27-01-2026 18:45,27-01-2026 19:00,42.8,110,79.06,0.44,210.58,6.62
27-01-2026 19:00,27-01-2026 19:15,52,114,79.37,0.31,329.21,6.44
27-01-2026 19:15,27-01-2026 19:30,52,114,79.79,0.27,259.99,6.42
27-01-2026 19:30,27-01-2026 19:45,52,114,79.63,0.27,152.72,6.38
27-01-2026 19:45,27-01-2026 20:00,50,103.17,79.78,0.44,289.39,6.21
27-01-2026 20:00,27-01-2026 20:15,49,101,79.98,0.48,182.81,6.26
27-01-2026 20:15,27-01-2026 20:30,49,101,80.27,0.27,83.21,6.13
27-01-2026 20:30,27-01-2026 20:45,49,101,80.28,0.27,26.5,6.27
27-01-2026 20:45,27-01-2026 21:00,54.4,105,79.91,0.27,28.8,6.13
27-01-2026 21:00,27-01-2026 21:15,58,106,79.83,0.27,75.57,6.18
27-01-2026 21:15,27-01-2026 21:30,58,106,80.57,0.27,26.5,6.17
27-01-2026 21:30,27-01-2026 21:45,58,106,81.02,0.28,26.5,6.27
27-01-2026 21:45,27-01-2026 22:00,58,106,81.09,0.27,26.5,6.18
27-01-2026 22:00,27-01-2026 22:15,58,106,81,0.27,26.5,6.27
27-01-2026 22:15,27-01-2026 22:30,58,106,81.41,0.41,26.5,6.11
27-01-2026 22:30,27-01-2026 22:45,58,106,81.55,0.3,284.26,6.29
27-01-2026 22:45,27-01-2026 23:00,58,104,82.09,0.27,26.5,6.35
27-01-2026 23:00,27-01-2026 23:15,58,104,82.23,0.28,151.4,6.48
27-01-2026 23:15,27-01-2026 23:30,58,104,82.62,0.27,26.5,6.64
27-01-2026 23:30,27-01-2026 23:45,58,104,82.7,0.27,26.5,6.48
27-01-2026 23:45,28-01-2026 00:00,69.4,111.2,82.64,0.27,26.5,6.44
28-01-2026 00:00,28-01-2026 00:15,66,104,82.89,0.27,26.5,6.48
28-01-2026 00:15,28-01-2026 00:30,66,104,82.82,0.27,149.58,6.89
28-01-2026 00:30,28-01-2026 00:45,66,104,83.54,0.27,334.36,6.85
28-01-2026 00:45,28-01-2026 01:00,68.4,115,84.91,0.27,334.7,6.89
28-01-2026 01:00,28-01-2026 01:15,69,115,85.97,0.27,334.75,6.89
28-01-2026 01:15,28-01-2026 01:30,69,115,86.58,0.27,336.98,7.02
28-01-2026 01:30,28-01-2026 01:45,69,115,86.82,0.27,340.39,6.97
28-01-2026 01:45,28-01-2026 02:00,81.33,161,87.2,0.27,340.47,6.85
28-01-2026 02:00,28-01-2026 02:15,82,171,87.66,0.27,340.36,7.07
28-01-2026 02:15,28-01-2026 02:30,82,171,88.12,0.44,311.65,7.07
28-01-2026 02:30,28-01-2026 02:45,82,171,88.78,0.27,253.87,6.98
28-01-2026 02:45,28-01-2026 03:00,65,157,89.17,0.27,260,6.81
28-01-2026 03:00,28-01-2026 03:15,81,157,89.7,0.27,289.56,6.62
28-01-2026 03:15,28-01-2026 03:30,81,157,90.01,0.27,301.77,6.53
28-01-2026 03:30,28-01-2026 03:45,,,,,,
28-01-2026 03:45,28-01-2026 04:00,89,156,90.39,0.27,303.07,6.37
28-01-2026 04:00,28-01-2026 04:15,101,155,90.83,0.27,296.4,6.26
28-01-2026 04:15,28-01-2026 04:30,,,,,,
28-01-2026 04:30,28-01-2026 04:45,101,155,91.04,0.27,87.74,6.24
28-01-2026 04:45,28-01-2026 05:00,101,164.2,91.14,0.27,237.33,6.06
28-01-2026 05:00,28-01-2026 05:15,116,201,91.23,0.27,330.75,6.07
28-01-2026 05:15,28-01-2026 05:30,116,201,91.52,0.27,338.81,5.97
28-01-2026 05:30,28-01-2026 05:45,116,201,91.78,0.27,322.35,6.11
28-01-2026 05:45,28-01-2026 06:00,116,199.6,91.94,0.27,294.15,6.03
28-01-2026 06:00,28-01-2026 06:15,119,194,92.04,0.27,169.09,6.04
28-01-2026 06:15,28-01-2026 06:30,119,194,92.1,0.27,205.23,6.17
28-01-2026 06:30,28-01-2026 06:45,119,194,92.06,0.27,176.65,6.94
28-01-2026 06:45,28-01-2026 07:00,119,202,91.93,0.27,241.95,9.52
28-01-2026 07:00,28-01-2026 07:15,139,234,91.85,0.27,246.22,11.85
28-01-2026 07:15,28-01-2026 07:30,139,234,91.61,0.35,118.52,16.51
28-01-2026 07:30,28-01-2026 07:45,139,234,91.22,0.27,317.16,22.93
28-01-2026 07:45,28-01-2026 08:00,139,234.6,90.83,0.27,212.08,31.93
28-01-2026 08:00,28-01-2026 08:15,135,237,90.06,0.34,26.5,36.42
28-01-2026 08:15,28-01-2026 08:30,135,237,89.07,0.27,141.65,44.29
28-01-2026 08:30,28-01-2026 08:45,135,237,87.77,0.27,310.86,50.1
28-01-2026 08:45,28-01-2026 09:00,135,231.2,85.3,0.27,26.5,53.93
28-01-2026 09:00,28-01-2026 09:15,134,208,82.43,0.27,275.33,68.29
28-01-2026 09:15,28-01-2026 09:30,134,208,80.69,0.47,272.77,70.09
28-01-2026 09:30,28-01-2026 09:45,,,,,,
28-01-2026 09:45,28-01-2026 10:00,,,,,,
28-01-2026 10:00,28-01-2026 10:15,,,,,,
28-01-2026 10:15,28-01-2026 10:30,,,,,,
28-01-2026 10:30,28-01-2026 10:45,,,,,,
28-01-2026 10:45,28-01-2026 11:00,,,,,,
28-01-2026 11:00,28-01-2026 11:15,,,,,,
28-01-2026 11:15,28-01-2026 11:30,,,,,,
28-01-2026 11:30,28-01-2026 11:45,,,,,,
28-01-2026 11:45,28-01-2026 12:00,,,,,,
28-01-2026 12:00,28-01-2026 12:15,66,89,70.32,0.84,61.54,120.21
28-01-2026 12:15,28-01-2026 12:30,66,89,70.32,1.08,38.52,178.36
28-01-2026 12:30,28-01-2026 12:45,66,89,69.77,0.52,26.5,203.98
28-01-2026 12:45,28-01-2026 13:00,71.13,99.4,69.22,1.09,153.23,233.1
28-01-2026 13:00,28-01-2026 13:15,59,76,68.62,0.68,34.22,232.21
28-01-2026 13:15,28-01-2026 13:30,59,76,68.36,1.29,105.46,237.38
28-01-2026 13:30,28-01-2026 13:45,59,76,68.2,0.98,202.93,230.68
28-01-2026 13:45,28-01-2026 14:00,68.39,93.4,67.68,1.06,169.94,226.83
28-01-2026 14:00,28-01-2026 14:15,55,81,67.17,0.69,158.61,216.2
28-01-2026 14:15,28-01-2026 14:30,55,81,66.81,0.46,81.03,207.55
28-01-2026 14:30,28-01-2026 14:45,55,81,67.06,1.22,140.45,196.8
28-01-2026 14:45,28-01-2026 15:00,55,81.4,67.34,0.76,186.39,180.91
28-01-2026 15:00,28-01-2026 15:15,44.8,83,67.36,0.81,140.68,166
28-01-2026 15:15,28-01-2026 15:30,56,83,67.7,0.73,250.54,147.23
28-01-2026 15:30,28-01-2026 15:45,56,83,68.67,0.78,86.09,128.06
28-01-2026 15:45,28-01-2026 16:00,56,83.2,70.32,0.55,81.45,113.53
28-01-2026 16:00,28-01-2026 16:15,46.4,84,70.77,0.82,168.31,89.68
28-01-2026 16:15,28-01-2026 16:30,58,84,70.84,0.88,169.81,68.24
28-01-2026 16:30,28-01-2026 16:45,58,84,71.62,1.18,26.5,57.73
28-01-2026 16:45,28-01-2026 17:00,58,86.2,72.08,0.97,209.46,44.53
28-01-2026 17:00,28-01-2026 17:15,71,95,72.84,0.55,146.27,32.63
28-01-2026 17:15,28-01-2026 17:30,71,95,73.94,0.52,209.98,24.17
28-01-2026 17:30,28-01-2026 17:45,71,95,74.65,1.01,89.75,17.27
28-01-2026 17:45,28-01-2026 18:00,71,97.8,75.13,0.56,150.25,11.14
28-01-2026 18:00,28-01-2026 18:15,71,109,76.13,0.76,26.5,7.95
28-01-2026 18:15,28-01-2026 18:30,71,109,76.66,1,135.99,6.92
28-01-2026 18:30,28-01-2026 18:45,71,109,77.5,0.66,146.21,6.93
28-01-2026 18:45,28-01-2026 19:00,75.13,115.4,77.27,1.04,90.81,7.02
28-01-2026 19:00,28-01-2026 19:15,72,132,77.28,0.32,85.09,7.1
28-01-2026 19:15,28-01-2026 19:30,72,132,77.87,0.3,87.5,7.09
28-01-2026 19:30,28-01-2026 19:45,72,132,77.81,0.64,87.26,7.19
28-01-2026 19:45,28-01-2026 20:00,72,128.6,77.59,0.38,87.6,7.44
28-01-2026 20:00,28-01-2026 20:15,57.6,115,77.83,0.48,86.87,6.9
28-01-2026 20:15,28-01-2026 20:30,72,115,78.07,0.4,272.26,6.58
28-01-2026 20:30,28-01-2026 20:45,72,115,78.75,0.29,83.82,6.53
28-01-2026 20:45,28-01-2026 21:00,72,114.2,78.91,0.48,26.5,6.49
28-01-2026 21:00,28-01-2026 21:15,71,111,78.09,1.05,78.81,6.42
28-01-2026 21:15,28-01-2026 21:30,71,111,77.58,0.66,150.02,6.29
28-01-2026 21:30,28-01-2026 21:45,71,111,77.94,0.45,83.43,6.18
28-01-2026 21:45,28-01-2026 22:00,71,109.4,77.62,0.3,88.52,6.21
28-01-2026 22:00,28-01-2026 22:15,66,103,76.23,0.86,145.68,6.17
28-01-2026 22:15,28-01-2026 22:30,66,103,76.43,0.53,149.54,6.14
28-01-2026 22:30,28-01-2026 22:45,66,103,76.52,1.14,206.03,6.21
28-01-2026 22:45,28-01-2026 23:00,66,103,75.8,0.91,148.87,6.08
28-01-2026 23:00,28-01-2026 23:15,68,103,75.89,0.9,265.19,6.04
28-01-2026 23:15,28-01-2026 23:30,68,103,76.17,0.64,145.67,6.06
28-01-2026 23:30,28-01-2026 23:45,68,103,76.15,0.85,128.43,6.13
28-01-2026 23:45,29-01-2026 00:00,68,100.8,75.37,0.33,203.84,6.04
29-01-2026 00:00,29-01-2026 00:15,73.75,104.6,76.41,0.53,136.84,6.14
29-01-2026 00:15,29-01-2026 00:30,67,92,76.46,0.4,301.35,6.2
29-01-2026 00:30,29-01-2026 00:45,67,92,77.12,0.72,89.28,6.41
29-01-2026 00:45,29-01-2026 01:00,75.96,108,77.6,0.51,26.5,6.35
29-01-2026 01:00,29-01-2026 01:15,71,98,77.61,0.43,123.71,6.49
29-01-2026 01:15,29-01-2026 01:30,71,98,77.67,0.34,335.88,6.34
29-01-2026 01:30,29-01-2026 01:45,71,98,77.88,0.56,270.25,6.39
29-01-2026 01:45,29-01-2026 02:00,71.36,100.8,78.11,0.28,26.5,6.45
29-01-2026 02:00,29-01-2026 02:15,71,91,78.72,0.44,88.98,6.52
29-01-2026 02:15,29-01-2026 02:30,71,91,78.4,0.43,26.5,6.7
29-01-2026 02:30,29-01-2026 02:45,71,91,78.24,0.43,26.5,6.51
29-01-2026 02:45,29-01-2026 03:00,76.69,103.4,78.7,0.37,26.5,6.72
29-01-2026 03:00,29-01-2026 03:15,69,95,78.57,0.38,146.27,6.75
29-01-2026 03:15,29-01-2026 03:30,69,95,78.59,0.27,26.5,6.82
29-01-2026 03:30,29-01-2026 03:45,69,95,79.35,0.27,148.31,6.97
29-01-2026 03:45,29-01-2026 04:00,69,95.8,79.7,0.34,87.06,7.17
29-01-2026 04:00,29-01-2026 04:15,59.2,99,79.55,0.27,26.5,7.05
29-01-2026 04:15,29-01-2026 04:30,74,99,79.85,0.64,211.62,6.95
29-01-2026 04:30,29-01-2026 04:45,74,99,79.64,0.28,197.11,6.95
29-01-2026 04:45,29-01-2026 05:00,74,99.4,80.47,0.42,192.69,6.64
29-01-2026 05:00,29-01-2026 05:15,52,101,80.69,0.49,200.7,6.59
29-01-2026 05:15,29-01-2026 05:30,65,101,80.23,0.38,207.83,6.38
29-01-2026 05:30,29-01-2026 05:45,65,101,80.3,0.43,150.37,6.43
29-01-2026 05:45,29-01-2026 06:00,65,102,80.18,0.32,26.5,6.24
29-01-2026 06:00,29-01-2026 06:15,73,106,80.11,0.37,144.98,6.22
29-01-2026 06:15,29-01-2026 06:30,73,106,80.56,0.27,26.5,6.28
29-01-2026 06:30,29-01-2026 06:45,73,106,80.95,0.46,26.5,7.4
29-01-2026 06:45,29-01-2026 07:00,73,106.6,80.82,0.35,209.54,9.62
29-01-2026 07:00,29-01-2026 07:15,75,109,81.11,0.27,262.36,13.14
29-01-2026 07:15,29-01-2026 07:30,75,109,81.23,0.52,210.06,21.13
29-01-2026 07:30,29-01-2026 07:45,75,109,80.84,0.5,187.28,29.39
29-01-2026 07:45,29-01-2026 08:00,75,118.2,81.32,0.6,123.41,30.64
29-01-2026 08:00,29-01-2026 08:15,79,155,79.22,0.93,135.76,38.17
29-01-2026 08:15,29-01-2026 08:30,79,155,76.69,0.72,207.89,49.91
29-01-2026 08:30,29-01-2026 08:45,79,155,75.33,0.4,209.5,50.63
29-01-2026 08:45,29-01-2026 09:00,77.89,146.6,73.9,0.59,93.82,49.23
29-01-2026 09:00,29-01-2026 09:15,68,114,73.18,0.62,157.19,51.49
29-01-2026 09:15,29-01-2026 09:30,68,114,73.42,0.71,87.18,59.79
29-01-2026 09:30,29-01-2026 09:45,68,114,72.32,0.97,204.94,60.08
29-01-2026 09:45,29-01-2026 10:00,74.55,122.2,71.5,0.63,88.22,60.23
29-01-2026 10:00,29-01-2026 10:15,70,108,70.72,0.89,150.59,63.61
29-01-2026 10:15,29-01-2026 10:30,70,108,70.77,0.91,87.52,76.02
29-01-2026 10:30,29-01-2026 10:45,,,,,,
29-01-2026 10:45,29-01-2026 11:00,,,,,,
29-01-2026 11:00,29-01-2026 11:15,,,,,,
29-01-2026 11:15,29-01-2026 11:30,,,,,,
29-01-2026 11:30,29-01-2026 11:45,,,,,,
29-01-2026 11:45,29-01-2026 12:00,,,,,,
29-01-2026 12:00,29-01-2026 12:15,,,,,,
29-01-2026 12:15,29-01-2026 12:30,,,,,,
29-01-2026 12:30,29-01-2026 12:45,,,,,,
29-01-2026 12:45,29-01-2026 13:00,,,,,,
29-01-2026 13:00,29-01-2026 13:15,,,,,,
29-01-2026 13:15,29-01-2026 13:30,,,,,,
29-01-2026 13:30,29-01-2026 13:45,,,,,,
29-01-2026 13:45,29-01-2026 14:00,,,,,,
29-01-2026 14:00,29-01-2026 14:15,,,,,,
29-01-2026 14:15,29-01-2026 14:30,,,,,,
29-01-2026 14:30,29-01-2026 14:45,,,,,,
29-01-2026 14:45,29-01-2026 15:00,,,,,,
29-01-2026 15:00,29-01-2026 15:15,,,,,,
29-01-2026 15:15,29-01-2026 15:30,,,,,,
29-01-2026 15:30,29-01-2026 15:45,,,,,,
29-01-2026 15:45,29-01-2026 16:00,,,,,,
29-01-2026 16:00,29-01-2026 16:15,,,,,,
29-01-2026 16:15,29-01-2026 16:30,,,,,,
29-01-2026 16:30,29-01-2026 16:45,,,,,,
29-01-2026 16:45,29-01-2026 17:00,,,,,,
29-01-2026 17:00,29-01-2026 17:15,,,,,,
29-01-2026 17:15,29-01-2026 17:30,,,,,,
29-01-2026 17:30,29-01-2026 17:45,,,,,,
29-01-2026 17:45,29-01-2026 18:00,,,,,,
29-01-2026 18:00,29-01-2026 18:15,,,,,,
29-01-2026 18:15,29-01-2026 18:30,,,,,,
29-01-2026 18:30,29-01-2026 18:45,,,,,,
29-01-2026 18:45,29-01-2026 19:00,,,,,,
29-01-2026 19:00,29-01-2026 19:15,,,,,,
29-01-2026 19:15,29-01-2026 19:30,,,,,,
29-01-2026 19:30,29-01-2026 19:45,,,,,,
29-01-2026 19:45,29-01-2026 20:00,,,,,,
29-01-2026 20:00,29-01-2026 20:15,,,,,,
29-01-2026 20:15,29-01-2026 20:30,,,,,,
29-01-2026 20:30,29-01-2026 20:45,,,,,,
29-01-2026 20:45,29-01-2026 21:00,,,,,,
29-01-2026 21:00,29-01-2026 21:15,,,,,,
29-01-2026 21:15,29-01-2026 21:30,,,,,,
29-01-2026 21:30,29-01-2026 21:45,,,,,,
29-01-2026 21:45,29-01-2026 22:00,,,,,,
29-01-2026 22:00,29-01-2026 22:15,,,,,,
29-01-2026 22:15,29-01-2026 22:30,,,,,,
29-01-2026 22:30,29-01-2026 22:45,,,,,,
29-01-2026 22:45,29-01-2026 23:00,,,,,,
29-01-2026 23:00,29-01-2026 23:15,,,,,,
29-01-2026 23:15,29-01-2026 23:30,,,,,,
29-01-2026 23:30,29-01-2026 23:45,,,,,,
29-01-2026 23:45,30-01-2026 00:00,,,,,,
30-01-2026 00:00,30-01-2026 00:15,,,,,,
30-01-2026 00:15,30-01-2026 00:30,,,,,,
30-01-2026 00:30,30-01-2026 00:45,,,,,,
30-01-2026 00:45,30-01-2026 01:00,,,,,,
30-01-2026 01:00,30-01-2026 01:15,,,,,,
30-01-2026 01:15,30-01-2026 01:30,,,,,,
30-01-2026 01:30,30-01-2026 01:45,,,,,,
30-01-2026 01:45,30-01-2026 02:00,,,,,,
30-01-2026 02:00,30-01-2026 02:15,,,,,,
30-01-2026 02:15,30-01-2026 02:30,,,,,,
30-01-2026 02:30,30-01-2026 02:45,,,,,,
30-01-2026 02:45,30-01-2026 03:00,,,,,,
30-01-2026 03:00,30-01-2026 03:15,,,,,,
30-01-2026 03:15,30-01-2026 03:30,,,,,,
30-01-2026 03:30,30-01-2026 03:45,,,,,,
30-01-2026 03:45,30-01-2026 04:00,,,,,,
30-01-2026 04:00,30-01-2026 04:15,,,,,,
30-01-2026 04:15,30-01-2026 04:30,,,,,,
30-01-2026 04:30,30-01-2026 04:45,,,,,,
30-01-2026 04:45,30-01-2026 05:00,,,,,,
30-01-2026 05:00,30-01-2026 05:15,,,,,,
30-01-2026 05:15,30-01-2026 05:30,,,,,,
30-01-2026 05:30,30-01-2026 05:45,,,,,,
30-01-2026 05:45,30-01-2026 06:00,,,,,,
30-01-2026 06:00,30-01-2026 06:15,,,,,,
30-01-2026 06:15,30-01-2026 06:30,,,,,,
30-01-2026 06:30,30-01-2026 06:45,,,,,,
30-01-2026 06:45,30-01-2026 07:00,,,,,,
30-01-2026 07:00,30-01-2026 07:15,,,,,,
30-01-2026 07:15,30-01-2026 07:30,,,,,,
30-01-2026 07:30,30-01-2026 07:45,,,,,,
30-01-2026 07:45,30-01-2026 08:00,,,,,,
30-01-2026 08:00,30-01-2026 08:15,,,,,,
30-01-2026 08:15,30-01-2026 08:30,,,,,,
30-01-2026 08:30,30-01-2026 08:45,,,,,,
30-01-2026 08:45,30-01-2026 09:00,,,,,,
30-01-2026 09:00,30-01-2026 09:15,32,66,68.87,0.53,216.96,54.03
30-01-2026 09:15,30-01-2026 09:30,32,66,67.79,0.87,118.47,54.78
30-01-2026 09:30,30-01-2026 09:45,32,66,67.26,1.29,94.76,48.69
30-01-2026 09:45,30-01-2026 10:00,34,71.2,67.02,0.74,123.18,45.51
30-01-2026 10:00,30-01-2026 10:15,42,79,66.53,0.93,174.64,45.67
30-01-2026 10:15,30-01-2026 10:30,42,79,66.95,1.7,88.07,49.81
30-01-2026 10:30,30-01-2026 10:45,42,79,67.23,1.38,146.55,50.95
30-01-2026 10:45,30-01-2026 11:00,41.4,74.2,66.35,0.66,228.23,50.22
30-01-2026 11:00,30-01-2026 11:15,39,67,66.09,1.09,81.98,54.45
30-01-2026 11:15,30-01-2026 11:30,39,67,67.25,1.66,76.76,56.87
30-01-2026 11:30,30-01-2026 11:45,39,67,66.41,1.11,128.72,72.32
30-01-2026 11:45,30-01-2026 12:00,39.8,71.4,65.78,1.21,86.9,74.85
30-01-2026 12:00,30-01-2026 12:15,43,78,65.89,1.05,78.1,110.12
30-01-2026 12:15,30-01-2026 12:30,43,78,66.35,1.5,94.48,240.61
30-01-2026 12:30,30-01-2026 12:45,34.4,78,66.55,1.07,216.23,247.47
30-01-2026 12:45,30-01-2026 13:00,52.19,85,66.37,1.63,80.43,243.54
30-01-2026 13:00,30-01-2026 13:15,41.6,73,66.11,1.75,184.89,274.02
30-01-2026 13:15,30-01-2026 13:30,52,73,66.27,1.09,65.67,265.44
30-01-2026 13:30,30-01-2026 13:45,52,73,66.32,1.49,263.82,259.5
30-01-2026 13:45,30-01-2026 14:00,58.63,84.4,65.81,1.59,37.39,252.83
30-01-2026 14:00,30-01-2026 14:15,48,72,66.05,1.06,150.27,240.93
30-01-2026 14:15,30-01-2026 14:30,48,72,65.64,1.77,86.72,236.89
30-01-2026 14:30,30-01-2026 14:45,48,72,66.43,1.6,337.63,226.31
30-01-2026 14:45,30-01-2026 15:00,60.78,95.2,65.48,1.13,75.45,203.56
30-01-2026 15:00,30-01-2026 15:15,35.2,86,65,1.62,87.8,191.86
30-01-2026 15:15,30-01-2026 15:30,44,86,65.44,1.4,85.57,176.53
30-01-2026 15:30,30-01-2026 15:45,44,86,66.35,1.69,154.17,155.86
30-01-2026 15:45,30-01-2026 16:00,41.8,78,66.78,1.24,256.44,142.19
30-01-2026 16:00,30-01-2026 16:15,33,66,67.34,1.49,193.07,122.29
30-01-2026 16:15,30-01-2026 16:30,33,66,68.07,0.91,83.36,103.86
30-01-2026 16:30,30-01-2026 16:45,33,66,68.23,1.61,26.5,84.86
30-01-2026 16:45,30-01-2026 17:00,46.16,86.4,68.57,1.87,26.5,63.08
30-01-2026 17:00,30-01-2026 17:15,39,82,69.69,0.97,26.5,48.3
30-01-2026 17:15,30-01-2026 17:30,39,82,68.91,1.45,26.5,24.92
30-01-2026 17:30,30-01-2026 17:45,39,82,70.14,1.45,87.56,16.97
30-01-2026 17:45,30-01-2026 18:00,62.66,109.8,70.69,1.17,85.63,10.35
30-01-2026 18:00,30-01-2026 18:15,29.6,83,71.54,1,145.43,7.07
30-01-2026 18:15,30-01-2026 18:30,37,83,71.66,0.88,152.26,6.21
30-01-2026 18:30,30-01-2026 18:45,37,83,72.33,1.25,186.8,6.14
30-01-2026 18:45,30-01-2026 19:00,39.2,81.4,71.41,1.05,144.96,6.04
30-01-2026 19:00,30-01-2026 19:15,48,79,71.15,0.87,189.17,6.38
30-01-2026 19:15,30-01-2026 19:30,48,79,71.75,1.3,196.68,6.51
30-01-2026 19:30,30-01-2026 19:45,48,79,72.36,0.58,264.98,6.56
30-01-2026 19:45,30-01-2026 20:00,60.65,95.4,71.94,0.77,150.52,6.55
30-01-2026 20:00,30-01-2026 20:15,44,74,72.38,0.54,273.69,6.65
30-01-2026 20:15,30-01-2026 20:30,55,74,72.21,0.86,182.15,6.72
30-01-2026 20:30,30-01-2026 20:45,55,74,72.84,0.82,26.5,7.07
30-01-2026 20:45,30-01-2026 21:00,52.8,204.4,71.99,1.59,220.07,7.16
30-01-2026 21:00,30-01-2026 21:15,35.2,400,71.35,0.86,85.34,6.99
30-01-2026 21:15,30-01-2026 21:30,44,400,71.76,0.87,129.71,7
30-01-2026 21:30,30-01-2026 21:45,44,400,72.72,0.87,130.69,7.17
30-01-2026 21:45,30-01-2026 22:00,49.94,213.6,72.19,1.26,147.09,7.44
30-01-2026 22:00,30-01-2026 22:15,41,75,72.07,1.06,151.86,7.16
30-01-2026 22:15,30-01-2026 22:30,41,75,71.93,1.17,137.66,7.38
30-01-2026 22:30,30-01-2026 22:45,41,75,71.91,1.31,274.89,7.56
30-01-2026 22:45,30-01-2026 23:00,53,86.8,71.86,0.76,197.61,7.57
30-01-2026 23:00,30-01-2026 23:15,30.4,62,71.62,1.25,88.64,7.37
30-01-2026 23:15,30-01-2026 23:30,38,62,71.49,0.82,263.29,6.77
30-01-2026 23:30,30-01-2026 23:45,38,62,71.73,0.67,142.95,6.55
30-01-2026 23:45,31-01-2026 00:00,36.6,58.4,72.4,0.98,271.06,6.39
31-01-2026 00:00,31-01-2026 00:15,31,53,71.76,0.67,136.3,6.25
31-01-2026 00:15,31-01-2026 00:30,31,53,72.1,1.49,136.39,6.17
31-01-2026 00:30,31-01-2026 00:45,31,53,71.88,1.31,150.77,6.2
31-01-2026 00:45,31-01-2026 01:00,41.05,66.2,72.08,0.85,208.29,6.08
31-01-2026 01:00,31-01-2026 01:15,17.6,47,71.94,0.69,249,6.07
31-01-2026 01:15,31-01-2026 01:30,22,47,72.16,0.69,151.18,6.14
31-01-2026 01:30,31-01-2026 01:45,22,47,73.05,0.71,252.5,6.13
31-01-2026 01:45,31-01-2026 02:00,23,45,72.61,0.7,88.55,6.06
31-01-2026 02:00,31-01-2026 02:15,27,42,72.74,0.64,203.62,6.15
31-01-2026 02:15,31-01-2026 02:30,27,42,73.38,0.77,148.48,6.22
31-01-2026 02:30,31-01-2026 02:45,27,42,72.93,0.54,270.14,6.08
31-01-2026 02:45,31-01-2026 03:00,27,42.4,72.38,0.67,131.84,5.99
31-01-2026 03:00,31-01-2026 03:15,27,43,72.78,0.74,328.94,6.03
31-01-2026 03:15,31-01-2026 03:30,27,43,73.77,0.68,217.07,6.15
31-01-2026 03:30,31-01-2026 03:45,27,43,73.43,0.56,136.3,6.32
31-01-2026 03:45,31-01-2026 04:00,58.32,88.6,72.69,0.68,336.65,6.34
31-01-2026 04:00,31-01-2026 04:15,17,33,73.24,0.64,340.73,6.54
31-01-2026 04:15,31-01-2026 04:30,17,33,73.1,0.42,259.09,6.32
31-01-2026 04:30,31-01-2026 04:45,17,33,73.4,0.52,184.83,6.67
31-01-2026 04:45,31-01-2026 05:00,37.8,64,73.05,0.67,83.58,6.52
31-01-2026 05:00,31-01-2026 05:15,16.8,37,73.3,0.69,262.61,6.69
31-01-2026 05:15,31-01-2026 05:30,21,37,74,0.58,279.5,6.88
31-01-2026 05:30,31-01-2026 05:45,21,37,73.44,0.67,210.43,6.95
31-01-2026 05:45,31-01-2026 06:00,22,37.8,73.5,0.27,82.05,6.98
31-01-2026 06:00,31-01-2026 06:15,26,39,74.36,0.3,327.64,6.86
31-01-2026 06:15,31-01-2026 06:30,26,39,74.56,0.28,326.13,7.47
31-01-2026 06:30,31-01-2026 06:45,26,39,74.51,0.71,221.68,9.16
31-01-2026 06:45,31-01-2026 07:00,35.23,52.6,73.84,1.23,329.27,13.47
31-01-2026 07:00,31-01-2026 07:15,20,35,73.27,0.94,152.73,18.98
31-01-2026 07:15,31-01-2026 07:30,20,35,75.19,0.31,127.28,24.14
31-01-2026 07:30,31-01-2026 07:45,20,35,77.15,0.61,291.64,29.35
31-01-2026 07:45,31-01-2026 08:00,47,106,77.47,0.37,147.04,30.42
31-01-2026 08:00,31-01-2026 08:15,46.4,140,77.3,0.67,107.07,39.16
31-01-2026 08:15,31-01-2026 08:30,58,140,76.44,0.87,141.01,73.13
31-01-2026 08:30,31-01-2026 08:45,58,140,74.23,0.72,174.24,30.92
31-01-2026 08:45,31-01-2026 09:00,62.2,148,71.27,1.16,177.47,37.35
31-01-2026 09:00,31-01-2026 09:15,79,160,68.83,1.67,224.08,33
31-01-2026 09:15,31-01-2026 09:30,79,160,67.66,2.1,85.63,28.21
31-01-2026 09:30,31-01-2026 09:45,79,160,67.26,0.68,325.56,28.76
31-01-2026 09:45,31-01-2026 10:00,82.29,140,67.32,1.04,210.51,31.62
31-01-2026 10:00,31-01-2026 10:15,15,47,67.56,1.47,125.37,42.41
31-01-2026 10:15,31-01-2026 10:30,15,47,67.71,0.68,202.11,34.43
31-01-2026 10:30,31-01-2026 10:45,15,47,67.6,1.42,121.67,37.44
31-01-2026 10:45,31-01-2026 11:00,26.02,60.83,68.08,2.01,79.19,42.91
31-01-2026 11:00,31-01-2026 11:15,11,39,67.7,1.6,100.7,56.63
31-01-2026 11:15,31-01-2026 11:30,11,39,67.38,1.18,262.99,49.73
31-01-2026 11:30,31-01-2026 11:45,11,39,67.68,1.92,26.5,74.06
31-01-2026 11:45,31-01-2026 12:00,14.67,36.5,67.84,1.48,126.98,82.12
31-01-2026 12:00,31-01-2026 12:15,22,34,68.04,1.79,99.28,134.76
31-01-2026 12:15,31-01-2026 12:30,22,34,67.82,1.83,173.04,283.21
31-01-2026 12:30,31-01-2026 12:45,22,34,68.35,1.61,26.5,288.35
31-01-2026 12:45,31-01-2026 13:00,32.47,52.67,68.34,1.49,163.15,284.02
31-01-2026 13:00,31-01-2026 13:15,21,41,68.05,1.74,171.72,280.78
31-01-2026 13:15,31-01-2026 13:30,21,41,67.76,2.09,103.32,276.14
31-01-2026 13:30,31-01-2026 13:45,21,41,67.32,1.12,175.64,270.82
31-01-2026 13:45,31-01-2026 14:00,31.98,58.83,67.02,1.26,141.95,259.34
31-01-2026 14:00,31-01-2026 14:15,21,35,66.72,2.04,26.5,249.37
31-01-2026 14:15,31-01-2026 14:30,21,35,67.12,1.8,26.5,237.5
31-01-2026 14:30,31-01-2026 14:45,21,35,67.56,1.67,159.84,222.82
31-01-2026 14:45,31-01-2026 15:00,35.8,61.17,67.44,1.33,173.35,206.17
31-01-2026 15:00,31-01-2026 15:15,19,45,67.18,1.99,178.1,191.32
31-01-2026 15:15,31-01-2026 15:30,19,45,67.95,0.96,69.18,177.52
31-01-2026 15:30,31-01-2026 15:45,19,45,68.55,1.68,80.78,162.76
31-01-2026 15:45,31-01-2026 16:00,48.39,87.5,69.4,1.64,167.8,140.24
31-01-2026 16:00,31-01-2026 16:15,22,38,69.77,1.02,26.5,119.49
31-01-2026 16:15,31-01-2026 16:30,22,38,69.93,1.2,87.32,102.59
31-01-2026 16:30,31-01-2026 16:45,22,38,70.45,1.16,125.79,82.63
31-01-2026 16:45,31-01-2026 17:00,18.67,38.5,71.08,1.09,74.69,58.78
31-01-2026 17:00,31-01-2026 17:15,12,39,71.41,1.21,67.13,50.42
31-01-2026 17:15,31-01-2026 17:30,12,39,71.57,1.26,210.92,41.05
31-01-2026 17:30,31-01-2026 17:45,12,39,72.53,0.87,87.26,17.31
31-01-2026 17:45,31-01-2026 18:00,11.67,43.5,74.32,1.43,119.89,8.92
31-01-2026 18:00,31-01-2026 18:15,11,48,75.24,1.86,173.67,7.18
31-01-2026 18:15,31-01-2026 18:30,11,48,75.58,1.51,88.01,6.36
31-01-2026 18:30,31-01-2026 18:45,11,48,76.17,0.83,152.41,6.15
31-01-2026 18:45,31-01-2026 19:00,13.2,188.8,76.57,1.22,104.6,6.15
31-01-2026 19:00,31-01-2026 19:15,18.33,400,77.13,0.58,188.23,6.18
31-01-2026 19:15,31-01-2026 19:30,22,400,77.46,0.79,254.58,6.12
31-01-2026 19:30,31-01-2026 19:45,22,400,77.68,0.38,178.42,6.08
31-01-2026 19:45,31-01-2026 20:00,37.36,212,77.86,1.45,147.37,6.17
31-01-2026 20:00,31-01-2026 20:15,22,54,78.22,1.01,133.06,6.19
31-01-2026 20:15,31-01-2026 20:30,22,54,78.51,0.6,262.16,6.2
31-01-2026 20:30,31-01-2026 20:45,22,54,77.81,0.99,103.57,6.28
31-01-2026 20:45,31-01-2026 21:00,32.51,83.17,77.71,1.07,238.52,6.34
31-01-2026 21:00,31-01-2026 21:15,27,78,77.6,1.03,255.3,6.4
31-01-2026 21:15,31-01-2026 21:30,27,78,77.73,1.27,150.02,6.62
31-01-2026 21:30,31-01-2026 21:45,27,78,78.02,0.79,145.64,6.67
31-01-2026 21:45,31-01-2026 22:00,28.67,69,76.07,1.17,221.47,6.61
31-01-2026 22:00,31-01-2026 22:15,32,60,74.39,1.19,256.87,6.87
31-01-2026 22:15,31-01-2026 22:30,32,60,74.76,0.99,251.4,6.86
31-01-2026 22:30,31-01-2026 22:45,32,60,74.36,0.73,239.13,7.06
31-01-2026 22:45,31-01-2026 23:00,36.67,73,74.88,0.67,142.63,7.2
31-01-2026 23:00,31-01-2026 23:15,46,86,75.64,0.65,91.11,6.97
31-01-2026 23:15,31-01-2026 23:30,46,86,75.58,0.81,262.48,7.16
31-01-2026 23:30,31-01-2026 23:45,46,86,75.65,0.71,201.02,7.31
31-01-2026 23:45,01-02-2026 00:00,49.2,211.6,75.85,0.8,272.24,7.34
01-02-2026 00:00,01-02-2026 00:15,49.6,400,76.21,0.5,209.64,7.37
01-02-2026 00:15,01-02-2026 00:30,62,400,75.83,0.87,139.17,7.44
01-02-2026 00:30,01-02-2026 00:45,62,400,75.7,0.57,204.53,7.33
01-02-2026 00:45,01-02-2026 01:00,66.21,202.83,75.43,1.27,270.13,6.54
01-02-2026 01:00,01-02-2026 01:15,52,84,75.1,1.19,255.66,6.51
01-02-2026 01:15,01-02-2026 01:30,52,84,75.66,0.53,254.43,6.52
01-02-2026 01:30,01-02-2026 01:45,52,84,75.77,0.69,276.28,6.36
01-02-2026 01:45,01-02-2026 02:00,58.48,93,75.19,1.3,189.92,6.28
01-02-2026 02:00,01-02-2026 02:15,48,80,75.06,0.69,212.97,6.2
01-02-2026 02:15,01-02-2026 02:30,48,80,75.08,1.24,26.5,6.28
01-02-2026 02:30,01-02-2026 02:45,48,80,74.92,1.62,162.74,6.14
01-02-2026 02:45,01-02-2026 03:00,47.59,85.4,74.93,1.19,126.43,6.07
01-02-2026 03:00,01-02-2026 03:15,49,68,74.84,0.72,194.78,5.98
01-02-2026 03:15,01-02-2026 03:30,49,68,74.77,0.68,235.81,6.14
01-02-2026 03:30,01-02-2026 03:45,49,68,74.67,0.77,177.44,6.11
01-02-2026 03:45,01-02-2026 04:00,49,73,74.98,0.73,75.47,6.11
01-02-2026 04:00,01-02-2026 04:15,49,78,75.02,1.34,176.96,6.11
01-02-2026 04:15,01-02-2026 04:30,49,78,74.58,0.86,123.84,6.06
01-02-2026 04:30,01-02-2026 04:45,49,78,75.32,0.95,226.23,6.16
01-02-2026 04:45,01-02-2026 05:00,49.33,73.5,75.81,0.74,304.27,6.06
01-02-2026 05:00,01-02-2026 05:15,50,69,76.14,0.61,326.11,6.26
01-02-2026 05:15,01-02-2026 05:30,50,69,76.07,1.07,151.58,6.42
01-02-2026 05:30,01-02-2026 05:45,50,69,75.7,0.61,272.13,6.28
01-02-2026 05:45,01-02-2026 06:00,50,74.5,75.23,0.9,276.88,6.36
01-02-2026 06:00,01-02-2026 06:15,50,80,75.2,0.73,308.62,6.55
01-02-2026 06:15,01-02-2026 06:30,50,80,74.85,0.52,120.56,7.41
01-02-2026 06:30,01-02-2026 06:45,50,80,74.97,0.91,203.4,9.71
01-02-2026 06:45,01-02-2026 07:00,55.58,88.33,75.21,1.12,221.92,15.46
01-02-2026 07:00,01-02-2026 07:15,49,80,75.6,1.38,30.42,20.42
01-02-2026 07:15,01-02-2026 07:30,49,80,75.43,0.93,248.5,24.36
01-02-2026 07:30,01-02-2026 07:45,49,80,75.84,1.04,250.15,27.66
01-02-2026 07:45,01-02-2026 08:00,52.87,97.4,76.06,1.52,256.47,30.63
01-02-2026 08:00,01-02-2026 08:15,50,76,75.73,1.23,164.27,43.55
01-02-2026 08:15,01-02-2026 08:30,50,76,75.67,0.8,186.48,29.27
01-02-2026 08:30,01-02-2026 08:45,50,76,76.21,0.6,155.21,64.15
01-02-2026 08:45,01-02-2026 09:00,53,80.5,72.75,1.12,192.46,88.05
01-02-2026 09:00,01-02-2026 09:15,59,85,70.58,0.86,103.05,82.25
01-02-2026 09:15,01-02-2026 09:30,59,85,71.6,1.41,152.82,69.35
01-02-2026 09:30,01-02-2026 09:45,59,85,71.56,1.36,117.4,60.85
01-02-2026 09:45,01-02-2026 10:00,59.27,98.5,71.34,1.63,267.68,69.14
01-02-2026 10:00,01-02-2026 10:15,56,76,70.84,2.12,134.42,72.25
01-02-2026 10:15,01-02-2026 10:30,56,76,70.26,2.21,98.36,64.68
01-02-2026 10:30,01-02-2026 10:45,56,76,70.3,1.77,67.8,58.67
01-02-2026 10:45,01-02-2026 11:00,59.36,82,70.36,2.52,211.25,59.17
01-02-2026 11:00,01-02-2026 11:15,35,70,69.46,2.3,164.42,60.25
01-02-2026 11:15,01-02-2026 11:30,42,70,68.49,1.83,56.67,60.49
01-02-2026 11:30,01-02-2026 11:45,33.6,70,67.42,1.37,208.08,67.65
01-02-2026 11:45,01-02-2026 12:00,67.49,112.6,67.47,1.45,145,122.23
01-02-2026 12:00,01-02-2026 12:15,37,80,67.14,1.61,147.76,207.46
01-02-2026 12:15,01-02-2026 12:30,37,80,66.78,1.9,51.33,225.81
01-02-2026 12:30,01-02-2026 12:45,37,80,67.31,1.76,193,253.6
01-02-2026 12:45,01-02-2026 13:00,36.67,75.5,67.32,1.55,126.2,251.21
01-02-2026 13:00,01-02-2026 13:15,36,71,66.94,1.52,26.5,273.07
01-02-2026 13:15,01-02-2026 13:30,36,71,66.76,1.87,115.79,266.8
01-02-2026 13:30,01-02-2026 13:45,36,71,66.6,1.93,138.32,236.58
01-02-2026 13:45,01-02-2026 14:00,37.33,74,67.06,2.76,120.53,212.57
01-02-2026 14:00,01-02-2026 14:15,40,77,67.42,1.93,26.5,218.93
01-02-2026 14:15,01-02-2026 14:30,40,77,67.17,1.54,66.59,227.45
01-02-2026 14:30,01-02-2026 14:45,40,77,67.1,1.81,26.5,213.39
01-02-2026 14:45,01-02-2026 15:00,41.67,78,66.71,1.38,75.93,196.07
01-02-2026 15:00,01-02-2026 15:15,45,79,67.31,1.21,170.84,173.38
01-02-2026 15:15,01-02-2026 15:30,45,79,67.24,1.14,146.53,167.07
01-02-2026 15:30,01-02-2026 15:45,45,79,68.11,2,63.8,153.76
01-02-2026 15:45,01-02-2026 16:00,52.13,86.33,69.19,1.77,74,87.41
01-02-2026 16:00,01-02-2026 16:15,58,83,70.45,1.5,127.68,75.33
01-02-2026 16:15,01-02-2026 16:30,58,83,70.8,2.47,209.96,100.96
01-02-2026 16:30,01-02-2026 16:45,,,,,,
01-02-2026 16:45,01-02-2026 17:00,,,,,,
01-02-2026 17:00,01-02-2026 17:15,,,,,,
01-02-2026 17:15,01-02-2026 17:30,,,,,,
01-02-2026 17:30,01-02-2026 17:45,,,,,,
01-02-2026 17:45,01-02-2026 18:00,,,,,,
01-02-2026 18:00,01-02-2026 18:15,,,,,,
01-02-2026 18:15,01-02-2026 18:30,,,,,,
01-02-2026 18:30,01-02-2026 18:45,,,,,,
01-02-2026 18:45,01-02-2026 19:00,,,,,,
01-02-2026 19:00,01-02-2026 19:15,63,91,77.43,1.57,103.86,6.49
01-02-2026 19:15,01-02-2026 19:30,63,91,77.33,1.49,91.56,6.42
01-02-2026 19:30,01-02-2026 19:45,63,91,76.99,1.19,150.44,6.28
01-02-2026 19:45,01-02-2026 20:00,62.4,95,77.13,1.39,155.34,6.22
01-02-2026 20:00,01-02-2026 20:15,62,96,76.58,1.09,147.4,6.2
01-02-2026 20:15,01-02-2026 20:30,62,96,76.67,1.22,139.03,6.17
01-02-2026 20:30,01-02-2026 20:45,62,96,77.32,1.25,210.5,6.14
01-02-2026 20:45,01-02-2026 21:00,63.2,101.6,77.66,1.4,140.68,6.18
01-02-2026 21:00,01-02-2026 21:15,64,103,76.95,1.22,50.88,6.07
01-02-2026 21:15,01-02-2026 21:30,64,103,77.08,1.26,85.07,6.08
01-02-2026 21:30,01-02-2026 21:45,64,103,76.79,0.84,91.31,6.13
01-02-2026 21:45,01-02-2026 22:00,67.6,107.8,76.83,0.88,112.52,5.99
01-02-2026 22:00,01-02-2026 22:15,70,109,76.73,0.92,193.15,6.1
01-02-2026 22:15,01-02-2026 22:30,70,109,76.99,0.74,201.78,6.13
01-02-2026 22:30,01-02-2026 22:45,70,109,77.52,0.68,192.14,6.29
01-02-2026 22:45,01-02-2026 23:00,69.4,111.4,77.64,0.59,206.29,6.31
01-02-2026 23:00,01-02-2026 23:15,69,112,77.87,0.57,27.49,6.55
01-02-2026 23:15,01-02-2026 23:30,69,112,78,0.48,273.44,6.48
01-02-2026 23:30,01-02-2026 23:45,69,112,78.36,0.45,26.5,6.68
01-02-2026 23:45,02-02-2026 00:00,73.2,104,78.33,0.83,152.35,6.56
02-02-2026 00:00,02-02-2026 00:15,76,102,78.13,0.35,207.15,6.68
02-02-2026 00:15,02-02-2026 00:30,76,102,78.32,0.37,324.52,6.99
02-02-2026 00:30,02-02-2026 00:45,76,102,78.86,0.5,210.05,6.96
02-02-2026 00:45,02-02-2026 01:00,72.4,92.4,78.86,0.31,264.48,7.02
02-02-2026 01:00,02-02-2026 01:15,70,90,79.1,0.29,26.5,7.19
02-02-2026 01:15,02-02-2026 01:30,70,90,79.52,0.45,150.89,7.19
02-02-2026 01:30,02-02-2026 01:45,70,90,78.95,0.6,145.43,7.33
02-02-2026 01:45,02-02-2026 02:00,71.2,91.6,78.53,0.48,251.54,7.31
02-02-2026 02:00,02-02-2026 02:15,72,92,78.12,0.37,320.68,7.37
02-02-2026 02:15,02-02-2026 02:30,72,92,77.41,0.48,203.36,7.45
02-02-2026 02:30,02-02-2026 02:45,72,92,76.72,1.09,274.18,7.21
02-02-2026 02:45,02-02-2026 03:00,72,100,76.82,0.6,193.31,6.42
02-02-2026 03:00,02-02-2026 03:15,72,102,77.18,0.7,118.56,6.47
02-02-2026 03:15,02-02-2026 03:30,72,102,76.66,0.98,203.78,6.39
02-02-2026 03:30,02-02-2026 03:45,72,102,77.15,0.46,78.08,6.35
02-02-2026 03:45,02-02-2026 04:00,75.6,101.2,77.47,1.29,68.49,6.27
02-02-2026 04:00,02-02-2026 04:15,78,101,77.09,0.9,206.58,6.2
02-02-2026 04:15,02-02-2026 04:30,78,101,77.14,0.69,205.86,6.21
02-02-2026 04:30,02-02-2026 04:45,78,101,77.29,0.98,123.15,6.22
02-02-2026 04:45,02-02-2026 05:00,76.8,99.4,77.2,0.66,144.21,6.07
02-02-2026 05:00,02-02-2026 05:15,76,99,77.55,0.77,26.5,6.03
02-02-2026 05:15,02-02-2026 05:30,76,99,77.36,1.43,83.64,6.06
02-02-2026 05:30,02-02-2026 05:45,76,99,77.35,1.35,145.07,5.97
02-02-2026 05:45,02-02-2026 06:00,67,120.2,77.54,1.04,213.65,6.08
02-02-2026 06:00,02-02-2026 06:15,79,114,77.86,0.84,152.98,6.1
02-02-2026 06:15,02-02-2026 06:30,79,114,77.99,1.47,150.65,6.79
02-02-2026 06:30,02-02-2026 06:45,79,114,78.03,0.74,221.23,10.08
02-02-2026 06:45,02-02-2026 07:00,66.83,122,78.12,1.47,92.14,15.73
02-02-2026 07:00,02-02-2026 07:15,78,115,78.03,1.65,155.06,15.47
02-02-2026 07:15,02-02-2026 07:30,78,115,78.29,1.25,26.5,17.72
02-02-2026 07:30,02-02-2026 07:45,78,115,77.91,1.51,140.59,28.64
02-02-2026 07:45,02-02-2026 08:00,82.2,127,76.73,1.19,143.67,43.61
02-02-2026 08:00,02-02-2026 08:15,85,130,75.11,1.13,315.59,64.92
02-02-2026 08:15,02-02-2026 08:30,85,130,74.09,1.28,225.38,76.82
02-02-2026 08:30,02-02-2026 08:45,85,130,73.68,1.37,142.38,80.83
02-02-2026 08:45,02-02-2026 09:00,91.6,127.6,71.58,1.24,86.43,71.59
02-02-2026 09:00,02-02-2026 09:15,96,127,71.25,1.4,148.3,66.59
02-02-2026 09:15,02-02-2026 09:30,96,127,70.04,1.32,93.14,62.02
02-02-2026 09:30,02-02-2026 09:45,96,127,70.41,1.6,29.96,64.74
02-02-2026 09:45,02-02-2026 10:00,92.4,126.2,69.63,1.27,146.51,72.3
02-02-2026 10:00,02-02-2026 10:15,90,126,70.76,0.99,266.65,80.59
02-02-2026 10:15,02-02-2026 10:30,90,126,69.82,2.11,149.43,93.25
02-02-2026 10:30,02-02-2026 10:45,90,126,70.04,1.79,90.36,104.51
02-02-2026 10:45,02-02-2026 11:00,84,123.6,69.57,1.83,84.38,108.21
02-02-2026 11:00,02-02-2026 11:15,80,123,68.94,1.7,84.98,115.4
02-02-2026 11:15,02-02-2026 11:30,80,123,68.92,2.1,118.18,108.17
02-02-2026 11:30,02-02-2026 11:45,80,123,68.52,1.48,97.27,112.09
02-02-2026 11:45,02-02-2026 12:00,83.38,128.2,68.65,1.82,26.5,130.76
02-02-2026 12:00,02-02-2026 12:15,81,124,69.29,1.88,93.3,221.08
02-02-2026 12:15,02-02-2026 12:30,81,124,68.97,1.5,146.74,225.25
02-02-2026 12:30,02-02-2026 12:45,81,124,68.13,1.78,26.5,246.62
02-02-2026 12:45,02-02-2026 13:00,75.38,119.4,68.44,1.67,87.71,238.91
02-02-2026 13:00,02-02-2026 13:15,60,109,68.44,1.93,82.66,235.94
02-02-2026 13:15,02-02-2026 13:30,60,109,67.97,1.1,84.27,232.74
02-02-2026 13:30,02-02-2026 13:45,60,109,67.33,1.4,140.6,230.82
02-02-2026 13:45,02-02-2026 14:00,50,108.2,67.55,2.44,83.73,222.75
02-02-2026 14:00,02-02-2026 14:15,65,108,68.19,2.21,86.04,205.75
02-02-2026 14:15,02-02-2026 14:30,65,108,67.47,1.19,83.88,197.18
02-02-2026 14:30,02-02-2026 14:45,65,108,67.6,1.34,86.87,177.23
02-02-2026 14:45,02-02-2026 15:00,66.8,108.8,67.8,1.12,80.71,166.69
02-02-2026 15:00,02-02-2026 15:15,68,109,68.04,1.92,59.06,151.45
02-02-2026 15:15,02-02-2026 15:30,68,109,69.16,1.53,82.88,135.62
02-02-2026 15:30,02-02-2026 15:45,68,109,70.1,1.02,139.97,117.05
02-02-2026 15:45,02-02-2026 16:00,73.45,113.4,70.35,1.58,84.51,99.12
02-02-2026 16:00,02-02-2026 16:15,75,111,71.05,1.13,26.5,81.56
02-02-2026 16:15,02-02-2026 16:30,75,111,72.07,1.27,145.47,67.54
02-02-2026 16:30,02-02-2026 16:45,75,111,72.54,0.94,198.62,49.61
02-02-2026 16:45,02-02-2026 17:00,84,121.4,73.38,1.54,26.5,35.08
02-02-2026 17:00,02-02-2026 17:15,87.73,123.4,73.93,1.77,235.21,25.65
02-02-2026 17:15,02-02-2026 17:30,90,124,74.43,1.23,84.86,18.11
02-02-2026 17:30,02-02-2026 17:45,94.36,133.6,75.15,1.08,26.5,12.25
02-02-2026 17:45,02-02-2026 18:00,71.6,134.4,75.51,1.51,26.5,9.5
02-02-2026 18:00,02-02-2026 18:15,89,137,75.72,1.27,94.35,7.51
02-02-2026 18:15,02-02-2026 18:30,89,137,76.2,1.11,62.18,7.3
02-02-2026 18:30,02-02-2026 18:45,89,137,76.4,1.33,26.5,7.54
02-02-2026 18:45,02-02-2026 19:00,98,136.2,76.99,0.93,132.76,7.44
02-02-2026 19:00,02-02-2026 19:15,104,136,76.87,1.27,26.5,7.3
02-02-2026 19:15,02-02-2026 19:30,104,136,77.12,1.19,208.45,7.41
02-02-2026 19:30,02-02-2026 19:45,104,136,77.36,1.27,207.33,7.13
02-02-2026 19:45,02-02-2026 20:00,77.2,347.2,77.58,1.14,133.48,6.64
02-02-2026 20:00,02-02-2026 20:15,89,400,77.93,1,143.85,6.57
02-02-2026 20:15,02-02-2026 20:30,89,400,77.56,0.94,87.99,6.54
02-02-2026 20:30,02-02-2026 20:45,85.89,342.6,77.84,0.94,87.26,6.31
02-02-2026 20:45,02-02-2026 21:00,90.2,179.2,77.42,1.16,132.8,6.35
02-02-2026 21:00,02-02-2026 21:15,91,124,77.48,0.88,193.01,6.32
02-02-2026 21:15,02-02-2026 21:30,91,124,76.93,1.03,129.51,6.39
02-02-2026 21:30,02-02-2026 21:45,91,124,76.16,1.29,145.01,6.21
02-02-2026 21:45,02-02-2026 22:00,71.57,128,76.9,0.97,144.32,6.14
02-02-2026 22:00,02-02-2026 22:15,92,129,76.77,0.93,95.25,6.27
02-02-2026 22:15,02-02-2026 22:30,92,129,74.89,1.22,26.5,6.15
02-02-2026 22:30,02-02-2026 22:45,91.8,131.2,74.45,1.34,88.23,6.2
02-02-2026 22:45,02-02-2026 23:00,70,126.6,75.01,1.42,268.14,6.11
02-02-2026 23:00,02-02-2026 23:15,83,126,74.14,0.82,82.83,6.08
02-02-2026 23:15,02-02-2026 23:30,83,126,72.65,0.91,87.97,6.1
02-02-2026 23:30,02-02-2026 23:45,83,126,72.49,1.17,140.89,6.22
02-02-2026 23:45,03-02-2026 00:00,77.6,111.6,72.72,0.93,82.16,6.13
03-02-2026 00:00,03-02-2026 00:15,74,108,71.95,0.94,248.35,6.22
03-02-2026 00:15,03-02-2026 00:30,74,108,71.62,0.69,120.31,6.34
03-02-2026 00:30,03-02-2026 00:45,81.95,121.4,72.17,0.39,206.17,6.38
03-02-2026 00:45,03-02-2026 01:00,67.4,99.2,72.65,0.72,134.14,6.49
03-02-2026 01:00,03-02-2026 01:15,63,97,72.81,0.37,85.94,6.62
03-02-2026 01:15,03-02-2026 01:30,,,,,,
03-02-2026 01:30,03-02-2026 01:45,,,,,,
03-02-2026 01:45,03-02-2026 02:00,,,,,,
03-02-2026 02:00,03-02-2026 02:15,,,,,,
03-02-2026 02:15,03-02-2026 02:30,,,,,,
03-02-2026 02:30,03-02-2026 02:45,,,,,,
03-02-2026 02:45,03-02-2026 03:00,,,,,,
03-02-2026 03:00,03-02-2026 03:15,,,,,,
03-02-2026 03:15,03-02-2026 03:30,,,,,,
03-02-2026 03:30,03-02-2026 03:45,,,,,,
03-02-2026 03:45,03-02-2026 04:00,,,,,,
03-02-2026 04:00,03-02-2026 04:15,,,,,,
03-02-2026 04:15,03-02-2026 04:30,,,,,,
03-02-2026 04:30,03-02-2026 04:45,,,,,,
03-02-2026 04:45,03-02-2026 05:00,,,,,,
03-02-2026 05:00,03-02-2026 05:15,,,,,,
03-02-2026 05:15,03-02-2026 05:30,,,,,,
03-02-2026 05:30,03-02-2026 05:45,,,,,,
03-02-2026 05:45,03-02-2026 06:00,,,,,,
03-02-2026 06:00,03-02-2026 06:15,,,,,,
03-02-2026 06:15,03-02-2026 06:30,,,,,,
03-02-2026 06:30,03-02-2026 06:45,,,,,,
03-02-2026 06:45,03-02-2026 07:00,,,,,,
03-02-2026 07:00,03-02-2026 07:15,,,,,,
03-02-2026 07:15,03-02-2026 07:30,,,,,,
03-02-2026 07:30,03-02-2026 07:45,,,,,,
03-02-2026 07:45,03-02-2026 08:00,,,,,,
03-02-2026 08:00,03-02-2026 08:15,,,,,,
03-02-2026 08:15,03-02-2026 08:30,,,,,,
03-02-2026 08:30,03-02-2026 08:45,,,,,,
03-02-2026 08:45,03-02-2026 09:00,,,,,,
03-02-2026 09:00,03-02-2026 09:15,,,,,,
03-02-2026 09:15,03-02-2026 09:30,52,113,67.9,0.76,84.97,41.29
03-02-2026 09:30,03-02-2026 09:45,52,113,67.93,0.98,202.84,40.43
03-02-2026 09:45,03-02-2026 10:00,50.6,100.4,67.25,0.77,93.47,47.75
03-02-2026 10:00,03-02-2026 10:15,38.65,69,67.07,0.95,95.04,50.78
03-02-2026 10:15,03-02-2026 10:30,33,50,67.52,1.65,77.66,54.27
03-02-2026 10:30,03-02-2026 10:45,33,50,67.84,1.74,83.69,65.6
03-02-2026 10:45,03-02-2026 11:00,33,51.4,67.67,1.87,116.49,70.74
03-02-2026 11:00,03-02-2026 11:15,30,57,67.87,1.61,148.71,66.5
03-02-2026 11:15,03-02-2026 11:30,30,57,67.44,1.83,68.32,64
03-02-2026 11:30,03-02-2026 11:45,30,57,68.06,1.69,57.68,71.83
03-02-2026 11:45,03-02-2026 12:00,39.08,69.4,66.61,2.02,89.54,71.72
03-02-2026 12:00,03-02-2026 12:15,24.8,60,66.16,1.46,32.06,181.1
03-02-2026 12:15,03-02-2026 12:30,31,60,65.88,1.84,86.93,215.08
03-02-2026 12:30,03-02-2026 12:45,31,60,66.3,1.42,87.76,264.41
03-02-2026 12:45,03-02-2026 13:00,44.82,78.2,66.51,1.41,78.42,257.65
03-02-2026 13:00,03-02-2026 13:15,17.6,57,66.79,1.54,73.46,288.59
03-02-2026 13:15,03-02-2026 13:30,22,57,65.85,1.61,27.91,290.48
03-02-2026 13:30,03-02-2026 13:45,22,57,64.72,1.67,83.13,268.01
03-02-2026 13:45,03-02-2026 14:00,22,55.6,64.02,1.04,101.93,271.5
03-02-2026 14:00,03-02-2026 14:15,34.51,77.4,64.01,1.67,92.62,221.46
03-02-2026 14:15,03-02-2026 14:30,17,50,64.15,1.33,92.48,221.9
03-02-2026 14:30,03-02-2026 14:45,17,50,64.64,1.62,111.7,240.13
03-02-2026 14:45,03-02-2026 15:00,17,51.6,64.98,1.61,61.82,218.3
03-02-2026 15:00,03-02-2026 15:15,40.26,78.8,64.26,2.2,28.62,203.58
03-02-2026 15:15,03-02-2026 15:30,24,58,64.53,1.23,103.14,189.91
03-02-2026 15:30,03-02-2026 15:45,24,58,64.45,2.3,207.08,165.01
03-02-2026 15:45,03-02-2026 16:00,24,55.8,65.73,1.84,52.63,148.19
03-02-2026 16:00,03-02-2026 16:15,20,47,66.62,1.05,89.02,122.22
03-02-2026 16:15,03-02-2026 16:30,20,47,67,1.43,99.35,74.87
03-02-2026 16:30,03-02-2026 16:45,20,47,66.58,0.94,70.21,85.5
03-02-2026 16:45,03-02-2026 17:00,20,45.4,67.29,1.35,26.5,56.25
03-02-2026 17:00,03-02-2026 17:15,19,39,68.57,1.36,205.57,34.87
03-02-2026 17:15,03-02-2026 17:30,19,39,68.55,1.12,213.59,29.45
03-02-2026 17:30,03-02-2026 17:45,19,39,69.03,0.7,175,15.09
03-02-2026 17:45,03-02-2026 18:00,38.86,69.6,70.2,0.88,214.97,11.13
03-02-2026 18:00,03-02-2026 18:15,12.8,49,71.04,1.03,152.73,8
03-02-2026 18:15,03-02-2026 18:30,16,49,71.66,1.35,148.86,6.78
03-02-2026 18:30,03-02-2026 18:45,16,49,72.14,1.2,88.17,6.78
03-02-2026 18:45,03-02-2026 19:00,16,50,72.32,0.94,213.1,7.07
03-02-2026 19:00,03-02-2026 19:15,33.35,66.2,72.25,1.03,152.2,7
03-02-2026 19:15,03-02-2026 19:30,23,54,72.43,0.54,149.23,6.99
03-02-2026 19:30,03-02-2026 19:45,23,54,71.87,1.03,89.45,7.12
03-02-2026 19:45,03-02-2026 20:00,23,51,72.41,0.69,152.67,7.14
03-02-2026 20:00,03-02-2026 20:15,47.8,79.4,72.52,1.12,127.73,7.17
03-02-2026 20:15,03-02-2026 20:30,23,39,72.52,0.84,206.36,7.26
03-02-2026 20:30,03-02-2026 20:45,23,39,72.66,0.71,111.67,7.24
03-02-2026 20:45,03-02-2026 21:00,23,38.8,72.65,0.91,91.32,7.54
03-02-2026 21:00,03-02-2026 21:15,17,38,72.79,0.76,209.32,7.44
03-02-2026 21:15,03-02-2026 21:30,17,38,72.97,0.78,212,7.14
03-02-2026 21:30,03-02-2026 21:45,17,38,72.2,1.26,211.89,6.48
03-02-2026 21:45,03-02-2026 22:00,17,58.4,72.06,0.85,197.55,6.58
03-02-2026 22:00,03-02-2026 22:15,16.8,140,71.68,1.78,321.06,6.52
03-02-2026 22:15,03-02-2026 22:30,21,140,71.67,1.18,152.33,6.29
03-02-2026 22:30,03-02-2026 22:45,21,140,71.45,1.39,109.88,6.28
03-02-2026 22:45,03-02-2026 23:00,33.8,120,72.19,1.36,239.16,6.24
03-02-2026 23:00,03-02-2026 23:15,31.31,65.4,72.89,0.62,209.88,6.11
03-02-2026 23:15,03-02-2026 23:30,12,40,73.33,0.57,145.72,6.21
03-02-2026 23:30,03-02-2026 23:45,12,40,73.13,0.74,197.04,6.25
03-02-2026 23:45,04-02-2026 00:00,26.6,58,73.16,0.88,223.69,6.07
04-02-2026 00:00,04-02-2026 00:15,28.2,52,73.31,0.76,284.65,6.27
04-02-2026 00:15,04-02-2026 00:30,14,30,73.57,0.73,237.77,6.1
04-02-2026 00:30,04-02-2026 00:45,14,30,73.1,0.93,327.38,6.07
04-02-2026 00:45,04-02-2026 01:00,14,31.2,72.77,0.99,258.3,5.99
04-02-2026 01:00,04-02-2026 01:15,19,36,72.94,1.29,184.72,6.04
04-02-2026 01:15,04-02-2026 01:30,19,36,73.65,0.94,269.65,6.22
04-02-2026 01:30,04-02-2026 01:45,19,36,73.62,1.38,228.26,6.08
04-02-2026 01:45,04-02-2026 02:00,19,35.2,73.48,1.69,261.34,6.25
04-02-2026 02:00,04-02-2026 02:15,31.4,53.6,73.78,1.08,222.87,6.31
04-02-2026 02:15,04-02-2026 02:30,18,32,74.19,1.24,302.1,6.38
04-02-2026 02:30,04-02-2026 02:45,18,32,74.59,0.92,209.81,6.51
04-02-2026 02:45,04-02-2026 03:00,,,,,,
04-02-2026 03:00,04-02-2026 03:15,,,,,,
04-02-2026 03:15,04-02-2026 03:30,,,,,,
04-02-2026 03:30,04-02-2026 03:45,,,,,,
04-02-2026 03:45,04-02-2026 04:00,,,,,,
04-02-2026 04:00,04-02-2026 04:15,,,,,,
04-02-2026 04:15,04-02-2026 04:30,,,,,,
04-02-2026 04:30,04-02-2026 04:45,,,,,,
04-02-2026 04:45,04-02-2026 05:00,,,,,,
04-02-2026 05:00,04-02-2026 05:15,,,,,,
04-02-2026 05:15,04-02-2026 05:30,,,,,,
04-02-2026 05:30,04-02-2026 05:45,,,,,,
04-02-2026 05:45,04-02-2026 06:00,,,,,,
04-02-2026 06:00,04-02-2026 06:15,,,,,,
04-02-2026 06:15,04-02-2026 06:30,,,,,,
04-02-2026 06:30,04-02-2026 06:45,,,,,,
04-02-2026 06:45,04-02-2026 07:00,,,,,,
04-02-2026 07:00,04-02-2026 07:15,,,,,,
04-02-2026 07:15,04-02-2026 07:30,,,,,,
04-02-2026 07:30,04-02-2026 07:45,,,,,,
04-02-2026 07:45,04-02-2026 08:00,,,,,,
04-02-2026 08:00,04-02-2026 08:15,,,,,,
04-02-2026 08:15,04-02-2026 08:30,,,,,,
04-02-2026 08:30,04-02-2026 08:45,,,,,,
04-02-2026 08:45,04-02-2026 09:00,,,,,,
04-02-2026 09:00,04-02-2026 09:15,,,,,,
04-02-2026 09:15,04-02-2026 09:30,85,140,77.95,0.94,234.08,59.15
04-02-2026 09:30,04-02-2026 09:45,85,140,77.41,1.42,239.05,71.77
04-02-2026 09:45,04-02-2026 10:00,85,136,75.1,1,97.87,72.35
04-02-2026 10:00,04-02-2026 10:15,85,136,72.9,1.44,252.49,50.09
04-02-2026 10:15,04-02-2026 10:30,85,136,72.7,1.48,246.16,51.5
04-02-2026 10:30,04-02-2026 10:45,85,136,72.32,2.34,107.38,47.9
04-02-2026 10:45,04-02-2026 11:00,62.89,80.5,72.6,2.56,277.78,51.74
04-02-2026 11:00,04-02-2026 11:15,,,,,,
04-02-2026 11:15,04-02-2026 11:30,,,,,,
04-02-2026 11:30,04-02-2026 11:45,,,,,,
04-02-2026 11:45,04-02-2026 12:00,,,,,,
04-02-2026 12:00,04-02-2026 12:15,,,,,,
04-02-2026 12:15,04-02-2026 12:30,,,,,,
04-02-2026 12:30,04-02-2026 12:45,,,,,,
04-02-2026 12:45,04-02-2026 13:00,,,,,,
04-02-2026 13:00,04-02-2026 13:15,46.8,54,70,1.36,93.09,282.16
04-02-2026 13:15,04-02-2026 13:30,46,54,69.49,2.05,88.66,275.65
04-02-2026 13:30,04-02-2026 13:45,,,,,,
04-02-2026 13:45,04-02-2026 14:00,47.67,60.2,69.07,1.38,120.59,262.75
04-02-2026 14:00,04-02-2026 14:15,41.67,48,68.08,1.61,76.93,245.29
04-02-2026 14:15,04-02-2026 14:30,,,,,,
04-02-2026 14:30,04-02-2026 14:45,40.8,48,67.69,1.61,125.84,228.9
04-02-2026 14:45,04-02-2026 15:00,52.48,70.3,68.03,2.57,149.2,205.36
04-02-2026 15:00,04-02-2026 15:15,44.83,52,68.6,1.38,74.78,179.15
04-02-2026 15:15,04-02-2026 15:30,,,,,,
04-02-2026 15:30,04-02-2026 15:45,45.09,52.34,68.77,1.71,206.82,151.17
04-02-2026 15:45,04-02-2026 16:00,,,,,,
04-02-2026 16:00,04-02-2026 16:15,48.21,56,69.7,1.45,65.6,116.97
04-02-2026 16:15,04-02-2026 16:30,,,,,,
04-02-2026 16:30,04-02-2026 16:45,48.96,56.09,71.42,2.02,147.9,73.43
04-02-2026 16:45,04-02-2026 17:00,,,,,,
04-02-2026 17:00,04-02-2026 17:15,28.75,65.25,72.23,1.97,70.41,37.38
04-02-2026 17:15,04-02-2026 17:30,25,57,72.69,1.19,92.41,19.85
04-02-2026 17:30,04-02-2026 17:45,,,,,,
04-02-2026 17:45,04-02-2026 18:00,37,73,73.67,0.96,256.43,11.4
04-02-2026 18:00,04-02-2026 18:15,21,54,74,1.29,225.77,7.12
04-02-2026 18:15,04-02-2026 18:30,,,,,,
04-02-2026 18:30,04-02-2026 18:45,21,54,74.85,1.32,330.45,6.17
04-02-2026 18:45,04-02-2026 19:00,21,55.4,74.95,0.48,202.3,6.51
04-02-2026 19:00,04-02-2026 19:15,32.5,70.25,74.32,0.94,238.54,6.46
04-02-2026 19:15,04-02-2026 19:30,,,,,,
04-02-2026 19:30,04-02-2026 19:45,25,60.5,74.56,0.98,118.23,6.42
04-02-2026 19:45,04-02-2026 20:00,,,,,,
04-02-2026 20:00,04-02-2026 20:15,29.38,64.62,74.88,0.92,234.46,6.79
04-02-2026 20:15,04-02-2026 20:30,25,55,74.6,0.98,201.51,6.87
04-02-2026 20:30,04-02-2026 20:45,,,,,,
04-02-2026 20:45,04-02-2026 21:00,37,69.2,75.14,1.28,178.63,7.16
04-02-2026 21:00,04-02-2026 21:15,25,41,74.55,0.94,245,6.94
04-02-2026 21:15,04-02-2026 21:30,25,41,75.34,1.11,175,7.12
04-02-2026 21:30,04-02-2026 21:45,,,,,,
04-02-2026 21:45,04-02-2026 22:00,25,40.6,76.22,1.21,103.47,7.3
04-02-2026 22:00,04-02-2026 22:15,23.75,51.62,76.59,0.82,238.68,7.23
04-02-2026 22:15,04-02-2026 22:30,15,39,77.02,1.09,176.54,7.29
04-02-2026 22:30,04-02-2026 22:45,,,,,,
04-02-2026 22:45,04-02-2026 23:00,15,38.6,77.1,0.81,277.87,7.4
04-02-2026 23:00,04-02-2026 23:15,27.25,49.88,77.25,1.16,176.97,6.59
04-02-2026 23:15,04-02-2026 23:30,,,,,,
04-02-2026 23:30,04-02-2026 23:45,19,36.75,77.38,0.93,168.26,6.39
04-02-2026 23:45,05-02-2026 00:00,,,,,,
05-02-2026 00:00,05-02-2026 00:15,14,34,78.18,0.49,149.42,6.37
05-02-2026 00:15,05-02-2026 00:30,,,,,,
05-02-2026 00:30,05-02-2026 00:45,14,33.91,78.22,0.76,168.13,6.22
05-02-2026 00:45,05-02-2026 01:00,,,,,,
05-02-2026 01:00,05-02-2026 01:15,8,33,78.09,0.79,185.05,6.09
05-02-2026 01:15,05-02-2026 01:30,,,,,,
05-02-2026 01:30,05-02-2026 01:45,8,33,78.44,0.68,182.07,6.21
05-02-2026 01:45,05-02-2026 02:00,19.23,47.88,79.06,0.4,203.22,6.06
05-02-2026 02:00,05-02-2026 02:15,16,36,79.94,0.27,340.86,6.08
05-02-2026 02:15,05-02-2026 02:30,,,,,,
05-02-2026 02:30,05-02-2026 02:45,16,40.59,81.9,0.27,299.25,6.14
05-02-2026 02:45,05-02-2026 03:00,,,,,,
05-02-2026 03:00,05-02-2026 03:15,44.2,99.6,83.54,0.27,289.44,6.13
05-02-2026 03:15,05-02-2026 03:30,34,91,84.34,0.27,309.29,6.28
05-02-2026 03:30,05-02-2026 03:45,34,91,84.89,0.28,232.91,6.3
05-02-2026 03:45,05-02-2026 04:00,34,92,85.43,0.33,270.92,6.24
05-02-2026 04:00,05-02-2026 04:15,47.82,99.6,86.06,0.27,131.32,6.46
05-02-2026 04:15,05-02-2026 04:30,55,96,86.53,0.27,88.71,6.35
05-02-2026 04:30,05-02-2026 04:45,55,96,86.87,0.36,262.38,6.65
05-02-2026 04:45,05-02-2026 05:00,55,101.8,87.15,0.29,215.28,6.59
05-02-2026 05:00,05-02-2026 05:15,78,125,87.28,0.37,279.65,6.75
05-02-2026 05:15,05-02-2026 05:30,78,125,87.27,0.32,122.4,6.8
05-02-2026 05:30,05-02-2026 05:45,78,125,87.32,0.27,85.24,6.85
05-02-2026 05:45,05-02-2026 06:00,79.4,121.8,87.27,0.46,141.95,6.84
05-02-2026 06:00,05-02-2026 06:15,42.4,94,87.32,0.29,323.7,6.92
05-02-2026 06:15,05-02-2026 06:30,53,94,87.36,0.5,169.71,7
05-02-2026 06:30,05-02-2026 06:45,53,94,87.26,0.3,234.97,8.51
05-02-2026 06:45,05-02-2026 07:00,53,95,87.11,0.47,250.91,11.38
05-02-2026 07:00,05-02-2026 07:15,69,99,86.7,0.52,310.22,14.78
05-02-2026 07:15,05-02-2026 07:30,69,99,86.42,0.36,180.84,17.87
05-02-2026 07:30,05-02-2026 07:45,69,99,85.94,0.35,209.03,20.82
05-02-2026 07:45,05-02-2026 08:00,72.2,112.6,85.33,0.61,78.49,26.3
05-02-2026 08:00,05-02-2026 08:15,57.6,126,84.46,0.84,172.53,49.17
05-02-2026 08:15,05-02-2026 08:30,72,126,83.49,0.51,201.01,64.6
05-02-2026 08:30,05-02-2026 08:45,72,126,82.3,0.57,179,38.82
05-02-2026 08:45,05-02-2026 09:00,72,128.8,80.32,1.09,135.17,32.47
05-02-2026 09:00,05-02-2026 09:15,69.8,140,78.19,2.44,151.53,33.4
05-02-2026 09:15,05-02-2026 09:30,66,140,77.91,1.81,26.5,35.14
05-02-2026 09:30,05-02-2026 09:45,66,140,76.72,1.19,317.97,36.87
05-02-2026 09:45,05-02-2026 10:00,66,130.5,74.85,0.97,213.72,50.68
05-02-2026 10:00,05-02-2026 10:15,45,102,73.66,1.64,164.77,44.89
05-02-2026 10:15,05-02-2026 10:30,45,102,73.09,1.71,92.03,40.6
05-02-2026 10:30,05-02-2026 10:45,45,102,72.55,1.27,185.77,39.9
05-02-2026 10:45,05-02-2026 11:00,48.33,96.33,72.44,0.88,233.99,40.63
05-02-2026 11:00,05-02-2026 11:15,20,66,71.5,1.82,151.13,38.66
05-02-2026 11:15,05-02-2026 11:30,25,66,70.87,2.32,31.84,37.31
05-02-2026 11:30,05-02-2026 11:45,25,66,70.74,1.71,151.21,52.12
05-02-2026 11:45,05-02-2026 12:00,23.6,61.2,70.37,2.06,138.99,42.41
05-02-2026 12:00,05-02-2026 12:15,18,54,69.67,1.37,212.8,245.54
05-02-2026 12:15,05-02-2026 12:30,18,54,69.02,1.43,195.4,291.3
05-02-2026 12:30,05-02-2026 12:45,18,54,69.09,0.94,34.3,288.21
05-02-2026 12:45,05-02-2026 13:00,19.2,52.8,69.23,1.76,153.51,281.69
05-02-2026 13:00,05-02-2026 13:15,24,51,69.11,2.4,159.72,278.23
05-02-2026 13:15,05-02-2026 13:30,24,51,69.22,2.51,170.77,275.55
05-02-2026 13:30,05-02-2026 13:45,24,51,70.83,1.32,89.46,252.9
05-02-2026 13:45,05-02-2026 14:00,23.6,49,71.02,2.05,96.82,185.52
05-02-2026 14:00,05-02-2026 14:15,22,46,71.88,1.68,90.95,248.16
05-02-2026 14:15,05-02-2026 14:30,22,46,69.87,1.83,103.32,235.27
05-02-2026 14:30,05-02-2026 14:45,22,46,70.1,2.38,118.73,222.79
05-02-2026 14:45,05-02-2026 15:00,30.4,60.4,69.63,1.61,89.28,201.32
05-02-2026 15:00,05-02-2026 15:15,36,64,69.78,1.77,32.07,184.49
05-02-2026 15:15,05-02-2026 15:30,36,64,70.08,1.85,30.4,167.63
05-02-2026 15:30,05-02-2026 15:45,36,64,70.96,1.61,88.42,150.2
05-02-2026 15:45,05-02-2026 16:00,41.8,70.8,71.74,2.07,122.57,132.62
05-02-2026 16:00,05-02-2026 16:15,26,50,72.03,1.41,84.13,115.34
05-02-2026 16:15,05-02-2026 16:30,26,50,72.06,1.67,90.98,99.6
05-02-2026 16:30,05-02-2026 16:45,26,50,72.62,2.16,67.39,81.02
05-02-2026 16:45,05-02-2026 17:00,19.4,54.8,73.24,1.82,194,58.55
05-02-2026 17:00,05-02-2026 17:15,29,71.4,73.63,1.45,209.18,40.91
05-02-2026 17:15,05-02-2026 17:30,15,56,74.34,1.61,90.34,26.98
05-02-2026 17:30,05-02-2026 17:45,26.43,67,75.62,1.54,147.46,13.44
05-02-2026 17:45,05-02-2026 18:00,19.2,59.2,76.8,0.94,241.91,8.99
05-02-2026 18:00,05-02-2026 18:15,22,60,77.34,1.9,193.25,6.69
05-02-2026 18:15,05-02-2026 18:30,22,60,78.1,1.46,156.82,6.18
05-02-2026 18:30,05-02-2026 18:45,22,60,78.48,1.23,257.32,6.09
05-02-2026 18:45,05-02-2026 19:00,32.26,62.8,78.8,1.05,182.29,6.01
05-02-2026 19:00,05-02-2026 19:15,20,48,79.27,0.98,159.93,6.22
05-02-2026 19:15,05-02-2026 19:30,20,48,79.03,0.99,260.04,6.17
05-02-2026 19:30,05-02-2026 19:45,31.08,61.6,78.99,1.03,252.88,6.06
05-02-2026 19:45,05-02-2026 20:00,23.2,52,79.2,1.19,260.42,5.99
05-02-2026 20:00,05-02-2026 20:15,24,52,78.95,1.36,254.05,6.25
05-02-2026 20:15,05-02-2026 20:30,24,52,79.15,1.09,325.09,6.34
05-02-2026 20:30,05-02-2026 20:45,24,52,79.43,0.56,217.45,6.25
05-02-2026 20:45,05-02-2026 21:00,39.2,70.4,79.36,1.3,216.28,6.46
05-02-2026 21:00,05-02-2026 21:15,29,53,79.05,1.15,149.21,6.38
05-02-2026 21:15,05-02-2026 21:30,29,53,79.12,1,322.65,6.84
05-02-2026 21:30,05-02-2026 21:45,37.89,65,78.81,1.61,218.95,6.95
05-02-2026 21:45,05-02-2026 22:00,29.8,51,78.67,1.43,193.79,6.82
05-02-2026 22:00,05-02-2026 22:15,30,51,78.82,1.17,300.94,6.98
05-02-2026 22:15,05-02-2026 22:30,30,51,78.88,0.61,317.72,7.14
05-02-2026 22:30,05-02-2026 22:45,30,51,79.15,1.14,151.49,7.23
05-02-2026 22:45,05-02-2026 23:00,52,85.4,78.9,1.05,273.73,7.17
05-02-2026 23:00,05-02-2026 23:15,30,49,79.15,1.02,263.85,7.26
05-02-2026 23:15,05-02-2026 23:30,30,49,79.68,0.93,307.68,7.31
05-02-2026 23:30,05-02-2026 23:45,30,49,80.21,1.06,152.31,7.26
05-02-2026 23:45,06-02-2026 00:00,34.8,80,80.54,1.21,256.14,7.33
06-02-2026 00:00,06-02-2026 00:15,36,80,80.68,1.3,211.78,7.03
06-02-2026 00:15,06-02-2026 00:30,36,80,80.92,0.98,304.86,6.83
06-02-2026 00:30,06-02-2026 00:45,36,80,81.04,1.33,192.46,6.44
06-02-2026 00:45,06-02-2026 01:00,44.5,88.4,81,1.09,341.61,6.28
06-02-2026 01:00,06-02-2026 01:15,34,78,81.16,0.97,335.24,6.32
06-02-2026 01:15,06-02-2026 01:30,34,78,81.46,0.64,317.95,6.27
06-02-2026 01:30,06-02-2026 01:45,,,,,,
06-02-2026 01:45,06-02-2026 02:00,36,78,81.9,0.67,240.12,6.04
06-02-2026 02:00,06-02-2026 02:15,39,78,82.11,1.09,182.77,6.12
06-02-2026 02:15,06-02-2026 02:30,,,,,,
06-02-2026 02:30,06-02-2026 02:45,39,79.09,82.69,0.57,258.73,5.97
06-02-2026 02:45,06-02-2026 03:00,,,,,,
06-02-2026 03:00,06-02-2026 03:15,48,91,84.19,0.27,334.98,6.1
06-02-2026 03:15,06-02-2026 03:30,48,91,84.89,0.38,310.75,6.03
06-02-2026 03:30,06-02-2026 03:45,48,91.59,86.23,0.35,314.18,5.89
06-02-2026 03:45,06-02-2026 04:00,,,,,,
06-02-2026 04:00,06-02-2026 04:15,51.1,99.75,87.59,0.29,214.83,5.97
06-02-2026 04:15,06-02-2026 04:30,,,,,,
06-02-2026 04:30,06-02-2026 04:45,48,98,88.24,0.39,170.56,5.92
06-02-2026 04:45,06-02-2026 05:00,48,101.4,88.41,0.27,262.55,6.08
06-02-2026 05:00,06-02-2026 05:15,69,115,88.77,0.34,321.28,6.1
06-02-2026 05:15,06-02-2026 05:30,69,115,88.79,0.34,260.93,6.24
06-02-2026 05:30,06-02-2026 05:45,69,115.84,89.19,0.28,303.06,6.41
06-02-2026 05:45,06-02-2026 06:00,,,,,,
06-02-2026 06:00,06-02-2026 06:15,70.62,126.88,89.55,0.35,169.42,6.53
06-02-2026 06:15,06-02-2026 06:30,,,,,,
06-02-2026 06:30,06-02-2026 06:45,80,125,89.38,0.38,200.29,8.13
06-02-2026 06:45,06-02-2026 07:00,81,124.6,89.11,0.4,248.71,12.63
06-02-2026 07:00,06-02-2026 07:15,56.88,108,88.86,0.43,157.5,16.82
06-02-2026 07:15,06-02-2026 07:30,,,,,,
06-02-2026 07:30,06-02-2026 07:45,65,108,88.28,0.54,218.51,30.23
06-02-2026 07:45,06-02-2026 08:00,65,114.4,87.43,0.5,94.63,50.03
06-02-2026 08:00,06-02-2026 08:15,83,140,85.73,0.27,236.58,62.29
06-02-2026 08:15,06-02-2026 08:30,83,140,85.05,0.95,200.84,51.57
06-02-2026 08:30,06-02-2026 08:45,83,139.67,83.73,1.6,114.74,49.59
06-02-2026 08:45,06-02-2026 09:00,,,,,,
06-02-2026 09:00,06-02-2026 09:15,85,136,81.42,2.09,138.29,46.35
06-02-2026 09:15,06-02-2026 09:30,85,136,79.71,1.33,151.32,46.91
06-02-2026 09:30,06-02-2026 09:45,85,136,79.21,2.07,206.04,49.34
06-02-2026 09:45,06-02-2026 10:00,,,,,,
06-02-2026 10:00,06-02-2026 10:15,,,,,,
06-02-2026 10:15,06-02-2026 10:30,,,,,,
06-02-2026 10:30,06-02-2026 10:45,,,,,,
06-02-2026 10:45,06-02-2026 11:00,,,,,,
06-02-2026 11:00,06-02-2026 11:15,,,,,,
06-02-2026 11:15,06-02-2026 11:30,,,,,,
06-02-2026 11:30,06-02-2026 11:45,,,,,,
06-02-2026 11:45,06-02-2026 12:00,29,88,69.16,1.77,95.81,101.55
06-02-2026 12:00,06-02-2026 12:15,29,90,68.83,1.84,161.07,249.22
06-02-2026 12:15,06-02-2026 12:30,29,90,70.52,1.18,227.25,245.46
06-02-2026 12:30,06-02-2026 12:45,29,90,70.63,1.53,256.12,241.71
06-02-2026 12:45,06-02-2026 13:00,24.2,81.2,69.63,1.59,200.47,285.39
06-02-2026 13:00,06-02-2026 13:15,33.8,91.2,69.34,1.37,26.5,251.38
06-02-2026 13:15,06-02-2026 13:30,21,79,69.04,1.51,75.88,256.7
06-02-2026 13:30,06-02-2026 13:45,31.75,86.2,68,1.23,197.12,273.03
06-02-2026 13:45,06-02-2026 14:00,19.6,74.2,67.39,2.34,86.3,243.76
06-02-2026 14:00,06-02-2026 14:15,28,73,68.53,2.48,147.78,244.66
06-02-2026 14:15,06-02-2026 14:30,28,73,67.85,1.39,89.88,231.54
06-02-2026 14:30,06-02-2026 14:45,28,73,66.67,1.54,211.7,181.75
06-02-2026 14:45,06-02-2026 15:00,34.6,73.8,67.78,1.19,220.4,199.01
06-02-2026 15:00,06-02-2026 15:15,39,74,67.75,1.77,278.2,185.75
06-02-2026 15:15,06-02-2026 15:30,39,74,68.21,1.52,253.46,172.57
06-02-2026 15:30,06-02-2026 15:45,48.2,87.2,69.59,1.37,210.56,148.49
06-02-2026 15:45,06-02-2026 16:00,34.8,72.4,69.83,2.13,225.58,129.11
06-02-2026 16:00,06-02-2026 16:15,48,72,70.37,1.31,176.39,110.8
06-02-2026 16:15,06-02-2026 16:30,48,72,70.54,2.39,193.79,90.78
06-02-2026 16:30,06-02-2026 16:45,48,72,71.32,1.65,56.18,66.2
06-02-2026 16:45,06-02-2026 17:00,45,68.8,71.57,1.95,195.46,47.31
06-02-2026 17:00,06-02-2026 17:15,43,68,71.79,1.69,150.8,36.45
06-02-2026 17:15,06-02-2026 17:30,43,68,72.56,1.54,194.07,26.05
06-02-2026 17:30,06-02-2026 17:45,50.91,79.8,72.95,1.5,150.17,15.01
06-02-2026 17:45,06-02-2026 18:00,34.4,72,74.19,0.53,340.69,9.26
06-02-2026 18:00,06-02-2026 18:15,43,73,74.54,0.83,266.69,7.07
06-02-2026 18:15,06-02-2026 18:30,43,73,75.35,0.89,260.63,6.53
06-02-2026 18:30,06-02-2026 18:45,43,73,76.05,1.23,215.97,6.25
06-02-2026 18:45,06-02-2026 19:00,35.2,64.2,76.53,0.55,246.09,6.21
06-02-2026 19:00,06-02-2026 19:15,30,62,76.68,0.75,294.45,6.29
06-02-2026 19:15,06-02-2026 19:30,30,62,76.88,0.56,275.74,6.18
06-02-2026 19:30,06-02-2026 19:45,30,62,77.35,0.42,272.82,6.25
06-02-2026 19:45,06-02-2026 20:00,34.2,65.2,77.59,0.28,208.35,6.1
06-02-2026 20:00,06-02-2026 20:15,37,66,77.24,0.6,333.74,6.18
06-02-2026 20:15,06-02-2026 20:30,37,66,77.58,0.28,324.07,6.13
06-02-2026 20:30,06-02-2026 20:45,37,66,77.4,0.39,265.28,5.92
06-02-2026 20:45,06-02-2026 21:00,32.2,56.4,77.2,0.4,282.42,5.97
06-02-2026 21:00,06-02-2026 21:15,29,54,77.56,0.29,316.9,6.11
06-02-2026 21:15,06-02-2026 21:30,29,54,77.51,0.55,296.39,6.18
06-02-2026 21:30,06-02-2026 21:45,29,54,78.05,0.49,272.93,6.08
06-02-2026 21:45,06-02-2026 22:00,31.4,48.4,78.25,0.58,334.25,6.36
06-02-2026 22:00,06-02-2026 22:15,33,47,78.23,0.27,210.54,6.49
06-02-2026 22:15,06-02-2026 22:30,33,47,78.14,0.32,211.78,6.39
06-02-2026 22:30,06-02-2026 22:45,33,47,78.22,0.27,277.65,6.47
06-02-2026 22:45,06-02-2026 23:00,33,53.4,78.24,0.28,321.95,6.49
06-02-2026 23:00,06-02-2026 23:15,,,,,,
06-02-2026 23:15,06-02-2026 23:30,,,,,,
06-02-2026 23:30,06-02-2026 23:45,,,,,,
06-02-2026 23:45,07-02-2026 00:00,,,,,,
07-02-2026 00:00,07-02-2026 00:15,,,,,,
07-02-2026 00:15,07-02-2026 00:30,,,,,,
07-02-2026 00:30,07-02-2026 00:45,,,,,,
07-02-2026 00:45,07-02-2026 01:00,,,,,,
07-02-2026 01:00,07-02-2026 01:15,,,,,,
07-02-2026 01:15,07-02-2026 01:30,,,,,,
07-02-2026 01:30,07-02-2026 01:45,,,,,,
07-02-2026 01:45,07-02-2026 02:00,,,,,,
07-02-2026 02:00,07-02-2026 02:15,,,,,,
07-02-2026 02:15,07-02-2026 02:30,,,,,,
07-02-2026 02:30,07-02-2026 02:45,,,,,,
07-02-2026 02:45,07-02-2026 03:00,,,,,,
07-02-2026 03:00,07-02-2026 03:15,,,,,,
07-02-2026 03:15,07-02-2026 03:30,,,,,,
07-02-2026 03:30,07-02-2026 03:45,,,,,,
07-02-2026 03:45,07-02-2026 04:00,,,,,,
07-02-2026 04:00,07-02-2026 04:15,,,,,,
07-02-2026 04:15,07-02-2026 04:30,,,,,,
07-02-2026 04:30,07-02-2026 04:45,,,,,,
07-02-2026 04:45,07-02-2026 05:00,,,,,,
07-02-2026 05:00,07-02-2026 05:15,,,,,,
07-02-2026 05:15,07-02-2026 05:30,,,,,,
07-02-2026 05:30,07-02-2026 05:45,,,,,,
07-02-2026 05:45,07-02-2026 06:00,,,,,,
07-02-2026 06:00,07-02-2026 06:15,,,,,,
07-02-2026 06:15,07-02-2026 06:30,,,,,,
07-02-2026 06:30,07-02-2026 06:45,,,,,,
07-02-2026 06:45,07-02-2026 07:00,57.8,126.4,90.69,0.65,222.16,12.77
07-02-2026 07:00,07-02-2026 07:15,82,140,90.39,0.62,251.4,16.62
07-02-2026 07:15,07-02-2026 07:30,82,140,89.59,0.45,295.13,23.06
07-02-2026 07:30,07-02-2026 07:45,82,140,88.73,0.68,179.53,27.81
07-02-2026 07:45,07-02-2026 08:00,66.6,131,87.78,1.11,268.6,32.74
07-02-2026 08:00,07-02-2026 08:15,84,125,86.83,0.83,201.39,55.24
07-02-2026 08:15,07-02-2026 08:30,84,125,85.84,1.01,154.45,58.06
07-02-2026 08:30,07-02-2026 08:45,84,125,84.56,0.81,137.23,48.13
07-02-2026 08:45,07-02-2026 09:00,67.4,135.8,82.72,0.56,132.22,50.36
07-02-2026 09:00,07-02-2026 09:15,84,138,80.21,1.74,259.11,51.28
07-02-2026 09:15,07-02-2026 09:30,84,138,78.97,2.02,89.65,53.99
07-02-2026 09:30,07-02-2026 09:45,84,138,77.69,0.94,262.99,53.66
07-02-2026 09:45,07-02-2026 10:00,63.6,121,76.26,1.28,210.13,60.14
07-02-2026 10:00,07-02-2026 10:15,65,109,74.59,0.67,267.93,59.97
07-02-2026 10:15,07-02-2026 10:30,65,109,73.73,1.33,269.76,60.97
07-02-2026 10:30,07-02-2026 10:45,65,109,73.36,0.93,121.21,66.59
07-02-2026 10:45,07-02-2026 11:00,54.2,100.2,72.13,0.77,123.47,101.89
07-02-2026 11:00,07-02-2026 11:15,56,84,72.7,1.05,202.79,98.15
07-02-2026 11:15,07-02-2026 11:30,56,84,73.23,1.27,89.65,69.8
07-02-2026 11:30,07-02-2026 11:45,56,84,73.52,1.04,212.27,89.49
07-02-2026 11:45,07-02-2026 12:00,49.2,79.8,73.33,0.85,275.49,113.9
07-02-2026 12:00,07-02-2026 12:15,39,77,72.96,1.71,145.42,255.6
07-02-2026 12:15,07-02-2026 12:30,39,77,74.01,1.8,228.65,260.02
07-02-2026 12:30,07-02-2026 12:45,39,77,73.46,1.92,152.44,261.46
07-02-2026 12:45,07-02-2026 13:00,37,71,73.45,1.43,147.41,258.79
07-02-2026 13:00,07-02-2026 13:15,34,67,72.95,1.27,214.51,254.74
07-02-2026 13:15,07-02-2026 13:30,34,67,71.52,0.67,88.3,250.83
07-02-2026 13:30,07-02-2026 13:45,34,67,71.48,1.82,210.95,244.54
07-02-2026 13:45,07-02-2026 14:00,36.4,68.2,71.67,0.81,213.38,235.44
07-02-2026 14:00,07-02-2026 14:15,40,69,71.88,1.06,95.72,226.7
07-02-2026 14:15,07-02-2026 14:30,40,69,71.76,1.81,126.6,215.69
07-02-2026 14:30,07-02-2026 14:45,40,69,71.01,1.45,190.67,201.42
07-02-2026 14:45,07-02-2026 15:00,41.2,75,71.6,1.41,213.03,186.11
07-02-2026 15:00,07-02-2026 15:15,43,79,71.57,0.92,249.41,169.16
07-02-2026 15:15,07-02-2026 15:30,43,79,71.06,1.9,82.92,154.04
07-02-2026 15:30,07-02-2026 15:45,43,79,72.56,1.22,272,136.21
07-02-2026 15:45,07-02-2026 16:00,43.4,70,73.36,0.99,247.15,119.68
07-02-2026 16:00,07-02-2026 16:15,44,64,73.19,1.03,270.33,102.57
07-02-2026 16:15,07-02-2026 16:30,44,64,73.93,1.43,92.24,84.8
07-02-2026 16:30,07-02-2026 16:45,44,64,75.03,1.57,150.36,68.02
07-02-2026 16:45,07-02-2026 17:00,46.8,66.4,75.16,0.7,206.14,52.69
07-02-2026 17:00,07-02-2026 17:15,51,68,75.69,1.2,210.48,38.6
07-02-2026 17:15,07-02-2026 17:30,51,68,76.37,0.6,209.72,27.06
07-02-2026 17:30,07-02-2026 17:45,51,68,77.17,0.57,214.39,17.69
07-02-2026 17:45,07-02-2026 18:00,48.6,71,78.68,1.21,270.73,11.45
07-02-2026 18:00,07-02-2026 18:15,45,73,79.58,0.77,293.47,8.03
07-02-2026 18:15,07-02-2026 18:30,45,73,80.24,0.93,205.76,7.47
07-02-2026 18:30,07-02-2026 18:45,45,73,80.85,0.27,216.73,7.43
07-02-2026 18:45,07-02-2026 19:00,43.8,70,81.01,0.27,338.52,7.34
07-02-2026 19:00,07-02-2026 19:15,42,68,81.72,0.27,326.97,6.79
07-02-2026 19:15,07-02-2026 19:30,42,68,82.39,0.27,333.88,6.52
07-02-2026 19:30,07-02-2026 19:45,42,68,82.7,0.27,209.24,6.58
07-02-2026 19:45,07-02-2026 20:00,50.4,82.4,82.93,0.45,88.07,6.25
07-02-2026 20:00,07-02-2026 20:15,41,68,83.08,0.31,259.99,6.39
07-02-2026 20:15,07-02-2026 20:30,41,68,83.35,0.3,335.69,6.24
07-02-2026 20:30,07-02-2026 20:45,41,68,83.73,0.27,336.65,6.2
07-02-2026 20:45,07-02-2026 21:00,35,56.6,83.94,0.27,335.74,6.07
07-02-2026 21:00,07-02-2026 21:15,26,49,84.4,0.27,203.86,6.06
07-02-2026 21:15,07-02-2026 21:30,26,49,84.76,0.27,342.36,6.06
07-02-2026 21:30,07-02-2026 21:45,26,49,84.74,0.27,330.51,6.06
07-02-2026 21:45,07-02-2026 22:00,32.8,58,85,0.27,183.31,6.06
07-02-2026 22:00,07-02-2026 22:15,43,64,85.09,0.27,340.66,6.06
07-02-2026 22:15,07-02-2026 22:30,43,64,85.43,0.27,341.06,6
07-02-2026 22:30,07-02-2026 22:45,43,64,85.74,0.27,345.04,6.06
07-02-2026 22:45,07-02-2026 23:00,42.8,75,85.95,0.27,340.01,5.92
07-02-2026 23:00,07-02-2026 23:15,38,58,86.3,0.27,343.75,5.93
07-02-2026 23:15,07-02-2026 23:30,38,58,86.51,0.27,89.57,6.18
07-02-2026 23:30,07-02-2026 23:45,38,58,86.69,0.27,26.5,6.13
07-02-2026 23:45,08-02-2026 00:00,38.4,57.4,87.07,0.27,26.5,6.15
08-02-2026 00:00,08-02-2026 00:15,39,57,87.32,0.27,26.5,6.48
08-02-2026 00:15,08-02-2026 00:30,39,57,87.83,0.27,26.5,6.46
08-02-2026 00:30,08-02-2026 00:45,39,57,88.27,0.27,26.5,6.13
08-02-2026 00:45,08-02-2026 01:00,52.8,69.6,88.75,0.27,26.5,6.52
08-02-2026 01:00,08-02-2026 01:15,54,57,89.3,0.27,26.5,6.74
08-02-2026 01:15,08-02-2026 01:30,54,57,89.51,0.27,26.5,6.66
08-02-2026 01:30,08-02-2026 01:45,54,57,89.96,0.27,26.5,6.84
08-02-2026 01:45,08-02-2026 02:00,56.56,72.4,90.05,0.27,26.5,6.93
08-02-2026 02:00,08-02-2026 02:15,48,68,90.28,0.27,26.5,6.88
08-02-2026 02:15,08-02-2026 02:30,48,68,90.67,0.27,26.5,6.95
08-02-2026 02:30,08-02-2026 02:45,48,68,90.67,0.27,26.5,6.98
08-02-2026 02:45,08-02-2026 03:00,56,79.2,91.01,0.27,26.5,6.93
08-02-2026 03:00,08-02-2026 03:15,51,63,91.26,0.27,26.5,6.98
08-02-2026 03:15,08-02-2026 03:30,51,63,91.4,0.27,26.5,7.05
08-02-2026 03:30,08-02-2026 03:45,51,63,91.51,0.27,26.5,6.76
08-02-2026 03:45,08-02-2026 04:00,45.81,80.6,91.68,0.27,26.5,6.34
08-02-2026 04:00,08-02-2026 04:15,50,80,91.96,0.27,26.5,6.36
08-02-2026 04:15,08-02-2026 04:30,50,80,92.09,0.27,26.5,6.07
08-02-2026 04:30,08-02-2026 04:45,50,80,92.22,0.27,26.5,6.17
08-02-2026 04:45,08-02-2026 05:00,50.4,83,92.53,0.27,271.89,6.04
08-02-2026 05:00,08-02-2026 05:15,51,85,92.51,0.27,267.87,6.15
08-02-2026 05:15,08-02-2026 05:30,51,85,92.32,0.27,302.94,6
08-02-2026 05:30,08-02-2026 05:45,51,85,92.35,0.27,292.42,5.93
08-02-2026 05:45,08-02-2026 06:00,57.8,115,92.6,0.27,273.79,5.93
08-02-2026 06:00,08-02-2026 06:15,68,135,92.57,0.27,266.47,6.03
08-02-2026 06:15,08-02-2026 06:30,68,135,92.55,0.27,290.55,6.61
08-02-2026 06:30,08-02-2026 06:45,68,135,92.59,0.27,300.13,8.63
08-02-2026 06:45,08-02-2026 07:00,74.8,138,92.81,0.27,248.36,12.63
08-02-2026 07:00,08-02-2026 07:15,85,140,92.84,0.51,248.35,17.54
08-02-2026 07:15,08-02-2026 07:30,85,140,92.65,0.42,251.78,22.84
08-02-2026 07:30,08-02-2026 07:45,85,140,92.33,0.37,265.9,27.83
08-02-2026 07:45,08-02-2026 08:00,85.8,146.4,91.83,0.75,213.86,32.87
08-02-2026 08:00,08-02-2026 08:15,78,140,91.07,0.81,181.39,56.22
08-02-2026 08:15,08-02-2026 08:30,78,140,90.03,0.32,314.02,60.28
08-02-2026 08:30,08-02-2026 08:45,78,140,88.57,1.16,200.53,47.93
08-02-2026 08:45,08-02-2026 09:00,80,140,86.13,0.63,205.04,52.8
08-02-2026 09:00,08-02-2026 09:15,81,140,83.36,0.64,276.74,52.76
08-02-2026 09:15,08-02-2026 09:30,81,140,80.71,1,154.11,56.37
08-02-2026 09:30,08-02-2026 09:45,81,140,78.99,0.74,242.27,60.66
08-02-2026 09:45,08-02-2026 10:00,82.6,140,75.85,0.45,319.9,64.64
08-02-2026 10:00,08-02-2026 10:15,85,140,73.45,0.61,130.26,72.23
08-02-2026 10:15,08-02-2026 10:30,85,140,68.64,0.42,168.12,63.78
08-02-2026 10:30,08-02-2026 10:45,85,140,62.21,0.37,260.53,70.71
08-02-2026 10:45,08-02-2026 11:00,87.6,143.2,62.55,0.55,212.79,111.49
08-02-2026 11:00,08-02-2026 11:15,85,140,60.81,0.92,62.92,67.31
08-02-2026 11:15,08-02-2026 11:30,85,140,62.78,0.89,208.27,65.01
08-02-2026 11:30,08-02-2026 11:45,85,140,65.77,0.72,69.22,76.98
08-02-2026 11:45,08-02-2026 12:00,79.8,119,66.14,0.83,157.44,114.85
08-02-2026 12:00,08-02-2026 12:15,72,105,68.11,1.16,93.5,265.92
08-02-2026 12:15,08-02-2026 12:30,72,105,69.46,1.31,52.78,266.82
08-02-2026 12:30,08-02-2026 12:45,72,105,69.53,0.54,177.13,269.02
08-02-2026 12:45,08-02-2026 13:00,67.6,91.8,69.25,0.96,160.95,262.43
08-02-2026 13:00,08-02-2026 13:15,61,83,70.59,0.71,120.65,259.21
08-02-2026 13:15,08-02-2026 13:30,61,83,70.95,0.65,153.15,254.03
08-02-2026 13:30,08-02-2026 13:45,61,83,71,0.71,157.61,244.76
08-02-2026 13:45,08-02-2026 14:00,67,95.33,71.72,0.65,71.39,234.21
08-02-2026 14:00,08-02-2026 14:15,67,90,72.11,0.87,181.39,220.52
08-02-2026 14:15,08-02-2026 14:30,67,90,72.41,0.48,44.87,215.12
08-02-2026 14:30,08-02-2026 14:45,67,90,72.02,0.56,60.14,198.13
08-02-2026 14:45,08-02-2026 15:00,68.4,100.8,72.03,0.86,129.07,186.9
08-02-2026 15:00,08-02-2026 15:15,56,92,71.85,0.86,102.29,172.29
08-02-2026 15:15,08-02-2026 15:30,56,92,72.46,0.62,179.56,154.55
08-02-2026 15:30,08-02-2026 15:45,56,92,72.69,1.05,96.06,138.27
08-02-2026 15:45,08-02-2026 16:00,53.2,84.2,73.1,0.82,31.78,120.56
08-02-2026 16:00,08-02-2026 16:15,49,79,73.4,0.55,102.16,101.44
08-02-2026 16:15,08-02-2026 16:30,49,79,73.69,0.44,147.41,84.75
08-02-2026 16:30,08-02-2026 16:45,49,79,73.9,0.5,89.64,69.08
08-02-2026 16:45,08-02-2026 17:00,59,88.17,74.37,0.93,223.11,51.93
08-02-2026 17:00,08-02-2026 17:15,61,77,74.65,0.38,50.2,37.39
08-02-2026 17:15,08-02-2026 17:30,61,77,73.89,1.15,269.47,27.23
08-02-2026 17:30,08-02-2026 17:45,61,77,74.47,0.45,162.92,17.21
08-02-2026 17:45,08-02-2026 18:00,61.4,78.2,75.51,0.27,149.15,11.04
08-02-2026 18:00,08-02-2026 18:15,62,79,76.51,0.28,160.36,7.59
08-02-2026 18:15,08-02-2026 18:30,62,79,77.36,0.37,215.08,6.89
08-02-2026 18:30,08-02-2026 18:45,62,79,78.32,0.27,84.51,6.82
08-02-2026 18:45,08-02-2026 19:00,61.2,77.8,78.79,0.28,150.1,6.96
08-02-2026 19:00,08-02-2026 19:15,60,77,79.07,0.27,189.59,7.05
08-02-2026 19:15,08-02-2026 19:30,60,77,79.41,0.28,211.65,7.07
08-02-2026 19:30,08-02-2026 19:45,60,77,79.72,0.41,26.5,6.93
08-02-2026 19:45,08-02-2026 20:00,64.2,89.6,80,0.32,266.58,7.21
08-02-2026 20:00,08-02-2026 20:15,56,79,80.19,0.44,198.84,7.17
08-02-2026 20:15,08-02-2026 20:30,56,79,80.57,0.27,335.83,7.23
08-02-2026 20:30,08-02-2026 20:45,56,79,80.56,0.28,338.28,6.98
08-02-2026 20:45,08-02-2026 21:00,56.4,77.2,80.55,0.27,212.6,6.48
08-02-2026 21:00,08-02-2026 21:15,57,76,80.88,0.27,26.5,6.53
08-02-2026 21:15,08-02-2026 21:30,57,76,80.82,0.27,269.77,6.32
08-02-2026 21:30,08-02-2026 21:45,57,76,80.7,0.27,210.03,6.32
08-02-2026 21:45,08-02-2026 22:00,52.2,73,80.62,0.31,272.35,6.14
08-02-2026 22:00,08-02-2026 22:15,45,71,80.01,0.27,26.5,6.17
08-02-2026 22:15,08-02-2026 22:30,45,71,78.74,0.27,26.5,6.21
08-02-2026 22:30,08-02-2026 22:45,45,71,77.43,0.27,26.5,6.21
08-02-2026 22:45,08-02-2026 23:00,44.6,71,77.53,0.27,200.73,6.06
08-02-2026 23:00,08-02-2026 23:15,44,71,78.61,0.27,26.5,6.09
08-02-2026 23:15,08-02-2026 23:30,44,71,78.85,0.27,26.5,6.1
08-02-2026 23:30,08-02-2026 23:45,44,71,78.51,0.27,26.5,6.08
08-02-2026 23:45,09-02-2026 00:00,42.4,69.8,77.66,0.27,26.5,6.07
09-02-2026 00:00,09-02-2026 00:15,40,69,78.04,0.27,26.5,6.15
09-02-2026 00:15,09-02-2026 00:30,40,69,78.02,0.27,26.5,6.15
09-02-2026 00:30,09-02-2026 00:45,40,69,78.29,0.27,26.5,6.07
09-02-2026 00:45,09-02-2026 01:00,40.8,61.2,77.98,0.27,26.5,6.04
09-02-2026 01:00,09-02-2026 01:15,42,56,78.72,0.27,26.5,6.29
09-02-2026 01:15,09-02-2026 01:30,42,56,79.51,0.27,27.97,6.43
09-02-2026 01:30,09-02-2026 01:45,42,56,79.32,0.53,51.51,6.32
09-02-2026 01:45,09-02-2026 02:00,43.2,54.8,79.49,0.27,102.38,6.52
09-02-2026 02:00,09-02-2026 02:15,45,54,79.51,0.27,26.5,6.36
09-02-2026 02:15,09-02-2026 02:30,45,54,79.72,0.28,52.01,6.52
09-02-2026 02:30,09-02-2026 02:45,45,54,78.92,0.27,32.68,6.78
09-02-2026 02:45,09-02-2026 03:00,43.5,55.33,79.06,0.27,26.5,6.64
09-02-2026 03:00,09-02-2026 03:15,42,56,79.03,0.27,26.5,6.78
09-02-2026 03:15,09-02-2026 03:30,42,56,78.48,0.27,176.05,6.71
09-02-2026 03:30,09-02-2026 03:45,42,56,78.08,0.27,259.6,7.06
09-02-2026 03:45,09-02-2026 04:00,40,52,79.51,0.27,332.81,6.83
09-02-2026 04:00,09-02-2026 04:15,38,50,81.1,0.27,329.5,6.87
09-02-2026 04:15,09-02-2026 04:30,38,50,81.88,0.27,333.77,6.84
09-02-2026 04:30,09-02-2026 04:45,38,50,82.87,0.27,332.34,7.02
09-02-2026 04:45,09-02-2026 05:00,45,62.67,83.81,0.27,321.77,7.01
09-02-2026 05:00,09-02-2026 05:15,52,69,84.67,0.27,334.41,6.74
09-02-2026 05:15,09-02-2026 05:30,52,69,85.29,0.27,320.26,6.58
09-02-2026 05:30,09-02-2026 05:45,52,69,85.49,0.27,312.8,6.34
09-02-2026 05:45,09-02-2026 06:00,53,77.67,85.96,0.27,324.29,6.21
09-02-2026 06:00,09-02-2026 06:15,54,82,86.16,0.27,338.42,6.3
09-02-2026 06:15,09-02-2026 06:30,54,82,86.46,0.27,170.27,6.65
09-02-2026 06:30,09-02-2026 06:45,54,82,87.09,0.27,85.31,8.34
09-02-2026 06:45,09-02-2026 07:00,49.04,114.4,87.93,0.41,276.3,12.9
09-02-2026 07:00,09-02-2026 07:15,69,140,87.98,0.37,293.38,17.98
09-02-2026 07:15,09-02-2026 07:30,69,140,87.66,0.27,293.86,23.21
09-02-2026 07:30,09-02-2026 07:45,71.67,140,87.24,0.28,264.16,28.78
09-02-2026 07:45,09-02-2026 08:00,77,140,85.97,0.66,270.72,33.81
09-02-2026 08:00,09-02-2026 08:15,85,140,84.74,0.59,282.29,60.68
09-02-2026 08:15,09-02-2026 08:30,85,140,83.3,0.27,273.33,61.22
09-02-2026 08:30,09-02-2026 08:45,85,140,81.47,0.34,231.06,47.28
09-02-2026 08:45,09-02-2026 09:00,85,140,79.22,0.62,203.83,56.88
09-02-2026 09:00,09-02-2026 09:15,85,140,76.53,0.37,264.33,58.42
09-02-2026 09:15,09-02-2026 09:30,85,140,71.97,0.5,86.09,46.66
09-02-2026 09:30,09-02-2026 09:45,85,140,70.22,0.55,215.72,46.33
09-02-2026 09:45,09-02-2026 10:00,75,127.33,69.23,0.36,140.44,47.98
09-02-2026 10:00,09-02-2026 10:15,65,121,69.25,0.9,116.96,49.98
09-02-2026 10:15,09-02-2026 10:30,65,121,68.92,0.75,124.12,53.56
09-02-2026 10:30,09-02-2026 10:45,65,121,69.58,0.55,148.23,77.18
09-02-2026 10:45,09-02-2026 11:00,63.5,99,69.5,0.84,109.95,118.32
09-02-2026 11:00,09-02-2026 11:15,62,88,69.26,1.3,98,75.53
09-02-2026 11:15,09-02-2026 11:30,62,88,69.44,0.89,74.46,72.75
09-02-2026 11:30,09-02-2026 11:45,62,88,68.62,0.77,87.41,73.14
09-02-2026 11:45,09-02-2026 12:00,62.5,93.33,67.43,1.08,167.37,148.07
09-02-2026 12:00,09-02-2026 12:15,63,96,66.88,0.61,115.94,271.71
09-02-2026 12:15,09-02-2026 12:30,63,96,66.74,0.79,181.16,276.79
09-02-2026 12:30,09-02-2026 12:45,63,96,66.32,0.79,143.74,276.48
09-02-2026 12:45,09-02-2026 13:00,56,91.33,66.18,0.62,76.51,274.6
09-02-2026 13:00,09-02-2026 13:15,49,89,66.55,0.8,181.04,270.8
09-02-2026 13:15,09-02-2026 13:30,49,89,66.33,0.9,76.25,267.55
09-02-2026 13:30,09-02-2026 13:45,49,89,66.5,0.91,209.09,260.43
09-02-2026 13:45,09-02-2026 14:00,49.5,82.33,66.08,0.62,109.58,247.94
09-02-2026 14:00,09-02-2026 14:15,50,79,65.59,0.97,75.19,236.58
09-02-2026 14:15,09-02-2026 14:30,50,79,66.25,0.9,114.21,226.18
09-02-2026 14:30,09-02-2026 14:45,50,79,66.81,0.56,167.5,209.56
09-02-2026 14:45,09-02-2026 15:00,52.5,78.33,65.72,0.64,191.27,195.2
09-02-2026 15:00,09-02-2026 15:15,55,78,65.97,0.95,42.25,181.85
09-02-2026 15:15,09-02-2026 15:30,55,78,65.54,0.45,65.89,165.19
09-02-2026 15:30,09-02-2026 15:45,55,78,66.33,0.88,207.23,146.1
09-02-2026 15:45,09-02-2026 16:00,54.5,79.33,66.85,1.14,90.2,127.84
09-02-2026 16:00,09-02-2026 16:15,54,80,67.21,0.75,137.19,109.27
09-02-2026 16:15,09-02-2026 16:30,54,80,68.07,0.93,170.24,92.4
09-02-2026 16:30,09-02-2026 16:45,54,80,68.72,0.52,202.99,75.87
09-02-2026 16:45,09-02-2026 17:00,52,78,69.45,0.67,74.79,52.69
09-02-2026 17:00,09-02-2026 17:15,50,77,70.23,0.68,153.12,38.07
09-02-2026 17:15,09-02-2026 17:30,50,77,70.24,0.44,269.93,28.32
09-02-2026 17:30,09-02-2026 17:45,50,77,70.62,0.27,213.29,18.23
09-02-2026 17:45,09-02-2026 18:00,50,79,71.88,0.37,94.41,11.13
09-02-2026 18:00,09-02-2026 18:15,50,80,72.51,0.27,26.5,7.36
09-02-2026 18:15,09-02-2026 18:30,50,80,73.42,0.32,26.5,6.21
09-02-2026 18:30,09-02-2026 18:45,50,80,74.42,0.28,296.36,6.18
09-02-2026 18:45,09-02-2026 19:00,52.5,78,74.81,0.29,165.38,6.01
09-02-2026 19:00,09-02-2026 19:15,55,77,75.33,0.27,127.61,6.16
09-02-2026 19:15,09-02-2026 19:30,55,77,75.65,0.29,163.84,6.06
09-02-2026 19:30,09-02-2026 19:45,55,77,75.74,0.5,72.99,6.22
09-02-2026 19:45,09-02-2026 20:00,54.2,77.6,75.74,0.47,267.27,6.06
09-02-2026 20:00,09-02-2026 20:15,53,78,75.87,0.31,317.37,6.11
09-02-2026 20:15,09-02-2026 20:30,53,78,76.53,0.29,213.34,6.12
09-02-2026 20:30,09-02-2026 20:45,53,78,76.43,0.55,240.05,6.11
09-02-2026 20:45,09-02-2026 21:00,55.5,78,76.15,0.27,196.59,5.98
09-02-2026 21:00,09-02-2026 21:15,58,78,76.49,0.35,278.84,6.19
09-02-2026 21:15,09-02-2026 21:30,58,78,76.08,0.27,280.36,6.08
09-02-2026 21:30,09-02-2026 21:45,58,78,75.68,0.29,318.11,6.09
09-02-2026 21:45,09-02-2026 22:00,53.2,79.6,75.96,0.34,324.18,6.01
09-02-2026 22:00,09-02-2026 22:15,50,80,75.61,0.27,103.48,6.05
09-02-2026 22:15,09-02-2026 22:30,50,80,75.84,0.27,183.94,6.15
09-02-2026 22:30,09-02-2026 22:45,50,80,75.51,0.27,26.5,5.94
09-02-2026 22:45,09-02-2026 23:00,54.2,79.2,74.95,0.32,157.53,5.94
09-02-2026 23:00,09-02-2026 23:15,57,79,75.25,0.32,334.81,5.95
09-02-2026 23:15,09-02-2026 23:30,57,79,75.43,0.7,226.93,5.86
09-02-2026 23:30,09-02-2026 23:45,57,79,75.56,0.34,243.62,6.01
09-02-2026 23:45,10-02-2026 00:00,54.6,79,75.62,0.3,275.86,5.85
10-02-2026 00:00,10-02-2026 00:15,53,79,75.68,0.27,146.69,5.99
10-02-2026 00:15,10-02-2026 00:30,53,79,75.72,0.27,26.5,5.84
10-02-2026 00:30,10-02-2026 00:45,53,79,76.59,0.42,35.91,5.84
10-02-2026 00:45,10-02-2026 01:00,51.8,335.8,76.55,0.27,26.5,5.94
10-02-2026 01:00,10-02-2026 01:15,51,400,76.4,0.27,26.5,5.8
10-02-2026 01:15,10-02-2026 01:30,51,400,76.5,0.42,102.85,5.77
10-02-2026 01:30,10-02-2026 01:45,51,400,77,0.27,314.39,5.84
10-02-2026 01:45,10-02-2026 02:00,49.8,400,77.29,0.29,86.79,5.86
10-02-2026 02:00,10-02-2026 02:15,49,400,76.3,0.29,258.17,5.82
10-02-2026 02:15,10-02-2026 02:30,49,400,76.06,0.27,297.58,5.72
10-02-2026 02:30,10-02-2026 02:45,49,400,76.69,0.27,324.09,5.86
10-02-2026 02:45,10-02-2026 03:00,49,400,76.71,0.27,323.96,5.8
10-02-2026 03:00,10-02-2026 03:15,61.3,354,76.97,0.27,324.31,5.78
10-02-2026 03:15,10-02-2026 03:30,49,400,76.95,0.27,324.28,5.93
10-02-2026 03:30,10-02-2026 03:45,49,400,76.75,0.27,324.18,5.85
10-02-2026 03:45,10-02-2026 04:00,49.5,400,76.66,0.27,324.3,5.87
10-02-2026 04:00,10-02-2026 04:15,50,400,76.92,0.27,324.25,6
10-02-2026 04:15,10-02-2026 04:30,50,400,77.11,0.42,145.79,5.9
10-02-2026 04:30,10-02-2026 04:45,50,400,77.1,0.27,338.26,5.73
10-02-2026 04:45,10-02-2026 05:00,48,400,78.24,0.27,338.29,5.81
10-02-2026 05:00,10-02-2026 05:15,46,400,79.07,0.27,338.37,5.83
10-02-2026 05:15,10-02-2026 05:30,56.53,361.33,79.14,0.27,338.34,5.91
10-02-2026 05:30,10-02-2026 05:45,46,400,79.1,0.27,338.39,5.91
10-02-2026 05:45,10-02-2026 06:00,46.4,400,79.25,0.27,338.33,5.83
10-02-2026 06:00,10-02-2026 06:15,47,400,79.88,0.36,334.06,5.94
10-02-2026 06:15,10-02-2026 06:30,47,400,81.72,0.27,312.59,6.82
10-02-2026 06:30,10-02-2026 06:45,47,400,82.94,0.27,311.73,10.4
10-02-2026 06:45,10-02-2026 07:00,61,400,83.76,0.27,310.9,15.66
10-02-2026 07:00,10-02-2026 07:15,82,400,84.04,0.27,304.3,23.26
10-02-2026 07:15,10-02-2026 07:30,82,400,84.14,0.27,294.92,23.31
10-02-2026 07:30,10-02-2026 07:45,82,400,83.9,0.27,316.31,22.41
10-02-2026 07:45,10-02-2026 08:00,102,400,83.9,0.27,308.43,24.67
10-02-2026 08:00,10-02-2026 08:15,122,400,83.73,0.27,284.33,32.93
10-02-2026 08:15,10-02-2026 08:30,122,400,82.93,0.27,282.54,45.9
10-02-2026 08:30,10-02-2026 08:45,122,400,81.38,0.28,294.51,60.53
10-02-2026 08:45,10-02-2026 09:00,126,400,78.61,0.54,153.87,69.88
10-02-2026 09:00,10-02-2026 09:15,130,400,75.51,0.43,167.41,78.74
10-02-2026 09:15,10-02-2026 09:30,126.21,360.83,71.92,0.48,191.35,80.99
10-02-2026 09:30,10-02-2026 09:45,130,400,69.15,0.49,127.44,69.88
10-02-2026 09:45,10-02-2026 10:00,104,400,68.92,1.02,113.83,64.79
10-02-2026 10:00,10-02-2026 10:15,78,400,69.22,0.7,199.21,64.01
10-02-2026 10:15,10-02-2026 10:30,78,400,69.05,0.87,142.64,71.88
10-02-2026 10:30,10-02-2026 10:45,78,400,68.91,1.05,186.86,78.8
10-02-2026 10:45,10-02-2026 11:00,61.8,400,68.43,1.05,161.79,131.84
10-02-2026 11:00,10-02-2026 11:15,51,400,68.89,1.25,148.01,79.96
10-02-2026 11:15,10-02-2026 11:30,51,400,68.71,1.13,40.86,76.46
10-02-2026 11:30,10-02-2026 11:45,90.87,139.8,68.16,1.55,37.92,79.64
10-02-2026 11:45,10-02-2026 12:00,101.79,156.6,67.31,0.68,92.72,170.58
10-02-2026 12:00,10-02-2026 12:15,98.02,150.8,66.47,1.23,250.68,221.28
10-02-2026 12:15,10-02-2026 12:30,91,140,66.66,0.67,148.33,241.16
10-02-2026 12:30,10-02-2026 12:45,100.23,154.2,65.87,1,306.47,271.86
10-02-2026 12:45,10-02-2026 13:00,98.15,151,65.47,1.09,59.31,268.12
10-02-2026 13:00,10-02-2026 13:15,101.4,156,65.14,0.93,133.59,258.97
10-02-2026 13:15,10-02-2026 13:30,,,,,,
10-02-2026 13:30,10-02-2026 13:45,,,,,,
10-02-2026 13:45,10-02-2026 14:00,,,,,,
10-02-2026 14:00,10-02-2026 14:15,,,,,,
10-02-2026 14:15,10-02-2026 14:30,,,,,,
10-02-2026 14:30,10-02-2026 14:45,,,,,,
10-02-2026 14:45,10-02-2026 15:00,,,,,,
10-02-2026 15:00,10-02-2026 15:15,,,,,,
10-02-2026 15:15,10-02-2026 15:30,,,,,,
10-02-2026 15:30,10-02-2026 15:45,,,,,,
10-02-2026 15:45,10-02-2026 16:00,,,,,,
10-02-2026 16:00,10-02-2026 16:15,,,,,,
10-02-2026 16:15,10-02-2026 16:30,51,400,67.44,0.96,147.59,94.83
10-02-2026 16:30,10-02-2026 16:45,51,400,67.72,1.19,257.49,87.25
10-02-2026 16:45,10-02-2026 17:00,140.4,400,68.08,0.9,106.29,57.6
10-02-2026 17:00,10-02-2026 17:15,300,400,68.6,0.79,209.94,43.54
10-02-2026 17:15,10-02-2026 17:30,300,400,69.28,0.89,253.41,24.1
10-02-2026 17:30,10-02-2026 17:45,263.27,355.8,69.86,0.95,274.63,16.12
10-02-2026 17:45,10-02-2026 18:00,98.4,139.2,70.57,0.42,151.85,9.19
10-02-2026 18:00,10-02-2026 18:15,42,74,71.02,0.53,329.46,6.64
10-02-2026 18:15,10-02-2026 18:30,42,74,71.35,0.3,203.96,6.17
10-02-2026 18:30,10-02-2026 18:45,42,74,71.53,0.56,213.71,6.01
10-02-2026 18:45,10-02-2026 19:00,42.6,78.8,72.1,0.95,218.42,6.03
10-02-2026 19:00,10-02-2026 19:15,43,80,72.76,0.5,277.09,6.08
10-02-2026 19:15,10-02-2026 19:30,43,80,73.25,0.33,284.47,6.07
10-02-2026 19:30,10-02-2026 19:45,43,80,73.17,0.52,247.91,6.13
10-02-2026 19:45,10-02-2026 20:00,41.2,79.2,72.8,0.42,239.8,6.01
10-02-2026 20:00,10-02-2026 20:15,40,79,72.76,0.27,232.71,6.17
10-02-2026 20:15,10-02-2026 20:30,40,79,72.81,0.35,265.46,6.13
10-02-2026 20:30,10-02-2026 20:45,48.64,88.8,73.12,0.31,209.5,6.15
10-02-2026 20:45,10-02-2026 21:00,40.6,69.4,73.18,0.51,279.7,6.13
10-02-2026 21:00,10-02-2026 21:15,41,67,73.6,0.48,183.79,6.18
10-02-2026 21:15,10-02-2026 21:30,41,67,73.54,0.47,279.56,6.14
10-02-2026 21:30,10-02-2026 21:45,49.05,78.6,73.44,0.5,330.8,6.13
10-02-2026 21:45,10-02-2026 22:00,39.2,77.4,73.79,0.43,260.63,6.04
10-02-2026 22:00,10-02-2026 22:15,38,80,73.56,0.36,313.09,6.17
10-02-2026 22:15,10-02-2026 22:30,38,80,73.1,0.27,275.82,6.11
10-02-2026 22:30,10-02-2026 22:45,53.67,99.8,72.4,0.44,200.49,6.1
10-02-2026 22:45,10-02-2026 23:00,46.4,70.4,72.75,0.38,302.41,5.9
10-02-2026 23:00,10-02-2026 23:15,52,68,73,0.27,219.63,6.01
10-02-2026 23:15,10-02-2026 23:30,52,68,73.15,0.27,339.49,6
10-02-2026 23:30,10-02-2026 23:45,61.23,84.6,73.74,0.48,338.66,5.99
10-02-2026 23:45,11-02-2026 00:00,46.6,69.6,73.41,0.31,324.91,5.86
11-02-2026 00:00,11-02-2026 00:15,43,70,72.32,0.33,208.76,5.78
11-02-2026 00:15,11-02-2026 00:30,43,70,72.07,0.63,245.81,6.01
11-02-2026 00:30,11-02-2026 00:45,43,70,72.21,0.4,333.16,5.87
11-02-2026 00:45,11-02-2026 01:00,41.2,73.2,72.58,0.29,346.03,5.79
11-02-2026 01:00,11-02-2026 01:15,40,74,72.42,0.31,145.57,5.86
11-02-2026 01:15,11-02-2026 01:30,40,74,72.62,0.31,280.48,5.78
11-02-2026 01:30,11-02-2026 01:45,54.23,93.4,72.44,0.7,164.98,5.87
11-02-2026 01:45,11-02-2026 02:00,40.6,72.4,72.12,0.42,258.13,5.78
11-02-2026 02:00,11-02-2026 02:15,41,72,71.77,0.43,264.6,5.66
11-02-2026 02:15,11-02-2026 02:30,41,72,70.93,0.7,204.44,5.86
11-02-2026 02:30,11-02-2026 02:45,56.72,94.4,71.51,0.67,264.1,5.83
11-02-2026 02:45,11-02-2026 03:00,41.6,84,71.93,0.28,201.16,5.73
11-02-2026 03:00,11-02-2026 03:15,42,87,71.61,0.36,263.36,5.99
11-02-2026 03:15,11-02-2026 03:30,42,87,72.09,0.46,218.29,6.1
11-02-2026 03:30,11-02-2026 03:45,55.7,103.6,71.57,0.28,151.03,6
11-02-2026 03:45,11-02-2026 04:00,48.6,75,71.96,0.89,250,6.03
11-02-2026 04:00,11-02-2026 04:15,53,72,72,0.45,214.61,6.03
11-02-2026 04:15,11-02-2026 04:30,53,72,71.76,0.51,334,6
11-02-2026 04:30,11-02-2026 04:45,65.67,93.4,71.74,0.27,273.36,5.96
11-02-2026 04:45,11-02-2026 05:00,45.2,70.4,72.45,0.43,231.33,5.82
11-02-2026 05:00,11-02-2026 05:15,40,70,72.58,0.47,149.96,5.92
11-02-2026 05:15,11-02-2026 05:30,40,70,74.34,0.27,141.63,6.03
11-02-2026 05:30,11-02-2026 05:45,52.15,87,76.07,0.27,325.23,6.11
11-02-2026 05:45,11-02-2026 06:00,52.6,119.6,77.32,0.28,258.84,6.03
11-02-2026 06:00,11-02-2026 06:15,61,132,78.37,0.27,268.42,5.93
11-02-2026 06:15,11-02-2026 06:30,61,132,79.05,0.27,239.03,6.35
11-02-2026 06:30,11-02-2026 06:45,67.39,134.2,79.41,0.61,322.39,7.36
11-02-2026 06:45,11-02-2026 07:00,79.6,169.6,80.48,0.54,227.75,9.35
11-02-2026 07:00,11-02-2026 07:15,92,179,81.73,0.51,152.76,11.98
11-02-2026 07:15,11-02-2026 07:30,92,179,82.3,0.5,140.72,15.25
11-02-2026 07:30,11-02-2026 07:45,93.62,174,82.36,0.32,224.79,18.72
11-02-2026 07:45,11-02-2026 08:00,115.4,231,82.26,0.45,183.59,23.83
11-02-2026 08:00,11-02-2026 08:15,131,244,81.73,0.38,150.3,31.69
11-02-2026 08:15,11-02-2026 08:30,131,244,80.92,0.38,142.91,34.46
11-02-2026 08:30,11-02-2026 08:45,128.33,231.4,79.89,0.27,231.77,38.55
11-02-2026 08:45,11-02-2026 09:00,117.8,237.6,78.44,0.35,173.49,17.83
11-02-2026 09:00,11-02-2026 09:15,109,236,78.03,0.28,136.44,18.91
11-02-2026 09:15,11-02-2026 09:30,109,236,76.96,0.71,223.63,29.43
11-02-2026 09:30,11-02-2026 09:45,109,236,75.36,0.68,189.81,50.88
11-02-2026 09:45,11-02-2026 10:00,92.8,219.2,72.27,1.09,200.12,60.68
11-02-2026 10:00,11-02-2026 10:15,82,215,67.94,1.44,108.72,97.23
11-02-2026 10:15,11-02-2026 10:30,82,215,66.87,1.22,148.27,92.88
11-02-2026 10:30,11-02-2026 10:45,82,215,66.11,1.94,230.05,88.93
11-02-2026 10:45,11-02-2026 11:00,50.2,124.6,64.74,1.37,200.32,160.83
11-02-2026 11:00,11-02-2026 11:15,29,102,64.11,1.37,88.14,118.22
11-02-2026 11:15,11-02-2026 11:30,29,102,63.82,1.46,242.87,93.21
11-02-2026 11:30,11-02-2026 11:45,47.77,119.4,64.32,1.67,154.06,97.19
11-02-2026 11:45,11-02-2026 12:00,31.4,92.4,64.69,1.44,151.9,135.04
11-02-2026 12:00,11-02-2026 12:15,33,90,64.09,2.14,215.7,111.59
11-02-2026 12:15,11-02-2026 12:30,33,90,63.46,2.12,216.94,109.28
11-02-2026 12:30,11-02-2026 12:45,50.84,109.6,64.75,1.51,266.61,121.62
11-02-2026 12:45,11-02-2026 13:00,34.2,82.8,64.61,1.03,117.21,119.38
11-02-2026 13:00,11-02-2026 13:15,35,81,64.92,0.96,139.06,126.34
11-02-2026 13:15,11-02-2026 13:30,35,81,65.52,1.8,179.48,131.05
11-02-2026 13:30,11-02-2026 13:45,35,81,65.17,1.68,279.24,116.67
11-02-2026 13:45,11-02-2026 14:00,32.6,68.2,65.77,1.22,272.96,130.5
11-02-2026 14:00,11-02-2026 14:15,31,65,65.56,0.92,78.52,125.04
11-02-2026 14:15,11-02-2026 14:30,31,65,66.46,0.62,238.14,108.04
11-02-2026 14:30,11-02-2026 14:45,40.14,75.6,66.46,1.31,192.84,91.65
11-02-2026 14:45,11-02-2026 15:00,29.8,64.2,67.11,1.09,262.8,81.94
11-02-2026 15:00,11-02-2026 15:15,29,64,67.01,0.74,246.97,76.24
11-02-2026 15:15,11-02-2026 15:30,29,64,67.8,1.6,256.78,69.59
11-02-2026 15:30,11-02-2026 15:45,47.77,89,68.16,1.34,257.49,61.78
11-02-2026 15:45,11-02-2026 16:00,31.4,80,68.25,0.78,135.12,54.58
11-02-2026 16:00,11-02-2026 16:15,33,84,68.09,1.07,234.78,49.75
11-02-2026 16:15,11-02-2026 16:30,33,84,68.52,0.96,262.87,41.52
11-02-2026 16:30,11-02-2026 16:45,33,84,68.77,1.13,222.53,31.95
11-02-2026 16:45,11-02-2026 17:00,36.6,96,68.76,0.69,303.13,25.28
11-02-2026 17:00,11-02-2026 17:15,39,99,68.2,0.86,234.64,19.92
11-02-2026 17:15,11-02-2026 17:30,39,99,67.8,1.25,270.7,25.35
11-02-2026 17:30,11-02-2026 17:45,45.5,101.2,67.93,0.81,279.66,12.3
11-02-2026 17:45,11-02-2026 18:00,37.8,91.8,69.28,0.74,344.28,9.15
11-02-2026 18:00,11-02-2026 18:15,37,90,70.66,0.77,200.39,7.03
11-02-2026 18:15,11-02-2026 18:30,37,90,71.12,0.73,210.13,6.51
11-02-2026 18:30,11-02-2026 18:45,47.15,99,69.97,0.55,275.14,6.34
11-02-2026 18:45,11-02-2026 19:00,33.4,85.2,69.44,0.58,188.58,6.38
11-02-2026 19:00,11-02-2026 19:15,31,84,69.07,0.46,265.76,6.49
11-02-2026 19:15,11-02-2026 19:30,31,84,69.48,1.01,267.27,6.39
11-02-2026 19:30,11-02-2026 19:45,49.24,104.8,70.2,0.33,259.88,6.39
11-02-2026 19:45,11-02-2026 20:00,27.4,78.4,71.22,0.49,244.1,6.44
11-02-2026 20:00,11-02-2026 20:15,25,77,71.04,0.37,282.2,6.32
11-02-2026 20:15,11-02-2026 20:30,25,77,69.64,0.43,143.18,6.24
11-02-2026 20:30,11-02-2026 20:45,43.01,97,69.77,0.65,244.61,6.18
11-02-2026 20:45,11-02-2026 21:00,23.8,65,70.46,0.58,319.8,6.24
11-02-2026 21:00,11-02-2026 21:15,23,62,70.32,0.33,334.34,6.15
11-02-2026 21:15,11-02-2026 21:30,23,62,70.34,0.45,274.62,6.14
11-02-2026 21:30,11-02-2026 21:45,33.74,73.2,70.61,0.49,176.66,6.15
11-02-2026 21:45,11-02-2026 22:00,29,55.6,70.33,0.89,275.13,6.1
11-02-2026 22:00,11-02-2026 22:15,33,54,70.04,0.67,334.67,6.18
11-02-2026 22:15,11-02-2026 22:30,33,54,70.17,0.62,132.02,6.2
11-02-2026 22:30,11-02-2026 22:45,48.24,76.8,70.84,0.31,319.92,6.08
11-02-2026 22:45,11-02-2026 23:00,30.6,51.6,70.9,0.45,273.46,6.14
11-02-2026 23:00,11-02-2026 23:15,29,51,70.88,0.33,258.23,6.06
11-02-2026 23:15,11-02-2026 23:30,29,51,70.98,0.64,330.81,6.1
11-02-2026 23:30,11-02-2026 23:45,42.83,71,71.27,0.29,295.85,6.13
11-02-2026 23:45,12-02-2026 00:00,23,49.4,72.08,0.51,210.02,6.11
12-02-2026 00:00,12-02-2026 00:15,19,49,71.89,0.72,255.7,6.06
12-02-2026 00:15,12-02-2026 00:30,19,49,71.42,0.67,271.63,6.18
12-02-2026 00:30,12-02-2026 00:45,37.56,73.6,71.32,0.78,306.05,6.48
12-02-2026 00:45,12-02-2026 01:00,27.4,53,71.69,0.41,238.6,6.24
12-02-2026 01:00,12-02-2026 01:15,33,54,72.46,0.53,264.08,6.35
12-02-2026 01:15,12-02-2026 01:30,33,54,72.17,0.5,264.33,6.39
12-02-2026 01:30,12-02-2026 01:45,47.59,75.8,72.78,0.76,207.11,6.42
12-02-2026 01:45,12-02-2026 02:00,27,54,72.94,0.59,311.44,6.22
12-02-2026 02:00,12-02-2026 02:15,23,54,72.67,0.46,196.77,6.36
12-02-2026 02:15,12-02-2026 02:30,23,54,72.53,0.64,288.09,6.25
12-02-2026 02:30,12-02-2026 02:45,33.74,66.8,72.54,0.53,327.25,6.28
12-02-2026 02:45,12-02-2026 03:00,24.2,50.8,72.88,0.53,276.28,6.31
12-02-2026 03:00,12-02-2026 03:15,25,50,73.06,0.34,240.84,6.29
12-02-2026 03:15,12-02-2026 03:30,25,50,73.91,0.45,309.02,6.28
12-02-2026 03:30,12-02-2026 03:45,43.66,76.4,73.74,0.35,193.52,6.35
12-02-2026 03:45,12-02-2026 04:00,22.6,50.8,73.93,0.46,334.14,6.18
12-02-2026 04:00,12-02-2026 04:15,21,51,73.7,0.44,325.15,6.38
12-02-2026 04:15,12-02-2026 04:30,21,51,74.1,0.44,330.56,6.38
12-02-2026 04:30,12-02-2026 04:45,32.01,64.2,74.24,0.43,276.47,6.37
12-02-2026 04:45,12-02-2026 05:00,25.2,48.6,74.47,0.58,223.76,6.18
12-02-2026 05:00,12-02-2026 05:15,28,48,74.28,0.44,259.24,6.06
12-02-2026 05:15,12-02-2026 05:30,28,48,75.05,0.38,238.45,6.01
12-02-2026 05:30,12-02-2026 05:45,38.78,63.6,77.91,0.33,288.97,6.07
12-02-2026 05:45,12-02-2026 06:00,49.6,104.8,79.72,0.27,318.47,6
12-02-2026 06:00,12-02-2026 06:15,64,119,80.86,0.43,171.23,6.06
12-02-2026 06:15,12-02-2026 06:30,64,119,81.84,0.36,231.29,6.69
12-02-2026 06:30,12-02-2026 06:45,70.44,124.8,82.74,0.27,206.29,9.47
12-02-2026 06:45,12-02-2026 07:00,109.6,236.6,83.35,0.35,244.29,13.57
12-02-2026 07:00,12-02-2026 07:15,140,266,83.28,0.67,187.77,17.54
12-02-2026 07:15,12-02-2026 07:30,140,266,82.92,0.33,290.54,23.14
12-02-2026 07:30,12-02-2026 07:45,140,266,82.13,0.43,273.18,34.99
12-02-2026 07:45,12-02-2026 08:00,117.5,219,80.79,0.55,197.85,42.46
12-02-2026 08:00,12-02-2026 08:15,110,219,79.91,0.65,292.44,44.66
12-02-2026 08:15,12-02-2026 08:30,110,219,79.02,0.85,229.02,69.52
12-02-2026 08:30,12-02-2026 08:45,106.85,204.2,77.57,0.93,267.79,61.7
12-02-2026 08:45,12-02-2026 09:00,96.4,190,76.29,0.94,281.17,65.85
12-02-2026 09:00,12-02-2026 09:15,93,190,74.63,0.74,143.12,64.53
12-02-2026 09:15,12-02-2026 09:30,93,190,73.13,1.41,136.89,53.91
12-02-2026 09:30,12-02-2026 09:45,92.6,180,72.32,1.81,193.97,45.33
12-02-2026 09:45,12-02-2026 10:00,73.8,146,71.6,2.34,194.38,38.98
12-02-2026 10:00,12-02-2026 10:15,69,146,70.79,2.04,213.55,73.44
12-02-2026 10:15,12-02-2026 10:30,69,146,70.08,3.48,191.68,46.33
12-02-2026 10:30,12-02-2026 10:45,72.75,143.8,68.98,2.31,140.01,148.77
12-02-2026 10:45,12-02-2026 11:00,37,99,68.72,1.46,233.17,203.12
12-02-2026 11:00,12-02-2026 11:15,29,99,68.39,1.66,144.27,142.63
12-02-2026 11:15,12-02-2026 11:30,29,99,67.91,1.71,122.29,92.19
12-02-2026 11:30,12-02-2026 11:45,37.5,101.2,67.25,1.4,30.85,59.44
12-02-2026 11:45,12-02-2026 12:00,33,95,67.09,1.77,140.43,249.04
12-02-2026 12:00,12-02-2026 12:15,34,95,67.19,2.88,74.14,279.5
12-02-2026 12:15,12-02-2026 12:30,34,95,67.59,2.25,108.37,282.06
12-02-2026 12:30,12-02-2026 12:45,46.31,105.4,67.49,1.65,161.77,277.65
12-02-2026 12:45,12-02-2026 13:00,30.8,106,67.26,2.34,184.05,279.01
12-02-2026 13:00,12-02-2026 13:15,30,106,66.87,2.13,95.19,274.32
12-02-2026 13:15,12-02-2026 13:30,30,106,66.89,2.1,243.8,266.63
12-02-2026 13:30,12-02-2026 13:45,39.99,109.4,67.12,2.05,95.6,256.53
12-02-2026 13:45,12-02-2026 14:00,28.4,89,66.59,1.89,292.53,250.87
12-02-2026 14:00,12-02-2026 14:15,28,89,66.53,1.83,88.56,234.92
12-02-2026 14:15,12-02-2026 14:30,28,89,66.35,1.84,141.16,197.32
12-02-2026 14:30,12-02-2026 14:45,40.99,99.8,66.95,2.59,107.85,212.13
12-02-2026 14:45,12-02-2026 15:00,35.2,92,66.93,2.49,195.8,191.41
12-02-2026 15:00,12-02-2026 15:15,37,92,67.25,2.69,251.88,179.01
12-02-2026 15:15,12-02-2026 15:30,,,,,,
12-02-2026 15:30,12-02-2026 15:45,44.48,100,67.71,1.49,175.98,154.37
12-02-2026 15:45,12-02-2026 16:00,25.33,77,68.14,1.55,171.3,131.46
12-02-2026 16:00,12-02-2026 16:15,23,77,69.07,1.5,303.36,110.26
12-02-2026 16:15,12-02-2026 16:30,,,,,,
12-02-2026 16:30,12-02-2026 16:45,23,77,69.39,1.02,183.73,91.71
12-02-2026 16:45,12-02-2026 17:00,41.15,95.8,69.85,1.51,86.22,73.58
12-02-2026 17:00,12-02-2026 17:15,30,73,70.2,1.08,300.11,47.75
12-02-2026 17:15,12-02-2026 17:30,,,,,,
12-02-2026 17:30,12-02-2026 17:45,30,73,70.91,1.11,154.17,26.03
12-02-2026 17:45,12-02-2026 18:00,39.6,83.2,72.45,1.08,143.59,14.36
12-02-2026 18:00,12-02-2026 18:15,25,77,74.24,0.87,213.17,7.61
12-02-2026 18:15,12-02-2026 18:30,,,,,,
12-02-2026 18:30,12-02-2026 18:45,25,77,75.21,1.03,315.16,6.42
12-02-2026 18:45,12-02-2026 19:00,40.15,93,75.52,1.02,174.05,6.31
12-02-2026 19:00,12-02-2026 19:15,38,79,75.81,1.18,212.48,6.35
12-02-2026 19:15,12-02-2026 19:30,,,,,,
12-02-2026 19:30,12-02-2026 19:45,38,79,76.32,1.46,196.68,6.45
12-02-2026 19:45,12-02-2026 20:00,46.78,86.4,76.59,0.93,255.25,6.29
12-02-2026 20:00,12-02-2026 20:15,34,69,76.92,1.55,130.19,6.45
12-02-2026 20:15,12-02-2026 20:30,,,,,,
12-02-2026 20:30,12-02-2026 20:45,34,69,77.33,1.31,249.18,6.55
12-02-2026 20:45,12-02-2026 21:00,34.09,85.7,77.53,1.64,248.76,6.29
12-02-2026 21:00,12-02-2026 21:15,22,84,77.71,1.97,126.14,6.34
12-02-2026 21:15,12-02-2026 21:30,,,,,,
12-02-2026 21:30,12-02-2026 21:45,22,84,77.97,1.19,253.7,6.25
12-02-2026 21:45,12-02-2026 22:00,33.38,77.4,78.11,1.68,196.35,6.12
12-02-2026 22:00,12-02-2026 22:15,32,65,78.61,1.48,198.84,6.07
12-02-2026 22:15,12-02-2026 22:30,,,,,,
12-02-2026 22:30,12-02-2026 22:45,32,65,78.84,1.11,217.83,6.2
12-02-2026 22:45,12-02-2026 23:00,41.2,77.4,79.52,1.28,339.65,5.92
12-02-2026 23:00,12-02-2026 23:15,27,72,79.71,0.98,275.76,6.01
12-02-2026 23:15,12-02-2026 23:30,27,72,79.58,1.68,325.29,6.14
12-02-2026 23:30,12-02-2026 23:45,27,72,79.84,0.84,264.79,6.04
12-02-2026 23:45,13-02-2026 00:00,43.81,89.8,80.18,1,143.57,6.07
13-02-2026 00:00,13-02-2026 00:15,23,64,80.19,1.13,257.7,6.08
13-02-2026 00:15,13-02-2026 00:30,23,64,80.33,1.09,292.11,6.01
13-02-2026 00:30,13-02-2026 00:45,23,64,80.12,0.86,333.99,6
13-02-2026 00:45,13-02-2026 01:00,38.62,79.2,79.95,0.83,262.89,5.9
13-02-2026 01:00,13-02-2026 01:15,24,57,80.06,0.47,272.41,6.01
13-02-2026 01:15,13-02-2026 01:30,24,57,80.58,0.5,206.8,6.1
13-02-2026 01:30,13-02-2026 01:45,24,57,80.85,0.33,186.82,5.97
13-02-2026 01:45,13-02-2026 02:00,39.64,75.6,80.95,0.45,270.99,5.96
13-02-2026 02:00,13-02-2026 02:15,17,48,80.88,0.42,278.77,6.11
13-02-2026 02:15,13-02-2026 02:30,17,48,80.99,0.37,320.38,6.29
13-02-2026 02:30,13-02-2026 02:45,17,48,81.32,0.29,323.93,6.13
13-02-2026 02:45,13-02-2026 03:00,29.82,64.8,80.91,0.27,339.95,6.13
13-02-2026 03:00,13-02-2026 03:15,24,57,81.44,0.27,335.83,6.27
13-02-2026 03:15,13-02-2026 03:30,24,57,82.75,0.43,301.07,6.11
13-02-2026 03:30,13-02-2026 03:45,24,57,83.93,0.55,321.88,6.18
13-02-2026 03:45,13-02-2026 04:00,29,68.6,85.08,0.59,284.19,6.01
13-02-2026 04:00,13-02-2026 04:15,49,86,85.94,1.08,200.66,6.14
13-02-2026 04:15,13-02-2026 04:30,49,86,86.46,0.67,231.34,6.27
13-02-2026 04:30,13-02-2026 04:45,49,86,86.88,0.51,176.15,6.04
13-02-2026 04:45,13-02-2026 05:00,61.24,107.6,86.98,0.68,85.6,6.14
13-02-2026 05:00,13-02-2026 05:15,63,109,86.95,0.67,257.15,6.2
13-02-2026 05:15,13-02-2026 05:30,63,109,87.05,0.51,242.15,6.17
13-02-2026 05:30,13-02-2026 05:45,63,109,87.34,0.27,263.96,6.06
13-02-2026 05:45,13-02-2026 06:00,71.04,118.8,87.55,0.52,285.85,6.14
13-02-2026 06:00,13-02-2026 06:15,70,114,87.62,0.31,236.68,6.17
13-02-2026 06:15,13-02-2026 06:30,70,114,87.55,0.47,256.18,6.45
13-02-2026 06:30,13-02-2026 06:45,70,114,87.1,0.56,213.23,7.79
13-02-2026 06:45,13-02-2026 07:00,72.43,123.4,86.5,0.57,170.19,10.14
13-02-2026 07:00,13-02-2026 07:15,67,129,86.05,0.51,183.45,14.75
13-02-2026 07:15,13-02-2026 07:30,67,129,85.39,0.54,301.13,18.65
13-02-2026 07:30,13-02-2026 07:45,67,129,84.56,0.5,267.04,23.61
13-02-2026 07:45,13-02-2026 08:00,66.49,124.6,83.41,0.67,129.34,26.23
13-02-2026 08:00,13-02-2026 08:15,58,126,82.55,0.47,198.83,54.57
13-02-2026 08:15,13-02-2026 08:30,58,126,81.81,0.66,143.96,65.69
13-02-2026 08:30,13-02-2026 08:45,58,126,80.77,0.48,89.69,39.08
13-02-2026 08:45,13-02-2026 09:00,70.9,140.4,79.62,0.76,268.32,57.85
13-02-2026 09:00,13-02-2026 09:15,57,130,77.3,0.95,177.3,39.16
13-02-2026 09:15,13-02-2026 09:30,57,130,75.76,1.09,202.88,43.12
13-02-2026 09:30,13-02-2026 09:45,57,130,75.74,1.07,157.16,48.92
13-02-2026 09:45,13-02-2026 10:00,57.36,112,74.66,1.02,126.18,40.77
13-02-2026 10:00,13-02-2026 10:15,43,94,73.38,1.94,151.46,53.35
13-02-2026 10:15,13-02-2026 10:30,43,94,72.88,1.21,156.75,82.31
13-02-2026 10:30,13-02-2026 10:45,43,94,72.67,1.77,225.41,87.25
13-02-2026 10:45,13-02-2026 11:00,50.57,93.8,72.38,2.62,68.48,178.96
13-02-2026 11:00,13-02-2026 11:15,27,66,72.02,0.96,249.9,184.59
13-02-2026 11:15,13-02-2026 11:30,27,66,71.06,2.02,210.67,96.54
13-02-2026 11:30,13-02-2026 11:45,27,66,69.89,1.93,155.8,45.36
13-02-2026 11:45,13-02-2026 12:00,39.05,78.6,69.15,2.01,130.79,189.09
13-02-2026 12:00,13-02-2026 12:15,33,68,68.93,1.88,70.61,258.32
13-02-2026 12:15,13-02-2026 12:30,33,68,68.6,1.53,204.36,287.33
13-02-2026 12:30,13-02-2026 12:45,33,68,69.05,1.31,110.29,288.14
13-02-2026 12:45,13-02-2026 13:00,42.92,84.4,68.32,2.45,80.21,288.72
13-02-2026 13:00,13-02-2026 13:15,22,71,68.79,1.6,186.56,282.68
13-02-2026 13:15,13-02-2026 13:30,22,71,67.21,1.88,137.14,281.77
13-02-2026 13:30,13-02-2026 13:45,22,71,66.83,1.3,137.52,274.38
13-02-2026 13:45,13-02-2026 14:00,38.07,84.6,67.34,1.66,178.76,266.95
13-02-2026 14:00,13-02-2026 14:15,21,61,66.87,1.39,199.2,256.42
13-02-2026 14:15,13-02-2026 14:30,21,61,66.92,0.77,99.64,245.05
13-02-2026 14:30,13-02-2026 14:45,16.8,61,66.79,1.51,122.76,230.39
13-02-2026 14:45,13-02-2026 15:00,31.76,74,68.25,1.83,30.25,215.29
13-02-2026 15:00,13-02-2026 15:15,23,68,68.24,1.5,150.28,199.03
13-02-2026 15:15,13-02-2026 15:30,23,68,69.47,1.42,124.3,183.95
13-02-2026 15:30,13-02-2026 15:45,23,68,70.15,1.43,143.32,166.72
13-02-2026 15:45,13-02-2026 16:00,23.2,66.4,70.76,1.35,70.97,146.71
13-02-2026 16:00,13-02-2026 16:15,24,64,71.89,1.68,65.76,127.38
13-02-2026 16:15,13-02-2026 16:30,24,64,72.77,1.26,26.5,108.21
13-02-2026 16:30,13-02-2026 16:45,24,64,73.27,0.94,177.76,89.83
13-02-2026 16:45,13-02-2026 17:00,24.4,64.4,73.32,1.35,88.97,71.93
13-02-2026 17:00,13-02-2026 17:15,26,65,73.83,0.93,208.59,54.58
13-02-2026 17:15,13-02-2026 17:30,26,65,74.47,0.62,196.02,38.53
13-02-2026 17:30,13-02-2026 17:45,26,65,75.2,1.11,69.34,21.81
13-02-2026 17:45,13-02-2026 18:00,41.76,88,77.12,1.14,190.33,12.45
13-02-2026 18:00,13-02-2026 18:15,19,69,78.71,1.18,205.07,7.72
13-02-2026 18:15,13-02-2026 18:30,19,69,79.13,1.42,157.87,6.25
13-02-2026 18:30,13-02-2026 18:45,19,69,79.3,0.9,150.88,6.1
13-02-2026 18:45,13-02-2026 19:00,20.2,71.8,79.17,0.5,74.94,6.24
13-02-2026 19:00,13-02-2026 19:15,25,76,79.93,0.62,179.9,6.22
13-02-2026 19:15,13-02-2026 19:30,25,76,80.02,1.27,208.23,6.36
13-02-2026 19:30,13-02-2026 19:45,25,76,80.52,0.67,216.78,6.34
13-02-2026 19:45,13-02-2026 20:00,40.86,84,80.68,0.91,117.25,6.29
13-02-2026 20:00,13-02-2026 20:15,37,63,80.8,0.56,232.11,6.22
13-02-2026 20:15,13-02-2026 20:30,37,63,81.01,1.68,124.43,6.41
13-02-2026 20:30,13-02-2026 20:45,37,63,81.24,1.32,44.71,6.35
13-02-2026 20:45,13-02-2026 21:00,43.73,73,81.24,1.5,284.6,6.29
13-02-2026 21:00,13-02-2026 21:15,29,59,80.93,1.02,198.28,6.42
13-02-2026 21:15,13-02-2026 21:30,29,59,81.48,0.7,260.37,6.39
13-02-2026 21:30,13-02-2026 21:45,29,59,81.41,1.24,243.26,6.38
13-02-2026 21:45,13-02-2026 22:00,46.01,82.6,81.62,1.08,205.86,6.41
13-02-2026 22:00,13-02-2026 22:15,28,59,81.62,1.08,233.53,6.24
13-02-2026 22:15,13-02-2026 22:30,28,59,81.82,0.75,196.73,6.28
13-02-2026 22:30,13-02-2026 22:45,28,59,82.07,1.34,145.56,6.24
13-02-2026 22:45,13-02-2026 23:00,42.74,76.8,81.92,1.33,89.13,6.34
13-02-2026 23:00,13-02-2026 23:15,27,54,81.06,1.15,275.11,6.31
13-02-2026 23:15,13-02-2026 23:30,27,54,81.34,1.07,197.6,6.11
13-02-2026 23:30,13-02-2026 23:45,27,54,81.86,0.5,144.43,6.08
13-02-2026 23:45,14-02-2026 00:00,31.8,65.6,82.1,1.1,153.17,6.03
14-02-2026 00:00,14-02-2026 00:15,36,50,82.07,0.82,156.18,6.08
14-02-2026 00:15,14-02-2026 00:30,36,50,81.92,0.45,213.1,6.13
14-02-2026 00:30,14-02-2026 00:45,36,50,81.61,0.46,208.69,6.06
14-02-2026 00:45,14-02-2026 01:00,49.4,78.8,81.93,1.03,137.29,5.92
14-02-2026 01:00,14-02-2026 01:15,35,67,82.24,0.77,306.6,5.99
14-02-2026 01:15,14-02-2026 01:30,35,67,81.62,0.31,253.25,5.99
14-02-2026 01:30,14-02-2026 01:45,35,67,80.95,0.53,266.91,5.94
14-02-2026 01:45,14-02-2026 02:00,49.76,84.8,80.55,0.71,152.45,5.92
14-02-2026 02:00,14-02-2026 02:15,45,69,80.14,0.96,257.39,5.93
14-02-2026 02:15,14-02-2026 02:30,45,69,80.25,0.51,305.12,6
14-02-2026 02:30,14-02-2026 02:45,45,69,80.68,0.62,213.69,6
14-02-2026 02:45,14-02-2026 03:00,46.4,72.6,80.81,0.67,282.57,5.83
14-02-2026 03:00,14-02-2026 03:15,52,78,81.3,0.41,339.09,5.9
14-02-2026 03:15,14-02-2026 03:30,52,78,82.98,0.31,147.67,5.97
14-02-2026 03:30,14-02-2026 03:45,52,78,84.77,0.27,330.77,6.04
14-02-2026 03:45,14-02-2026 04:00,55.4,98.4,86.02,0.27,304.88,6.25
14-02-2026 04:00,14-02-2026 04:15,69,129,87.07,0.27,320.82,6.22
14-02-2026 04:15,14-02-2026 04:30,69,129,87.83,0.27,307.02,6.15
14-02-2026 04:30,14-02-2026 04:45,69,129,88.43,0.27,158.21,6.2
14-02-2026 04:45,14-02-2026 05:00,69.5,120,88.64,0.27,332.28,6.15
14-02-2026 05:00,14-02-2026 05:15,69,116,88.75,0.28,221.18,6.24
14-02-2026 05:15,14-02-2026 05:30,69,116,88.96,0.27,191.02,6.27
14-02-2026 05:30,14-02-2026 05:45,69,116,89.26,0.27,137.4,6.18
14-02-2026 05:45,14-02-2026 06:00,69.13,113.8,89.59,0.32,323.93,6.11
14-02-2026 06:00,14-02-2026 06:15,60,108,89.89,0.33,299.37,6.29
14-02-2026 06:15,14-02-2026 06:30,60,108,90.15,0.37,177.16,6.64
14-02-2026 06:30,14-02-2026 06:45,60,108,90.27,0.44,254.86,8.65
14-02-2026 06:45,14-02-2026 07:00,64.1,114.8,90.29,0.65,294.17,12.66
14-02-2026 07:00,14-02-2026 07:15,69,124,90.08,0.54,254.15,16.57
14-02-2026 07:15,14-02-2026 07:30,69,124,89.71,0.36,176.45,23.43
14-02-2026 07:30,14-02-2026 07:45,69,124,89.08,0.28,204.96,25.78
14-02-2026 07:45,14-02-2026 08:00,71.6,124,88.43,0.28,241.69,31.27
14-02-2026 08:00,14-02-2026 08:15,82,124,87.1,0.81,138.33,54.61
14-02-2026 08:15,14-02-2026 08:30,82,124,85.53,0.43,184.43,66.3
14-02-2026 08:30,14-02-2026 08:45,82,124,84.05,0.91,175.64,52.87
14-02-2026 08:45,14-02-2026 09:00,79.8,132,83.42,0.83,278.19,65.65
14-02-2026 09:00,14-02-2026 09:15,71,144,81.21,1.37,140.3,57.63
14-02-2026 09:15,14-02-2026 09:30,71,144,78.75,1.26,89.65,50.15
14-02-2026 09:30,14-02-2026 09:45,71,144,77.96,0.87,154.34,51.67
14-02-2026 09:45,14-02-2026 10:00,72.68,134.8,76.44,1.12,238.73,51.88
14-02-2026 10:00,14-02-2026 10:15,49,115,75.27,1.27,90.63,56.29
14-02-2026 10:15,14-02-2026 10:30,49,115,74.55,1.82,152.29,63.33
14-02-2026 10:30,14-02-2026 10:45,49,115,73.89,1.36,198.42,109.59
14-02-2026 10:45,14-02-2026 11:00,52.96,102.4,73.56,0.84,83.07,180.55
14-02-2026 11:00,14-02-2026 11:15,45,85,73.29,1.93,77.94,142.05
14-02-2026 11:15,14-02-2026 11:30,45,85,72.78,1.38,126.94,93.94
14-02-2026 11:30,14-02-2026 11:45,45,85,71.82,1.28,105.23,62.23
14-02-2026 11:45,14-02-2026 12:00,45.4,81.4,71.57,1.58,151.19,173.8
14-02-2026 12:00,14-02-2026 12:15,47,76,72.86,1.18,80.4,274.36
14-02-2026 12:15,14-02-2026 12:30,47,76,71.32,1.03,97.29,277.02
14-02-2026 12:30,14-02-2026 12:45,47,76,70.65,1.23,95.31,273.15
14-02-2026 12:45,14-02-2026 13:00,48,81.6,70.5,1.46,88.38,270.75
14-02-2026 13:00,14-02-2026 13:15,52,90,70.89,1.68,91.41,268.11
14-02-2026 13:15,14-02-2026 13:30,52,90,71.23,1.31,193.57,264.75
14-02-2026 13:30,14-02-2026 13:45,52,90,70.91,1.75,91.02,257.13
14-02-2026 13:45,14-02-2026 14:00,58.56,96,69.95,1.63,141.51,250.25
14-02-2026 14:00,14-02-2026 14:15,51,84,69.5,0.79,138.69,237.94
14-02-2026 14:15,14-02-2026 14:30,51,84,68.65,1.47,180.87,225.53
14-02-2026 14:30,14-02-2026 14:45,51,84,68.87,1.46,104.43,212.53
14-02-2026 14:45,14-02-2026 15:00,52.2,87.2,69.37,1.61,174.08,196.18
14-02-2026 15:00,14-02-2026 15:15,57,92,68.53,0.85,99.84,181.64
14-02-2026 15:15,14-02-2026 15:30,57,92,69.52,1.1,82.57,162.13
14-02-2026 15:30,14-02-2026 15:45,57,92,70.49,0.83,210.51,145.61
14-02-2026 15:45,14-02-2026 16:00,65.04,104.8,71,1.39,26.5,130.07
14-02-2026 16:00,14-02-2026 16:15,45,86,72.59,1.01,134.37,112.39
14-02-2026 16:15,14-02-2026 16:30,45,86,72.19,1.34,207.54,92.95
14-02-2026 16:30,14-02-2026 16:45,45,86,73.22,1.08,188.56,76.56
14-02-2026 16:45,14-02-2026 17:00,56.01,97.8,74.36,1.5,199.92,57.89
14-02-2026 17:00,14-02-2026 17:15,43,80,74.78,1.18,261.48,43.06
14-02-2026 17:15,14-02-2026 17:30,43,80,74.86,0.73,205.24,29.95
14-02-2026 17:30,14-02-2026 17:45,43,80,75.65,0.91,202.91,18.69
14-02-2026 17:45,14-02-2026 18:00,55.98,97.2,77,1.05,159.02,11.89
14-02-2026 18:00,14-02-2026 18:15,56,90,77.93,0.39,213.76,7.93
14-02-2026 18:15,14-02-2026 18:30,56,90,78.76,0.88,251.58,6.51
14-02-2026 18:30,14-02-2026 18:45,56,90,79.44,0.39,298.29,6.17
14-02-2026 18:45,14-02-2026 19:00,60.88,99.6,79.9,0.55,149.46,6.06
14-02-2026 19:00,14-02-2026 19:15,48,91,80.51,0.4,82.98,6.14
14-02-2026 19:15,14-02-2026 19:30,48,91,80.53,0.33,144.55,6.03
14-02-2026 19:30,14-02-2026 19:45,48,91,80.99,0.33,216.32,6.11
14-02-2026 19:45,14-02-2026 20:00,59.68,105.2,81.28,0.55,251.66,5.93
14-02-2026 20:00,14-02-2026 20:15,53,94,81.58,0.27,328.61,6.07
14-02-2026 20:15,14-02-2026 20:30,53,94,81.85,0.39,207.84,6.15
14-02-2026 20:30,14-02-2026 20:45,53,94,81.98,0.4,337.73,6.22
14-02-2026 20:45,14-02-2026 21:00,59.55,97.8,82.16,0.28,324.14,6.29
14-02-2026 21:00,14-02-2026 21:15,51,83,82.53,0.35,26.5,6.34
14-02-2026 21:15,14-02-2026 21:30,51,83,82.57,0.35,26.5,6.32
14-02-2026 21:30,14-02-2026 21:45,51,83,82.95,0.45,327.33,6.39
14-02-2026 21:45,14-02-2026 22:00,59.89,99,82.95,0.27,338.9,6.29
14-02-2026 22:00,14-02-2026 22:15,47,88,83.16,0.31,195.06,6.35
14-02-2026 22:15,14-02-2026 22:30,47,88,83.3,0.27,283.66,6.41
14-02-2026 22:30,14-02-2026 22:45,47,88,83.58,0.27,351.77,6.28
14-02-2026 22:45,14-02-2026 23:00,58.81,99.4,83.59,0.28,337.39,6.29
14-02-2026 23:00,14-02-2026 23:15,51,82,84,0.27,324.38,6.31
14-02-2026 23:15,14-02-2026 23:30,51,82,84.2,0.27,328.26,6.32
14-02-2026 23:30,14-02-2026 23:45,51,82,84.35,0.27,261.89,6.32
14-02-2026 23:45,15-02-2026 00:00,64.18,102.4,84.44,0.41,170.18,6.13
15-02-2026 00:00,15-02-2026 00:15,47,81,84.49,0.27,304.17,6.28
15-02-2026 00:15,15-02-2026 00:30,47,81,84.48,0.27,326.61,6.31
15-02-2026 00:30,15-02-2026 00:45,47,81,84.86,0.33,281.17,6.32
15-02-2026 00:45,15-02-2026 01:00,58.66,96.4,85.2,0.27,29.85,6.17
15-02-2026 01:00,15-02-2026 01:15,47,79,85.63,0.27,26.5,6.14
15-02-2026 01:15,15-02-2026 01:30,47,79,85.97,0.27,26.5,6.01
15-02-2026 01:30,15-02-2026 01:45,47,79,86.3,0.27,26.5,6.07
15-02-2026 01:45,15-02-2026 02:00,48,79.4,86.74,0.29,312.65,5.97
15-02-2026 02:00,15-02-2026 02:15,52,80,87.22,0.27,317.6,5.97
15-02-2026 02:15,15-02-2026 02:30,52,80,87.82,0.27,310.87,5.92
15-02-2026 02:30,15-02-2026 02:45,52,80,88.34,0.27,327.14,5.99
15-02-2026 02:45,15-02-2026 03:00,56.8,104,88.92,0.27,334.83,5.85
15-02-2026 03:00,15-02-2026 03:15,76,140,89.3,0.27,276.97,5.78
15-02-2026 03:15,15-02-2026 03:30,76,140,89.64,0.27,26.5,5.87
15-02-2026 03:30,15-02-2026 03:45,76,140,89.91,0.27,257.86,5.85
15-02-2026 03:45,15-02-2026 04:00,82.07,146.2,90.27,0.27,314.08,5.8
15-02-2026 04:00,15-02-2026 04:15,105,166,90.48,0.27,286.22,5.87
15-02-2026 04:15,15-02-2026 04:30,105,166,90.73,0.27,298.89,5.99
15-02-2026 04:30,15-02-2026 04:45,105,166,90.97,0.27,299.68,5.82
15-02-2026 04:45,15-02-2026 05:00,104.15,157.8,91.05,0.27,299.37,5.83
15-02-2026 05:00,15-02-2026 05:15,105,151,91.21,0.27,300.66,5.93
15-02-2026 05:15,15-02-2026 05:30,105,151,91.36,0.27,303.68,6.07
15-02-2026 05:30,15-02-2026 05:45,105,151,91.44,0.27,304.1,6.1
15-02-2026 05:45,15-02-2026 06:00,113.48,190,91.7,0.27,299.38,6.06
15-02-2026 06:00,15-02-2026 06:15,177,266,91.86,0.27,315.95,6.13
15-02-2026 06:15,15-02-2026 06:30,177,266,91.93,0.27,332.83,6.61
15-02-2026 06:30,15-02-2026 06:45,177,266,92.09,0.27,336.87,8.08
15-02-2026 06:45,15-02-2026 07:00,147.46,208.8,92.23,0.27,312.65,12.54
15-02-2026 07:00,15-02-2026 07:15,114,185,92.1,0.28,174.13,17.63
15-02-2026 07:15,15-02-2026 07:30,114,185,91.79,0.27,89.19,22.7
15-02-2026 07:30,15-02-2026 07:45,114,185,91.36,0.69,237.11,28.97
15-02-2026 07:45,15-02-2026 08:00,110.51,180.2,90.66,0.64,234.75,34.81
15-02-2026 08:00,15-02-2026 08:15,89,172,89.8,0.54,184.13,51.55
15-02-2026 08:15,15-02-2026 08:30,89,172,88.97,0.55,180.01,74.74
15-02-2026 08:30,15-02-2026 08:45,89,172,87.47,1.21,153.49,57.06
15-02-2026 08:45,15-02-2026 09:00,97.51,173.4,85.92,0.78,208.42,67.27
15-02-2026 09:00,15-02-2026 09:15,99,168,84.11,0.82,213.57,76.62
15-02-2026 09:15,15-02-2026 09:30,99,168,80.59,1.28,153.9,54.99
15-02-2026 09:30,15-02-2026 09:45,99,168,78.34,2.3,85.42,57.09
15-02-2026 09:45,15-02-2026 10:00,93.93,145.8,77.54,0.98,69.22,58.97
15-02-2026 10:00,15-02-2026 10:15,68,116,75.68,0.84,176.79,58.52
15-02-2026 10:15,15-02-2026 10:30,68,116,74.5,0.57,156.58,75.35
15-02-2026 10:30,15-02-2026 10:45,68,116,73.46,0.48,227.74,88.45
15-02-2026 10:45,15-02-2026 11:00,67.15,102.2,73.35,1.13,133.96,230.4
15-02-2026 11:00,15-02-2026 11:15,57,82,73.34,0.5,104.82,117.22
15-02-2026 11:15,15-02-2026 11:30,57,82,73.91,0.78,133.32,77.14
15-02-2026 11:30,15-02-2026 11:45,57,82,73.54,0.79,86.31,64.46
15-02-2026 11:45,15-02-2026 12:00,67.04,102.4,74.18,1,26.5,176
15-02-2026 12:00,15-02-2026 12:15,42,80,73.69,1.31,46.21,274.52
15-02-2026 12:15,15-02-2026 12:30,42,80,71.67,1.04,127.33,277.36
15-02-2026 12:30,15-02-2026 12:45,42,80,71.36,1.15,46.39,276.42
15-02-2026 12:45,15-02-2026 13:00,48.56,83.2,70.9,0.53,32.07,276.64
15-02-2026 13:00,15-02-2026 13:15,44,72,70.98,1.47,57.79,272.79
15-02-2026 13:15,15-02-2026 13:30,44,72,70.61,0.45,132.87,265.43
15-02-2026 13:30,15-02-2026 13:45,44,72,69.64,0.73,36.52,257.9
15-02-2026 13:45,15-02-2026 14:00,58.93,92.6,69.04,0.56,183.83,249.95
15-02-2026 14:00,15-02-2026 14:15,45,69,68.85,0.86,126.63,240.38
15-02-2026 14:15,15-02-2026 14:30,45,69,68.8,0.69,85.65,229.69
15-02-2026 14:30,15-02-2026 14:45,45,69,68.73,1.3,147.8,215.99
15-02-2026 14:45,15-02-2026 15:00,46.6,70.6,68.56,1.14,124.98,201.37
15-02-2026 15:00,15-02-2026 15:15,53,73,68.56,0.94,131.64,186.13
15-02-2026 15:15,15-02-2026 15:30,53,73,68.79,1.1,151.6,169.28
15-02-2026 15:30,15-02-2026 15:45,53,73,69.3,0.81,26.5,152.39
15-02-2026 15:45,15-02-2026 16:00,62.06,90.8,69.87,0.88,136.2,135.23
15-02-2026 16:00,15-02-2026 16:15,46,73,70.24,0.52,26.5,117.23
15-02-2026 16:15,15-02-2026 16:30,46,73,70.68,0.65,201.27,98.77
15-02-2026 16:30,15-02-2026 16:45,46,73,71.02,0.74,62.09,81.94
15-02-2026 16:45,15-02-2026 17:00,48.4,75,71.83,0.52,176.01,63.29
15-02-2026 17:00,15-02-2026 17:15,58,78,72.71,0.43,216.74,47.99
15-02-2026 17:15,15-02-2026 17:30,58,78,73.38,0.54,129.08,34.59
15-02-2026 17:30,15-02-2026 17:45,58,78,74.01,0.36,94.49,23.42
15-02-2026 17:45,15-02-2026 18:00,58.2,74.8,75.73,0.71,87.39,14
15-02-2026 18:00,15-02-2026 18:15,59,70,77.07,0.37,208.94,8.23
15-02-2026 18:15,15-02-2026 18:30,59,70,77.77,0.27,26.5,6.54
15-02-2026 18:30,15-02-2026 18:45,59,70,78.5,0.27,192.22,6.27
15-02-2026 18:45,15-02-2026 19:00,65.51,85,78.99,0.27,26.5,6.27
15-02-2026 19:00,15-02-2026 19:15,55,69,79.64,0.27,26.5,6.18
15-02-2026 19:15,15-02-2026 19:30,55,69,79.88,0.27,26.5,6.23
15-02-2026 19:30,15-02-2026 19:45,55,69,80.65,0.27,90.21,6.2
15-02-2026 19:45,15-02-2026 20:00,56,72.6,80.77,0.27,256.14,6.04
15-02-2026 20:00,15-02-2026 20:15,60,78,81.06,0.27,315.95,6
15-02-2026 20:15,15-02-2026 20:30,60,78,81.54,0.36,305.63,6.1
15-02-2026 20:30,15-02-2026 20:45,60,78,81.73,0.27,253.93,6.13
15-02-2026 20:45,15-02-2026 21:00,60.68,84,81.64,0.27,314.8,6.03
15-02-2026 21:00,15-02-2026 21:15,48,74,81.81,0.27,84.33,6.06
15-02-2026 21:15,15-02-2026 21:30,48,74,81.68,0.4,85.83,6.04
15-02-2026 21:30,15-02-2026 21:45,48,74,82.15,0.37,26.5,6.14
15-02-2026 21:45,15-02-2026 22:00,60.66,96.8,82.68,0.4,26.5,6.11
15-02-2026 22:00,15-02-2026 22:15,41,77,82.87,0.27,198.73,5.92
15-02-2026 22:15,15-02-2026 22:30,41,77,82.97,0.27,261.79,6.25
15-02-2026 22:30,15-02-2026 22:45,41,77,83.13,0.27,194.39,6.43
15-02-2026 22:45,15-02-2026 23:00,44.2,81,83.22,0.27,315.12,6.31
15-02-2026 23:00,15-02-2026 23:15,57,87,83.73,0.27,321.47,6.42
15-02-2026 23:15,15-02-2026 23:30,57,87,83.74,0.27,319,6.35
15-02-2026 23:30,15-02-2026 23:45,57,87,84.06,0.27,329.54,6.32
15-02-2026 23:45,16-02-2026 00:00,70.38,104.4,84.46,0.27,327.62,6.21
16-02-2026 00:00,16-02-2026 00:15,60,81,84.65,0.27,325.94,6.39
16-02-2026 00:15,16-02-2026 00:30,60,81,84.27,0.27,325.11,6.32
16-02-2026 00:30,16-02-2026 00:45,60,81,84.1,0.27,325.5,6.24
16-02-2026 00:45,16-02-2026 01:00,71.97,103.4,83.75,0.27,326.59,6.11
16-02-2026 01:00,16-02-2026 01:15,57,83,83.66,0.27,331.35,6.29
16-02-2026 01:15,16-02-2026 01:30,57,83,84.29,0.27,330.52,6.38
16-02-2026 01:30,16-02-2026 01:45,57,83,84.27,0.27,327.85,6.17
16-02-2026 01:45,16-02-2026 02:00,68.04,100.8,83.52,0.27,320.32,6.25
16-02-2026 02:00,16-02-2026 02:15,60,85,83.03,0.27,86.59,6.27
16-02-2026 02:15,16-02-2026 02:30,60,85,82.88,0.27,26.5,6.25
16-02-2026 02:30,16-02-2026 02:45,60,85,82.89,0.27,26.5,6.13
16-02-2026 02:45,16-02-2026 03:00,64.55,95,83.23,0.27,26.5,6
16-02-2026 03:00,16-02-2026 03:15,55,85,82.82,0.27,26.5,5.97
16-02-2026 03:15,16-02-2026 03:30,55,85,82.83,0.27,26.5,6.07
16-02-2026 03:30,16-02-2026 03:45,55,85,82.26,0.27,176.39,6.03
16-02-2026 03:45,16-02-2026 04:00,62.58,91.6,82.71,0.27,332.88,5.99
16-02-2026 04:00,16-02-2026 04:15,66,81,83.47,0.27,284.61,5.96
16-02-2026 04:15,16-02-2026 04:30,66,81,84.26,0.27,333.57,5.94
16-02-2026 04:30,16-02-2026 04:45,66,81,84.88,0.27,318.77,5.94
16-02-2026 04:45,16-02-2026 05:00,66.23,93.8,85.65,0.27,266.5,5.92
16-02-2026 05:00,16-02-2026 05:15,61,98,86.27,0.27,272.9,5.93
16-02-2026 05:15,16-02-2026 05:30,61,98,86.8,0.27,318.34,5.94
16-02-2026 05:30,16-02-2026 05:45,61,98,87.62,0.27,322.13,5.99
16-02-2026 05:45,16-02-2026 06:00,71.71,115.4,88.06,0.27,263.39,5.78
16-02-2026 06:00,16-02-2026 06:15,80,117,88.35,0.27,26.5,5.93
16-02-2026 06:15,16-02-2026 06:30,80,117,88.55,0.27,26.5,6.15
16-02-2026 06:30,16-02-2026 06:45,80,117,88.86,0.27,269.2,7.51
16-02-2026 06:45,16-02-2026 07:00,83.3,146.8,89.49,0.27,329.92,10.16
16-02-2026 07:00,16-02-2026 07:15,92,185,89.77,0.27,329.85,14.61
16-02-2026 07:15,16-02-2026 07:30,92,185,90.03,0.27,288.02,21.71
16-02-2026 07:30,16-02-2026 07:45,92,185,89.59,0.27,287.33,28.38
16-02-2026 07:45,16-02-2026 08:00,106.12,199.6,88.75,0.27,288.78,35.29
16-02-2026 08:00,16-02-2026 08:15,135,222,87.48,0.27,241.9,48.71
16-02-2026 08:15,16-02-2026 08:30,135,222,86,0.27,201.74,51.04
16-02-2026 08:30,16-02-2026 08:45,135,222,84.65,0.27,318.1,51.57
16-02-2026 08:45,16-02-2026 09:00,123.78,211.2,83.42,0.27,310.45,69.81
16-02-2026 09:00,16-02-2026 09:15,132,243,80.75,0.27,204.19,62.94
16-02-2026 09:15,16-02-2026 09:30,132,243,79.03,0.45,51.16,61.48
16-02-2026 09:30,16-02-2026 09:45,132,243,78.28,0.98,66.77,70.14
16-02-2026 09:45,16-02-2026 10:00,108.97,173.4,77.6,0.83,52.8,70.91
16-02-2026 10:00,16-02-2026 10:15,78,126,76.55,0.75,82.54,73.08
16-02-2026 10:15,16-02-2026 10:30,78,126,76.27,0.69,55.23,82.22
16-02-2026 10:30,16-02-2026 10:45,78,126,75.58,0.92,100.02,97.86
16-02-2026 10:45,16-02-2026 11:00,77.01,115.8,74.7,0.8,62.93,193.34
16-02-2026 11:00,16-02-2026 11:15,75,105,72.63,0.73,103.52,115.88
16-02-2026 11:15,16-02-2026 11:30,75,105,72.12,0.88,54.79,79.65
16-02-2026 11:30,16-02-2026 11:45,75,105,71.82,1.02,72.25,84.8
16-02-2026 11:45,16-02-2026 12:00,73.09,99,70.71,1.09,144.99,199.09
16-02-2026 12:00,16-02-2026 12:15,54,76,69.35,1.22,97.72,260.82
16-02-2026 12:15,16-02-2026 12:30,54,76,69.01,0.99,185.13,263.87
16-02-2026 12:30,16-02-2026 12:45,54,76,68.78,1.45,132.52,255.88
16-02-2026 12:45,16-02-2026 13:00,60.62,91.2,68.12,1,116.57,252.34
16-02-2026 13:00,16-02-2026 13:15,54,85,69,1.17,106.36,256.49
16-02-2026 13:15,16-02-2026 13:30,54,85,68.14,1.37,125.79,251.77
16-02-2026 13:30,16-02-2026 13:45,54,85,68.46,0.67,99.92,241.02
16-02-2026 13:45,16-02-2026 14:00,58.89,91.4,66.93,1.08,95.17,222.88
16-02-2026 14:00,16-02-2026 14:15,59,87,67.13,0.76,115.78,215.83
16-02-2026 14:15,16-02-2026 14:30,59,87,67.78,0.77,94.24,171.67
16-02-2026 14:30,16-02-2026 14:45,59,87,68.4,1.02,129.37,185.32
16-02-2026 14:45,16-02-2026 15:00,61.09,93.4,67.89,0.65,104.4,173.9
16-02-2026 15:00,16-02-2026 15:15,55,90,67.68,1.12,146.72,170.31
16-02-2026 15:15,16-02-2026 15:30,55,90,67.61,0.78,117.32,161.49
16-02-2026 15:30,16-02-2026 15:45,55,90,67.71,0.6,67.82,121.4
16-02-2026 15:45,16-02-2026 16:00,66.43,105.4,68.3,0.91,204.78,97.19
16-02-2026 16:00,16-02-2026 16:15,56,88,69.15,0.62,136.78,59.86
16-02-2026 16:15,16-02-2026 16:30,56,88,70.21,0.57,100.69,63.5
16-02-2026 16:30,16-02-2026 16:45,56,88,70.16,0.47,149.58,67.83
16-02-2026 16:45,16-02-2026 17:00,60.48,94.8,69.77,0.55,87.8,58.38
16-02-2026 17:00,16-02-2026 17:15,59,91,69.86,0.43,100.89,39.63
16-02-2026 17:15,16-02-2026 17:30,59,91,70.27,0.27,88.55,28.04
16-02-2026 17:30,16-02-2026 17:45,59,91,70.99,0.31,210.86,26.8
16-02-2026 17:45,16-02-2026 18:00,51.52,96.4,72.02,0.36,100.7,16.49
16-02-2026 18:00,16-02-2026 18:15,55,88,72.61,0.69,63.12,8.77
16-02-2026 18:15,16-02-2026 18:30,55,88,72.65,0.27,209.98,7.04
16-02-2026 18:30,16-02-2026 18:45,55,88,73.04,0.57,278.88,6.31
16-02-2026 18:45,16-02-2026 19:00,66.84,104.8,72.74,0.44,165.11,6.35
16-02-2026 19:00,16-02-2026 19:15,60,90,72.95,0.27,330.2,6.46
16-02-2026 19:15,16-02-2026 19:30,60,90,73.28,0.31,272.8,6.46
16-02-2026 19:30,16-02-2026 19:45,60,90,73.26,0.43,64.59,6.39
16-02-2026 19:45,16-02-2026 20:00,69.52,100.8,73.45,0.27,74.67,6.14
16-02-2026 20:00,16-02-2026 20:15,61,80,73.62,0.27,26.5,6.11
16-02-2026 20:15,16-02-2026 20:30,61,80,74.49,0.27,90.5,6.06
16-02-2026 20:30,16-02-2026 20:45,61,80,74.75,0.27,26.5,6.24
16-02-2026 20:45,16-02-2026 21:00,60.52,106.4,74.97,0.28,89.54,6.07
16-02-2026 21:00,16-02-2026 21:15,60,94,75.15,0.27,26.5,6.2
16-02-2026 21:15,16-02-2026 21:30,60,94,75.04,0.33,29.6,6.11
16-02-2026 21:30,16-02-2026 21:45,60,94,75.25,0.27,319.12,6.13
16-02-2026 21:45,16-02-2026 22:00,57.84,106.8,75.66,0.27,335,6.11
16-02-2026 22:00,16-02-2026 22:15,58,89,75.44,0.27,333.46,6.11
16-02-2026 22:15,16-02-2026 22:30,58,89,74.51,0.36,332.98,6.07
16-02-2026 22:30,16-02-2026 22:45,58,89,75.05,0.27,335.83,6.14
16-02-2026 22:45,16-02-2026 23:00,63.36,96.4,75.26,0.27,26.5,6.1
16-02-2026 23:00,16-02-2026 23:15,57,86,75.13,0.34,209.2,6.01
16-02-2026 23:15,16-02-2026 23:30,57,86,75.05,0.45,207.29,6
16-02-2026 23:30,16-02-2026 23:45,57,86,75.07,0.35,151.52,6.08
16-02-2026 23:45,17-02-2026 00:00,57.6,104.4,74.7,0.37,57.77,6.29
17-02-2026 00:00,17-02-2026 00:15,55,85,74.33,0.27,88.36,6.29
17-02-2026 00:15,17-02-2026 00:30,55,85,74.06,0.57,145.41,6.28
17-02-2026 00:30,17-02-2026 00:45,55,85,74.11,0.58,273.39,6.39
17-02-2026 00:45,17-02-2026 01:00,67.18,102.4,74.79,0.38,81.46,6.18
17-02-2026 01:00,17-02-2026 01:15,50,78,74.68,0.51,152.38,6.31
17-02-2026 01:15,17-02-2026 01:30,50,78,75.22,0.27,26.5,6.34
17-02-2026 01:30,17-02-2026 01:45,50,78,75.76,0.5,88.97,6.34
17-02-2026 01:45,17-02-2026 02:00,60.56,97.6,75.39,0.67,26.5,6.35
17-02-2026 02:00,17-02-2026 02:15,54,90,75.52,0.31,146.4,6.32
17-02-2026 02:15,17-02-2026 02:30,54,90,75.03,0.74,84.83,6.39
17-02-2026 02:30,17-02-2026 02:45,54,90,74.73,0.52,144,6.41
17-02-2026 02:45,17-02-2026 03:00,64.41,105.8,74.82,0.38,147.04,6.28
17-02-2026 03:00,17-02-2026 03:15,45,86,74.19,0.57,121.33,6.34
17-02-2026 03:15,17-02-2026 03:30,45,86,74.59,0.54,106.77,6.41
17-02-2026 03:30,17-02-2026 03:45,45,86,73.46,0.56,147.6,6.39
17-02-2026 03:45,17-02-2026 04:00,51.63,87.8,73.97,1,123.93,6.42
17-02-2026 04:00,17-02-2026 04:15,51,78,73.97,0.76,26.5,6.27
17-02-2026 04:15,17-02-2026 04:30,51,78,73.93,0.77,148.76,6.11
17-02-2026 04:30,17-02-2026 04:45,51,78,73.53,0.71,146.96,6.25
17-02-2026 04:45,17-02-2026 05:00,60.02,90.8,72.67,0.69,239.63,6
17-02-2026 05:00,17-02-2026 05:15,47,72,73.21,0.59,235.66,6.17
17-02-2026 05:15,17-02-2026 05:30,47,72,74.1,0.71,185.36,6.15
17-02-2026 05:30,17-02-2026 05:45,47,72,73.2,0.83,316.15,6.03
17-02-2026 05:45,17-02-2026 06:00,45.36,86.8,71.73,0.41,205.88,6.13
17-02-2026 06:00,17-02-2026 06:15,49,79,72.8,0.74,162.57,6.18
17-02-2026 06:15,17-02-2026 06:30,49,79,75.55,0.31,146.73,6.39
17-02-2026 06:30,17-02-2026 06:45,49,79,78.44,0.27,138.88,7.96
17-02-2026 06:45,17-02-2026 07:00,68.17,130.2,79.75,0.27,333.74,14.74
17-02-2026 07:00,17-02-2026 07:15,97,172,80.36,0.27,212.42,24.22
17-02-2026 07:15,17-02-2026 07:30,97,172,80.63,0.65,217.11,22.26
17-02-2026 07:30,17-02-2026 07:45,97,172,80.73,0.57,232.11,32.6
17-02-2026 07:45,17-02-2026 08:00,111.68,221.6,80.54,0.49,232.53,30.88
17-02-2026 08:00,17-02-2026 08:15,153,294,81.41,0.74,140.6,48.5
17-02-2026 08:15,17-02-2026 08:30,153,294,80.77,0.55,165.13,50.82
17-02-2026 08:30,17-02-2026 08:45,153,294,80.63,0.7,160.78,43.62
17-02-2026 08:45,17-02-2026 09:00,107.14,235.2,78.69,0.32,191.88,77.73
17-02-2026 09:00,17-02-2026 09:15,123,235,76.08,0.66,169.5,57.99
17-02-2026 09:15,17-02-2026 09:30,123,235,72.92,0.66,146.01,61.2
17-02-2026 09:30,17-02-2026 09:45,123,235,71.65,1.04,124.84,60.34
17-02-2026 09:45,17-02-2026 10:00,97.07,184.6,71.13,1.33,136.13,77.42
17-02-2026 10:00,17-02-2026 10:15,69,137,69.58,1.17,210.41,76.79
17-02-2026 10:15,17-02-2026 10:30,69,137,68.79,1.56,215.04,79.69
17-02-2026 10:30,17-02-2026 10:45,69,137,68.96,1.09,28.76,89.89
17-02-2026 10:45,17-02-2026 11:00,65,120.2,68.64,1.88,106.52,191.69
17-02-2026 11:00,17-02-2026 11:15,49,95,67.65,1.46,151.98,113.6
17-02-2026 11:15,17-02-2026 11:30,49,95,68.25,1.8,210.84,105.85
17-02-2026 11:30,17-02-2026 11:45,49,95,67.83,1.37,216.56,115.52
17-02-2026 11:45,17-02-2026 12:00,49.2,95.8,66.86,1.38,260.12,200.16
17-02-2026 12:00,17-02-2026 12:15,50,97,66.03,1.31,196.22,262.59
17-02-2026 12:15,17-02-2026 12:30,50,97,66.06,1.66,178.46,261.53
17-02-2026 12:30,17-02-2026 12:45,50,97,66.05,0.94,152.46,247.48
17-02-2026 12:45,17-02-2026 13:00,59.93,105.4,65.76,1.2,172.43,253.07
17-02-2026 13:00,17-02-2026 13:15,45,86,64.59,0.96,126.42,264.66
17-02-2026 13:15,17-02-2026 13:30,45,86,62.88,1.49,178.83,265.89
17-02-2026 13:30,17-02-2026 13:45,45,86,62.21,0.96,240.19,260.81
17-02-2026 13:45,17-02-2026 14:00,55.26,95.2,62.53,1.46,103.87,255.35
17-02-2026 14:00,17-02-2026 14:15,36,71,62.48,0.95,108.59,245.45
17-02-2026 14:15,17-02-2026 14:30,36,71,62.31,1.81,98,234.87
17-02-2026 14:30,17-02-2026 14:45,36,71,61.78,1.52,244.14,222.59
17-02-2026 14:45,17-02-2026 15:00,39.8,82.4,62.33,1.12,182.93,209.99
17-02-2026 15:00,17-02-2026 15:15,43,65,62.39,1.55,188.98,191.72
17-02-2026 15:15,17-02-2026 15:30,43,65,62.84,1.21,195.14,165.67
17-02-2026 15:30,17-02-2026 15:45,43,65,63.22,0.77,94.24,162.97
17-02-2026 15:45,17-02-2026 16:00,48.29,89,63.61,1.03,191.84,129.49
17-02-2026 16:00,17-02-2026 16:15,38,71,64.48,0.66,200.78,118.68
17-02-2026 16:15,17-02-2026 16:30,38,71,65.05,0.8,214.69,103.68
17-02-2026 16:30,17-02-2026 16:45,38,71,64.99,0.74,131.21,72.14
17-02-2026 16:45,17-02-2026 17:00,50.08,84,64.22,0.72,252.97,67.24
17-02-2026 17:00,17-02-2026 17:15,35,61,64.7,0.57,212.65,52.93
17-02-2026 17:15,17-02-2026 17:30,35,61,65.35,0.46,160,40.93
17-02-2026 17:30,17-02-2026 17:45,35,61,66.27,0.71,265.35,29.89
17-02-2026 17:45,17-02-2026 18:00,46.02,76,67.77,0.76,298.28,16.93
17-02-2026 18:00,17-02-2026 18:15,51,72,68.72,0.99,154.45,8.65
17-02-2026 18:15,17-02-2026 18:30,51,72,69.18,0.65,261.62,7.17
17-02-2026 18:30,17-02-2026 18:45,51,72,69.66,0.65,148.79,6.32
17-02-2026 18:45,17-02-2026 19:00,56.48,92.4,70.21,0.75,314.91,6.27
17-02-2026 19:00,17-02-2026 19:15,28,81,70.48,0.84,214.08,6.36
17-02-2026 19:15,17-02-2026 19:30,28,81,70.89,0.56,332.83,6.39
17-02-2026 19:30,17-02-2026 19:45,28,81,71.29,0.44,273.78,6.42
17-02-2026 19:45,17-02-2026 20:00,43.89,93.8,71.26,0.36,318.06,6.34
17-02-2026 20:00,17-02-2026 20:15,36,77,71.69,0.38,205.16,6.36
17-02-2026 20:15,17-02-2026 20:30,36,77,72.22,0.92,193.92,6.31
17-02-2026 20:30,17-02-2026 20:45,36,77,72.15,0.69,207.06,6.32
17-02-2026 20:45,17-02-2026 21:00,49.39,86.6,72,0.38,211.64,6.28
17-02-2026 21:00,17-02-2026 21:15,46,68,72.77,0.7,279.11,6.31
17-02-2026 21:15,17-02-2026 21:30,46,68,72.73,0.85,142.72,6.22
17-02-2026 21:30,17-02-2026 21:45,46,68,73.15,0.72,252.65,6.15
17-02-2026 21:45,17-02-2026 22:00,42.94,76.4,73.58,0.52,213.48,6.17
17-02-2026 22:00,17-02-2026 22:15,40,64,73.92,0.77,129.4,6.13
17-02-2026 22:15,17-02-2026 22:30,40,64,74.03,0.4,206.57,6.13
17-02-2026 22:30,17-02-2026 22:45,40,64,74.16,0.39,334.28,6.06
17-02-2026 22:45,17-02-2026 23:00,53.62,88.4,74.34,1.14,263.43,6.08
17-02-2026 23:00,17-02-2026 23:15,35,70,73.87,0.27,260.6,6.18
17-02-2026 23:15,17-02-2026 23:30,35,70,74.1,0.43,161.55,6.13
17-02-2026 23:30,17-02-2026 23:45,35,70,73.97,0.39,172.14,6.2
17-02-2026 23:45,18-02-2026 00:00,35.69,78.6,74.11,0.54,192.74,6.06
18-02-2026 00:00,18-02-2026 00:15,37,70,74.23,0.44,151.95,6.24
18-02-2026 00:15,18-02-2026 00:30,37,70,74.45,0.37,214.7,6.11
18-02-2026 00:30,18-02-2026 00:45,37,70,74.74,0.39,339.35,6.13
18-02-2026 00:45,18-02-2026 01:00,37,65.6,74.55,0.27,190.71,6.06
18-02-2026 01:00,18-02-2026 01:15,37,59,75.1,0.31,308.93,5.9
18-02-2026 01:15,18-02-2026 01:30,37,59,75.12,0.45,206.91,6.1
18-02-2026 01:30,18-02-2026 01:45,37,59,75.11,0.27,242.04,6.3
18-02-2026 01:45,18-02-2026 02:00,53.28,84.4,75.16,0.37,195.66,6.18
18-02-2026 02:00,18-02-2026 02:15,41,64,75.22,0.49,264.18,6.22
18-02-2026 02:15,18-02-2026 02:30,41,64,74.91,0.43,89.03,6.34
18-02-2026 02:30,18-02-2026 02:45,41,64,75.24,0.42,199.51,6.36
18-02-2026 02:45,18-02-2026 03:00,48.31,77.4,75.26,0.27,275.79,6.28
18-02-2026 03:00,18-02-2026 03:15,36,66,75.74,0.38,271.87,6.35
18-02-2026 03:15,18-02-2026 03:30,36,66,75.78,0.34,336.5,6.44
18-02-2026 03:30,18-02-2026 03:45,36,66,75.96,0.38,205.08,6.24
18-02-2026 03:45,18-02-2026 04:00,38.4,64.4,75.64,0.33,321.38,6.21
18-02-2026 04:00,18-02-2026 04:15,48,62,75.76,0.32,207.3,6.38
18-02-2026 04:15,18-02-2026 04:30,48,62,76.2,0.27,329.54,6.42
18-02-2026 04:30,18-02-2026 04:45,48,62,75.94,0.42,318.32,6.42
18-02-2026 04:45,18-02-2026 05:00,55.12,78,75.77,0.27,281.08,6.24
18-02-2026 05:00,18-02-2026 05:15,38,61,76,0.27,306.89,6.34
18-02-2026 05:15,18-02-2026 05:30,38,61,76.98,0.27,313.59,6.35
18-02-2026 05:30,18-02-2026 05:45,38,61,79.36,0.27,326.39,6.2
18-02-2026 05:45,18-02-2026 06:00,48.69,92.2,80.95,0.27,286.36,6
18-02-2026 06:00,18-02-2026 06:15,56,113,82.05,0.27,262.52,6.2
18-02-2026 06:15,18-02-2026 06:30,56,113,82.88,0.42,262.98,6.69
18-02-2026 06:30,18-02-2026 06:45,56,113,83.3,0.28,335.36,8.71
18-02-2026 06:45,18-02-2026 07:00,51.02,153.6,83.65,0.45,279.36,13.92
18-02-2026 07:00,18-02-2026 07:15,95,204,83.46,0.28,297.17,19.44
18-02-2026 07:15,18-02-2026 07:30,95,204,82.72,0.35,62.13,20.81
18-02-2026 07:30,18-02-2026 07:45,95,204,82.31,0.63,71.76,25.67
18-02-2026 07:45,18-02-2026 08:00,94.65,200.2,81.83,0.29,312.29,30.9
18-02-2026 08:00,18-02-2026 08:15,107,234,81.05,0.36,145,59.69
18-02-2026 08:15,18-02-2026 08:30,107,234,79.29,0.65,211.44,90.06
18-02-2026 08:30,18-02-2026 08:45,107,234,77.36,0.67,275.48,100.76
18-02-2026 08:45,18-02-2026 09:00,85.65,209.4,75.06,1.39,148.35,115.1
18-02-2026 09:00,18-02-2026 09:15,105,207,72.66,0.56,233.18,47.65
18-02-2026 09:15,18-02-2026 09:30,105,207,70.99,0.46,178.44,42.57
18-02-2026 09:30,18-02-2026 09:45,105,207,70.46,0.73,143.35,45.88
18-02-2026 09:45,18-02-2026 10:00,83.88,144.4,70.23,0.73,233.02,47.38
18-02-2026 10:00,18-02-2026 10:15,48,96,68.85,0.81,179.05,59.6
18-02-2026 10:15,18-02-2026 10:30,48,96,67.54,0.86,203.28,60.71
18-02-2026 10:30,18-02-2026 10:45,48,96,67.12,0.88,157.59,73.5
18-02-2026 10:45,18-02-2026 11:00,47.4,88,66.54,1.28,85.46,219.97
18-02-2026 11:00,18-02-2026 11:15,45,76,66.82,1.03,158.98,207.8
18-02-2026 11:15,18-02-2026 11:30,45,76,66.38,1.15,97.31,61.82
18-02-2026 11:30,18-02-2026 11:45,45,76,66.27,1.03,45.57,52.99
18-02-2026 11:45,18-02-2026 12:00,52.59,87.4,65.68,0.65,189.77,172.98
18-02-2026 12:00,18-02-2026 12:15,35,71,65.53,0.91,58.78,212.85
18-02-2026 12:15,18-02-2026 12:30,35,71,65.51,0.69,146.41,184.74
18-02-2026 12:30,18-02-2026 12:45,35,71,65.54,1.13,79.44,245.58
18-02-2026 12:45,18-02-2026 13:00,45.58,80.4,65.4,1.15,72.6,244.09
18-02-2026 13:00,18-02-2026 13:15,41,67,65.37,0.49,87.5,242.15
18-02-2026 13:15,18-02-2026 13:30,41,67,64.53,0.96,175.72,222.38
18-02-2026 13:30,18-02-2026 13:45,41,67,64.79,1.41,177.25,199.89
18-02-2026 13:45,18-02-2026 14:00,46.96,86.8,65.02,0.76,81.25,177.5
18-02-2026 14:00,18-02-2026 14:15,34,64,65.64,1.12,107.95,154.96
18-02-2026 14:15,18-02-2026 14:30,34,64,65.74,0.6,82.19,166.7
18-02-2026 14:30,18-02-2026 14:45,34,64,65.45,1.45,150.95,198.4
18-02-2026 14:45,18-02-2026 15:00,48.3,80,65.08,0.75,128.05,144.21
18-02-2026 15:00,18-02-2026 15:15,29,51,65.96,0.73,119.09,134.33
18-02-2026 15:15,18-02-2026 15:30,29,51,66.17,0.59,269.79,119.17
18-02-2026 15:30,18-02-2026 15:45,29,51,66.28,1.02,215.31,163.26
18-02-2026 15:45,18-02-2026 16:00,42.31,72.2,65.81,0.96,168.6,164.6
18-02-2026 16:00,18-02-2026 16:15,29,56,66.72,1.3,217.23,97.03
18-02-2026 16:15,18-02-2026 16:30,29,56,67.64,1.78,178.15,113.94
18-02-2026 16:30,18-02-2026 16:45,29,56,68.05,1.5,151.15,88.48
18-02-2026 16:45,18-02-2026 17:00,39.82,72.4,68.58,1.19,272.36,70.93
18-02-2026 17:00,18-02-2026 17:15,38,68,68.43,1.02,263.81,54.65
18-02-2026 17:15,18-02-2026 17:30,38,68,68.13,0.75,193.79,29.04
18-02-2026 17:30,18-02-2026 17:45,38,68,69.4,0.64,254.66,20.09
18-02-2026 17:45,18-02-2026 18:00,41.91,87.8,70.51,0.68,179.29,10.39
18-02-2026 18:00,18-02-2026 18:15,32,78,71.92,0.59,203.37,7.64
18-02-2026 18:15,18-02-2026 18:30,32,78,73.61,0.37,215.41,6.45
18-02-2026 18:30,18-02-2026 18:45,32,78,74.68,0.73,343.43,6.32
18-02-2026 18:45,18-02-2026 19:00,37.14,90.4,75.15,0.48,150.89,6.28
18-02-2026 19:00,18-02-2026 19:15,41,79,75.29,0.58,206.69,6.38
18-02-2026 19:15,18-02-2026 19:30,41,79,75.47,0.51,272.71,6.36
18-02-2026 19:30,18-02-2026 19:45,41,79,75.47,1.16,207.34,6.39
18-02-2026 19:45,18-02-2026 20:00,56.65,99.8,75.57,0.86,333.45,6.38
18-02-2026 20:00,18-02-2026 20:15,40,78,75.91,0.43,263.36,6.32
18-02-2026 20:15,18-02-2026 20:30,40,78,76.28,0.74,277.73,6.45
18-02-2026 20:30,18-02-2026 20:45,40,78,76.18,0.34,303.61,6.39
18-02-2026 20:45,18-02-2026 21:00,55.13,101.4,76.37,0.55,335.42,6.32
18-02-2026 21:00,18-02-2026 21:15,38,85,76.5,0.35,280.85,6.38
18-02-2026 21:15,18-02-2026 21:30,38,85,76.36,0.74,283.69,6.56
18-02-2026 21:30,18-02-2026 21:45,38,85,76.38,0.42,244.13,6.49
18-02-2026 21:45,18-02-2026 22:00,36.6,78.6,76.39,0.54,275.37,6.34
18-02-2026 22:00,18-02-2026 22:15,31,69,76.73,0.94,243.04,6.36
18-02-2026 22:15,18-02-2026 22:30,31,69,76.9,0.5,268.16,6.43
18-02-2026 22:30,18-02-2026 22:45,31,69,77.21,0.53,222.19,6.39
18-02-2026 22:45,18-02-2026 23:00,46.83,81.8,77.41,0.54,208.01,6.17
18-02-2026 23:00,18-02-2026 23:15,43,60,77.35,0.32,333.95,6.15
18-02-2026 23:15,18-02-2026 23:30,43,60,77.41,0.27,333.26,6.18
18-02-2026 23:30,18-02-2026 23:45,43,60,77.84,0.59,324.56,6.04
18-02-2026 23:45,19-02-2026 00:00,49.33,82.2,77.78,0.39,332.87,6.06
19-02-2026 00:00,19-02-2026 00:15,37,55,77.92,0.27,337.91,5.9
19-02-2026 00:15,19-02-2026 00:30,37,55,78.29,0.63,322.24,6.06
19-02-2026 00:30,19-02-2026 00:45,37,55,78.22,0.58,267.74,6.03
19-02-2026 00:45,19-02-2026 01:00,46.09,72.6,78.33,0.39,336.18,6.1
19-02-2026 01:00,19-02-2026 01:15,33,60,78.43,0.43,242.18,6.03
19-02-2026 01:15,19-02-2026 01:30,33,60,78.41,0.68,330.18,6.07
19-02-2026 01:30,19-02-2026 01:45,33,60,78.41,0.72,265.6,6.15
19-02-2026 01:45,19-02-2026 02:00,42.31,74.2,78.24,0.47,329.23,5.93
19-02-2026 02:00,19-02-2026 02:15,30,62,78.24,0.77,90.42,6.15
19-02-2026 02:15,19-02-2026 02:30,30,62,78.16,0.71,221.07,5.99
19-02-2026 02:30,19-02-2026 02:45,30,62,77.94,1.1,160.63,6.08
19-02-2026 02:45,19-02-2026 03:00,47.03,79.4,77.67,0.89,278.51,6.06
19-02-2026 03:00,19-02-2026 03:15,34,51,77.74,1,280.16,6.15
19-02-2026 03:15,19-02-2026 03:30,34,51,77.66,0.97,178.43,6.35
19-02-2026 03:30,19-02-2026 03:45,34,51,77.7,0.75,269.25,6.38
19-02-2026 03:45,19-02-2026 04:00,45.78,74.4,77.26,0.75,307.39,6.36
19-02-2026 04:00,19-02-2026 04:15,32,62,77.11,0.78,253.78,6.34
19-02-2026 04:15,19-02-2026 04:30,32,62,77.22,0.63,209.09,6.36
19-02-2026 04:30,19-02-2026 04:45,32,62,77.48,0.45,322.73,6.24
19-02-2026 04:45,19-02-2026 05:00,38.44,81.2,77.85,0.89,278.53,6.31
19-02-2026 05:00,19-02-2026 05:15,39,67,77.98,0.97,267.04,6.36
19-02-2026 05:15,19-02-2026 05:30,39,67,77.7,0.82,206.18,6.41
19-02-2026 05:30,19-02-2026 05:45,39,67,77.79,1.49,124.1,6.38
19-02-2026 05:45,19-02-2026 06:00,50.64,86.4,78.07,0.86,171.56,6.36
19-02-2026 06:00,19-02-2026 06:15,40,75,78.18,0.89,210.86,6.39
19-02-2026 06:15,19-02-2026 06:30,40,75,78.64,0.87,312.93,6.95
19-02-2026 06:30,19-02-2026 06:45,40,75,78.29,0.98,195.4,9.11
19-02-2026 06:45,19-02-2026 07:00,46.09,79.8,78.68,0.95,180.32,13.67
19-02-2026 07:00,19-02-2026 07:15,37,68,78.23,0.56,325.09,16.88
19-02-2026 07:15,19-02-2026 07:30,37,68,77.81,0.72,264.5,21.8
19-02-2026 07:30,19-02-2026 07:45,37,68,77.54,1.1,337.92,26.98
19-02-2026 07:45,19-02-2026 08:00,46.7,83.6,77.1,1.09,321.99,32.54
19-02-2026 08:00,19-02-2026 08:15,38,76,76.13,1.06,136.3,62.22
19-02-2026 08:15,19-02-2026 08:30,38,76,75.74,0.86,280.08,84.2
19-02-2026 08:30,19-02-2026 08:45,38,76,75.07,1.12,199.61,114.11
19-02-2026 08:45,19-02-2026 09:00,53.79,94.2,74.15,1.48,210.54,109.31
19-02-2026 09:00,19-02-2026 09:15,36,68,73.56,0.91,87.97,109.34
19-02-2026 09:15,19-02-2026 09:30,36,68,72.44,1.03,261.99,60.01
19-02-2026 09:30,19-02-2026 09:45,36,68,71.49,1.57,240.82,42.58
19-02-2026 09:45,19-02-2026 10:00,46.3,95.6,70.84,0.78,114.22,43.34
19-02-2026 10:00,19-02-2026 10:15,38,76,70.89,1,180.06,71.97
19-02-2026 10:15,19-02-2026 10:30,38,76,71.06,1.25,172.4,64.02
19-02-2026 10:30,19-02-2026 10:45,38,76,70.88,1.61,145.71,113.86
19-02-2026 10:45,19-02-2026 11:00,48.38,87.6,71.19,1.28,49.81,217.89
19-02-2026 11:00,19-02-2026 11:15,33,70,70.49,1.24,89.44,203.21
19-02-2026 11:15,19-02-2026 11:30,33,70,71.06,1.47,190.23,111.7
19-02-2026 11:30,19-02-2026 11:45,33,70,69.93,1.9,174.73,55.78
19-02-2026 11:45,19-02-2026 12:00,32.8,73.2,69.56,1.23,210.52,121.95
19-02-2026 12:00,19-02-2026 12:15,32,78,68.94,1.61,269.58,283.5
19-02-2026 12:15,19-02-2026 12:30,32,78,68.69,1.41,206.43,284.99
19-02-2026 12:30,19-02-2026 12:45,32,78,69.55,0.99,191.43,282.89
19-02-2026 12:45,19-02-2026 13:00,42.24,86,68.96,1.81,88.95,278.74
19-02-2026 13:00,19-02-2026 13:15,32,73,68.85,1.33,255.74,280.07
19-02-2026 13:15,19-02-2026 13:30,32,73,67.48,1.46,38.41,272.68
19-02-2026 13:30,19-02-2026 13:45,32,73,68.24,1.3,136.42,262.32
19-02-2026 13:45,19-02-2026 14:00,31.6,70.2,67.4,0.68,128.77,224.71
19-02-2026 14:00,19-02-2026 14:15,30,66,66.9,1.06,154.99,248.23
19-02-2026 14:15,19-02-2026 14:30,30,66,67.5,1.13,91.07,240.18
19-02-2026 14:30,19-02-2026 14:45,30,66,67.62,1.44,29.43,226.4
19-02-2026 14:45,19-02-2026 15:00,34.77,77.8,67.58,0.86,145.76,206.71
19-02-2026 15:00,19-02-2026 15:15,35,64,67.98,1.7,208.99,195.11
19-02-2026 15:15,19-02-2026 15:30,35,64,67.95,1.38,107.19,178.42
19-02-2026 15:30,19-02-2026 15:45,35,64,68.62,1.23,161.7,157.85
19-02-2026 15:45,19-02-2026 16:00,50.45,87,69.38,1,255.98,132.92
19-02-2026 16:00,19-02-2026 16:15,27,61,70.41,2.25,129.03,122.8
19-02-2026 16:15,19-02-2026 16:30,27,61,70.8,1.64,126.1,100.82
19-02-2026 16:30,19-02-2026 16:45,27,61,70.83,1.24,151.88,70.84
19-02-2026 16:45,19-02-2026 17:00,27,60.2,71.52,1.46,226.8,66.75
19-02-2026 17:00,19-02-2026 17:15,27,59,72.22,1.31,90.03,45.36
19-02-2026 17:15,19-02-2026 17:30,27,59,73.39,1.76,153.17,25.84
19-02-2026 17:30,19-02-2026 17:45,27,59,74.77,1.12,75.12,19.81
19-02-2026 17:45,19-02-2026 18:00,42.5,80.8,75.19,0.88,183.42,12.65
19-02-2026 18:00,19-02-2026 18:15,34,68,75.86,1.53,258.98,8.02
19-02-2026 18:15,19-02-2026 18:30,34,68,76.76,1.22,308.49,6.45
19-02-2026 18:30,19-02-2026 18:45,34,68,77.01,0.73,262.72,6.03
19-02-2026 18:45,19-02-2026 19:00,35.74,78.4,77.27,0.65,224.97,6.06
19-02-2026 19:00,19-02-2026 19:15,62.6,69,77.37,0.75,183.5,6.18
19-02-2026 19:15,19-02-2026 19:30,63.6,69,77.69,0.44,325,6.17
19-02-2026 19:30,19-02-2026 19:45,59.8,69,77.6,0.59,193.7,6.15
19-02-2026 19:45,19-02-2026 20:00,57,67.8,78.17,0.66,322.01,6
19-02-2026 20:00,19-02-2026 20:15,34,66,78.28,0.85,230.48,6.35
19-02-2026 20:15,19-02-2026 20:30,34,66,78.64,0.71,208.63,6.34
19-02-2026 20:30,19-02-2026 20:45,34,66,78.66,1.03,147.89,6.35
19-02-2026 20:45,19-02-2026 21:00,46.84,84,79.29,0.68,26.5,6.27
19-02-2026 21:00,19-02-2026 21:15,36,70,79.62,0.73,252.31,6.39
19-02-2026 21:15,19-02-2026 21:30,36,70,79.73,0.86,276.09,6.25
19-02-2026 21:30,19-02-2026 21:45,36,70,80.04,0.76,238.08,6.36
19-02-2026 21:45,19-02-2026 22:00,54.11,91.8,80.24,0.8,150.61,6.43
19-02-2026 22:00,19-02-2026 22:15,41,66,80.57,1.05,294.81,6.43
19-02-2026 22:15,19-02-2026 22:30,41,66,80.63,1.08,192.67,6.36
19-02-2026 22:30,19-02-2026 22:45,41,66,80.97,1.11,219.9,6.44
19-02-2026 22:45,19-02-2026 23:00,40.6,63.6,81.16,0.99,209.91,6.29
19-02-2026 23:00,19-02-2026 23:15,39,60,81.02,0.69,251.89,6.34
19-02-2026 23:15,19-02-2026 23:30,39,60,81.11,0.9,279.17,6.42
19-02-2026 23:30,19-02-2026 23:45,39,60,81.38,1.08,258.77,6.48
19-02-2026 23:45,20-02-2026 00:00,45.5,84.4,81.48,1.06,218.12,6.36
20-02-2026 00:00,20-02-2026 00:15,39,66,81.44,0.77,331.38,6.36
20-02-2026 00:15,20-02-2026 00:30,39,66,81.58,1.2,216.38,6.03
20-02-2026 00:30,20-02-2026 00:45,39,66,81.64,1,291.93,6
20-02-2026 00:45,20-02-2026 01:00,51.61,78.2,81.88,1.16,211.41,5.97
20-02-2026 01:00,20-02-2026 01:15,39,51,81.99,0.94,211.96,5.99
20-02-2026 01:15,20-02-2026 01:30,39,51,82.2,0.4,189.58,5.94
20-02-2026 01:30,20-02-2026 01:45,39,51,82.45,0.39,321.04,6.07
20-02-2026 01:45,20-02-2026 02:00,50.1,75.6,82.52,0.55,148.07,6.01
20-02-2026 02:00,20-02-2026 02:15,36,63,82.61,0.64,220.04,6
20-02-2026 02:15,20-02-2026 02:30,36,63,82.88,0.69,343.9,5.92
20-02-2026 02:30,20-02-2026 02:45,36,63,82.97,1,267.83,6
20-02-2026 02:45,20-02-2026 03:00,40.45,80.2,83.15,0.76,345.27,5.93
20-02-2026 03:00,20-02-2026 03:15,39,65,83.19,0.57,308.48,6.08
20-02-2026 03:15,20-02-2026 03:30,39,65,83.23,1.06,271.4,5.93
20-02-2026 03:30,20-02-2026 03:45,39,65,83.3,1.63,293.33,6
20-02-2026 03:45,20-02-2026 04:00,46.03,77.8,83.67,0.94,191.04,5.87
20-02-2026 04:00,20-02-2026 04:15,41,74,84.21,0.98,209.99,6
20-02-2026 04:15,20-02-2026 04:30,41,74,84.53,1.32,144.37,5.99
20-02-2026 04:30,20-02-2026 04:45,41,74,84.74,1.06,207.4,6.15
20-02-2026 04:45,20-02-2026 05:00,47.74,106.4,84.82,1.31,214.8,6.27
20-02-2026 05:00,20-02-2026 05:15,46,103,85,1.1,200.83,6.14
20-02-2026 05:15,20-02-2026 05:30,46,103,85.44,0.27,249.74,6.31
20-02-2026 05:30,20-02-2026 05:45,46,103,86.29,0.27,279.87,6.29
20-02-2026 05:45,20-02-2026 06:00,45.67,117,86.97,0.27,342.67,6.14
20-02-2026 06:00,20-02-2026 06:15,64,120,87.5,0.32,221.21,6.21
20-02-2026 06:15,20-02-2026 06:30,64,120,87.6,0.46,204.79,7.12
20-02-2026 06:30,20-02-2026 06:45,64,120,87.76,0.81,182.96,10.57
20-02-2026 06:45,20-02-2026 07:00,58.42,125.6,87.61,0.27,271.93,15.19
20-02-2026 07:00,20-02-2026 07:15,74,117,87.49,0.57,274.39,21.78
20-02-2026 07:15,20-02-2026 07:30,74,117,87.26,0.72,214.77,25.06
20-02-2026 07:30,20-02-2026 07:45,74,117,86.78,1.3,198.71,32.36
20-02-2026 07:45,20-02-2026 08:00,60.91,129,85.62,1.14,145.64,33.8
20-02-2026 08:00,20-02-2026 08:15,70,142,84.86,1.27,170.29,68.33
20-02-2026 08:15,20-02-2026 08:30,70,142,84.02,1.65,184.69,96.33
20-02-2026 08:30,20-02-2026 08:45,70,142,83.15,1.62,182,117.43
20-02-2026 08:45,20-02-2026 09:00,64.62,138,81.35,1.26,222.8,133.6
20-02-2026 09:00,20-02-2026 09:15,59,116,79.51,1.52,243.64,97.83
20-02-2026 09:15,20-02-2026 09:30,59,116,77.5,1.42,218.9,53.79
20-02-2026 09:30,20-02-2026 09:45,59,116,75.99,2.58,89.65,41.17
20-02-2026 09:45,20-02-2026 10:00,58.28,116.8,75.1,2.13,88.56,41.21
20-02-2026 10:00,20-02-2026 10:15,41,88,74.81,1.8,212.32,47.26
20-02-2026 10:15,20-02-2026 10:30,41,88,74.67,1.64,49.55,111.28
20-02-2026 10:30,20-02-2026 10:45,41,88,75.85,2.12,253.97,153.85
20-02-2026 10:45,20-02-2026 11:00,44.23,99,76.18,1.97,173.72,208.9
20-02-2026 11:00,20-02-2026 11:15,32,84,75.28,1.8,158.22,215.5
20-02-2026 11:15,20-02-2026 11:30,32,84,74.14,1.48,86.71,173.75
20-02-2026 11:30,20-02-2026 11:45,32,84,74,1.35,129.56,190
20-02-2026 11:45,20-02-2026 12:00,41.64,86.8,73.55,1.58,94.52,161.56
20-02-2026 12:00,20-02-2026 12:15,29,69,72.68,1.72,186.72,278.78
20-02-2026 12:15,20-02-2026 12:30,29,69,72.13,2.29,152.59,278.01
20-02-2026 12:30,20-02-2026 12:45,29,69,71.59,2.12,30.34,279.16
20-02-2026 12:45,20-02-2026 13:00,41.13,84.2,71.66,2.22,152.41,274.54
20-02-2026 13:00,20-02-2026 13:15,27,71,71.17,1.91,225.92,271.36
20-02-2026 13:15,20-02-2026 13:30,27,71,71.03,1.68,193.38,264.89
20-02-2026 13:30,20-02-2026 13:45,27,71,70.73,1.87,81.72,259.8
20-02-2026 13:45,20-02-2026 14:00,48.45,96.2,71.57,2.96,149.38,251.32
20-02-2026 14:00,20-02-2026 14:15,41,77,71.78,2.18,72.29,244.01
20-02-2026 14:15,20-02-2026 14:30,41,77,70.12,1.14,172.88,233.32
20-02-2026 14:30,20-02-2026 14:45,41,77,69.24,1.66,149.46,222.24
20-02-2026 14:45,20-02-2026 15:00,38.2,71.4,70.52,1.19,116.82,206.88
20-02-2026 15:00,20-02-2026 15:15,27,63,70.75,1.82,75.64,190.93
20-02-2026 15:15,20-02-2026 15:30,27,63,70.88,1.74,70.11,173.29
20-02-2026 15:30,20-02-2026 15:45,27,63,71.14,0.96,167.1,155
20-02-2026 15:45,20-02-2026 16:00,44.25,87.4,71.66,1.4,85.77,138.21
20-02-2026 16:00,20-02-2026 16:15,33,73,72.15,2.09,57.06,120.56
20-02-2026 16:15,20-02-2026 16:30,33,73,73.49,1.97,96.78,103.7
20-02-2026 16:30,20-02-2026 16:45,33,73,73.99,1.59,150.48,85.38
20-02-2026 16:45,20-02-2026 17:00,45.77,84.2,74.28,1.71,196.69,67.24
20-02-2026 17:00,20-02-2026 17:15,33,63,75.27,1.99,244.59,51.47
20-02-2026 17:15,20-02-2026 17:30,33,63,75.91,1.64,107.95,36.58
20-02-2026 17:30,20-02-2026 17:45,33,63,76.8,1.3,99.42,23.21
20-02-2026 17:45,20-02-2026 18:00,32.8,68.6,78.11,1.33,183.45,14.15
20-02-2026 18:00,20-02-2026 18:15,32,77,79.05,1.24,175.27,8.91
20-02-2026 18:15,20-02-2026 18:30,32,77,79.35,1.19,219.65,6.72
20-02-2026 18:30,20-02-2026 18:45,32,77,79.67,1.92,129,6.06
20-02-2026 18:45,20-02-2026 19:00,48.06,94.4,79.66,2.16,162.34,6.03
20-02-2026 19:00,20-02-2026 19:15,26,68,79.47,1.2,236.6,6.11
20-02-2026 19:15,20-02-2026 19:30,26,68,80.21,0.99,273.1,6.07
20-02-2026 19:30,20-02-2026 19:45,26,68,80.31,0.87,224.13,6.07
20-02-2026 19:45,20-02-2026 20:00,28.6,69.2,80.05,1.59,197.12,6.17
20-02-2026 20:00,20-02-2026 20:15,39,71,80.06,1.91,140.47,6.1
20-02-2026 20:15,20-02-2026 20:30,39,71,80.23,0.97,132.41,6.1
20-02-2026 20:30,20-02-2026 20:45,39,71,80.4,1.72,79.1,6.11
20-02-2026 20:45,20-02-2026 21:00,38.4,71.8,80.56,1.61,227.61,6.03
20-02-2026 21:00,20-02-2026 21:15,36,73,81.07,1.95,127.3,5.97
20-02-2026 21:15,20-02-2026 21:30,36,73,81.51,0.87,277.44,6.01
20-02-2026 21:30,20-02-2026 21:45,36,73,81.77,1.04,189.1,6.15
20-02-2026 21:45,20-02-2026 22:00,36.2,72.2,82.22,0.76,235.34,6.22
20-02-2026 22:00,20-02-2026 22:15,37,71,82.15,1.14,210.96,6.22
20-02-2026 22:15,20-02-2026 22:30,37,71,82.45,1.07,261.54,6.29
20-02-2026 22:30,20-02-2026 22:45,37,71,82.69,1.34,144.37,6.25
20-02-2026 22:45,20-02-2026 23:00,36.8,202.6,82.82,1.09,310.76,6.21
20-02-2026 23:00,20-02-2026 23:15,36,400,82.89,1.23,269.57,6.31
20-02-2026 23:15,20-02-2026 23:30,36,400,83.28,0.84,343.16,6.32
20-02-2026 23:30,20-02-2026 23:45,36,400,83.77,0.87,311.36,6.29
20-02-2026 23:45,21-02-2026 00:00,36,263.6,83.81,0.91,266.08,6.22
21-02-2026 00:00,21-02-2026 00:15,34,59,83.99,0.76,150.96,6.29
21-02-2026 00:15,21-02-2026 00:30,34,59,83.99,0.66,330,6.31
21-02-2026 00:30,21-02-2026 00:45,34,59,84.16,0.56,330.46,6.31
21-02-2026 00:45,21-02-2026 01:00,43.21,69,84.3,0.63,164.6,6.22
21-02-2026 01:00,21-02-2026 01:15,25,45,84.57,0.9,342.83,6.25
21-02-2026 01:15,21-02-2026 01:30,25,45,84.75,0.54,198.46,6.36
21-02-2026 01:30,21-02-2026 01:45,25,45,84.81,0.46,281.14,6.22
21-02-2026 01:45,21-02-2026 02:00,31.77,62.2,84.55,0.91,323.39,6.27
21-02-2026 02:00,21-02-2026 02:15,28,46,84.59,0.46,341.02,6.11
21-02-2026 02:15,21-02-2026 02:30,28,46,84.88,1.05,188.47,6.07
21-02-2026 02:30,21-02-2026 02:45,28,46,84.96,0.83,258.29,6
21-02-2026 02:45,21-02-2026 03:00,35,72.4,85.17,0.86,189.43,5.94
21-02-2026 03:00,21-02-2026 03:15,37,65,85.42,1.19,225.45,5.93
21-02-2026 03:15,21-02-2026 03:30,37,65,85.5,1.1,81.11,5.97
21-02-2026 03:30,21-02-2026 03:45,37,65,85.65,1.46,321.31,5.87
21-02-2026 03:45,21-02-2026 04:00,45.08,85.2,86.04,0.81,341.29,5.96
21-02-2026 04:00,21-02-2026 04:15,34,60,87.07,0.99,88.73,6.01
21-02-2026 04:15,21-02-2026 04:30,34,60,87.99,0.59,198.05,5.93
21-02-2026 04:30,21-02-2026 04:45,34,60,88.42,0.56,114.42,5.99
21-02-2026 04:45,21-02-2026 05:00,43.54,85.2,88.36,1.69,313.33,5.89
21-02-2026 05:00,21-02-2026 05:15,45,64,88.05,2.17,197.27,5.99
21-02-2026 05:15,21-02-2026 05:30,45,64,87.84,1.49,195.7,5.94
21-02-2026 05:30,21-02-2026 05:45,45,64,87.55,1.53,154.37,5.87
21-02-2026 05:45,21-02-2026 06:00,48.58,84.4,87.42,1.91,186.75,5.9
21-02-2026 06:00,21-02-2026 06:15,41,64,87.3,1.49,149.3,6.1
21-02-2026 06:15,21-02-2026 06:30,41,64,87.25,1.64,117.59,6.98
21-02-2026 06:30,21-02-2026 06:45,41,64,87.24,1.6,188.28,8.92
21-02-2026 06:45,21-02-2026 07:00,41.6,71.6,87.09,1.79,201.63,12.69
21-02-2026 07:00,21-02-2026 07:15,44,83,86.87,1.13,286.02,19.09
21-02-2026 07:15,21-02-2026 07:30,44,83,86.56,0.87,136.41,24.02
21-02-2026 07:30,21-02-2026 07:45,44,83,86.29,1.75,142.83,21.35
21-02-2026 07:45,21-02-2026 08:00,45.4,89,85.91,1.63,222.8,30.16
21-02-2026 08:00,21-02-2026 08:15,51,98,85.33,1.44,79.87,59.13
21-02-2026 08:15,21-02-2026 08:30,51,98,84.66,2.04,153.05,46.7
21-02-2026 08:30,21-02-2026 08:45,51,98,84.16,1.99,148.12,88.33
21-02-2026 08:45,21-02-2026 09:00,52.2,100.4,82.98,1.8,32.87,92.58
21-02-2026 09:00,21-02-2026 09:15,57,104,82.93,1.41,200.3,43.53
21-02-2026 09:15,21-02-2026 09:30,57,104,82.9,1.77,209.19,59.59
21-02-2026 09:30,21-02-2026 09:45,57,104,82.33,2.09,58.43,46.56
21-02-2026 09:45,21-02-2026 10:00,59.94,108,81.07,1.09,144.45,79.2
21-02-2026 10:00,21-02-2026 10:15,52,107,78.18,1.38,215.09,86.23
21-02-2026 10:15,21-02-2026 10:30,52,107,77.49,1.71,212.98,96.2
21-02-2026 10:30,21-02-2026 10:45,52,107,76.93,1.49,139.22,178.97
21-02-2026 10:45,21-02-2026 11:00,58.17,103.8,76.34,1.84,178.72,222.97
21-02-2026 11:00,21-02-2026 11:15,38,78,74.76,0.89,192.02,167.58
21-02-2026 11:15,21-02-2026 11:30,38,78,73.64,1.69,133.34,153.61
21-02-2026 11:30,21-02-2026 11:45,38,78,73.72,2.74,268.76,108.27
21-02-2026 11:45,21-02-2026 12:00,42.95,88.6,73.47,2.43,110.95,239.34
21-02-2026 12:00,21-02-2026 12:15,27,66,71.94,2.14,173.73,279.63
21-02-2026 12:15,21-02-2026 12:30,27,66,72.14,2.22,145.68,271.52
21-02-2026 12:30,21-02-2026 12:45,27,66,71.71,2.46,143.89,286.01
21-02-2026 12:45,21-02-2026 13:00,32.32,84,71.03,1.85,107.82,287.14
21-02-2026 13:00,21-02-2026 13:15,27,82,71.46,1.91,145.13,246.56
21-02-2026 13:15,21-02-2026 13:30,27,82,70.76,1.29,124.88,227.15
21-02-2026 13:30,21-02-2026 13:45,27,82,71.38,1.45,30.53,226.17
21-02-2026 13:45,21-02-2026 14:00,45.15,93.8,72.12,1.07,135.56,259.83
21-02-2026 14:00,21-02-2026 14:15,31,65,71.3,1.63,203.93,259.28
21-02-2026 14:15,21-02-2026 14:30,31,65,71.3,1.7,86.59,203.45
21-02-2026 14:30,21-02-2026 14:45,31,65,71.41,2.27,81.33,224.38
21-02-2026 14:45,21-02-2026 15:00,30.4,66.6,73.27,1.7,138.72,144.23
21-02-2026 15:00,21-02-2026 15:15,28,69,74.77,1.62,26.5,94.19
21-02-2026 15:15,21-02-2026 15:30,28,69,74.26,1.61,61.09,134.81
21-02-2026 15:30,21-02-2026 15:45,28,69,74.59,0.95,175.33,81.88
21-02-2026 15:45,21-02-2026 16:00,46.63,88.2,76.04,1.59,168.18,60.31
21-02-2026 16:00,21-02-2026 16:15,38,66,77.54,1.1,123.26,82.59
21-02-2026 16:15,21-02-2026 16:30,38,66,76.48,1.95,88.29,86.59
21-02-2026 16:30,21-02-2026 16:45,38,66,76.44,1.56,26.5,79.34
21-02-2026 16:45,21-02-2026 17:00,40.22,75.6,77.64,0.86,154.07,39.29
21-02-2026 17:00,21-02-2026 17:15,34,56,77.59,1.54,137.76,50.82
21-02-2026 17:15,21-02-2026 17:30,34,56,77.06,0.96,70.69,40.14
21-02-2026 17:30,21-02-2026 17:45,34,56,77.79,1.04,243.26,25.75
21-02-2026 17:45,21-02-2026 18:00,36.91,72.2,79.36,0.78,88.94,12.08
21-02-2026 18:00,21-02-2026 18:15,31,61,80.45,0.82,90.83,7.93
21-02-2026 18:15,21-02-2026 18:30,31,61,81.06,1.74,274.41,6.58
21-02-2026 18:30,21-02-2026 18:45,31,61,81.05,1.05,325.88,6.52
21-02-2026 18:45,21-02-2026 19:00,39.14,81.6,81.61,1.35,210.06,6.22
21-02-2026 19:00,21-02-2026 19:15,38,64,82.27,1.17,144.61,6.13
21-02-2026 19:15,21-02-2026 19:30,38,64,82.82,1.55,140.98,6.18
21-02-2026 19:30,21-02-2026 19:45,38,64,83.49,1.55,275.12,6.28
21-02-2026 19:45,21-02-2026 20:00,43.34,79.2,83.31,1.6,69.99,6.08
21-02-2026 20:00,21-02-2026 20:15,30,55,83.49,1.4,138.86,6.04
21-02-2026 20:15,21-02-2026 20:30,30,55,83.52,0.77,179.59,6.04
21-02-2026 20:30,21-02-2026 20:45,30,55,83.52,1.15,204.15,6.08
21-02-2026 20:45,21-02-2026 21:00,42.52,78.4,83.43,1.06,84.44,6
21-02-2026 21:00,21-02-2026 21:15,29,69,83.57,1.39,267.01,6.03
21-02-2026 21:15,21-02-2026 21:30,29,69,83.31,1.74,259.45,6.07
21-02-2026 21:30,21-02-2026 21:45,29,69,83.39,1.53,218.79,6.21
21-02-2026 21:45,21-02-2026 22:00,30.4,73.4,83.41,1.36,217.43,6.03
21-02-2026 22:00,21-02-2026 22:15,36,80,83.46,1.04,217.13,6.03
21-02-2026 22:15,21-02-2026 22:30,36,80,83.3,1.02,237.73,6.01
21-02-2026 22:30,21-02-2026 22:45,36,80,83.16,1.81,175.7,5.94
21-02-2026 22:45,21-02-2026 23:00,51.18,94.4,82.96,1.46,245.53,5.96
21-02-2026 23:00,21-02-2026 23:15,27,63,83.18,1.14,199.31,6.03
21-02-2026 23:15,21-02-2026 23:30,27,63,83.6,2.02,72.01,6.32
21-02-2026 23:30,21-02-2026 23:45,27,63,83.74,0.74,182.37,6.14
21-02-2026 23:45,22-02-2026 00:00,32.19,79,83.89,1.34,232.17,6.17
22-02-2026 00:00,22-02-2026 00:15,23.2,73,83.94,0.95,342.01,6.32
22-02-2026 00:15,22-02-2026 00:30,29,73,84.09,0.98,210.59,6.31
22-02-2026 00:30,22-02-2026 00:45,29,73,84.52,0.98,245.84,6.29
22-02-2026 00:45,22-02-2026 01:00,31.2,77.8,84.94,1.14,193.45,6.22
22-02-2026 01:00,22-02-2026 01:15,40,85,85.5,1.02,215.12,6.34
22-02-2026 01:15,22-02-2026 01:30,40,85,86.18,0.57,171.92,6.29
22-02-2026 01:30,22-02-2026 01:45,40,85,86.49,0.77,89.86,6.32
22-02-2026 01:45,22-02-2026 02:00,52.67,99.8,86.55,0.84,150.48,6.29
22-02-2026 02:00,22-02-2026 02:15,27,75,86.62,0.56,331.69,6.2
22-02-2026 02:15,22-02-2026 02:30,27,75,86.63,1.13,186.52,6.34
22-02-2026 02:30,22-02-2026 02:45,27,75,86.71,1.14,286.03,6.31
22-02-2026 02:45,22-02-2026 03:00,44.95,85.8,86.34,1.31,148.22,6.32
22-02-2026 03:00,22-02-2026 03:15,30,52,86.29,1.52,89.38,6.41
22-02-2026 03:15,22-02-2026 03:30,30,52,86.03,1.27,262.32,6.11
22-02-2026 03:30,22-02-2026 03:45,30,52,85.82,1.58,109.73,6.06
22-02-2026 03:45,22-02-2026 04:00,32.2,52.8,86.14,0.96,185.51,6.01
22-02-2026 04:00,22-02-2026 04:15,41,54,86.39,0.66,83.16,6.07
22-02-2026 04:15,22-02-2026 04:30,41,54,86.31,0.64,246.49,6
22-02-2026 04:30,22-02-2026 04:45,41,54,86.33,1.17,304.72,6.04
22-02-2026 04:45,22-02-2026 05:00,38.2,58.4,86.53,1.07,130.42,5.89
22-02-2026 05:00,22-02-2026 05:15,27,65,86.69,0.72,147.06,6.03
22-02-2026 05:15,22-02-2026 05:30,27,65,86.87,1.08,137.88,5.89
22-02-2026 05:30,22-02-2026 05:45,27,65,87.1,1.26,149.77,6.08
22-02-2026 05:45,22-02-2026 06:00,37.45,76.6,87.27,0.87,267.22,5.85
22-02-2026 06:00,22-02-2026 06:15,25,64,87.27,1.15,158.62,5.94
22-02-2026 06:15,22-02-2026 06:30,25,64,88.05,0.39,179.32,6.45
22-02-2026 06:30,22-02-2026 06:45,25,64,88.78,0.69,169.36,9.83
22-02-2026 06:45,22-02-2026 07:00,32.16,81.6,89.14,0.85,148.64,14.88
22-02-2026 07:00,22-02-2026 07:15,43,74,89.24,0.77,26.5,27.32
22-02-2026 07:15,22-02-2026 07:30,43,74,88.85,1.04,130.31,27.67
22-02-2026 07:30,22-02-2026 07:45,43,74,88.07,1.63,26.5,33.84
22-02-2026 07:45,22-02-2026 08:00,45.43,98.6,87.31,1.56,198.65,33.5
22-02-2026 08:00,22-02-2026 08:15,57,97,86.92,2.36,43.23,65.39
22-02-2026 08:15,22-02-2026 08:30,57,97,86.37,1.6,157.55,73.98
22-02-2026 08:30,22-02-2026 08:45,57,97,85.29,2.43,70.22,72.51
22-02-2026 08:45,22-02-2026 09:00,52.92,101.2,84.18,2.48,69.36,84.44
22-02-2026 09:00,22-02-2026 09:15,46,84,82.64,1.89,26.5,92.5
22-02-2026 09:15,22-02-2026 09:30,46,84,79.95,1.59,88.96,75.22
22-02-2026 09:30,22-02-2026 09:45,46,84,79.32,1.38,301.58,79.09
22-02-2026 09:45,22-02-2026 10:00,48.92,90,78.89,1.57,81.26,89.28
22-02-2026 10:00,22-02-2026 10:15,29,59,78.7,1.67,127.92,104.44
22-02-2026 10:15,22-02-2026 10:30,29,59,77.04,1.34,174.46,186.74
22-02-2026 10:30,22-02-2026 10:45,29,59,76.33,1.36,136.82,186.95
22-02-2026 10:45,22-02-2026 11:00,32.74,65.6,75.65,1.75,196.75,226.67
22-02-2026 11:00,22-02-2026 11:15,17,46,74.37,1.29,107.21,185.75
22-02-2026 11:15,22-02-2026 11:30,17,46,74.66,2.97,129.43,123.37
22-02-2026 11:30,22-02-2026 11:45,17,46,74.41,1.39,162.66,123.11
22-02-2026 11:45,22-02-2026 12:00,28.76,60,72.72,1.95,90.77,226.9
22-02-2026 12:00,22-02-2026 12:15,20,48,73.41,2.26,68.75,225.74
22-02-2026 12:15,22-02-2026 12:30,20,48,72.95,1,138.84,280.05
22-02-2026 12:30,22-02-2026 12:45,20,48,72.38,1.58,124.32,312.01
22-02-2026 12:45,22-02-2026 13:00,31.5,58.4,71.02,1.98,35.82,210.37
22-02-2026 13:00,22-02-2026 13:15,13,33,72.12,1.97,83.66,243.74
22-02-2026 13:15,22-02-2026 13:30,13,33,72.53,1.56,134.57,284.87
22-02-2026 13:30,22-02-2026 13:45,13,33,70.58,1.76,270.48,206.3
22-02-2026 13:45,22-02-2026 14:00,12,31.4,71.6,1.53,207.1,246.37
22-02-2026 14:00,22-02-2026 14:15,8,29,70.54,2.27,78.11,264.31
22-02-2026 14:15,22-02-2026 14:30,8,29,70.86,1.47,84.81,267.25
22-02-2026 14:30,22-02-2026 14:45,8,29,70.19,1.79,137.38,234.93
22-02-2026 14:45,22-02-2026 15:00,8.4,31,71.2,2.1,172.25,220.32
22-02-2026 15:00,22-02-2026 15:15,10,34,72.4,1.79,33.83,198.62
22-02-2026 15:15,22-02-2026 15:30,10,34,72.46,1.05,142.53,184
22-02-2026 15:30,22-02-2026 15:45,10,34,71.91,1.2,26.5,151.91
22-02-2026 15:45,22-02-2026 16:00,10.2,34.4,72.82,2,26.5,133.75
22-02-2026 16:00,22-02-2026 16:15,11,35,74.96,1.43,154.73,100.08
22-02-2026 16:15,22-02-2026 16:30,11,35,75.49,1.72,44.64,90.86
22-02-2026 16:30,22-02-2026 16:45,11,35,75.71,1.26,157.2,61.44
22-02-2026 16:45,22-02-2026 17:00,23.37,55.8,77.37,1.87,265.05,62.18
22-02-2026 17:00,22-02-2026 17:15,16,40,78.46,1.76,175.36,36.86
22-02-2026 17:15,22-02-2026 17:30,16,40,79.13,0.6,149.28,23.87
22-02-2026 17:30,22-02-2026 17:45,16,40,80.55,1,103.41,17.42
22-02-2026 17:45,22-02-2026 18:00,24.68,54.4,81.36,1.01,91.82,11.79
22-02-2026 18:00,22-02-2026 18:15,14,38,82.02,1.13,204.86,8.05
22-02-2026 18:15,22-02-2026 18:30,14,38,82.52,1.24,97.22,7.1
22-02-2026 18:30,22-02-2026 18:45,14,38,82.65,1.15,26.5,6.45
22-02-2026 18:45,22-02-2026 19:00,32.26,61.2,82.19,0.84,73.38,6.35
22-02-2026 19:00,22-02-2026 19:15,14,34,80.87,0.89,189.77,6.28
22-02-2026 19:15,22-02-2026 19:30,14,34,81.37,0.37,309.41,6.41
22-02-2026 19:30,22-02-2026 19:45,14,34,81.84,1.03,163.07,6.48
22-02-2026 19:45,22-02-2026 20:00,15.8,32.8,82.23,1.09,186.89,6.32
22-02-2026 20:00,22-02-2026 20:15,23,31,82.48,1.05,208.83,6.39
22-02-2026 20:15,22-02-2026 20:30,23,31,82.41,0.86,135.84,6.39
22-02-2026 20:30,22-02-2026 20:45,23,31,82.81,0.84,210.59,6.15
22-02-2026 20:45,22-02-2026 21:00,18.4,27.4,83.02,0.47,87.48,6.04
22-02-2026 21:00,22-02-2026 21:15,7,22,83.23,0.48,181.27,6.01
22-02-2026 21:15,22-02-2026 21:30,7,22,83.19,0.38,135.77,6.1
22-02-2026 21:30,22-02-2026 21:45,7,22,83.62,0.5,274.98,6
22-02-2026 21:45,22-02-2026 22:00,25.78,49.2,83.79,0.37,259.67,5.99
22-02-2026 22:00,22-02-2026 22:15,10.2,18,83.74,0.39,85.52,6.1
22-02-2026 22:15,22-02-2026 22:30,10.2,18,83.7,0.54,235.52,5.96
22-02-2026 22:30,22-02-2026 22:45,9.2,18,83.91,0.38,271.48,5.89
22-02-2026 22:45,22-02-2026 23:00,9.8,17.2,84.1,0.69,199.68,5.9
22-02-2026 23:00,22-02-2026 23:15,2,16,84.09,0.75,191.64,5.86
22-02-2026 23:15,22-02-2026 23:30,2,16,84.52,0.67,264.88,5.99
22-02-2026 23:30,22-02-2026 23:45,2,16,84.75,0.48,198.01,6.01
22-02-2026 23:45,23-02-2026 00:00,2,17.2,84.97,0.35,84.96,5.89
23-02-2026 00:00,23-02-2026 00:15,1.6,19,84.9,0.42,202.4,6.03
23-02-2026 00:15,23-02-2026 00:30,2,19,85.29,0.42,228.49,5.99
23-02-2026 00:30,23-02-2026 00:45,2,19,85.05,0.82,80.06,6.01
23-02-2026 00:45,23-02-2026 01:00,1.8,17.4,84.62,0.27,208.01,6.06
23-02-2026 01:00,23-02-2026 01:15,1,15,84.95,0.51,204.17,6.2
23-02-2026 01:15,23-02-2026 01:30,1,15,85.17,0.52,219.66,6.25
23-02-2026 01:30,23-02-2026 01:45,1,15,85.39,1,216.4,6.21
23-02-2026 01:45,23-02-2026 02:00,25.35,48.2,85.88,0.66,96.7,6.21
23-02-2026 02:00,23-02-2026 02:15,10,18,86.3,0.48,322.18,6.24
23-02-2026 02:15,23-02-2026 02:30,10,18,86.44,0.49,98.82,6.18
23-02-2026 02:30,23-02-2026 02:45,10,18,86.43,0.43,188.18,6.45
23-02-2026 02:45,23-02-2026 03:00,9.4,16,86.5,0.29,90.68,6.2
23-02-2026 03:00,23-02-2026 03:15,7,13,86.67,0.72,143.48,6.27
23-02-2026 03:15,23-02-2026 03:30,7,13,86.77,0.29,26.5,6.27
23-02-2026 03:30,23-02-2026 03:45,7,13,86.51,0.45,286.77,6.35
23-02-2026 03:45,23-02-2026 04:00,5.74,14.6,86.74,0.34,28.05,6.25
23-02-2026 04:00,23-02-2026 04:15,0.7,17,86.95,0.62,86.8,6.36
23-02-2026 04:15,23-02-2026 04:30,0.7,17,87.29,0.29,26.5,6.43
23-02-2026 04:30,23-02-2026 04:45,0.7,17,87.26,0.29,26.5,6.18
23-02-2026 04:45,23-02-2026 05:00,18.49,37,87.22,0.27,26.5,6.27
23-02-2026 05:00,23-02-2026 05:15,0.7,6,87.41,0.29,26.5,6.2
23-02-2026 05:15,23-02-2026 05:30,0.7,6,87.7,0.27,90.88,6.17
23-02-2026 05:30,23-02-2026 05:45,0.7,6,87.63,0.36,255.72,5.94
23-02-2026 05:45,23-02-2026 06:00,18.75,35.8,87.44,0.29,85.03,5.8
23-02-2026 06:00,23-02-2026 06:15,1,13,87.03,0.27,336.62,6.04
23-02-2026 06:15,23-02-2026 06:30,1,13,86.96,0.27,319.77,7.21
23-02-2026 06:30,23-02-2026 06:45,1,13,87.45,0.27,263.12,10.7
23-02-2026 06:45,23-02-2026 07:00,16.2,43.6,87.41,0.27,266.8,16.66
23-02-2026 07:00,23-02-2026 07:15,4,36,87.11,0.27,288.39,22.94
23-02-2026 07:15,23-02-2026 07:30,4,36,86.28,0.55,254.57,30.58
23-02-2026 07:30,23-02-2026 07:45,4,36,84.95,0.79,144.33,36.17
23-02-2026 07:45,23-02-2026 08:00,26.58,86.4,83.52,0.57,150.18,48.69
23-02-2026 08:00,23-02-2026 08:15,21,87,81.95,1.41,147.52,88.39
23-02-2026 08:15,23-02-2026 08:30,21,87,81.4,1.2,26.5,80.71
23-02-2026 08:30,23-02-2026 08:45,21,87,81.35,1,152.64,113.63
23-02-2026 08:45,23-02-2026 09:00,32.97,74.6,80.29,1.22,26.5,136.35
23-02-2026 09:00,23-02-2026 09:15,5,25,78.87,0.85,71.31,144.45
23-02-2026 09:15,23-02-2026 09:30,5,25,76.22,0.73,220.92,59.87
23-02-2026 09:30,23-02-2026 09:45,5,25,75.57,1.15,146.57,42.2
23-02-2026 09:45,23-02-2026 10:00,7.4,22.6,74.74,0.89,200.42,40.77
23-02-2026 10:00,23-02-2026 10:15,17,19,74.94,1.84,28.31,54.34
23-02-2026 10:15,23-02-2026 10:30,17,19,75.65,0.69,37.67,85.17
23-02-2026 10:30,23-02-2026 10:45,17,19,74.47,0.71,86.51,139.99
23-02-2026 10:45,23-02-2026 11:00,14.2,20.6,73.55,1.69,227.26,266.09
23-02-2026 11:00,23-02-2026 11:15,3,23,73.07,0.96,33.23,266.03
23-02-2026 11:15,23-02-2026 11:30,3,23,72.75,0.55,61.96,150.42
23-02-2026 11:30,23-02-2026 11:45,3,23,71.95,1.09,163.09,62.92
23-02-2026 11:45,23-02-2026 12:00,19.87,41,71.63,0.88,91.6,219.47
23-02-2026 12:00,23-02-2026 12:15,1,10,71.19,1.49,134.05,292.18
23-02-2026 12:15,23-02-2026 12:30,1,10,70.72,1,134.99,293.63
23-02-2026 12:30,23-02-2026 12:45,1,10,70.42,1.12,147.32,292.77
23-02-2026 12:45,23-02-2026 13:00,17.63,38.6,70.07,1.23,28.72,289.65
23-02-2026 13:00,23-02-2026 13:15,3,21,70.22,1.24,94.51,285.2
23-02-2026 13:15,23-02-2026 13:30,3,21,70.15,1.78,98.67,280.53
23-02-2026 13:30,23-02-2026 13:45,3,21,70.01,1.42,191.49,272.91
23-02-2026 13:45,23-02-2026 14:00,22.56,41.2,69.62,1.43,61.64,263.24
23-02-2026 14:00,23-02-2026 14:15,5,6,69.18,1.61,215.09,252.79
23-02-2026 14:15,23-02-2026 14:30,5,6,68.93,0.75,102.27,239.52
23-02-2026 14:30,23-02-2026 14:45,5,6,69.31,0.87,104.12,225.11
23-02-2026 14:45,23-02-2026 15:00,25.24,44,69.67,2.34,28.57,209.21
23-02-2026 15:00,23-02-2026 15:15,2,20,69.91,1.62,147.59,192.28
23-02-2026 15:15,23-02-2026 15:30,2,20,70.07,1.61,30.01,175.55
23-02-2026 15:30,23-02-2026 15:45,2,20,70.62,1.09,102.56,156.65
23-02-2026 15:45,23-02-2026 16:00,18.43,41.8,70.19,1.75,134.05,139.23
23-02-2026 16:00,23-02-2026 16:15,1,19,70.9,1.1,82.41,120.82
23-02-2026 16:15,23-02-2026 16:30,1,19,71.11,1.17,184.05,103.24
23-02-2026 16:30,23-02-2026 16:45,1,19,72.5,1.5,206.18,84.61
23-02-2026 16:45,23-02-2026 17:00,2,16.6,75.15,1.12,217.95,39.61
23-02-2026 17:00,23-02-2026 17:15,6,13,75.03,0.79,210.89,40.77
23-02-2026 17:15,23-02-2026 17:30,6,13,75.75,0.55,148.51,35.32
23-02-2026 17:30,23-02-2026 17:45,6,13,77.22,1,154.45,19
23-02-2026 17:45,23-02-2026 18:00,29.27,50.6,78.99,0.91,84.86,13.99
23-02-2026 18:00,23-02-2026 18:15,12,24,79.19,0.47,144.61,8.55
23-02-2026 18:15,23-02-2026 18:30,12,24,79.58,0.73,45.56,6.62
23-02-2026 18:30,23-02-2026 18:45,12,24,80.33,0.59,148.31,6.32
23-02-2026 18:45,23-02-2026 19:00,25.79,47.4,80.68,0.56,138.39,6.13
23-02-2026 19:00,23-02-2026 19:15,7,23,81.09,0.7,186.93,6.27
23-02-2026 19:15,23-02-2026 19:30,7,23,81.5,1.06,67.54,6.38
23-02-2026 19:30,23-02-2026 19:45,7,23,81.54,0.61,138,6.29
23-02-2026 19:45,23-02-2026 20:00,21.88,45.2,81.86,0.44,146.77,6.31
23-02-2026 20:00,23-02-2026 20:15,14.6,22,82.4,0.41,213.17,6.32
23-02-2026 20:15,23-02-2026 20:30,14.2,22,82.51,0.42,186.32,6.36
23-02-2026 20:30,23-02-2026 20:45,14.2,22,82.54,1.06,178.78,6.38
23-02-2026 20:45,23-02-2026 21:00,30.29,51,82.72,0.57,146.89,6.38
23-02-2026 21:00,23-02-2026 21:15,3,29,82.69,0.47,150.13,6.41
23-02-2026 21:15,23-02-2026 21:30,3,29,82.78,0.49,326.61,6.35
23-02-2026 21:30,23-02-2026 21:45,3,29,83.01,0.27,337.63,6.22
23-02-2026 21:45,23-02-2026 22:00,25.42,52.4,83.57,0.75,183.21,6.25
23-02-2026 22:00,23-02-2026 22:15,5,15,83.64,0.65,138.09,6.07
23-02-2026 22:15,23-02-2026 22:30,5,15,83.05,0.45,114.83,6.07
23-02-2026 22:30,23-02-2026 22:45,5,15,83.15,0.31,281.25,6.07
23-02-2026 22:45,23-02-2026 23:00,25.9,43.6,83.05,0.41,242.29,5.9
23-02-2026 23:00,23-02-2026 23:15,4,9,83.36,0.35,325.66,5.97
23-02-2026 23:15,23-02-2026 23:30,4,9,83.68,0.58,268.73,6
23-02-2026 23:30,23-02-2026 23:45,4,9,83.66,0.5,280.68,5.87
23-02-2026 23:45,24-02-2026 00:00,46.32,74,83.53,0.66,193.9,5.82
24-02-2026 00:00,24-02-2026 00:15,4,8,83.52,0.33,277.26,6.01
24-02-2026 00:15,24-02-2026 00:30,4,8,83.49,0.57,150.29,5.97
24-02-2026 00:30,24-02-2026 00:45,4,8,83.79,0.77,90.92,5.96
24-02-2026 00:45,24-02-2026 01:00,18.8,31.6,83.51,0.33,268.53,5.86
24-02-2026 01:00,24-02-2026 01:15,4.2,11,83.5,0.66,139.06,6
24-02-2026 01:15,24-02-2026 01:30,4.6,11,83.43,0.52,147.85,6.01
24-02-2026 01:30,24-02-2026 01:45,3.6,11,83.47,0.72,303.64,5.96
24-02-2026 01:45,24-02-2026 02:00,29.9,49.2,83.06,0.39,258.12,5.94
24-02-2026 02:00,24-02-2026 02:15,8,17,83.32,0.9,263.02,5.89
24-02-2026 02:15,24-02-2026 02:30,8,17,83.44,0.49,26.5,6.08
24-02-2026 02:30,24-02-2026 02:45,8,17,83.26,0.56,337.17,6.15
24-02-2026 02:45,24-02-2026 03:00,31.38,50.8,83.62,0.27,333.76,6.04
24-02-2026 03:00,24-02-2026 03:15,12,17,84.01,0.7,181.47,6.27
24-02-2026 03:15,24-02-2026 03:30,12,17,83.83,0.81,138.86,6.28
24-02-2026 03:30,24-02-2026 03:45,12,17,83.62,0.29,268.72,6.17
24-02-2026 03:45,24-02-2026 04:00,25.4,43.6,83.86,0.31,85.19,6.18
24-02-2026 04:00,24-02-2026 04:15,15,22,83.86,0.42,175.64,6.2
24-02-2026 04:15,24-02-2026 04:30,15,22,83.22,0.27,257.19,6.21
24-02-2026 04:30,24-02-2026 04:45,15,22,82.97,0.27,259.35,6.28
24-02-2026 04:45,24-02-2026 05:00,28.55,42.6,83.37,0.28,265.19,6.29
24-02-2026 05:00,24-02-2026 05:15,10,17,83.96,0.44,262.17,6.18
24-02-2026 05:15,24-02-2026 05:30,10,17,84.05,0.28,215.55,6.28
24-02-2026 05:30,24-02-2026 05:45,10,17,83.93,0.34,265.34,6.17
24-02-2026 05:45,24-02-2026 06:00,27.43,43.8,83.99,0.42,191.79,6.21
24-02-2026 06:00,24-02-2026 06:15,9,17,83.97,0.32,26.5,6.35
24-02-2026 06:15,24-02-2026 06:30,9,17,84.19,0.27,26.5,7.05
24-02-2026 06:30,24-02-2026 06:45,9,17,84.41,0.4,307.62,9.22
24-02-2026 06:45,24-02-2026 07:00,29.36,48.8,83.94,0.66,205.75,13.33
24-02-2026 07:00,24-02-2026 07:15,8,19,82.9,0.33,92.04,17.66
24-02-2026 07:15,24-02-2026 07:30,8,19,81.86,0.92,214.54,27.01
24-02-2026 07:30,24-02-2026 07:45,8,19,80.78,0.97,201.86,27.49
24-02-2026 07:45,24-02-2026 08:00,9,29.8,80.86,1.45,234.51,39.5
24-02-2026 08:00,24-02-2026 08:15,13,46,79.89,0.68,157.96,72.21
24-02-2026 08:15,24-02-2026 08:30,13,46,79.12,1.14,254.71,98.37
24-02-2026 08:30,24-02-2026 08:45,13,46,78.56,0.7,179.25,115.1
24-02-2026 08:45,24-02-2026 09:00,32,58.8,77.93,0.75,88.25,132.17
24-02-2026 09:00,24-02-2026 09:15,17,21,76.02,0.95,187.69,145.12
24-02-2026 09:15,24-02-2026 09:30,17,21,74.36,0.53,180.47,93.56
24-02-2026 09:30,24-02-2026 09:45,17,21,73.89,1.03,84.37,48.96
24-02-2026 09:45,24-02-2026 10:00,36.84,54.8,74.34,1.17,124.62,52.17
24-02-2026 10:00,24-02-2026 10:15,11,22,74.37,0.75,78.66,64.11
24-02-2026 10:15,24-02-2026 10:30,11,22,73.39,1.3,144.44,127.5
24-02-2026 10:30,24-02-2026 10:45,11,22,73.02,0.74,26.5,174.31
24-02-2026 10:45,24-02-2026 11:00,29.59,51.4,73.78,1.41,182.49,203.75
24-02-2026 11:00,24-02-2026 11:15,9,25,73.34,1.52,98.27,209.51
24-02-2026 11:15,24-02-2026 11:30,9,25,72.56,0.96,306.2,150.69
24-02-2026 11:30,24-02-2026 11:45,9,25,72.48,1.53,142.26,129.33
24-02-2026 11:45,24-02-2026 12:00,20.22,44.8,71.44,1.25,212.04,234
24-02-2026 12:00,24-02-2026 12:15,5,30,69.35,0.94,62.35,281.09
24-02-2026 12:15,24-02-2026 12:30,5,30,68.86,1.14,151.25,281.01
24-02-2026 12:30,24-02-2026 12:45,5,30,68.79,1.74,59.61,277.75
24-02-2026 12:45,24-02-2026 13:00,27.54,56,69.32,1.35,209.6,274.7
24-02-2026 13:00,24-02-2026 13:15,7,21,69.25,1.05,34.94,268.46
24-02-2026 13:15,24-02-2026 13:30,7,21,68.39,1.84,128.36,264.01
24-02-2026 13:30,24-02-2026 13:45,7,21,68.76,2.1,52.28,255.66
24-02-2026 13:45,24-02-2026 14:00,21.16,40.8,69.34,2.65,32.53,245.93
24-02-2026 14:00,24-02-2026 14:15,12,25,69.76,2.05,114.59,236.96
24-02-2026 14:15,24-02-2026 14:30,12,25,69.89,1.09,145.24,224.44
24-02-2026 14:30,24-02-2026 14:45,12,25,70.24,1.83,26.5,207.64
24-02-2026 14:45,24-02-2026 15:00,11.2,29.4,69.1,0.94,89.36,192.79
24-02-2026 15:00,24-02-2026 15:15,8,36,68.5,1.03,128.26,177.54
24-02-2026 15:15,24-02-2026 15:30,8,36,69.12,1.59,147.48,161.53
24-02-2026 15:30,24-02-2026 15:45,8,36,70.82,1.87,99.68,143.7
24-02-2026 15:45,24-02-2026 16:00,21.73,45.8,71.25,1.9,72.55,126.27
24-02-2026 16:00,24-02-2026 16:15,6,18,71.58,1.04,126.71,107.3
24-02-2026 16:15,24-02-2026 16:30,6,18,71.62,0.86,151.94,89.59
24-02-2026 16:30,24-02-2026 16:45,6,18,71.71,1.53,149.44,75.54
24-02-2026 16:45,24-02-2026 17:00,23.41,45.4,72.49,1.06,154.11,59.9
24-02-2026 17:00,24-02-2026 17:15,10,27,74.02,1.08,85.87,45.23
24-02-2026 17:15,24-02-2026 17:30,10,27,74.78,0.87,141.03,32.27
24-02-2026 17:30,24-02-2026 17:45,10,27,75.92,0.74,151.72,22.08
24-02-2026 17:45,24-02-2026 18:00,11.2,26.6,77.14,1.53,34.18,13.35
24-02-2026 18:00,24-02-2026 18:15,16,26,78.32,1.25,73.62,8.17
24-02-2026 18:15,24-02-2026 18:30,16,26,79.25,1.19,153.14,6.54
24-02-2026 18:30,24-02-2026 18:45,16,26,79.81,0.43,318.59,6.2
24-02-2026 18:45,24-02-2026 19:00,28.19,52.2,80.25,0.96,152.72,5.96
24-02-2026 19:00,24-02-2026 19:15,7,33,80.97,0.37,141.6,6.11
24-02-2026 19:15,24-02-2026 19:30,7,33,81.4,0.55,248.85,6.22
24-02-2026 19:30,24-02-2026 19:45,7,33,81.24,0.54,247.98,6.38
24-02-2026 19:45,24-02-2026 20:00,25.29,50.6,81.2,0.78,136.52,6.28
24-02-2026 20:00,24-02-2026 20:15,19,27,81.92,0.32,89.34,6.27
24-02-2026 20:15,24-02-2026 20:30,19,27,82.2,0.71,83.72,6.41
24-02-2026 20:30,24-02-2026 20:45,19,27,82.37,0.71,73.92,6.39
24-02-2026 20:45,24-02-2026 21:00,28.75,45,82.59,0.28,212.29,6.32
24-02-2026 21:00,24-02-2026 21:15,12,28,82.4,0.63,149.77,6.34
24-02-2026 21:15,24-02-2026 21:30,12,28,82.58,0.67,265.86,6.46
24-02-2026 21:30,24-02-2026 21:45,12,28,82.5,0.78,279.62,6.22
24-02-2026 21:45,24-02-2026 22:00,32.21,56.2,82.79,0.46,337.47,6.17
24-02-2026 22:00,24-02-2026 22:15,10,24,82.55,0.55,215.64,6.34
24-02-2026 22:15,24-02-2026 22:30,10,24,82.62,0.71,255.74,6.36
24-02-2026 22:30,24-02-2026 22:45,10,24,82.89,0.27,276.45,6.28
24-02-2026 22:45,24-02-2026 23:00,9.6,22.8,83.24,0.35,86.4,6.2
24-02-2026 23:00,24-02-2026 23:15,8,21,83.5,0.38,261.12,6.31
24-02-2026 23:15,24-02-2026 23:30,8,21,83.49,0.44,185.39,6.38
24-02-2026 23:30,24-02-2026 23:45,8,21,83.37,0.49,269.43,6.29
24-02-2026 23:45,25-02-2026 00:00,28.17,47.4,83.74,0.43,159.74,5.97
25-02-2026 00:00,25-02-2026 00:15,5.6,13,83.02,0.55,141.71,5.96
25-02-2026 00:15,25-02-2026 00:30,7,13,82.68,0.28,320.5,6.08
25-02-2026 00:30,25-02-2026 00:45,7,13,82.52,0.27,338.63,6.07
25-02-2026 00:45,25-02-2026 01:00,7,13.8,83.05,0.31,322.46,5.94
25-02-2026 01:00,25-02-2026 01:15,7,15,83.23,0.27,319,6.14
25-02-2026 01:15,25-02-2026 01:30,7,15,83.45,0.27,319.13,6.04
25-02-2026 01:30,25-02-2026 01:45,7,15,83.63,0.29,319.66,6.04
25-02-2026 01:45,25-02-2026 02:00,23.27,38.2,83.87,0.27,319.56,6.04
25-02-2026 02:00,25-02-2026 02:15,5,11,84.07,0.27,320.03,6
25-02-2026 02:15,25-02-2026 02:30,5,11,84.08,0.27,343.8,5.99
25-02-2026 02:30,25-02-2026 02:45,5,11,84.19,0.27,323.03,5.89
25-02-2026 02:45,25-02-2026 03:00,22.6,36,84.07,0.28,275.98,5.9
25-02-2026 03:00,25-02-2026 03:15,7,9,83.7,0.27,338.22,5.99
25-02-2026 03:15,25-02-2026 03:30,7,9,83.31,0.27,338.33,5.99
25-02-2026 03:30,25-02-2026 03:45,7,9,83.64,0.27,338.36,5.93
25-02-2026 03:45,25-02-2026 04:00,26.68,43.6,84.29,0.27,338.33,5.87
25-02-2026 04:00,25-02-2026 04:15,11,22,85.11,0.27,338.29,6.21
25-02-2026 04:15,25-02-2026 04:30,11,22,85.5,0.27,338.29,6.21
25-02-2026 04:30,25-02-2026 04:45,11,22,86.06,0.27,338.22,6.2
25-02-2026 04:45,25-02-2026 05:00,31.75,74.2,86.35,0.27,338.34,6.1
25-02-2026 05:00,25-02-2026 05:15,25,86,86.62,0.27,338.27,6.25
25-02-2026 05:15,25-02-2026 05:30,25,86,86.95,0.27,338.33,6.25
25-02-2026 05:30,25-02-2026 05:45,25,86,87.23,0.27,338.38,6.2
25-02-2026 05:45,25-02-2026 06:00,37.59,94.2,87.44,0.27,338.38,6.1
25-02-2026 06:00,25-02-2026 06:15,33,88,87.84,0.27,338.31,6.27
25-02-2026 06:15,25-02-2026 06:30,33,88,88.26,0.27,338.44,7.09
25-02-2026 06:30,25-02-2026 06:45,33,88,88.53,0.27,338.34,9.85
25-02-2026 06:45,25-02-2026 07:00,53.38,112.4,88.43,0.27,276.06,13.83
25-02-2026 07:00,25-02-2026 07:15,47,100,88.17,0.27,127.42,17.83
25-02-2026 07:15,25-02-2026 07:30,47,100,87.19,0.31,275.18,21.67
25-02-2026 07:30,25-02-2026 07:45,47,100,85.85,0.27,232.79,26.34
25-02-2026 07:45,25-02-2026 08:00,58.99,123.4,84.54,0.27,148.97,38.97
25-02-2026 08:00,25-02-2026 08:15,48,127,83.11,0.48,254.97,54.61
25-02-2026 08:15,25-02-2026 08:30,48,127,81.62,0.27,228.12,55.45
25-02-2026 08:30,25-02-2026 08:45,48,127,80.62,0.68,250.2,82.03
25-02-2026 08:45,25-02-2026 09:00,50.56,103.6,78.47,0.28,306.07,142.39
25-02-2026 09:00,25-02-2026 09:15,36,76,75.6,0.47,158.48,171.43
25-02-2026 09:15,25-02-2026 09:30,36,76,71.34,0.64,182.53,128.4
25-02-2026 09:30,25-02-2026 09:45,36,76,69.98,0.46,199.27,50.6
25-02-2026 09:45,25-02-2026 10:00,40.61,76.2,70.64,0.87,144.06,51.49
25-02-2026 10:00,25-02-2026 10:15,16,26,71.59,0.65,133.26,68.36
25-02-2026 10:15,25-02-2026 10:30,16,26,71.68,0.65,124.69,175.37
25-02-2026 10:30,25-02-2026 10:45,16,26,71.46,0.89,169.52,190.87
25-02-2026 10:45,25-02-2026 11:00,29.45,49.8,70.96,0.57,38.51,265.2
25-02-2026 11:00,25-02-2026 11:15,18,36,71.01,0.64,155.09,242.03
25-02-2026 11:15,25-02-2026 11:30,18,36,70.68,0.86,94.72,162.52
25-02-2026 11:30,25-02-2026 11:45,18,36,69.5,0.87,230.86,113.92
25-02-2026 11:45,25-02-2026 12:00,28.73,49.4,68.85,0.9,140.21,251.65
25-02-2026 12:00,25-02-2026 12:15,11,27,68.72,0.66,74.01,267.44
25-02-2026 12:15,25-02-2026 12:30,11,27,69.02,1.58,149.02,114.65
25-02-2026 12:30,25-02-2026 12:45,11,27,68.78,0.83,156.41,11.21
25-02-2026 12:45,25-02-2026 13:00,27.03,48.2,68.79,0.45,45.99,11.54
25-02-2026 13:00,25-02-2026 13:15,17,28,68.61,0.58,53.05,12.08
25-02-2026 13:15,25-02-2026 13:30,17,28,68.1,0.58,126.08,11.8
25-02-2026 13:30,25-02-2026 13:45,17,28,67.4,1.06,104.17,12.03
25-02-2026 13:45,25-02-2026 14:00,32.62,49.2,67.77,1.16,128.1,11.22
25-02-2026 14:00,25-02-2026 14:15,12,18,68.19,0.79,214.01,11.12
25-02-2026 14:15,25-02-2026 14:30,12,18,68.33,1.61,117.59,11.18
25-02-2026 14:30,25-02-2026 14:45,12,18,67.95,1.17,151.29,11.02
25-02-2026 14:45,25-02-2026 15:00,25.58,42,67.51,0.76,104.56,11.02
25-02-2026 15:00,25-02-2026 15:15,10,24,68.29,0.92,59.4,11.11
25-02-2026 15:15,25-02-2026 15:30,10,24,68.32,0.7,109.18,11.59
25-02-2026 15:30,25-02-2026 15:45,10,24,68.37,0.79,174.72,11.48
25-02-2026 15:45,25-02-2026 16:00,24.76,46,68.62,0.67,167.19,11.52
25-02-2026 16:00,25-02-2026 16:15,8,25,68.99,1.1,127.43,11.78
25-02-2026 16:15,25-02-2026 16:30,8,25,69.99,0.78,84.14,11.87
25-02-2026 16:30,25-02-2026 16:45,8,25,71.29,1.18,96.7,11.92
25-02-2026 16:45,25-02-2026 17:00,21.86,44.8,72.25,1,158.37,11.76
25-02-2026 17:00,25-02-2026 17:15,6,26,72.86,1.03,218.4,11.73
25-02-2026 17:15,25-02-2026 17:30,6,26,73.96,0.31,202.03,11.49
25-02-2026 17:30,25-02-2026 17:45,6,26,75.45,0.82,198.54,11.48
25-02-2026 17:45,25-02-2026 18:00,25.01,48.6,76.48,0.75,77.18,10.73
25-02-2026 18:00,25-02-2026 18:15,5,17,78.51,0.39,241.28,8.24
25-02-2026 18:15,25-02-2026 18:30,5,17,79.55,0.64,316.36,6.47
25-02-2026 18:30,25-02-2026 18:45,5,17,80.63,0.57,162.45,6.21
25-02-2026 18:45,25-02-2026 19:00,26.38,48.4,81.38,0.3,325.51,6.07
25-02-2026 19:00,25-02-2026 19:15,9,21,81.76,0.27,309.45,6.21
25-02-2026 19:15,25-02-2026 19:30,9,21,82.11,0.31,255.17,6.14
25-02-2026 19:30,25-02-2026 19:45,9,21,82.25,0.28,330.34,6.25
25-02-2026 19:45,25-02-2026 20:00,23.52,40.4,82.19,0.27,174.26,6.14
25-02-2026 20:00,25-02-2026 20:15,11.4,18,82.37,0.5,220.57,6.27
25-02-2026 20:15,25-02-2026 20:30,10.6,18,82.33,0.48,270.05,6.17
25-02-2026 20:30,25-02-2026 20:45,11,18,82.82,0.28,316.19,6.17
25-02-2026 20:45,25-02-2026 21:00,31.39,50.6,82.85,0.37,196.37,6.17
25-02-2026 21:00,25-02-2026 21:15,9.6,27,82.89,0.28,272.09,6.39
25-02-2026 21:15,25-02-2026 21:30,12,27,82.74,0.36,308.1,6.51
25-02-2026 21:30,25-02-2026 21:45,12,27,83.38,0.27,247.21,6.49
25-02-2026 21:45,25-02-2026 22:00,31.48,51.6,83.41,0.27,335.33,6.35
25-02-2026 22:00,25-02-2026 22:15,16,24,83.54,0.27,213.57,6.29
25-02-2026 22:15,25-02-2026 22:30,20,24,83.06,0.31,26.5,6.42
25-02-2026 22:30,25-02-2026 22:45,20,24,82.71,0.29,322.61,6.35
25-02-2026 22:45,25-02-2026 23:00,20.4,25.2,82.79,0.27,138.27,6.13
25-02-2026 23:00,25-02-2026 23:15,22,27,83.04,0.27,29.35,6.27
25-02-2026 23:15,25-02-2026 23:30,22,27,83.25,0.27,29.28,6.27
25-02-2026 23:30,25-02-2026 23:45,22,27,84.39,0.27,29.39,6.25
25-02-2026 23:45,26-02-2026 00:00,32.16,44,84.87,0.27,26.5,6.1
26-02-2026 00:00,26-02-2026 00:15,7.2,27,84.75,0.27,26.5,6.2
26-02-2026 00:15,26-02-2026 00:30,9,27,85.21,0.27,26.5,6.28
26-02-2026 00:30,26-02-2026 00:45,9,27,85.49,0.27,26.5,6.2
26-02-2026 00:45,26-02-2026 01:00,10.2,26.6,86.09,0.27,26.5,6.21
26-02-2026 01:00,26-02-2026 01:15,15,26,86.75,0.27,26.5,6.31
26-02-2026 01:15,26-02-2026 01:30,15,26,87.2,0.27,26.5,6.04
26-02-2026 01:30,26-02-2026 01:45,15,26,87.56,0.27,26.5,6.03
26-02-2026 01:45,26-02-2026 02:00,38.52,61.2,87.94,0.27,26.5,5.92
26-02-2026 02:00,26-02-2026 02:15,28,35,88.11,0.27,26.5,5.89
26-02-2026 02:15,26-02-2026 02:30,28,35,88.2,0.27,26.5,5.9
26-02-2026 02:30,26-02-2026 02:45,28,35,88.42,0.27,26.5,6.01
26-02-2026 02:45,26-02-2026 03:00,42.68,66,88.38,0.27,26.5,5.87
26-02-2026 03:00,26-02-2026 03:15,15,42,88.41,0.27,26.5,5.83
26-02-2026 03:15,26-02-2026 03:30,15,42,89.04,0.27,26.5,5.9
26-02-2026 03:30,26-02-2026 03:45,15,42,89.15,0.27,26.5,5.93
26-02-2026 03:45,26-02-2026 04:00,33.44,86.8,89.22,0.27,26.5,5.86
26-02-2026 04:00,26-02-2026 04:15,39,111,89.63,0.27,26.5,5.99
26-02-2026 04:15,26-02-2026 04:30,39,111,90.1,0.33,139.13,5.93
26-02-2026 04:30,26-02-2026 04:45,39,111,90.31,0.37,275.52,5.93
26-02-2026 04:45,26-02-2026 05:00,53.21,115.8,90.33,0.27,289.08,5.94
26-02-2026 05:00,26-02-2026 05:15,47,100,90.51,0.79,260.54,5.93
26-02-2026 05:15,26-02-2026 05:30,47,100,90.64,0.54,268.64,6.04
26-02-2026 05:30,26-02-2026 05:45,47,100,90.8,0.47,297.81,6.14
26-02-2026 05:45,26-02-2026 06:00,59.46,107.2,90.84,0.27,315.2,6.06
26-02-2026 06:00,26-02-2026 06:15,51,87,91.04,0.27,314.83,6.14
26-02-2026 06:15,26-02-2026 06:30,51,87,91.19,0.27,314.79,6.97
26-02-2026 06:30,26-02-2026 06:45,51,87,91.43,0.27,319.7,8.39
26-02-2026 06:45,26-02-2026 07:00,50.8,91,91.47,0.27,320.6,8.84
26-02-2026 07:00,26-02-2026 07:15,50,97,91.43,0.27,320.5,9.25
26-02-2026 07:15,26-02-2026 07:30,50,97,90.95,0.43,260.02,9.53
26-02-2026 07:30,26-02-2026 07:45,50,97,90.32,0.27,192.37,9.53
26-02-2026 07:45,26-02-2026 08:00,60.56,115.6,89.2,0.56,262.61,9.66
26-02-2026 08:00,26-02-2026 08:15,41,106,87.75,0.94,261.11,10.02
26-02-2026 08:15,26-02-2026 08:30,41,106,85.88,1.08,237.83,9.99
26-02-2026 08:30,26-02-2026 08:45,41,106,83.84,0.68,198.28,10.34
26-02-2026 08:45,26-02-2026 09:00,57.92,116.8,82.3,0.75,157.87,10.31
26-02-2026 09:00,26-02-2026 09:15,60,104,79.98,0.89,163.51,10.29
26-02-2026 09:15,26-02-2026 09:30,60,104,77.68,0.69,138.43,10.28
26-02-2026 09:30,26-02-2026 09:45,60,104,75.55,0.57,219.52,10.32
26-02-2026 09:45,26-02-2026 10:00,67.33,122.6,73.75,0.6,190.61,10.16
26-02-2026 10:00,26-02-2026 10:15,52,122,71.77,0.32,267.61,10.46
26-02-2026 10:15,26-02-2026 10:30,52,122,73.42,0.89,73.7,11
26-02-2026 10:30,26-02-2026 10:45,52,122,74.18,0.62,61.57,11.46
26-02-2026 10:45,26-02-2026 11:00,52.4,116.4,74.32,0.63,98.77,11.94
26-02-2026 11:00,26-02-2026 11:15,54,108,74.18,0.97,140.92,12.44
26-02-2026 11:15,26-02-2026 11:30,54,108,74.44,0.79,141.61,11.94
26-02-2026 11:30,26-02-2026 11:45,54,108,73.42,0.79,69.18,12.21
26-02-2026 11:45,26-02-2026 12:00,65.74,118.8,70.95,1.04,54.53,12.36
26-02-2026 12:00,26-02-2026 12:15,51,100,69.3,1.46,110.61,12.49
26-02-2026 12:15,26-02-2026 12:30,51,100,69.48,1.01,61.52,12.24
26-02-2026 12:30,26-02-2026 12:45,51,100,70.55,0.79,91.07,12.06
26-02-2026 12:45,26-02-2026 13:00,56.47,98.2,70.3,1.01,85.54,11.57
26-02-2026 13:00,26-02-2026 13:15,52,86,69.92,1.2,65.07,11.49
26-02-2026 13:15,26-02-2026 13:30,52,86,68.25,0.77,136,11.32
26-02-2026 13:30,26-02-2026 13:45,52,86,69.42,0.59,68.53,11.34
26-02-2026 13:45,26-02-2026 14:00,61.76,97.2,68.61,1.08,90,11.36
26-02-2026 14:00,26-02-2026 14:15,54,81,69.24,1.22,94.92,11.41
26-02-2026 14:15,26-02-2026 14:30,54,81,68.01,1.2,65.78,11.16
26-02-2026 14:30,26-02-2026 14:45,54,81,66.17,1.08,93.45,11.26
26-02-2026 14:45,26-02-2026 15:00,59.58,87.6,66.43,1.43,114.99,11.34
26-02-2026 15:00,26-02-2026 15:15,41,65,67.82,0.65,44.82,11.55
26-02-2026 15:15,26-02-2026 15:30,41,65,67.92,1.1,71.67,11.59
26-02-2026 15:30,26-02-2026 15:45,41,65,68.74,0.83,59.1,11.54
26-02-2026 15:45,26-02-2026 16:00,48.61,73,68.63,0.6,51.69,11.2
26-02-2026 16:00,26-02-2026 16:15,44,59,69.54,1.29,72.93,11.48
26-02-2026 16:15,26-02-2026 16:30,44,59,70.56,0.77,89.22,11.41
26-02-2026 16:30,26-02-2026 16:45,44,59,71.36,0.76,52.29,11.41
26-02-2026 16:45,26-02-2026 17:00,47.89,74.2,72.15,0.53,63.68,11.24
26-02-2026 17:00,26-02-2026 17:15,34,70,72.37,0.44,56.59,11.32
26-02-2026 17:15,26-02-2026 17:30,34,70,73.47,0.64,94.43,11.25
26-02-2026 17:30,26-02-2026 17:45,34,70,74.79,0.61,83.42,11.12
26-02-2026 17:45,26-02-2026 18:00,34.4,67.2,75.95,0.37,81.06,10.6
26-02-2026 18:00,26-02-2026 18:15,36,63,77.11,0.62,55.56,8.43
26-02-2026 18:15,26-02-2026 18:30,36,63,78.03,0.42,98.26,6.88
26-02-2026 18:30,26-02-2026 18:45,36,63,78.6,0.53,95.04,6.55
26-02-2026 18:45,26-02-2026 19:00,44.49,71.8,79.23,0.78,67.41,6.51
26-02-2026 19:00,26-02-2026 19:15,41,60,79.41,0.53,79.23,6.54
26-02-2026 19:15,26-02-2026 19:30,41,60,79.56,0.34,75.23,6.39
26-02-2026 19:30,26-02-2026 19:45,41,60,79.66,0.43,71.71,6.2
26-02-2026 19:45,26-02-2026 20:00,40.6,54.8,79.49,0.51,93.19,6.13
26-02-2026 20:00,26-02-2026 20:15,39,47,79.22,0.46,76.11,6.14
26-02-2026 20:15,26-02-2026 20:30,39,47,78.84,0.58,56.25,6.15
26-02-2026 20:30,26-02-2026 20:45,39,47,78.12,0.39,59.08,6.29
26-02-2026 20:45,26-02-2026 21:00,54.59,77.8,77.84,0.44,88.28,6.15
26-02-2026 21:00,26-02-2026 21:15,37,56,78.06,0.32,55.94,6.18
26-02-2026 21:15,26-02-2026 21:30,37,56,77.94,0.42,77.67,6.22
26-02-2026 21:30,26-02-2026 21:45,37,56,77.93,0.27,114.63,6.32
26-02-2026 21:45,26-02-2026 22:00,46.89,72.6,77.74,0.27,71.79,6.22
26-02-2026 22:00,26-02-2026 22:15,37,59,77.92,0.27,42.45,6.18
26-02-2026 22:15,26-02-2026 22:30,37,59,77.99,0.27,34.24,6.21
26-02-2026 22:30,26-02-2026 22:45,37,59,77.5,0.27,26.5,6.27
26-02-2026 22:45,26-02-2026 23:00,54.86,84,77.49,0.27,47.35,6.21
26-02-2026 23:00,26-02-2026 23:15,45,60,78.17,0.27,65.66,6.21
26-02-2026 23:15,26-02-2026 23:30,45,60,79.12,0.27,87.07,6.34
26-02-2026 23:30,26-02-2026 23:45,45,60,79.72,0.27,87.07,6.44
26-02-2026 23:45,27-02-2026 00:00,51.08,74.4,79.21,0.27,102.07,6.25
27-02-2026 00:00,27-02-2026 00:15,39.2,68,79.25,0.27,136.41,6.48
27-02-2026 00:15,27-02-2026 00:30,49,68,79.2,0.27,77.1,6.32
27-02-2026 00:30,27-02-2026 00:45,49,68,79.49,0.27,26.5,6.42
27-02-2026 00:45,27-02-2026 01:00,49,68.4,79.88,0.27,47.47,6.31
27-02-2026 01:00,27-02-2026 01:15,44,69,80.06,0.27,137.62,6.31
27-02-2026 01:15,27-02-2026 01:30,44,69,80.35,0.27,122.59,6.45
27-02-2026 01:30,27-02-2026 01:45,44,69,80.68,0.31,50.88,6.36
27-02-2026 01:45,27-02-2026 02:00,57.44,92.8,81.02,0.33,159.92,6.31
27-02-2026 02:00,27-02-2026 02:15,46,79,81.33,0.27,251.94,6.32
27-02-2026 02:15,27-02-2026 02:30,46,79,81.51,0.29,249.23,6.38
27-02-2026 02:30,27-02-2026 02:45,46,79,81.61,0.27,177.38,6.36
27-02-2026 02:45,27-02-2026 03:00,54.04,90.4,81.79,0.27,26.5,6.32
27-02-2026 03:00,27-02-2026 03:15,49,83,82.26,0.28,150.05,6.38
27-02-2026 03:15,27-02-2026 03:30,49,83,82.51,0.27,255.5,6.36
27-02-2026 03:30,27-02-2026 03:45,49,83,83.15,0.27,244.65,6.31
27-02-2026 03:45,27-02-2026 04:00,59.59,102.2,83.33,0.29,196.09,6.1
27-02-2026 04:00,27-02-2026 04:15,45,91,84.28,0.27,26.5,6.1
27-02-2026 04:15,27-02-2026 04:30,45,91,84.99,0.27,26.5,6.13
27-02-2026 04:30,27-02-2026 04:45,45,91,85.68,0.27,26.5,6.08
27-02-2026 04:45,27-02-2026 05:00,54.41,113,86.19,0.49,189.14,6.01
27-02-2026 05:00,27-02-2026 05:15,61,133,86.38,0.88,234.11,6.08
27-02-2026 05:15,27-02-2026 05:30,61,133,86.64,1.1,213.74,5.89
27-02-2026 05:30,27-02-2026 05:45,61,133,86.84,0.46,296.09,5.99
27-02-2026 05:45,27-02-2026 06:00,73.33,145.4,87.16,0.74,262.72,5.93
27-02-2026 06:00,27-02-2026 06:15,79,150,87.22,0.86,274.95,6.13
27-02-2026 06:15,27-02-2026 06:30,79,150,87.16,0.55,245.05,6.89
27-02-2026 06:30,27-02-2026 06:45,79,150,87.14,0.64,289.35,8.13
27-02-2026 06:45,27-02-2026 07:00,80.97,146.6,86.75,0.73,280.07,8.5
27-02-2026 07:00,27-02-2026 07:15,71,142,86.29,1.2,158.96,8.78
27-02-2026 07:15,27-02-2026 07:30,71,142,85.74,1.03,249.84,9.02
27-02-2026 07:30,27-02-2026 07:45,71,142,85.25,0.88,226.52,9.19
27-02-2026 07:45,27-02-2026 08:00,70.63,138.6,84.66,1.6,191.89,9.39
27-02-2026 08:00,27-02-2026 08:15,68,149,83.99,0.86,203.42,9.82
27-02-2026 08:15,27-02-2026 08:30,68,149,82.44,1.34,223.92,9.99
27-02-2026 08:30,27-02-2026 08:45,68,149,81.47,1.25,267.36,9.95
27-02-2026 08:45,27-02-2026 09:00,72.6,145.6,80.18,1.33,208.68,9.81
27-02-2026 09:00,27-02-2026 09:15,54,145,78.39,0.97,201.01,10.12
27-02-2026 09:15,27-02-2026 09:30,54,145,76.01,1.07,166.14,9.98
27-02-2026 09:30,27-02-2026 09:45,54,145,74.67,1.08,172.56,9.91
27-02-2026 09:45,27-02-2026 10:00,64.65,140.6,74.08,0.91,101.15,9.94
27-02-2026 10:00,27-02-2026 10:15,55,124,73.92,0.9,127.55,9.96
27-02-2026 10:15,27-02-2026 10:30,55,124,73.86,1.52,89.94,10.15
27-02-2026 10:30,27-02-2026 10:45,55,124,73.37,1.15,138.65,10.59
27-02-2026 10:45,27-02-2026 11:00,67.66,127.6,73.52,1.51,134.89,10.73
27-02-2026 11:00,27-02-2026 11:15,55,104,72.84,1.62,124.37,10.69
27-02-2026 11:15,27-02-2026 11:30,55,104,72.63,1.11,101.54,10.29
27-02-2026 11:30,27-02-2026 11:45,55,104,70.69,1.1,105.62,10.29
27-02-2026 11:45,27-02-2026 12:00,64.09,106.2,70.58,1.04,100.16,10.52
27-02-2026 12:00,27-02-2026 12:15,56,85,70.26,0.88,79.37,10.6
27-02-2026 12:15,27-02-2026 12:30,56,85,70.58,1.03,115.89,10.48
27-02-2026 12:30,27-02-2026 12:45,56,85,69.29,1.53,109.2,10.21
27-02-2026 12:45,27-02-2026 13:00,62.73,93,70.02,1.11,56.69,10.05
27-02-2026 13:00,27-02-2026 13:15,41,67,68.81,1.62,108.37,10.17
27-02-2026 13:15,27-02-2026 13:30,41,67,69.25,1.42,49.95,10.05
27-02-2026 13:30,27-02-2026 13:45,41,67,69.24,2.25,74.07,10.15
27-02-2026 13:45,27-02-2026 14:00,40.8,64.6,71.28,1.79,68.27,9.88
27-02-2026 14:00,27-02-2026 14:15,40,61,72.41,1.57,138.99,10.09
27-02-2026 14:15,27-02-2026 14:30,40,61,71.6,0.83,113.12,10.12
27-02-2026 14:30,27-02-2026 14:45,40,61,71.54,1.27,145.08,9.94
27-02-2026 14:45,27-02-2026 15:00,48.64,78.8,72.29,0.98,72.42,9.98
27-02-2026 15:00,27-02-2026 15:15,52,72,72.99,0.94,81.19,10.02
27-02-2026 15:15,27-02-2026 15:30,52,72,72.69,1.49,108.3,9.64
27-02-2026 15:30,27-02-2026 15:45,52,72,73.75,1.24,76.51,9.87
27-02-2026 15:45,27-02-2026 16:00,60.8,93.2,74.56,0.94,57.91,9.52
27-02-2026 16:00,27-02-2026 16:15,44,81,75.18,1.67,102.64,9.52
27-02-2026 16:15,27-02-2026 16:30,44,81,75.33,1.12,102.29,9.52
27-02-2026 16:30,27-02-2026 16:45,44,81,76.54,1.24,66.74,9.64
27-02-2026 16:45,27-02-2026 17:00,55.77,91.4,76.5,0.75,63.01,9.59
27-02-2026 17:00,27-02-2026 17:15,50,73,77.24,1.1,57.83,9.47
27-02-2026 17:15,27-02-2026 17:30,50,73,78.44,0.81,90.35,9.47
27-02-2026 17:30,27-02-2026 17:45,50,73,78.98,0.76,111.64,9.42
27-02-2026 17:45,27-02-2026 18:00,56.25,88.6,79.79,0.66,72.83,9.03
27-02-2026 18:00,27-02-2026 18:15,50,86,80.36,0.62,86.11,8.13
27-02-2026 18:15,27-02-2026 18:30,50,86,80.43,0.52,127.44,6.81
27-02-2026 18:30,27-02-2026 18:45,50,86,80.73,0.31,75.94,6.62
27-02-2026 18:45,27-02-2026 19:00,60.02,95.2,80.93,0.9,148.44,6.43
27-02-2026 19:00,27-02-2026 19:15,48,75,80.3,0.54,118.9,6.55
27-02-2026 19:15,27-02-2026 19:30,48,75,80.09,0.83,98.79,6.5
27-02-2026 19:30,27-02-2026 19:45,48,75,80.14,0.4,82.7,6.53
27-02-2026 19:45,27-02-2026 20:00,56.4,90,80.02,0.36,81.43,6.55
27-02-2026 20:00,27-02-2026 20:15,47,80,80.32,0.37,90.03,6.64
27-02-2026 20:15,27-02-2026 20:30,47,80,80.35,0.49,26.5,6.65
27-02-2026 20:30,27-02-2026 20:45,47,80,80.82,0.5,38.28,6.56
27-02-2026 20:45,27-02-2026 21:00,53.47,85.4,80.77,0.44,63.8,6.39
27-02-2026 21:00,27-02-2026 21:15,49,74,80.52,0.4,115.7,6.24
27-02-2026 21:15,27-02-2026 21:30,49,74,80.14,0.4,73.71,6.17
27-02-2026 21:30,27-02-2026 21:45,49,74,79.61,0.27,67.17,6.28
27-02-2026 21:45,27-02-2026 22:00,53.19,94.6,79.53,0.27,63.67,6.31
27-02-2026 22:00,27-02-2026 22:15,49.6,71,79.93,0.3,83.2,6.13
27-02-2026 22:15,27-02-2026 22:30,64,71,80.68,0.4,83.99,6.15
27-02-2026 22:30,27-02-2026 22:45,64.8,71,81.27,0.31,105.32,6.22
27-02-2026 22:45,27-02-2026 23:00,73.54,94.8,81.62,0.27,113.06,6.18
27-02-2026 23:00,27-02-2026 23:15,52,77,81.84,0.32,51.54,6.2
27-02-2026 23:15,27-02-2026 23:30,52,77,82.04,0.53,71.06,6.18
27-02-2026 23:30,27-02-2026 23:45,52,77,82.31,0.55,56.79,6.2
27-02-2026 23:45,28-02-2026 00:00,53.17,97,82.51,0.4,131.15,6.03
28-02-2026 00:00,28-02-2026 00:15,54,82,82.72,0.36,131.29,6.08
28-02-2026 00:15,28-02-2026 00:30,54,82,82.62,0.33,135.47,5.99
28-02-2026 00:30,28-02-2026 00:45,54,82,82.62,0.27,26.5,6.17
28-02-2026 00:45,28-02-2026 01:00,60.91,95.8,82.35,0.45,114.57,6.2
28-02-2026 01:00,28-02-2026 01:15,47,84,82.55,0.27,77.89,6.28
28-02-2026 01:15,28-02-2026 01:30,47,84,82.36,0.5,73.83,6.32
28-02-2026 01:30,28-02-2026 01:45,47,84,82.13,0.27,63.21,6.34
28-02-2026 01:45,28-02-2026 02:00,53.61,98.2,82.21,0.27,58.73,6.24
28-02-2026 02:00,28-02-2026 02:15,51,103,82.26,0.27,195.72,6.38
28-02-2026 02:15,28-02-2026 02:30,51,103,82.05,0.27,117.23,6.46
28-02-2026 02:30,28-02-2026 02:45,51,103,82.46,0.27,135.59,6.45
28-02-2026 02:45,28-02-2026 03:00,63.99,119,82.61,0.27,183.8,6.29
28-02-2026 03:00,28-02-2026 03:15,61,113,82.79,0.27,73.15,6.38
28-02-2026 03:15,28-02-2026 03:30,61,113,83.26,0.27,193.83,6.35
28-02-2026 03:30,28-02-2026 03:45,61,113,84.04,0.27,256.19,6.41
28-02-2026 03:45,28-02-2026 04:00,73.64,143.6,84.79,0.27,122.79,6.24
28-02-2026 04:00,28-02-2026 04:15,63,152,85.39,0.27,198.67,6.29
28-02-2026 04:15,28-02-2026 04:30,63,152,85.66,0.39,235.17,6.32
28-02-2026 04:30,28-02-2026 04:45,63,152,85.9,0.62,149.9,6.44
28-02-2026 04:45,28-02-2026 05:00,64.7,156.4,86.05,0.73,222.47,6.39
28-02-2026 05:00,28-02-2026 05:15,70,184,86.28,0.4,260.65,6.42
28-02-2026 05:15,28-02-2026 05:30,70,184,86.6,0.43,253.46,6.29
28-02-2026 05:30,28-02-2026 05:45,70,184,86.73,0.37,250.25,6.2
28-02-2026 05:45,28-02-2026 06:00,73.94,161.6,86.95,0.46,261.58,5.89
28-02-2026 06:00,28-02-2026 06:15,70,151,87.13,0.8,223.89,6.2
28-02-2026 06:15,28-02-2026 06:30,70,151,87.35,0.45,139.11,7.1
28-02-2026 06:30,28-02-2026 06:45,70,151,87.47,1.17,229.19,8.33
28-02-2026 06:45,28-02-2026 07:00,77.48,162.8,87.38,0.69,246.38,8.78
28-02-2026 07:00,28-02-2026 07:15,63,168,87.03,0.38,237.93,8.96
28-02-2026 07:15,28-02-2026 07:30,63,168,86.53,0.85,214.09,9.29
28-02-2026 07:30,28-02-2026 07:45,63,168,85.87,0.52,238.12,9.17
28-02-2026 07:45,28-02-2026 08:00,66.13,157.8,85.07,1.14,194.95,9.32
28-02-2026 08:00,28-02-2026 08:15,63,166,83.89,0.64,213.55,9.53
28-02-2026 08:15,28-02-2026 08:30,63,166,82.45,1.14,135.75,9.64
28-02-2026 08:30,28-02-2026 08:45,63,166,81.24,1.03,125.59,9.71
28-02-2026 08:45,28-02-2026 09:00,75.78,164.4,79.54,1.19,128.42,9.68
28-02-2026 09:00,28-02-2026 09:15,69,152,77.67,1.08,122.28,9.63
28-02-2026 09:15,28-02-2026 09:30,69,152,75.31,1.17,131.57,9.67
28-02-2026 09:30,28-02-2026 09:45,69,152,74.25,1.04,124.07,9.95
28-02-2026 09:45,28-02-2026 10:00,75.24,151.6,73.75,1.33,100.33,9.82
28-02-2026 10:00,28-02-2026 10:15,60,143,73.53,1.65,73.02,10.02
28-02-2026 10:15,28-02-2026 10:30,60,143,73.08,2.91,41.29,10.35
28-02-2026 10:30,28-02-2026 10:45,60,143,73.32,2.27,61.68,10.55
28-02-2026 10:45,28-02-2026 11:00,64.1,135.6,72.79,2.37,104.24,10.5
28-02-2026 11:00,28-02-2026 11:15,56,131,71.73,2.73,96.95,10.15
28-02-2026 11:15,28-02-2026 11:30,56,131,70.45,1.48,152.73,10.19
28-02-2026 11:30,28-02-2026 11:45,56,131,70.42,2,32.86,9.95
28-02-2026 11:45,28-02-2026 12:00,62.22,138.4,71.16,1.98,115.02,10.29
28-02-2026 12:00,28-02-2026 12:15,57,148,70.52,1.86,70.96,10.52
28-02-2026 12:15,28-02-2026 12:30,57,148,70,2.66,84.96,10.58
28-02-2026 12:30,28-02-2026 12:45,57,148,70.58,1.28,37.44,10.35
28-02-2026 12:45,28-02-2026 13:00,69.93,150.6,69.33,1.72,119.18,10.18
28-02-2026 13:00,28-02-2026 13:15,61,138,69.69,1.51,64.71,10.25
28-02-2026 13:15,28-02-2026 13:30,61,138,68.96,1.36,92.89,10.28
28-02-2026 13:30,28-02-2026 13:45,61,138,67.83,1.18,60.82,10.29
28-02-2026 13:45,28-02-2026 14:00,64.47,121.8,69.43,1.13,110.58,10.01
28-02-2026 14:00,28-02-2026 14:15,62,107,70.88,2.14,64.15,9.89
28-02-2026 14:15,28-02-2026 14:30,62,107,71.46,1.62,37.36,9.88
28-02-2026 14:30,28-02-2026 14:45,62,107,71.53,1.28,79.76,9.84
28-02-2026 14:45,28-02-2026 15:00,68.39,122.6,71.35,2.03,137.05,9.54
28-02-2026 15:00,28-02-2026 15:15,50,118,71.6,1.32,37.23,9.75
28-02-2026 15:15,28-02-2026 15:30,50,118,71.73,1.58,41.26,9.64
28-02-2026 15:30,28-02-2026 15:45,50,118,70.26,1.04,127.71,9.57
28-02-2026 15:45,28-02-2026 16:00,60.8,120.4,69.97,1.62,80.02,9.39
28-02-2026 16:00,28-02-2026 16:15,55,103,71.33,2.13,52.04,9.5
28-02-2026 16:15,28-02-2026 16:30,55,103,72.15,2.28,132.81,9.49
28-02-2026 16:30,28-02-2026 16:45,55,103,72.19,1.64,74.79,9.43
28-02-2026 16:45,28-02-2026 17:00,66.75,121,72.57,1.51,61.95,9.32
28-02-2026 17:00,28-02-2026 17:15,52,112,73.25,1.21,39.97,9.21
28-02-2026 17:15,28-02-2026 17:30,52,112,73.7,1.94,71.4,9.12
28-02-2026 17:30,28-02-2026 17:45,52,112,75.37,1.05,72.43,8.93
28-02-2026 17:45,28-02-2026 18:00,61.65,120.2,75.89,1.47,56.45,8.57
28-02-2026 18:00,28-02-2026 18:15,58,116,77.1,1.6,47.27,8.03
28-02-2026 18:15,28-02-2026 18:30,58,116,78.08,1.63,41.27,6.85
28-02-2026 18:30,28-02-2026 18:45,58,116,78.51,1.01,88.88,6.51
28-02-2026 18:45,28-02-2026 19:00,66.55,123,79.02,1.05,74.29,6.43
28-02-2026 19:00,28-02-2026 19:15,58,114,79.46,1.34,139.14,6.32
28-02-2026 19:15,28-02-2026 19:30,58,114,79.01,0.81,174.45,6.48
28-02-2026 19:30,28-02-2026 19:45,58,114,79.96,1.19,123.19,6.56
28-02-2026 19:45,28-02-2026 20:00,70.19,125.4,80.22,0.94,80.43,6.35
28-02-2026 20:00,28-02-2026 20:15,50,108,80.02,1.16,96.83,6.58
28-02-2026 20:15,28-02-2026 20:30,50,108,79.89,0.93,118.39,6.51
28-02-2026 20:30,28-02-2026 20:45,50,108,80.74,0.59,152.88,6.48
28-02-2026 20:45,28-02-2026 21:00,52.6,108,80.58,0.99,126.81,6.28
28-02-2026 21:00,28-02-2026 21:15,63,108,80.88,1.6,88.85,6.38
28-02-2026 21:15,28-02-2026 21:30,63,108,81.26,0.9,26.5,6.38
28-02-2026 21:30,28-02-2026 21:45,63,108,81.69,0.78,85.71,6.35
28-02-2026 21:45,28-02-2026 22:00,65.06,106.8,81.89,0.97,46.97,6.31
28-02-2026 22:00,28-02-2026 22:15,57,98,81.77,0.8,148.16,6.35
28-02-2026 22:15,28-02-2026 22:30,57,98,81.61,0.68,150.52,6.34
28-02-2026 22:30,28-02-2026 22:45,57,98,81.7,0.88,92.33,6.27
28-02-2026 22:45,28-02-2026 23:00,70.3,114.4,81.28,0.32,83.67,6.07
28-02-2026 23:00,28-02-2026 23:15,52,93,81.41,0.89,82.39,6.08
28-02-2026 23:15,28-02-2026 23:30,52,93,81.35,0.87,87.73,6.04
28-02-2026 23:30,28-02-2026 23:45,52,93,81.77,0.68,45.67,6.04
28-02-2026 23:45,01-03-2026 00:00,65.26,122.2,81.72,0.39,65.47,6.07
01-03-2026 00:00,01-03-2026 00:15,76.4,83,82.01,0.27,220.18,6.17
01-03-2026 00:15,01-03-2026 00:30,75.4,83,82.11,0.77,54.5,6.03
01-03-2026 00:30,01-03-2026 00:45,74.6,83,82.04,0.42,141.67,6.1
01-03-2026 00:45,01-03-2026 01:00,78,85.8,82.15,0.49,166.14,6
01-03-2026 01:00,01-03-2026 01:15,55,90,82.31,0.36,125.33,5.96
01-03-2026 01:15,01-03-2026 01:30,55,90,82.64,0.37,91.05,6
01-03-2026 01:30,01-03-2026 01:45,55,90,82.94,0.98,99.63,6.04
01-03-2026 01:45,01-03-2026 02:00,61.81,98.6,83.06,0.82,143.98,5.93
01-03-2026 02:00,01-03-2026 02:15,52,88,83.13,0.35,78.82,6.06
01-03-2026 02:15,01-03-2026 02:30,52,88,83.36,0.73,70.58,6.03
01-03-2026 02:30,01-03-2026 02:45,52,88,83.52,0.71,101.03,6.18
01-03-2026 02:45,01-03-2026 03:00,57.98,94.4,84.1,0.36,184.03,6.38
01-03-2026 03:00,01-03-2026 03:15,53,85,84.54,0.42,97.56,6.32
01-03-2026 03:15,01-03-2026 03:30,53,85,84.73,0.39,26.5,6.35
01-03-2026 03:30,01-03-2026 03:45,53,85,85.05,0.46,108.95,6.21
01-03-2026 03:45,01-03-2026 04:00,66.06,103.6,85.26,0.55,90.63,6.24
01-03-2026 04:00,01-03-2026 04:15,49,83,85.54,0.54,169.33,6.42
01-03-2026 04:15,01-03-2026 04:30,49,83,85.59,0.32,57.47,6.38
01-03-2026 04:30,01-03-2026 04:45,49,83,85.68,0.65,126.27,6.34
01-03-2026 04:45,01-03-2026 05:00,54.93,89.4,85.75,0.27,114.35,6.22
01-03-2026 05:00,01-03-2026 05:15,54,80,86.06,0.27,250.14,6.22
01-03-2026 05:15,01-03-2026 05:30,54,80,86.28,0.3,238.34,6.32
01-03-2026 05:30,01-03-2026 05:45,54,80,86.59,0.27,199.46,6.28
01-03-2026 05:45,01-03-2026 06:00,58.67,100.2,86.72,0.43,262.25,6.29
01-03-2026 06:00,01-03-2026 06:15,57,111,87.14,0.46,150.58,6.55
01-03-2026 06:15,01-03-2026 06:30,57,111,87.35,0.46,169.59,7.4
01-03-2026 06:30,01-03-2026 06:45,57,111,87.68,0.58,187.51,8.68
01-03-2026 06:45,01-03-2026 07:00,63.41,125.8,87.73,0.78,238.31,9.02
01-03-2026 07:00,01-03-2026 07:15,72,135,87.82,0.41,163.06,9.14
01-03-2026 07:15,01-03-2026 07:30,72,135,87.86,0.55,304.76,9.45
01-03-2026 07:30,01-03-2026 07:45,72,135,87.81,0.64,278.79,9.4
01-03-2026 07:45,01-03-2026 08:00,76.58,154.8,87.57,1.76,224.65,9.4
01-03-2026 08:00,01-03-2026 08:15,87,179,87.05,0.69,265.07,9.8
01-03-2026 08:15,01-03-2026 08:30,87,179,85.67,0.84,174.97,9.8
01-03-2026 08:30,01-03-2026 08:45,87,179,84.59,1.13,252.87,9.73
01-03-2026 08:45,01-03-2026 09:00,88.32,164.8,83.39,1.14,248.4,9.7
01-03-2026 09:00,01-03-2026 09:15,87,161,80.89,0.6,204.48,9.84
01-03-2026 09:15,01-03-2026 09:30,87,161,76.08,0.89,159.59,9.57
01-03-2026 09:30,01-03-2026 09:45,87,161,73.15,1.03,217.38,9.53
01-03-2026 09:45,01-03-2026 10:00,91.05,145.8,71.07,0.88,168.33,9.57
01-03-2026 10:00,01-03-2026 10:15,67,121,67.62,0.82,77.98,9.81
01-03-2026 10:15,01-03-2026 10:30,67,121,70.84,0.64,53.19,9.88
01-03-2026 10:30,01-03-2026 10:45,67,121,73.03,0.97,62.1,10.01
01-03-2026 10:45,01-03-2026 11:00,68.42,115.6,73.75,0.91,64.83,9.94
01-03-2026 11:00,01-03-2026 11:15,70,111,72.98,0.82,62.3,10.32
01-03-2026 11:15,01-03-2026 11:30,70,111,70.46,0.87,77.14,10.12
01-03-2026 11:30,01-03-2026 11:45,70,111,69.89,1.41,98.33,9.92
01-03-2026 11:45,01-03-2026 12:00,74.46,107.6,70.54,1.2,92.18,10.41
01-03-2026 12:00,01-03-2026 12:15,55,87,70.45,0.88,65.98,10.28
01-03-2026 12:15,01-03-2026 12:30,55,87,71.23,0.97,69.16,10.26
01-03-2026 12:30,01-03-2026 12:45,55,87,71.98,1.2,57.9,10.46
01-03-2026 12:45,01-03-2026 13:00,65.97,98.2,72.26,1.44,52.58,10.29
01-03-2026 13:00,01-03-2026 13:15,52,74,72.94,1.06,97.72,10.22
01-03-2026 13:15,01-03-2026 13:30,52,74,72.22,1.23,73.66,10.24
01-03-2026 13:30,01-03-2026 13:45,52,74,71.95,1.24,52.98,10.18
01-03-2026 13:45,01-03-2026 14:00,60.06,86.8,72.18,1.21,63.71,10.12
01-03-2026 14:00,01-03-2026 14:15,41.6,72,71.95,0.89,63.07,10.15
01-03-2026 14:15,01-03-2026 14:30,52,72,72.29,1.6,85.72,10.15
01-03-2026 14:30,01-03-2026 14:45,52,72,72.97,0.93,116.26,10.18
01-03-2026 14:45,01-03-2026 15:00,63.98,98,73.07,1.14,92.69,10.12
01-03-2026 15:00,01-03-2026 15:15,44.8,90,73.27,1.22,41.36,10.29
01-03-2026 15:15,01-03-2026 15:30,56,90,73.9,1.25,114.52,10.04
01-03-2026 15:30,01-03-2026 15:45,56,90,73.05,1.33,39.68,9.95
01-03-2026 15:45,01-03-2026 16:00,65.54,100,73.3,0.76,120.17,9.64
01-03-2026 16:00,01-03-2026 16:15,35.2,71,73.72,1.24,45.68,9.63
01-03-2026 16:15,01-03-2026 16:30,44,71,73.88,1.53,34.7,9.54
01-03-2026 16:30,01-03-2026 16:45,44,71,73.41,1.12,124.47,9.5
01-03-2026 16:45,01-03-2026 17:00,44.6,71,73.85,1.46,36.85,9.35
01-03-2026 17:00,01-03-2026 17:15,47,71,74.11,1.29,72.31,9.26
01-03-2026 17:15,01-03-2026 17:30,47,71,74.9,1.44,88.94,9.15
01-03-2026 17:30,01-03-2026 17:45,47,71,75.7,0.73,45.73,9.05
01-03-2026 17:45,01-03-2026 18:00,47,77,76.57,1.16,74.87,8.71
01-03-2026 18:00,01-03-2026 18:15,52,86,77.89,0.88,95.3,7.91
01-03-2026 18:15,01-03-2026 18:30,52,86,78.04,0.82,84.22,6.61
01-03-2026 18:30,01-03-2026 18:45,52,86,78.35,1.1,137.48,6.25
01-03-2026 18:45,01-03-2026 19:00,52,82.8,78.08,1.01,52.89,6.22
01-03-2026 19:00,01-03-2026 19:15,48,78,76.95,1.13,74.21,6.15
01-03-2026 19:15,01-03-2026 19:30,48,78,77.37,0.58,135.08,6.21
01-03-2026 19:30,01-03-2026 19:45,48,78,77.73,1.19,65.63,6.25
01-03-2026 19:45,01-03-2026 20:00,48.4,78.8,78.4,0.89,83.23,6.39
01-03-2026 20:00,01-03-2026 20:15,50,80,78.88,0.41,61.17,6.47
01-03-2026 20:15,01-03-2026 20:30,50,80,79.84,0.84,80.71,6.42
01-03-2026 20:30,01-03-2026 20:45,50,80,80.13,0.94,46.64,6.51
01-03-2026 20:45,01-03-2026 21:00,55.47,88.6,79.78,0.98,71.11,6.36
01-03-2026 21:00,01-03-2026 21:15,50,82,80.17,1.09,92.39,6.51
01-03-2026 21:15,01-03-2026 21:30,50,82,80.61,0.44,62.35,6.52
01-03-2026 21:30,01-03-2026 21:45,50,82,81.33,0.7,80.47,6.55
01-03-2026 21:45,01-03-2026 22:00,47.55,156.2,81.61,0.31,85.61,6.41
01-03-2026 22:00,01-03-2026 22:15,47,400,81.89,0.52,105.23,6.51
01-03-2026 22:15,01-03-2026 22:30,47,400,81.76,1.07,132.26,6.38
01-03-2026 22:30,01-03-2026 22:45,47,400,81.51,0.79,70.54,6.39
01-03-2026 22:45,01-03-2026 23:00,47,269.6,81.81,0.92,94.99,6.35
01-03-2026 23:00,01-03-2026 23:15,39,74,81.49,0.51,106.2,6.34
01-03-2026 23:15,01-03-2026 23:30,39,74,81.27,0.27,154.97,6.38
01-03-2026 23:30,01-03-2026 23:45,39,74,81.15,0.37,83.96,6.39
01-03-2026 23:45,02-03-2026 00:00,39,78,81.26,0.43,67.17,6.27
02-03-2026 00:00,02-03-2026 00:15,31.2,84,81.94,0.27,71.95,6.18
02-03-2026 00:15,02-03-2026 00:30,39,84,82.29,0.3,77.29,6.15
02-03-2026 00:30,02-03-2026 00:45,39,84,82.06,0.27,252.02,6.13
02-03-2026 00:45,02-03-2026 01:00,39.6,85.6,82.03,0.27,130.98,5.92
02-03-2026 01:00,02-03-2026 01:15,42,88,82.53,0.27,304.44,6.15
02-03-2026 01:15,02-03-2026 01:30,42,88,83.28,0.27,311.28,6.11
02-03-2026 01:30,02-03-2026 01:45,42,88,83.71,0.27,316.45,5.99
02-03-2026 01:45,02-03-2026 02:00,52.45,98.6,83.95,0.41,261.6,6.11
02-03-2026 02:00,02-03-2026 02:15,45,86,84.07,0.59,270.28,6.2
02-03-2026 02:15,02-03-2026 02:30,45,86,84,0.27,257.86,6.07
02-03-2026 02:30,02-03-2026 02:45,45,86,83.97,0.27,283.78,6.06
02-03-2026 02:45,02-03-2026 03:00,60.7,107.2,84.49,0.27,280.15,6.06
02-03-2026 03:00,02-03-2026 03:15,44,87,84.33,0.48,249.16,6.01
02-03-2026 03:15,02-03-2026 03:30,44,87,84.15,0.3,241.63,5.9
02-03-2026 03:30,02-03-2026 03:45,44,87,85.09,0.49,287.63,6.01
02-03-2026 03:45,02-03-2026 04:00,53.14,98,86.06,0.27,277.41,6.03
02-03-2026 04:00,02-03-2026 04:15,48,89,86.81,0.27,314.3,6.24
02-03-2026 04:15,02-03-2026 04:30,48,89,87.59,0.27,228.84,6.34
02-03-2026 04:30,02-03-2026 04:45,48,89,87.8,0.48,249.57,6.17
02-03-2026 04:45,02-03-2026 05:00,56.86,110.8,87.7,0.4,300.89,6.04
02-03-2026 05:00,02-03-2026 05:15,75,117,87.81,0.7,268.11,6.31
02-03-2026 05:15,02-03-2026 05:30,75,117,87.87,0.32,235.12,6.21
02-03-2026 05:30,02-03-2026 05:45,75,117,87.9,0.48,261.5,6.29
02-03-2026 05:45,02-03-2026 06:00,83.01,131.8,87.7,0.57,264.94,6.18
02-03-2026 06:00,02-03-2026 06:15,69,124,87.68,0.5,218.99,6.44
02-03-2026 06:15,02-03-2026 06:30,69,124,87.9,0.35,278.72,7.27
02-03-2026 06:30,02-03-2026 06:45,69,124,87.62,0.83,190.49,8.67
02-03-2026 06:45,02-03-2026 07:00,80.46,138,87.24,0.74,255.8,8.83
02-03-2026 07:00,02-03-2026 07:15,77,130,86.62,0.63,230.71,9.06
02-03-2026 07:15,02-03-2026 07:30,77,130,85.89,0.43,274.64,9.19
02-03-2026 07:30,02-03-2026 07:45,77,130,84.82,0.27,241.47,9.39
02-03-2026 07:45,02-03-2026 08:00,85.65,145,84.01,0.27,295.16,9.6
02-03-2026 08:00,02-03-2026 08:15,72,140,82.31,0.61,212.08,9.64
02-03-2026 08:15,02-03-2026 08:30,72,140,80.18,0.45,204.46,9.81
02-03-2026 08:30,02-03-2026 08:45,72,140,78.65,0.82,202.91,9.63
02-03-2026 08:45,02-03-2026 09:00,72,134.8,76.72,0.82,123.73,9.61
02-03-2026 09:00,02-03-2026 09:15,62,127,72.99,0.49,112.5,9.64
02-03-2026 09:15,02-03-2026 09:30,62,127,71.45,0.5,137.21,9.37
02-03-2026 09:30,02-03-2026 09:45,62,127,70.81,0.74,43.58,9.25
02-03-2026 09:45,02-03-2026 10:00,62,113.4,71.5,0.55,84.77,9.22
02-03-2026 10:00,02-03-2026 10:15,45,93,70.77,1.11,98.71,9.57
02-03-2026 10:15,02-03-2026 10:30,45,93,70.76,1,47.88,9.73
02-03-2026 10:30,02-03-2026 10:45,45,93,70.5,0.71,102.04,9.66
02-03-2026 10:45,02-03-2026 11:00,43.8,85,70.96,0.82,72.22,9.54
02-03-2026 11:00,02-03-2026 11:15,39,73,71.31,0.95,89.81,9.66
02-03-2026 11:15,02-03-2026 11:30,39,73,70.97,0.62,138.25,9.73
02-03-2026 11:30,02-03-2026 11:45,39,73,71.29,1.19,181.58,9.64
02-03-2026 11:45,02-03-2026 12:00,52.26,96,70.67,0.56,64.7,9.63
02-03-2026 12:00,02-03-2026 12:15,52,86,69.73,0.72,44.04,9.78
02-03-2026 12:15,02-03-2026 12:30,52,86,68.93,0.82,62.61,9.49
02-03-2026 12:30,02-03-2026 12:45,52,86,69.68,0.97,219.01,9.84
02-03-2026 12:45,02-03-2026 13:00,63.14,98.4,69.58,0.98,66.17,9.87
02-03-2026 13:00,02-03-2026 13:15,44,71,69.21,0.88,113.91,9.84
02-03-2026 13:15,02-03-2026 13:30,44,71,68.61,0.93,39.62,9.77
02-03-2026 13:30,02-03-2026 13:45,44,71,68.31,0.89,56.35,9.85
02-03-2026 13:45,02-03-2026 14:00,60.51,95,68.99,0.92,93.44,9.7
02-03-2026 14:00,02-03-2026 14:15,49,73,68.27,0.86,73.14,9.66
02-03-2026 14:15,02-03-2026 14:30,49,73,66.7,0.81,63.07,9.67
02-03-2026 14:30,02-03-2026 14:45,49,73,66.55,0.96,58.48,9.77
02-03-2026 14:45,02-03-2026 15:00,62.79,93.8,66.48,0.9,78.42,9.59
02-03-2026 15:00,02-03-2026 15:15,38.4,70,66.81,1.19,65.39,9.82
02-03-2026 15:15,02-03-2026 15:30,48,70,67.43,1.03,72.95,9.89
02-03-2026 15:30,02-03-2026 15:45,48,70,67.26,1.15,93.7,9.84
02-03-2026 15:45,02-03-2026 16:00,48,70,67.2,0.64,54.25,9.59
02-03-2026 16:00,02-03-2026 16:15,41,70,67.3,0.98,78.49,9.6
02-03-2026 16:15,02-03-2026 16:30,41,70,67.95,0.55,36.7,9.54
02-03-2026 16:30,02-03-2026 16:45,41,70,68.96,0.78,80.54,9.4
02-03-2026 16:45,02-03-2026 17:00,40.4,73.2,69.71,1.01,90.98,9.22
02-03-2026 17:00,02-03-2026 17:15,38,78,70.35,1.35,47.26,9.08
02-03-2026 17:15,02-03-2026 17:30,38,78,70.16,0.51,52.94,8.91
02-03-2026 17:30,02-03-2026 17:45,38,78,70.31,0.79,103.55,8.72
02-03-2026 17:45,02-03-2026 18:00,36.8,77.2,70.64,0.81,72.59,8.43
02-03-2026 18:00,02-03-2026 18:15,32,76,71.18,0.64,220.39,7.84
02-03-2026 18:15,02-03-2026 18:30,32,76,71.77,0.6,94.85,6.54
02-03-2026 18:30,02-03-2026 18:45,32,76,71.53,0.62,96.99,6.14
02-03-2026 18:45,02-03-2026 19:00,35.2,83.2,72.01,0.92,43.59,6.2
02-03-2026 19:00,02-03-2026 19:15,38.4,94,72.5,0.33,107.66,6
02-03-2026 19:15,02-03-2026 19:30,48,94,72.79,0.73,96.92,6.22
02-03-2026 19:30,02-03-2026 19:45,48,94,73.46,0.3,125.39,6.15
02-03-2026 19:45,02-03-2026 20:00,53.35,98.6,73.76,0.27,39.59,6.18
02-03-2026 20:00,02-03-2026 20:15,46,95,74.08,0.28,103.51,6.25
02-03-2026 20:15,02-03-2026 20:30,46,95,74.17,0.28,105.92,6.17
02-03-2026 20:30,02-03-2026 20:45,46,95,74.32,0.27,74.65,6.34
02-03-2026 20:45,02-03-2026 21:00,52.92,92.8,74.47,0.27,26.5,6.11
02-03-2026 21:00,02-03-2026 21:15,38,75,74.19,0.27,26.5,6.32
02-03-2026 21:15,02-03-2026 21:30,38,75,74.37,0.27,26.5,6.35
02-03-2026 21:30,02-03-2026 21:45,38,75,74.29,0.35,144.23,6.41
02-03-2026 21:45,02-03-2026 22:00,55.1,99.2,74.31,0.27,187.23,6.37
02-03-2026 22:00,02-03-2026 22:15,42,78,73.79,0.27,198.66,6.46
02-03-2026 22:15,02-03-2026 22:30,42,78,74.06,0.34,150.7,6.45
02-03-2026 22:30,02-03-2026 22:45,42,78,74.07,0.31,109.45,6.51
02-03-2026 22:45,02-03-2026 23:00,49.33,80.6,74.23,0.27,74.23,6.44
02-03-2026 23:00,02-03-2026 23:15,40,63,75,0.27,123.58,6.5
02-03-2026 23:15,02-03-2026 23:30,40,63,75.62,0.27,145.58,6.52
02-03-2026 23:30,02-03-2026 23:45,40,63,75.95,0.27,151.91,6.42
02-03-2026 23:45,03-03-2026 00:00,63.26,97.6,76.45,0.27,144.58,6.38
03-03-2026 00:00,03-03-2026 00:15,38,60,76.91,0.27,100.17,6.45
03-03-2026 00:15,03-03-2026 00:30,38,60,78.09,0.27,94.91,6.43
03-03-2026 00:30,03-03-2026 00:45,38,60,78.85,0.27,155.02,6.38
03-03-2026 00:45,03-03-2026 01:00,39.6,66.8,79.28,0.27,163.15,6.35
03-03-2026 01:00,03-03-2026 01:15,46,77,79.74,0.27,162.94,6.42
03-03-2026 01:15,03-03-2026 01:30,46,77,80.14,0.27,162.38,6.44
03-03-2026 01:30,03-03-2026 01:45,46,77,80.39,0.27,117.19,6.32
03-03-2026 01:45,03-03-2026 02:00,54.22,103.2,80.85,0.27,132.22,6.18
03-03-2026 02:00,03-03-2026 02:15,48,114,81.53,0.27,151.1,6.14
03-03-2026 02:15,03-03-2026 02:30,48,114,82.48,0.27,151.35,6.29
03-03-2026 02:30,03-03-2026 02:45,48,114,83.05,0.27,151.31,6.15
03-03-2026 02:45,03-03-2026 03:00,53.61,129.8,83.35,0.27,151.4,6.13
03-03-2026 03:00,03-03-2026 03:15,47,152,83.07,0.27,165.27,6.14
03-03-2026 03:15,03-03-2026 03:30,47,152,83.09,0.27,164.4,6.15
03-03-2026 03:30,03-03-2026 03:45,47,152,83.19,0.27,156.39,6.13
03-03-2026 03:45,03-03-2026 04:00,55.28,142,83.5,0.27,153.29,6.03
03-03-2026 04:00,03-03-2026 04:15,48,135,83.71,0.27,153.13,6.11
03-03-2026 04:15,03-03-2026 04:30,48,135,84.32,0.27,145.35,5.99
03-03-2026 04:30,03-03-2026 04:45,48,135,84.34,0.27,62.88,5.92
03-03-2026 04:45,03-03-2026 05:00,59.07,136.2,83.7,0.28,141.6,6.04
03-03-2026 05:00,03-03-2026 05:15,60,126,83.39,0.27,194.32,6.03
03-03-2026 05:15,03-03-2026 05:30,60,126,83.63,0.27,194.53,6.01
03-03-2026 05:30,03-03-2026 05:45,60,126,83.58,0.27,198.73,6.2
03-03-2026 05:45,03-03-2026 06:00,68.28,152,84.28,0.27,198.61,6.24
03-03-2026 06:00,03-03-2026 06:15,86,176,84.85,0.27,286.95,6.34
03-03-2026 06:15,03-03-2026 06:30,86,176,85.04,0.27,317.61,7.37
03-03-2026 06:30,03-03-2026 06:45,86,176,85.18,0.35,282.81,8.46
03-03-2026 06:45,03-03-2026 07:00,88.04,190,85.13,0.27,283.78,8.65
03-03-2026 07:00,03-03-2026 07:15,123,225,84.73,0.33,233.82,8.92
03-03-2026 07:15,03-03-2026 07:30,123,225,83.73,0.54,273.63,9.09
03-03-2026 07:30,03-03-2026 07:45,123,225,82.5,0.75,134.8,9.14
03-03-2026 07:45,03-03-2026 08:00,120.84,230,80.62,0.49,26.5,9.26
03-03-2026 08:00,03-03-2026 08:15,90.4,256,79.02,0.57,176.75,9.52
03-03-2026 08:15,03-03-2026 08:30,113,256,77.18,0.66,193.01,9.56
03-03-2026 08:30,03-03-2026 08:45,113,256,75.47,0.7,163.15,9.68
03-03-2026 08:45,03-03-2026 09:00,105,218,73.9,0.75,128,9.71
03-03-2026 09:00,03-03-2026 09:15,73,161,72.22,0.74,150.28,9.7
03-03-2026 09:15,03-03-2026 09:30,73,161,70.42,0.6,135.93,9.63
03-03-2026 09:30,03-03-2026 09:45,73,161,69.5,0.63,97.74,9.22
03-03-2026 09:45,03-03-2026 10:00,73,135.4,69.25,0.8,70.13,8.85
03-03-2026 10:00,03-03-2026 10:15,45,97,69.14,1.33,90.2,8.55
03-03-2026 10:15,03-03-2026 10:30,45,97,68.95,1.09,58.52,8.67
03-03-2026 10:30,03-03-2026 10:45,45,97,68.66,1,53.64,8.48
03-03-2026 10:45,03-03-2026 11:00,45,83.4,68.26,1.02,117.75,8.5
03-03-2026 11:00,03-03-2026 11:15,30,63,68.81,0.89,62.01,8.64
03-03-2026 11:15,03-03-2026 11:30,30,63,68.42,1.06,105.95,8.6
03-03-2026 11:30,03-03-2026 11:45,30,63,68.24,0.72,94.51,8.64
03-03-2026 11:45,03-03-2026 12:00,39.34,73.6,68.63,1.2,51.97,8.68
03-03-2026 12:00,03-03-2026 12:15,35,61,68.58,1.23,86.28,8.48
03-03-2026 12:15,03-03-2026 12:30,35,61,68.56,0.9,66.3,8.64
03-03-2026 12:30,03-03-2026 12:45,35,61,68.56,1.51,53.42,8.57
03-03-2026 12:45,03-03-2026 13:00,46.18,80.8,68.15,1.48,61.53,8.32
03-03-2026 13:00,03-03-2026 13:15,31,68,68.27,1.01,120.26,8.46
03-03-2026 13:15,03-03-2026 13:30,31,68,68.43,0.97,80.17,8.51
03-03-2026 13:30,03-03-2026 13:45,31,68,69,1.36,69,8.37
03-03-2026 13:45,03-03-2026 14:00,41.96,80.4,68.98,1.05,61.38,8.23
03-03-2026 14:00,03-03-2026 14:15,33,67,68.92,0.61,53.57,8.41
03-03-2026 14:15,03-03-2026 14:30,33,67,68.87,0.98,69.75,8.65
03-03-2026 14:30,03-03-2026 14:45,33,67,69.61,1.72,98.48,8.64
03-03-2026 14:45,03-03-2026 15:00,43.45,78.6,69.33,1.09,54.53,8.61
03-03-2026 15:00,03-03-2026 15:15,37,67,69.45,1.23,149.27,8.53
03-03-2026 15:15,03-03-2026 15:30,37,67,70.52,1.5,91.15,8.69
03-03-2026 15:30,03-03-2026 15:45,37,67,70.52,0.97,101.22,8.55
03-03-2026 15:45,03-03-2026 16:00,44.03,77.4,70.56,1.35,99.72,8.5
03-03-2026 16:00,03-03-2026 16:15,37,71,71.09,1.61,60.34,8.53
03-03-2026 16:15,03-03-2026 16:30,37,71,71.04,1.21,49.18,8.57
03-03-2026 16:30,03-03-2026 16:45,37,71,70.65,0.8,70.18,8.55
03-03-2026 16:45,03-03-2026 17:00,52.61,96.2,70.93,0.96,69.79,8.53
03-03-2026 17:00,03-03-2026 17:15,35,81,71.02,1.06,84.64,8.37
03-03-2026 17:15,03-03-2026 17:30,35,81,72.21,0.47,91.15,8.33
03-03-2026 17:30,03-03-2026 17:45,35,81,73.11,0.52,44.3,8.39
03-03-2026 17:45,03-03-2026 18:00,51.11,94.6,73.68,0.53,60.78,8.23
03-03-2026 18:00,03-03-2026 18:15,29,62,74.85,0.96,26.5,7.89
03-03-2026 18:15,03-03-2026 18:30,29,62,75.59,0.34,62.06,6.92
03-03-2026 18:30,03-03-2026 18:45,29,62,76.19,0.39,86.87,6.34
03-03-2026 18:45,03-03-2026 19:00,49.18,86,76.7,0.27,119.98,6.14
03-03-2026 19:00,03-03-2026 19:15,38,60,76.78,0.34,68.32,6.25
03-03-2026 19:15,03-03-2026 19:30,38,60,77.3,0.28,172.45,6.29
03-03-2026 19:30,03-03-2026 19:45,38,60,77.68,0.29,107.49,6.24
03-03-2026 19:45,03-03-2026 20:00,44.69,77.8,77.79,0.29,39.72,6.18
03-03-2026 20:00,03-03-2026 20:15,36,78,78.02,0.41,70.54,6.2
03-03-2026 20:15,03-03-2026 20:30,36,78,78.14,0.31,26.5,6.21
03-03-2026 20:30,03-03-2026 20:45,36,78,77.63,0.53,51.69,6.31
03-03-2026 20:45,03-03-2026 21:00,44.05,79,76.79,0.28,82.54,6.1
03-03-2026 21:00,03-03-2026 21:15,31,57,77.28,0.34,83.54,6.14
03-03-2026 21:15,03-03-2026 21:30,31,57,77.65,0.27,56.45,6.32
03-03-2026 21:30,03-03-2026 21:45,31,57,77.95,0.27,43.66,6.2
03-03-2026 21:45,03-03-2026 22:00,44.04,72,78.63,0.27,92.46,6.14
03-03-2026 22:00,03-03-2026 22:15,31,49,78.84,0.39,80.02,6.28
03-03-2026 22:15,03-03-2026 22:30,31,49,78.74,0.33,126.34,6.1
03-03-2026 22:30,03-03-2026 22:45,31,49,78.89,0.27,94.12,6.29
03-03-2026 22:45,03-03-2026 23:00,32,51.8,79.34,0.27,66.84,6.46
03-03-2026 23:00,03-03-2026 23:15,36,56,79.46,0.27,83.13,6.38
03-03-2026 23:15,03-03-2026 23:30,36,56,79.57,0.31,38.49,6.36
03-03-2026 23:30,03-03-2026 23:45,36,56,79.66,0.31,26.5,6.31
03-03-2026 23:45,04-03-2026 00:00,59.95,92.8,79.76,0.27,26.5,6.42
04-03-2026 00:00,04-03-2026 00:15,31,57,79.94,0.27,26.5,6.49
04-03-2026 00:15,04-03-2026 00:30,31,57,80.54,0.27,26.5,6.49
04-03-2026 00:30,04-03-2026 00:45,31,57,80.79,0.27,26.5,6.41
04-03-2026 00:45,04-03-2026 01:00,32.8,75.8,81.61,0.27,46.66,6.29
04-03-2026 01:00,04-03-2026 01:15,40,104,82.53,0.27,58.9,6.52
04-03-2026 01:15,04-03-2026 01:30,40,104,82.92,0.27,58.62,6.39
04-03-2026 01:30,04-03-2026 01:45,40,104,83.16,0.27,58.62,6.34
04-03-2026 01:45,04-03-2026 02:00,47.79,129,83.65,0.27,58.64,6.46
04-03-2026 02:00,04-03-2026 02:15,39,157,84.26,0.27,58.81,6.25
04-03-2026 02:15,04-03-2026 02:30,39,157,84.66,0.27,58.63,6.29
04-03-2026 02:30,04-03-2026 02:45,39,157,84.96,0.27,58.55,6.43
04-03-2026 02:45,04-03-2026 03:00,44.09,130.2,84.97,0.27,58.66,6.29
04-03-2026 03:00,04-03-2026 03:15,30,112,85.13,0.27,58.81,6.17
04-03-2026 03:15,04-03-2026 03:30,30,112,85.59,0.27,39.48,6.06
04-03-2026 03:30,04-03-2026 03:45,30,112,85.71,0.27,26.5,6.04
04-03-2026 03:45,04-03-2026 04:00,40.12,96.4,85.27,0.27,156.14,6.13
04-03-2026 04:00,04-03-2026 04:15,27,67,84.82,0.27,243.43,6.04
04-03-2026 04:15,04-03-2026 04:30,27,67,85.19,0.27,241.08,5.89
04-03-2026 04:30,04-03-2026 04:45,27,67,86,0.27,285.49,6.07
04-03-2026 04:45,04-03-2026 05:00,46.18,102,86.5,0.27,296.13,6
04-03-2026 05:00,04-03-2026 05:15,55,115,86.76,0.34,205.34,5.99
04-03-2026 05:15,04-03-2026 05:30,55,115,86.61,0.46,212.04,5.99
04-03-2026 05:30,04-03-2026 05:45,55,115,86.51,0.27,281.68,6.01
04-03-2026 05:45,04-03-2026 06:00,66.88,129.6,86.86,0.27,297.37,5.97
04-03-2026 06:00,04-03-2026 06:15,81,141,87.12,0.27,299.91,6.27
04-03-2026 06:15,04-03-2026 06:30,81,141,87.38,0.27,311.17,7.23
04-03-2026 06:30,04-03-2026 06:45,81,141,87.43,0.27,288.05,8.2
04-03-2026 06:45,04-03-2026 07:00,85.26,149.6,87.28,0.27,258.52,8.51
04-03-2026 07:00,04-03-2026 07:15,91,162,86.55,0.41,263.76,8.89
04-03-2026 07:15,04-03-2026 07:30,91,162,85.21,0.5,235.1,9.21
04-03-2026 07:30,04-03-2026 07:45,91,162,83.88,0.54,265.34,9.49
04-03-2026 07:45,04-03-2026 08:00,84.78,155.6,82.68,0.35,238.83,9.4
04-03-2026 08:00,04-03-2026 08:15,69,164,81.33,0.45,235.46,10.04
04-03-2026 08:15,04-03-2026 08:30,69,164,79.83,0.42,80.67,9.94
04-03-2026 08:30,04-03-2026 08:45,69,164,78.42,0.57,105.63,9.96
04-03-2026 08:45,04-03-2026 09:00,74.69,149.8,76.93,0.93,61.16,9.87
04-03-2026 09:00,04-03-2026 09:15,54,124,75.25,0.96,124.87,9.92
04-03-2026 09:15,04-03-2026 09:30,54,124,74.23,0.9,69.57,9.88
04-03-2026 09:30,04-03-2026 09:45,54,124,73.82,1.35,108.4,9.68
04-03-2026 09:45,04-03-2026 10:00,58.49,111.8,73.55,1.02,62.72,10.05
04-03-2026 10:00,04-03-2026 10:15,31,79,72.98,0.99,63.07,10.31
04-03-2026 10:15,04-03-2026 10:30,31,79,73.44,0.94,189.34,10.25
04-03-2026 10:30,04-03-2026 10:45,31,79,72.69,1.27,42.17,10.15
04-03-2026 10:45,04-03-2026 11:00,44.33,99,72.5,0.66,43.82,10.14
04-03-2026 11:00,04-03-2026 11:15,37,98,71.85,1.26,59.01,10.02
04-03-2026 11:15,04-03-2026 11:30,37,98,72.78,0.94,91.75,10.18
04-03-2026 11:30,04-03-2026 11:45,37,98,72.24,1.03,55.47,9.95
04-03-2026 11:45,04-03-2026 12:00,53,103.6,71.93,1.04,96.49,9.8
04-03-2026 12:00,04-03-2026 12:15,36,71,71.29,1.38,174.02,9.78
04-03-2026 12:15,04-03-2026 12:30,36,71,71.57,1.36,168.18,9.68
04-03-2026 12:30,04-03-2026 12:45,36,71,69.88,0.97,161.13,9.66
04-03-2026 12:45,04-03-2026 13:00,46.95,74.6,68.02,0.82,43.95,9.63
04-03-2026 13:00,04-03-2026 13:15,39,48,66.53,1.2,61.9,9.61
04-03-2026 13:15,04-03-2026 13:30,39,48,65.87,1.36,101.65,9.57
04-03-2026 13:30,04-03-2026 13:45,39,48,66.6,1.03,65.43,9.67
04-03-2026 13:45,04-03-2026 14:00,43.11,60.2,66.33,0.98,61.47,9.61
04-03-2026 14:00,04-03-2026 14:15,23,39,67.19,1.32,58.24,9.53
04-03-2026 14:15,04-03-2026 14:30,23,39,67.16,1.13,44.49,9.47
04-03-2026 14:30,04-03-2026 14:45,23,39,67.08,1.05,59.8,9.46
04-03-2026 14:45,04-03-2026 15:00,23,38.6,67,1.04,212.34,9.38
04-03-2026 15:00,04-03-2026 15:15,19.2,38,66.75,1.04,151.75,9.56
04-03-2026 15:15,04-03-2026 15:30,24,38,67.91,0.54,99.14,9.45
04-03-2026 15:30,04-03-2026 15:45,24,38,66.78,0.6,64.21,9.49
04-03-2026 15:45,04-03-2026 16:00,43.77,68.6,66.84,0.97,39.94,9.64
04-03-2026 16:00,04-03-2026 16:15,24,39,67.35,0.69,67.06,9.67
04-03-2026 16:15,04-03-2026 16:30,24,39,67.34,0.91,33.41,9.46
04-03-2026 16:30,04-03-2026 16:45,24,39,66.93,0.37,66.33,9.46
04-03-2026 16:45,04-03-2026 17:00,42.19,65.8,66.73,0.6,52.95,9.39
04-03-2026 17:00,04-03-2026 17:15,33,44,68.61,0.76,60.84,9.39
04-03-2026 17:15,04-03-2026 17:30,33,44,69.64,0.79,48.4,9.25
04-03-2026 17:30,04-03-2026 17:45,33,44,69.67,0.67,35.92,9.17
04-03-2026 17:45,04-03-2026 18:00,53.19,73.25,71.17,0.31,48.52,8.59
04-03-2026 18:00,04-03-2026 18:15,21,37,71.6,0.27,45.11,8.09
04-03-2026 18:15,04-03-2026 18:30,21,37,70.9,0.63,75.36,6.82
04-03-2026 18:30,04-03-2026 18:45,21,37,71.94,0.31,77.45,6.55
04-03-2026 18:45,04-03-2026 19:00,36.97,63,72.72,0.27,111.12,6.36
04-03-2026 19:00,04-03-2026 19:15,23,43,72.99,0.27,176.53,6.48
04-03-2026 19:15,04-03-2026 19:30,23,43,73.47,0.27,137.9,6.51
04-03-2026 19:30,04-03-2026 19:45,23,43,74.26,0.28,54.98,6.5
04-03-2026 19:45,04-03-2026 20:00,41.42,70.4,74.74,0.27,148.21,6.45
04-03-2026 20:00,04-03-2026 20:15,24,45,74.65,0.27,79.49,6.39
04-03-2026 20:15,04-03-2026 20:30,24,45,74.63,0.27,71.23,6.26
04-03-2026 20:30,04-03-2026 20:45,24,45,74.82,0.28,26.5,6.27
04-03-2026 20:45,04-03-2026 21:00,24,39,74.55,0.43,83.76,6.25
04-03-2026 21:00,04-03-2026 21:15,29,30,74.44,0.27,145.8,6.22
04-03-2026 21:15,04-03-2026 21:30,29,30,74.7,0.27,176.72,6.14
04-03-2026 21:30,04-03-2026 21:45,29,30,75,0.27,99.97,6.12
04-03-2026 21:45,04-03-2026 22:00,44.11,61,75.02,0.27,128.33,6.13
04-03-2026 22:00,04-03-2026 22:15,27,36,75.47,0.27,118.29,6.16
04-03-2026 22:15,04-03-2026 22:30,27,36,75.78,0.27,118.77,6.22
04-03-2026 22:30,04-03-2026 22:45,27,36,75.81,0.27,56.77,6.15
04-03-2026 22:45,04-03-2026 23:00,35.47,53.8,76.39,0.27,52.82,6.21
04-03-2026 23:00,04-03-2026 23:15,23,38,77.25,0.27,48.85,6.29
04-03-2026 23:15,04-03-2026 23:30,23,38,77.77,0.27,54.57,6.25
04-03-2026 23:30,04-03-2026 23:45,23,38,78.21,0.32,45.08,6.34
04-03-2026 23:45,05-03-2026 00:00,41.46,86.25,78,0.43,56.24,6.14
05-03-2026 00:00,05-03-2026 00:15,28,79,78.13,0.39,47.73,6.13
05-03-2026 00:15,05-03-2026 00:30,28,79,78.42,0.36,41.05,6.38
05-03-2026 00:30,05-03-2026 00:45,28,79,78.73,0.31,43.61,6.36
05-03-2026 00:45,05-03-2026 01:00,28.67,71.5,79.41,0.27,123.19,6.29
05-03-2026 01:00,05-03-2026 01:15,22.5,64,79.95,0.35,58.8,6.42
05-03-2026 01:15,05-03-2026 01:30,30,64,80.31,0.31,59.64,6.46
05-03-2026 01:30,05-03-2026 01:45,30,64,81.37,0.27,51.05,6.55
05-03-2026 01:45,05-03-2026 02:00,30,72.5,82.06,0.27,26.5,6.28
05-03-2026 02:00,05-03-2026 02:15,30,81,82.36,0.29,156.64,6.35
05-03-2026 02:15,05-03-2026 02:30,30,81,82.31,0.37,198.05,6.48
05-03-2026 02:30,05-03-2026 02:45,30,81,82.69,0.27,228.81,6.42
05-03-2026 02:45,05-03-2026 03:00,29.67,70.5,83,0.53,258.06,6.29
05-03-2026 03:00,05-03-2026 03:15,28,60,82.9,0.69,151.15,6.33
05-03-2026 03:15,05-03-2026 03:30,28,60,82.84,0.45,65.5,6.38
05-03-2026 03:30,05-03-2026 03:45,28,60,83.3,0.48,274.11,6.41
05-03-2026 03:45,05-03-2026 04:00,44.44,78.8,83.8,0.47,231.89,6.28
05-03-2026 04:00,05-03-2026 04:15,35,62,84.43,0.34,251.78,6.42
05-03-2026 04:15,05-03-2026 04:30,35,62,84.86,0.41,285.27,6.47
05-03-2026 04:30,05-03-2026 04:45,35,62,85.21,0.51,287.31,6.29
05-03-2026 04:45,05-03-2026 05:00,52.71,88.2,85.21,0.63,239.97,6.13
05-03-2026 05:00,05-03-2026 05:15,36,64,85.53,0.47,238.88,6.15
05-03-2026 05:15,05-03-2026 05:30,36,64,85.85,0.33,290.97,6.09
05-03-2026 05:30,05-03-2026 05:45,36,64,86.22,0.56,233.05,6.05
05-03-2026 05:45,05-03-2026 06:00,47.1,95.6,86.37,0.53,200.2,6.03
05-03-2026 06:00,05-03-2026 06:15,33,88,86.74,0.55,239.65,6.37
05-03-2026 06:15,05-03-2026 06:30,33,88,87.01,1.1,151.98,7.36
05-03-2026 06:30,05-03-2026 06:45,33,88,87.04,0.97,222.94,8.27
05-03-2026 06:45,05-03-2026 07:00,58.04,122.4,86.92,0.42,235.58,8.62
05-03-2026 07:00,05-03-2026 07:15,37,118,86.4,0.68,181.98,8.73
05-03-2026 07:15,05-03-2026 07:30,37,118,85.91,1,259.46,8.89
05-03-2026 07:30,05-03-2026 07:45,37,118,85.2,0.99,126.12,9.07
05-03-2026 07:45,05-03-2026 08:00,40.67,128,84.29,1.13,211.1,9.17
05-03-2026 08:00,05-03-2026 08:15,48,138,82.88,1.55,221.11,9.31
05-03-2026 08:15,05-03-2026 08:30,48,138,81.93,0.79,125.97,9.46
05-03-2026 08:30,05-03-2026 08:45,48,138,80.42,1.06,251.18,9.59
05-03-2026 08:45,05-03-2026 09:00,52.37,126.6,78.67,0.75,191.12,9.84
05-03-2026 09:00,05-03-2026 09:15,41,122,76.25,0.78,170.67,10.02
05-03-2026 09:15,05-03-2026 09:30,41,122,74.48,1.14,204.75,9.68
05-03-2026 09:30,05-03-2026 09:45,41,122,73.07,1.25,178.78,9.57
05-03-2026 09:45,05-03-2026 10:00,55.9,156.4,70.77,0.91,153.71,10.04
05-03-2026 10:00,05-03-2026 10:15,50,170,69.33,0.82,216.58,9.96
05-03-2026 10:15,05-03-2026 10:30,50,170,67.5,1.19,303.62,9.93
05-03-2026 10:30,05-03-2026 10:45,50,170,65.87,1.38,200.25,10.02
05-03-2026 10:45,05-03-2026 11:00,55.21,142.6,68.56,0.82,53.22,9.88
05-03-2026 11:00,05-03-2026 11:15,50,142,69.72,1.17,50.37,9.95
05-03-2026 11:15,05-03-2026 11:30,50,142,69.2,0.52,57.97,10.06
05-03-2026 11:30,05-03-2026 11:45,50,142,68.26,0.92,77.8,10.15
05-03-2026 11:45,05-03-2026 12:00,62.35,175.6,67.95,1.09,93.11,9.78
05-03-2026 12:00,05-03-2026 12:15,49,187,68.63,1.25,84.66,9.92
05-03-2026 12:15,05-03-2026 12:30,49,187,69.27,1.44,39.41,10
05-03-2026 12:30,05-03-2026 12:45,49,187,70.37,1.12,94.82,9.9
05-03-2026 12:45,05-03-2026 13:00,61.64,213.6,69.72,1.83,174.16,9.91
05-03-2026 13:00,05-03-2026 13:15,39,231,70.91,1.57,34.08,10.06
05-03-2026 13:15,05-03-2026 13:30,39,231,71.14,1.34,49.79,9.85
05-03-2026 13:30,05-03-2026 13:45,39,231,71.03,0.89,80.92,9.5
05-03-2026 13:45,05-03-2026 14:00,43.63,184.33,70.79,0.94,124.74,9.61
05-03-2026 14:00,05-03-2026 14:15,31,149,71.3,1.72,81.79,9.46
05-03-2026 14:15,05-03-2026 14:30,31,149,72.21,1.38,80.88,9.38
05-03-2026 14:30,05-03-2026 14:45,31,149,71.98,1.13,81.24,9.47
05-03-2026 14:45,05-03-2026 15:00,47.25,119,71.5,0.85,57.52,9.26
05-03-2026 15:00,05-03-2026 15:15,27,87,72.18,1.1,70.63,9.33
05-03-2026 15:15,05-03-2026 15:30,27,87,72.01,0.85,108.16,9.22
05-03-2026 15:30,05-03-2026 15:45,27,87,72.87,1.09,81.21,9.19
05-03-2026 15:45,05-03-2026 16:00,43.44,126.6,74.53,1.1,92.1,9.19
05-03-2026 16:00,05-03-2026 16:15,27,126,75.34,1.47,73.47,9.21
05-03-2026 16:15,05-03-2026 16:30,27,126,75.81,1.89,50.32,9.07
05-03-2026 16:30,05-03-2026 16:45,27,126,77.2,0.82,118.17,8.99
05-03-2026 16:45,05-03-2026 17:00,27,101.5,77.46,1.59,59.14,8.89
05-03-2026 17:00,05-03-2026 17:15,25,77,78.48,1.08,102.57,8.93
05-03-2026 17:15,05-03-2026 17:30,25,77,78.91,1.94,26.5,9.07
05-03-2026 17:30,05-03-2026 17:45,25,77,80.32,1.84,161.16,9.08
05-03-2026 17:45,05-03-2026 18:00,41.36,95.6,81.27,1.32,81.1,8.62
05-03-2026 18:00,05-03-2026 18:15,29,83,81.81,1.2,28.66,7.78
05-03-2026 18:15,05-03-2026 18:30,29,83,82.26,1.7,93.78,6.79
05-03-2026 18:30,05-03-2026 18:45,29,83,82.9,0.77,83.68,6.4
05-03-2026 18:45,05-03-2026 19:00,29,82,83.18,1.26,36.02,6.43
05-03-2026 19:00,05-03-2026 19:15,28.8,81,83.39,1.16,57.68,6.46
05-03-2026 19:15,05-03-2026 19:30,29,81,83.5,1.58,87.39,6.44
05-03-2026 19:30,05-03-2026 19:45,29,81,83.25,1.12,57.46,6.43
05-03-2026 19:45,05-03-2026 20:00,46.97,106.2,83.15,0.87,140.68,6.34
05-03-2026 20:00,05-03-2026 20:15,27,87,82.7,1.31,72.45,6.28
05-03-2026 20:15,05-03-2026 20:30,27,87,82.34,1.41,117.54,6.53
05-03-2026 20:30,05-03-2026 20:45,27,87,82.07,1.37,84.92,6.46
05-03-2026 20:45,05-03-2026 21:00,37.32,96.2,81.22,1.39,26.5,6.32
05-03-2026 21:00,05-03-2026 21:15,26,90,80.45,1.2,121.45,6.35
05-03-2026 21:15,05-03-2026 21:30,26,90,79.85,1.55,67.69,6.46
05-03-2026 21:30,05-03-2026 21:45,26,90,79.51,0.94,80.67,6.47
05-03-2026 21:45,05-03-2026 22:00,44.86,83.2,80.09,1.37,58.96,6.13
05-03-2026 22:00,05-03-2026 22:15,27,48,80.26,1.36,86.97,6.13
05-03-2026 22:15,05-03-2026 22:30,27,48,81.1,1.11,88.46,6.14
05-03-2026 22:30,05-03-2026 22:45,27,48,81.75,1.11,39.54,6.18
05-03-2026 22:45,05-03-2026 23:00,41.82,70.2,82.52,1.39,61.7,6.15
05-03-2026 23:00,05-03-2026 23:15,21,43,82.9,1.36,26.5,6.06
05-03-2026 23:15,05-03-2026 23:30,21,43,83.51,1.38,102.29,6.14
05-03-2026 23:30,05-03-2026 23:45,21,43,84.22,0.9,74.61,6.02
05-03-2026 23:45,06-03-2026 00:00,50.44,83.8,84.91,1.07,128.93,6.03
06-03-2026 00:00,06-03-2026 00:15,23,44,85.34,1.37,117.25,6.14
06-03-2026 00:15,06-03-2026 00:30,23,44,85.54,0.99,135.6,6.15
06-03-2026 00:30,06-03-2026 00:45,23,44,85.64,0.55,179.48,6.02
06-03-2026 00:45,06-03-2026 01:00,24.33,48.5,85.66,0.6,183.06,6.07
06-03-2026 01:00,06-03-2026 01:15,27,53,85.52,0.92,160.28,6.1
06-03-2026 01:15,06-03-2026 01:30,27,53,85.23,0.61,123.74,6.12
06-03-2026 01:30,06-03-2026 01:45,27,53,85.18,0.75,81.25,6.02
06-03-2026 01:45,06-03-2026 02:00,40.39,115.6,85.69,0.91,93.81,6.21
06-03-2026 02:00,06-03-2026 02:15,34,134,85.96,0.96,251.67,6.25
06-03-2026 02:15,06-03-2026 02:30,34,134,86.12,1.28,241,6.19
06-03-2026 02:30,06-03-2026 02:45,34,134,86.32,1.02,246.45,6.19
06-03-2026 02:45,06-03-2026 03:00,44.77,136,86.45,1.12,219.64,6.22
06-03-2026 03:00,06-03-2026 03:15,36,139,86.74,0.49,253.69,6.29
06-03-2026 03:15,06-03-2026 03:30,36,139,86.94,1.53,245.73,6.25
06-03-2026 03:30,06-03-2026 03:45,36,139,86.91,1.67,212.08,6.14
06-03-2026 03:45,06-03-2026 04:00,36.8,239.2,86.98,0.7,215.33,6.21
06-03-2026 04:00,06-03-2026 04:15,40,306,87.34,1.25,154.6,6.23
06-03-2026 04:15,06-03-2026 04:30,40,306,87.56,1.1,203.78,6.31
06-03-2026 04:30,06-03-2026 04:45,40,306,87.6,1.21,191.38,6.55
06-03-2026 04:45,06-03-2026 05:00,47.52,135,87.76,1.19,174.04,6.34
06-03-2026 05:00,06-03-2026 05:15,32,75,87.81,1.17,177.66,6.27
06-03-2026 05:15,06-03-2026 05:30,32,75,87.85,1.35,214.9,6.39
06-03-2026 05:30,06-03-2026 05:45,32,75,87.97,0.88,158.05,6.33
06-03-2026 05:45,06-03-2026 06:00,49.81,87.6,87.58,1.33,256.45,6.25
06-03-2026 06:00,06-03-2026 06:15,35,62,87.24,1.21,148.31,6.57
06-03-2026 06:15,06-03-2026 06:30,35,62,87.15,0.76,205.09,7.7
06-03-2026 06:30,06-03-2026 06:45,35,62,86.54,0.59,158.72,8.47
06-03-2026 06:45,06-03-2026 07:00,43.65,78.6,86.05,1.02,26.5,8.72
06-03-2026 07:00,06-03-2026 07:15,27,62,84.82,1.19,179.09,8.79
06-03-2026 07:15,06-03-2026 07:30,27,62,82.11,0.88,206.03,8.95
06-03-2026 07:30,06-03-2026 07:45,27,62,78.05,1.16,203.31,9.02
06-03-2026 07:45,06-03-2026 08:00,27,75.5,75.42,0.84,208.12,9.42
06-03-2026 08:00,06-03-2026 08:15,38,89,70.96,1.32,173.96,9.66
06-03-2026 08:15,06-03-2026 08:30,38,89,69.57,1.19,180.34,9.57
06-03-2026 08:30,06-03-2026 08:45,38,89,66.86,1.49,155.62,9.68
06-03-2026 08:45,06-03-2026 09:00,40.8,110,64.52,1.93,149.32,9.64
06-03-2026 09:00,06-03-2026 09:15,45,124,63.05,1.86,161.42,9.74
06-03-2026 09:15,06-03-2026 09:30,45,124,61.43,1.75,164.12,9.3
06-03-2026 09:30,06-03-2026 09:45,45,124,60.04,1.9,177.06,9.31
06-03-2026 09:45,06-03-2026 10:00,45,142,58.59,1.31,194.51,9.58
06-03-2026 10:00,06-03-2026 10:15,52.5,160,57.36,1.69,176.09,10.03
06-03-2026 10:15,06-03-2026 10:30,55,160,56.15,1.21,125.56,10.25
06-03-2026 10:30,06-03-2026 10:45,55,160,55.6,1.26,161.65,10.33
06-03-2026 10:45,06-03-2026 11:00,55,161,58.52,1.02,28.8,10.09
06-03-2026 11:00,06-03-2026 11:15,59.33,162,64.4,1.17,83.02,10.27
06-03-2026 11:15,06-03-2026 11:30,64,162,65.5,1.04,50.9,10.34
06-03-2026 11:30,06-03-2026 11:45,64,162,67.53,1.24,105.75,10.19
06-03-2026 11:45,06-03-2026 12:00,64,144,66.58,2.58,42.42,10.08
06-03-2026 12:00,06-03-2026 12:15,47,126,67.07,1.3,115.53,10.16
06-03-2026 12:15,06-03-2026 12:30,47,126,66.4,1.79,45.31,10.29
06-03-2026 12:30,06-03-2026 12:45,47,126,66.28,1.88,36.84,10.38
06-03-2026 12:45,06-03-2026 13:00,47,127,65.53,1.14,68.59,10.18
06-03-2026 13:00,06-03-2026 13:15,44,128,65.22,1.65,80.85,10.18
06-03-2026 13:15,06-03-2026 13:30,44,128,64.49,1.41,60.64,10.31
06-03-2026 13:30,06-03-2026 13:45,44,128,66.74,2.02,55.62,10.34
06-03-2026 13:45,06-03-2026 14:00,44.8,113.6,67.26,2.03,63.32,10.14
06-03-2026 14:00,06-03-2026 14:15,48,104,67,1.82,77,10.32
06-03-2026 14:15,06-03-2026 14:30,48,104,65.56,1.53,73.14,10.24
06-03-2026 14:30,06-03-2026 14:45,48,104,64.84,1.34,58.04,10.08
06-03-2026 14:45,06-03-2026 15:00,47.83,108,65.1,1.52,48.23,9.71
06-03-2026 15:00,06-03-2026 15:15,47,112,64.23,1.42,101.47,9.51
06-03-2026 15:15,06-03-2026 15:30,47,112,64.39,1.09,60.41,9.62
06-03-2026 15:30,06-03-2026 15:45,47,112,64.79,2.21,98.57,9.67
06-03-2026 15:45,06-03-2026 16:00,46.67,110.5,65.57,2.18,115.66,8.95
06-03-2026 16:00,06-03-2026 16:15,46,109,66.72,2.68,52.7,8.47
06-03-2026 16:15,06-03-2026 16:30,46,109,67.34,1.7,90.11,8.38
06-03-2026 16:30,06-03-2026 16:45,46,109,68.5,2.21,39.48,8.45
06-03-2026 16:45,06-03-2026 17:00,43,106.5,70.55,2.1,78.22,8.37
06-03-2026 17:00,06-03-2026 17:15,37,104,72.17,2.49,59.08,8.4
06-03-2026 17:15,06-03-2026 17:30,37,104,73.54,2.01,99.1,8.38
06-03-2026 17:30,06-03-2026 17:45,37,104,75.35,1.01,99.69,8.11
06-03-2026 17:45,06-03-2026 18:00,36.2,89.6,77.91,1.9,59.01,7.84
06-03-2026 18:00,06-03-2026 18:15,35,80,79.86,1.6,31.37,7.35
06-03-2026 18:15,06-03-2026 18:30,35,80,80.74,0.94,129.57,6.51
06-03-2026 18:30,06-03-2026 18:45,35,80,81.08,2.12,59.07,6.21
06-03-2026 18:45,06-03-2026 19:00,35,87.2,81.7,1.17,93.92,6.3
06-03-2026 19:00,06-03-2026 19:15,35,92,82.26,1.76,34.87,6.44
06-03-2026 19:15,06-03-2026 19:30,35,92,83.05,1.65,57.61,6.35
06-03-2026 19:30,06-03-2026 19:45,35,92,83.27,1.55,56.27,6.4
06-03-2026 19:45,06-03-2026 20:00,37.8,77,83.42,1.78,26.5,6.22
06-03-2026 20:00,06-03-2026 20:15,42,67,83.59,1.64,61.31,6.45
06-03-2026 20:15,06-03-2026 20:30,42,67,83.93,1.29,136.42,6.48
06-03-2026 20:30,06-03-2026 20:45,42,67,84.3,1.16,87.56,6.43
06-03-2026 20:45,06-03-2026 21:00,40,63.4,84.92,1.7,50.58,6.31
06-03-2026 21:00,06-03-2026 21:15,37,61,85.49,1.54,127.63,6.36
06-03-2026 21:15,06-03-2026 21:30,37,61,85.82,0.63,118.45,6.46
06-03-2026 21:30,06-03-2026 21:45,37,61,86.02,0.72,68.07,6.4
06-03-2026 21:45,06-03-2026 22:00,51.03,88.4,86.34,1.06,123.97,6.32
06-03-2026 22:00,06-03-2026 22:15,35,70,86.46,0.69,116.75,6.4
06-03-2026 22:15,06-03-2026 22:30,35,70,86.56,0.76,83.29,6.41
06-03-2026 22:30,06-03-2026 22:45,35,70,86.87,0.7,108.53,6.37
06-03-2026 22:45,06-03-2026 23:00,34.6,63.4,87.15,1.01,99,6.32
06-03-2026 23:00,06-03-2026 23:15,34,59,87.23,1.19,44.06,6.41
06-03-2026 23:15,06-03-2026 23:30,34,59,87.19,1.52,120.31,6.12
06-03-2026 23:30,06-03-2026 23:45,34,59,87.04,1.17,106.68,6.09
06-03-2026 23:45,07-03-2026 00:00,48.73,80.2,87.02,0.84,55.64,6.17
07-03-2026 00:00,07-03-2026 00:15,24,51,87.15,0.27,147.93,6.07
07-03-2026 00:15,07-03-2026 00:30,24,51,87.07,0.51,115.65,6.04
07-03-2026 00:30,07-03-2026 00:45,24,51,86.7,0.61,160.4,6.21
07-03-2026 00:45,07-03-2026 01:00,25.33,50.5,86.75,0.39,189.73,5.95
07-03-2026 01:00,07-03-2026 01:15,28,50,86.69,0.4,139.14,6.11
07-03-2026 01:15,07-03-2026 01:30,28,50,86.68,0.73,103.14,6.03
07-03-2026 01:30,07-03-2026 01:45,28,50,86.81,0.72,163.16,6.08
07-03-2026 01:45,07-03-2026 02:00,29.4,54.8,86.73,0.4,154.13,6
07-03-2026 02:00,07-03-2026 02:15,35,58,86.86,0.55,193.1,6.03
07-03-2026 02:15,07-03-2026 02:30,35,58,86.76,0.54,170.47,5.97
07-03-2026 02:30,07-03-2026 02:45,35,58,86.56,0.95,151.25,5.98
07-03-2026 02:45,07-03-2026 03:00,33.67,56,86.48,0.63,180.16,5.95
07-03-2026 03:00,07-03-2026 03:15,31,54,86.46,0.74,104.78,6
07-03-2026 03:15,07-03-2026 03:30,31,54,86.96,0.65,231.48,6.07
07-03-2026 03:30,07-03-2026 03:45,31,54,87.61,0.71,228.49,6.23
07-03-2026 03:45,07-03-2026 04:00,39.03,68.83,88.1,0.97,203.91,6.12
07-03-2026 04:00,07-03-2026 04:15,38,70,88.58,0.98,221.94,6.11
07-03-2026 04:15,07-03-2026 04:30,38,70,88.89,1.02,141.97,6.28
07-03-2026 04:30,07-03-2026 04:45,38,70,89.01,0.27,75.66,6.21
07-03-2026 04:45,07-03-2026 05:00,56.3,87.4,89.26,0.47,225.43,6.31
07-03-2026 05:00,07-03-2026 05:15,41,59,88.92,0.42,73.6,6.34
07-03-2026 05:15,07-03-2026 05:30,41,59,88.58,0.51,188.76,6.28
07-03-2026 05:30,07-03-2026 05:45,41,59,88.52,0.47,195.88,6.36
07-03-2026 05:45,07-03-2026 06:00,40,64.4,88.61,0.58,259.56,6.31
07-03-2026 06:00,07-03-2026 06:15,36,68,88.32,0.97,177,6.64
07-03-2026 06:15,07-03-2026 06:30,36,68,87.74,0.33,174.87,7.49
07-03-2026 06:30,07-03-2026 06:45,36,68,87.14,0.27,136.89,8.11
07-03-2026 06:45,07-03-2026 07:00,45.66,85.8,86.35,0.56,197.1,8.2
07-03-2026 07:00,07-03-2026 07:15,32,73,84.87,0.91,192.28,8.38
07-03-2026 07:15,07-03-2026 07:30,32,73,83.15,0.78,161.01,8.61
07-03-2026 07:30,07-03-2026 07:45,32,73,82.28,1.32,144.3,8.65
07-03-2026 07:45,07-03-2026 08:00,32,78.5,82.45,1.17,125.58,8.58
07-03-2026 08:00,07-03-2026 08:15,36.8,84,82.71,1.16,161.43,8.67
07-03-2026 08:15,07-03-2026 08:30,46,84,82.13,2.04,101.92,8.61
07-03-2026 08:30,07-03-2026 08:45,46,84,81.26,2.49,93.2,8.75
07-03-2026 08:45,07-03-2026 09:00,41.2,80.4,79.55,2.08,192,8.75
07-03-2026 09:00,07-03-2026 09:15,34,78,77.24,2.01,161.65,8.69
07-03-2026 09:15,07-03-2026 09:30,34,78,75.99,1.59,138.29,8.55
07-03-2026 09:30,07-03-2026 09:45,34,78,76.21,2.2,98.34,8.55
07-03-2026 09:45,07-03-2026 10:00,34.4,76.8,76.38,1.96,69.15,8.75
07-03-2026 10:00,07-03-2026 10:15,36,76,76.37,2.81,136.06,8.72
07-03-2026 10:15,07-03-2026 10:30,36,76,76.44,1.38,61.33,8.96
07-03-2026 10:30,07-03-2026 10:45,36,76,75.76,1.06,37.01,8.79
07-03-2026 10:45,07-03-2026 11:00,52.84,103.8,75.24,2.06,78.52,8.86
07-03-2026 11:00,07-03-2026 11:15,35,85,75.33,1.43,94.31,8.86
07-03-2026 11:15,07-03-2026 11:30,35,85,74.46,1.07,99.99,8.93
07-03-2026 11:30,07-03-2026 11:45,35,85,74.82,1.55,85.68,8.94
07-03-2026 11:45,07-03-2026 12:00,35,88,73.7,1.75,111.4,8.87
07-03-2026 12:00,07-03-2026 12:15,31,91,73.83,1.85,120.27,9.15
07-03-2026 12:15,07-03-2026 12:30,31,91,74.31,1.69,91.64,9.25
07-03-2026 12:30,07-03-2026 12:45,31,91,74.18,1.57,53.31,9.25
07-03-2026 12:45,07-03-2026 13:00,33,98.8,73.53,1.5,80.02,9.18
07-03-2026 13:00,07-03-2026 13:15,41,104,73.6,1.37,108.14,9.12
07-03-2026 13:15,07-03-2026 13:30,41,104,73.36,2.97,46.13,9.24
07-03-2026 13:30,07-03-2026 13:45,41,104,74.04,2.64,40.02,9.14
07-03-2026 13:45,07-03-2026 14:00,38.67,108,72.76,1.48,67.7,9.04
07-03-2026 14:00,07-03-2026 14:15,27,112,73.18,1.94,146.76,9.07
07-03-2026 14:15,07-03-2026 14:30,27,112,74.3,2.55,123.69,9.01
07-03-2026 14:30,07-03-2026 14:45,27,112,74.12,2.48,60.33,9.06
07-03-2026 14:45,07-03-2026 15:00,29.33,102,73.53,1.46,48.31,9.02
07-03-2026 15:00,07-03-2026 15:15,34,92,73.32,1.74,138.67,8.96
07-03-2026 15:15,07-03-2026 15:30,34,92,73.11,1.88,109.79,8.91
07-03-2026 15:30,07-03-2026 15:45,34,92,73.67,1.47,39.59,8.91
07-03-2026 15:45,07-03-2026 16:00,34,88.5,74.81,2,63.01,8.73
07-03-2026 16:00,07-03-2026 16:15,37,85,75.36,1.87,89.76,8.92
07-03-2026 16:15,07-03-2026 16:30,37,85,75.18,2.25,52.7,8.57
07-03-2026 16:30,07-03-2026 16:45,37,85,75.62,2.15,36.61,8.58
07-03-2026 16:45,07-03-2026 17:00,37,78.5,77.3,2.58,66.73,8.23
07-03-2026 17:00,07-03-2026 17:15,31,72,77.29,1.99,60.32,8.37
07-03-2026 17:15,07-03-2026 17:30,31,72,77.94,1.95,46.59,8.11
07-03-2026 17:30,07-03-2026 17:45,31,72,78.18,1.48,131.81,8.02
07-03-2026 17:45,07-03-2026 18:00,31,72,78.61,1.44,68.56,7.78
07-03-2026 18:00,07-03-2026 18:15,31,72,79.75,1.45,51.71,7.4
07-03-2026 18:15,07-03-2026 18:30,31,72,80,0.8,71.45,6.41
07-03-2026 18:30,07-03-2026 18:45,31,72,80.37,0.79,141.76,6.18
07-03-2026 18:45,07-03-2026 19:00,29.6,67.2,79.88,1.39,132.96,6.14
07-03-2026 19:00,07-03-2026 19:15,24,64,80.45,1.04,78,6.15
07-03-2026 19:15,07-03-2026 19:30,24,64,80.83,0.75,100.91,6.11
07-03-2026 19:30,07-03-2026 19:45,24,64,81.37,0.56,75.63,6.25
07-03-2026 19:45,07-03-2026 20:00,32.4,70,81.73,0.78,103.02,6.08
07-03-2026 20:00,07-03-2026 20:15,23,56,81.85,1.33,46.91,6.07
07-03-2026 20:15,07-03-2026 20:30,23,56,82.29,1.13,86.75,6.21
07-03-2026 20:30,07-03-2026 20:45,23,56,82.47,0.63,82.64,6.39
07-03-2026 20:45,07-03-2026 21:00,26.6,60.8,82.61,1.37,54.5,6.15
07-03-2026 21:00,07-03-2026 21:15,32,64,82.7,0.95,88.86,6.25
07-03-2026 21:15,07-03-2026 21:30,32,64,82.83,1.28,110.74,6.27
07-03-2026 21:30,07-03-2026 21:45,32,64,83.39,0.78,78.32,6.32
07-03-2026 21:45,07-03-2026 22:00,31.33,61.5,83.69,0.46,61.52,6.25
07-03-2026 22:00,07-03-2026 22:15,30,59,83.65,0.88,67.54,6.32
07-03-2026 22:15,07-03-2026 22:30,30,59,83.51,0.87,104.01,6.33
07-03-2026 22:30,07-03-2026 22:45,30,59,83.38,0.49,73.56,6.35
07-03-2026 22:45,07-03-2026 23:00,28,57.2,83.38,0.3,75.18,6.28
07-03-2026 23:00,07-03-2026 23:15,25,56,83.4,0.49,68.05,6.32
07-03-2026 23:15,07-03-2026 23:30,25,56,83.42,0.53,118.48,6.37
07-03-2026 23:30,07-03-2026 23:45,25,56,83.96,0.51,141.01,6.33
07-03-2026 23:45,08-03-2026 00:00,25.8,65,84.12,0.87,52.25,6.29
08-03-2026 00:00,08-03-2026 00:15,29,71,84.16,0.44,113.53,6.19
08-03-2026 00:15,08-03-2026 00:30,29,71,84.41,0.69,140.14,6.36
08-03-2026 00:30,08-03-2026 00:45,29,71,84.75,0.71,64.19,6.32
08-03-2026 00:45,08-03-2026 01:00,27.33,62.5,85,0.49,103.18,6.2
08-03-2026 01:00,08-03-2026 01:15,24,54,85.14,0.82,87.24,6.13
08-03-2026 01:15,08-03-2026 01:30,24,54,85.17,0.65,87.62,6.01
08-03-2026 01:30,08-03-2026 01:45,24,54,85.16,0.63,144.98,6.17
08-03-2026 01:45,08-03-2026 02:00,24,59.5,85.25,0.27,137.58,5.97
08-03-2026 02:00,08-03-2026 02:15,22,65,85.32,0.73,66.21,6.05
08-03-2026 02:15,08-03-2026 02:30,22,65,85.26,0.77,87.63,6.07
08-03-2026 02:30,08-03-2026 02:45,22,65,85.31,0.27,98.34,6.08
08-03-2026 02:45,08-03-2026 03:00,21.6,62,85.41,0.57,161.41,6
08-03-2026 03:00,08-03-2026 03:15,20,60,85.2,0.58,113.92,6.03
08-03-2026 03:15,08-03-2026 03:30,20,60,85.4,0.27,78.04,5.96
08-03-2026 03:30,08-03-2026 03:45,20,60,85.45,0.54,177.01,5.97
08-03-2026 03:45,08-03-2026 04:00,20.2,49.2,85.73,0.29,104.27,5.83
08-03-2026 04:00,08-03-2026 04:15,21,42,85.87,0.27,209.96,6.04
08-03-2026 04:15,08-03-2026 04:30,21,42,86.21,0.27,244.52,6
08-03-2026 04:30,08-03-2026 04:45,21,42,86.48,0.27,143.4,5.96
08-03-2026 04:45,08-03-2026 05:00,20.4,48,86.61,0.27,26.5,6.01
08-03-2026 05:00,08-03-2026 05:15,18,52,87.71,0.27,70.75,6.35
08-03-2026 05:15,08-03-2026 05:30,18,52,88.5,0.27,233.02,6.28
08-03-2026 05:30,08-03-2026 05:45,18,52,88.73,0.27,262.64,6.24
08-03-2026 05:45,08-03-2026 06:00,45.59,97,88.81,0.27,278.19,6.22
08-03-2026 06:00,08-03-2026 06:15,55,99,88.82,0.27,256.81,6.68
08-03-2026 06:15,08-03-2026 06:30,55,99,89.01,0.27,217.06,7.57
08-03-2026 06:30,08-03-2026 06:45,55,99,88.73,0.27,135.67,8.12
08-03-2026 06:45,08-03-2026 07:00,56.6,96,88.11,0.27,236.44,8.19
08-03-2026 07:00,08-03-2026 07:15,59,94,87.19,0.27,151.23,8.37
08-03-2026 07:15,08-03-2026 07:30,59,94,86.15,0.43,154.72,8.29
08-03-2026 07:30,08-03-2026 07:45,59,94,85.15,0.55,85.14,8.5
08-03-2026 07:45,08-03-2026 08:00,52.39,81.8,83.96,1.01,61.27,8.5
08-03-2026 08:00,08-03-2026 08:15,32,64,82.51,1.48,135.43,8.7
08-03-2026 08:15,08-03-2026 08:30,32,64,81.25,0.87,110.03,8.7
08-03-2026 08:30,08-03-2026 08:45,32,64,80.71,1.3,52.85,8.77
08-03-2026 08:45,08-03-2026 09:00,28.67,61,79.71,1.78,112.94,8.74
08-03-2026 09:00,08-03-2026 09:15,22,58,77.56,1.67,116.34,8.69
08-03-2026 09:15,08-03-2026 09:30,22,58,76.83,2.07,165.52,8.54
08-03-2026 09:30,08-03-2026 09:45,22,58,77.33,2.18,89.84,8.65
08-03-2026 09:45,08-03-2026 10:00,20,46.6,76.9,1.97,81.9,8.91
08-03-2026 10:00,08-03-2026 10:15,17,39,75.96,2.74,94.8,8.64
08-03-2026 10:15,08-03-2026 10:30,17,39,76.4,1.86,64.45,8.51
08-03-2026 10:30,08-03-2026 10:45,17,39,75.53,2.73,55.52,8.49
08-03-2026 10:45,08-03-2026 11:00,20.2,46.2,75.27,1.5,67.58,8.58
08-03-2026 11:00,08-03-2026 11:15,25,51,74.43,1.05,69.3,8.61
08-03-2026 11:15,08-03-2026 11:30,25,51,73.87,1.35,52.92,8.51
08-03-2026 11:30,08-03-2026 11:45,25,51,74.24,1.76,55.84,8.49
08-03-2026 11:45,08-03-2026 12:00,44.3,78.8,73.14,1.93,55.04,8.76
08-03-2026 12:00,08-03-2026 12:15,24,51,72.57,2.31,77.94,8.58
08-03-2026 12:15,08-03-2026 12:30,24,51,72.26,1.95,89.93,8.42
08-03-2026 12:30,08-03-2026 12:45,24,51,71.73,1.49,69.31,8.31
08-03-2026 12:45,08-03-2026 13:00,25.67,62,71.72,1.02,75.15,8.33
08-03-2026 13:00,08-03-2026 13:15,29,73,71.19,0.87,58.73,8.13
08-03-2026 13:15,08-03-2026 13:30,29,73,71.39,1.1,71.02,8.12
08-03-2026 13:30,08-03-2026 13:45,29,73,71.41,1.27,58.21,8.56
08-03-2026 13:45,08-03-2026 14:00,27,55.6,70.96,1.66,88.35,8.57
08-03-2026 14:00,08-03-2026 14:15,24,44,71.89,1.76,69.51,8.44
08-03-2026 14:15,08-03-2026 14:30,24,44,71.61,1.37,95.29,8.63
08-03-2026 14:30,08-03-2026 14:45,24,44,71.82,1.88,80.83,8.49
08-03-2026 14:45,08-03-2026 15:00,25,40,71.94,1.14,54.99,8.56
08-03-2026 15:00,08-03-2026 15:15,27,36,72.16,1.84,58.81,8.51
08-03-2026 15:15,08-03-2026 15:30,27,36,72.06,1.55,56.29,8.48
08-03-2026 15:30,08-03-2026 15:45,27,36,72.69,1.05,49.69,8.47
08-03-2026 15:45,08-03-2026 16:00,27,35.4,72.66,1.57,76.28,8.41
08-03-2026 16:00,08-03-2026 16:15,27,35,73.07,1.33,81.45,8.53
08-03-2026 16:15,08-03-2026 16:30,27,35,73.47,1.15,57.9,8.34
08-03-2026 16:30,08-03-2026 16:45,27,35,73.73,0.62,68.37,8.53
08-03-2026 16:45,08-03-2026 17:00,36.97,51.8,73.84,1.12,116.64,8.34
08-03-2026 17:00,08-03-2026 17:15,20,30,74.41,1.1,51.21,8.37
08-03-2026 17:15,08-03-2026 17:30,20,30,75.52,0.76,52.94,8.25
08-03-2026 17:30,08-03-2026 17:45,20,30,76.56,0.88,38.6,8.16
08-03-2026 17:45,08-03-2026 18:00,21.2,33.6,77.22,0.9,73.88,7.69
08-03-2026 18:00,08-03-2026 18:15,23,36,78.46,0.56,48.41,7.34
08-03-2026 18:15,08-03-2026 18:30,23,36,79.63,0.53,71.68,6.49
08-03-2026 18:30,08-03-2026 18:45,23,36,80.3,0.7,69.52,6.3
08-03-2026 18:45,08-03-2026 19:00,20,32,79.82,0.52,71.42,6.21
08-03-2026 19:00,08-03-2026 19:15,14,28,79.56,1.06,124.24,6.32
08-03-2026 19:15,08-03-2026 19:30,14,28,79.94,0.56,54.78,6.35
08-03-2026 19:30,08-03-2026 19:45,14,28,80.11,0.63,51.19,6.19
08-03-2026 19:45,08-03-2026 20:00,14,29.8,80.63,0.54,77.57,6.38
08-03-2026 20:00,08-03-2026 20:15,14,31,80.84,0.81,92.14,6.22
08-03-2026 20:15,08-03-2026 20:30,14,31,81.26,0.46,95.93,6.31
08-03-2026 20:30,08-03-2026 20:45,14,31,81.48,0.61,95.52,6.28
08-03-2026 20:45,08-03-2026 21:00,14.8,29.2,80.77,0.91,55.2,6.14
08-03-2026 21:00,08-03-2026 21:15,21,28,81.15,0.53,65.16,6.2
08-03-2026 21:15,08-03-2026 21:30,20,28,81.25,0.57,106.98,6.22
08-03-2026 21:30,08-03-2026 21:45,19,28,81.09,0.33,87.63,6.18
08-03-2026 21:45,08-03-2026 22:00,20.2,27.4,81.43,0.27,74.46,6.03
08-03-2026 22:00,08-03-2026 22:15,19,27,81.63,0.53,70.26,6.31
08-03-2026 22:15,08-03-2026 22:30,19,27,81.84,0.35,80.55,6.34
08-03-2026 22:30,08-03-2026 22:45,19,27,81.68,0.53,44.11,6.38
08-03-2026 22:45,08-03-2026 23:00,32.26,46.8,81.42,0.27,53.28,6.31
08-03-2026 23:00,08-03-2026 23:15,25,29,81.27,0.4,128.29,6.27
08-03-2026 23:15,08-03-2026 23:30,25,29,80.99,0.35,30.35,6.21
08-03-2026 23:30,08-03-2026 23:45,25,29,81.41,0.51,64.04,6.22
08-03-2026 23:45,09-03-2026 00:00,43.9,60.8,81.84,0.27,89.93,6.24
09-03-2026 00:00,09-03-2026 00:15,21,28,81.85,0.56,48.7,6.2
09-03-2026 00:15,09-03-2026 00:30,21,28,82.05,0.6,78.97,6.35
09-03-2026 00:30,09-03-2026 00:45,21,28,82.64,0.27,50.18,6.28
09-03-2026 00:45,09-03-2026 01:00,17.4,28.6,82.92,0.33,65.01,6.28
09-03-2026 01:00,09-03-2026 01:15,24,29,82.6,0.49,80.26,6.29
09-03-2026 01:15,09-03-2026 01:30,24,29,82.59,0.3,57.38,6.24
09-03-2026 01:30,09-03-2026 01:45,24,29,82.57,0.52,60.26,6.35
09-03-2026 01:45,09-03-2026 02:00,19.6,34.4,82.7,0.42,55.66,6.31
09-03-2026 02:00,09-03-2026 02:15,13,38,82.69,0.29,54.5,6.34
09-03-2026 02:15,09-03-2026 02:30,13,38,82.57,0.34,83.91,6.08
09-03-2026 02:30,09-03-2026 02:45,13,38,82.5,0.43,92.72,6.07
09-03-2026 02:45,09-03-2026 03:00,18.2,33.8,82.71,0.27,47.21,5.86
09-03-2026 03:00,09-03-2026 03:15,26,31,83.14,0.27,137.21,6
09-03-2026 03:15,09-03-2026 03:30,26,31,83.28,0.27,174.67,6.11
09-03-2026 03:30,09-03-2026 03:45,26,31,83.11,0.27,137.4,6.13
09-03-2026 03:45,09-03-2026 04:00,26.8,40,83.36,0.27,26.5,6.07
09-03-2026 04:00,09-03-2026 04:15,28,46,83.76,0.27,58.65,6.14
09-03-2026 04:15,09-03-2026 04:30,28,46,83.56,0.27,172.96,6.04
09-03-2026 04:30,09-03-2026 04:45,28,46,83.61,0.27,173.19,6.03
09-03-2026 04:45,09-03-2026 05:00,27.6,38.2,83.71,0.27,156.25,5.99
09-03-2026 05:00,09-03-2026 05:15,26,33,83.91,0.27,256.12,6.08
09-03-2026 05:15,09-03-2026 05:30,26,33,84.17,0.27,163.53,6.01
09-03-2026 05:30,09-03-2026 05:45,26,33,84.45,0.27,73.64,6.1
09-03-2026 05:45,09-03-2026 06:00,27,43.8,84.67,0.27,269.08,6
09-03-2026 06:00,09-03-2026 06:15,31,51,84.87,0.27,228.76,6.41
09-03-2026 06:15,09-03-2026 06:30,31,51,85.28,0.27,283.47,8.09
09-03-2026 06:30,09-03-2026 06:45,31,51,85.81,0.27,282.98,12.11
09-03-2026 06:45,09-03-2026 07:00,32.4,72,86.06,0.27,282.35,16.74
09-03-2026 07:00,09-03-2026 07:15,38,86,85.81,0.27,282.94,20.74
09-03-2026 07:15,09-03-2026 07:30,38,86,85.18,0.27,180.94,29.83
09-03-2026 07:30,09-03-2026 07:45,38,86,83.38,0.27,31.79,36.08
09-03-2026 07:45,09-03-2026 08:00,53.49,103.8,82,0.27,262.52,45.54
09-03-2026 08:00,09-03-2026 08:15,41,87,80.46,0.27,92.2,49.03
09-03-2026 08:15,09-03-2026 08:30,41,87,79.31,0.38,114.08,88.57
09-03-2026 08:30,09-03-2026 08:45,41,87,78.28,0.54,85.66,97.57
09-03-2026 08:45,09-03-2026 09:00,38.6,77.4,76.9,0.3,45.31,44.85
09-03-2026 09:00,09-03-2026 09:15,35,71,77.94,0.44,26.5,35.25
09-03-2026 09:15,09-03-2026 09:30,35,71,78.72,0.84,66.96,83.69
09-03-2026 09:30,09-03-2026 09:45,35,71,77.12,0.65,144.74,121.22
09-03-2026 09:45,09-03-2026 10:00,34.2,68.6,73.59,1,69.95,134.54
09-03-2026 10:00,09-03-2026 10:15,33,67,71.63,0.7,39.78,189.39
09-03-2026 10:15,09-03-2026 10:30,33,67,70.79,1.24,68.01,200.69
09-03-2026 10:30,09-03-2026 10:45,33,67,70.93,1.15,60.6,210.89
09-03-2026 10:45,09-03-2026 11:00,37.4,70,70.09,1.38,79.51,220.41
09-03-2026 11:00,09-03-2026 11:15,44,72,70.26,1.56,53,225.11
09-03-2026 11:15,09-03-2026 11:30,44,72,69.92,1.48,86.79,241.96
09-03-2026 11:30,09-03-2026 11:45,44,72,69.96,1.29,47.32,251.08
09-03-2026 11:45,09-03-2026 12:00,39.6,65.4,68.84,1.2,62.49,254.09
09-03-2026 12:00,09-03-2026 12:15,33,61,67.98,1.24,111.39,258.37
09-03-2026 12:15,09-03-2026 12:30,33,61,68.11,1.01,50.74,259.02
09-03-2026 12:30,09-03-2026 12:45,33,61,67.37,1.25,94.21,258.69
09-03-2026 12:45,09-03-2026 13:00,33,61,67.54,0.99,73.35,253.19
09-03-2026 13:00,09-03-2026 13:15,33,61,66.9,1,109.28,249.09
09-03-2026 13:15,09-03-2026 13:30,33,61,66.91,0.8,63.56,243.16
09-03-2026 13:30,09-03-2026 13:45,33,61,66.7,0.93,68.8,237.7
09-03-2026 13:45,09-03-2026 14:00,32.8,57.4,66.58,0.9,66.15,228.73
09-03-2026 14:00,09-03-2026 14:15,32,55,66.31,1.13,83.06,220.19
09-03-2026 14:15,09-03-2026 14:30,32,55,66.27,1.26,41.89,208.7
09-03-2026 14:30,09-03-2026 14:45,32,55,66.08,0.65,57.39,194.47
09-03-2026 14:45,09-03-2026 15:00,46.52,72.4,66.24,0.99,135.82,181.45
09-03-2026 15:00,09-03-2026 15:15,43,54,67.25,0.86,76.56,166.55
09-03-2026 15:15,09-03-2026 15:30,43,54,67.54,1.23,78.39,151.16
09-03-2026 15:30,09-03-2026 15:45,43,54,67.86,0.99,131.95,135.11
09-03-2026 15:45,09-03-2026 16:00,33.2,55.8,67.84,1.19,81.56,119
09-03-2026 16:00,09-03-2026 16:15,37,57,68.14,0.64,84.7,102.24
09-03-2026 16:15,09-03-2026 16:30,37,57,68.94,0.66,167.24,85.95
09-03-2026 16:30,09-03-2026 16:45,37,57,68.9,0.81,55,69.81
09-03-2026 16:45,09-03-2026 17:00,37.8,56.4,70.1,0.62,64.6,54.82
09-03-2026 17:00,09-03-2026 17:15,39,56,71.06,0.52,98.41,41.15
09-03-2026 17:15,09-03-2026 17:30,39,56,71.88,0.56,106.79,29.36
09-03-2026 17:30,09-03-2026 17:45,39,56,73.35,0.81,91.25,19.43
09-03-2026 17:45,09-03-2026 18:00,37.8,55.4,74.37,0.61,53.82,12.39
09-03-2026 18:00,09-03-2026 18:15,36,55,74.54,0.48,110.52,8.09
09-03-2026 18:15,09-03-2026 18:30,36,55,74.93,0.41,64.94,6.62
09-03-2026 18:30,09-03-2026 18:45,36,55,74.7,0.47,56.11,6.27
09-03-2026 18:45,09-03-2026 19:00,43.75,74.8,75.43,0.46,73.61,6.29
09-03-2026 19:00,09-03-2026 19:15,36,68,76.19,0.37,62.13,6.41
09-03-2026 19:15,09-03-2026 19:30,36,68,76.43,0.37,106.86,6.24
09-03-2026 19:30,09-03-2026 19:45,36,68,76.89,0.59,64.06,6.24
09-03-2026 19:45,09-03-2026 20:00,37.91,212.6,76.64,0.32,98.58,6.1
09-03-2026 20:00,09-03-2026 20:15,47.76,350.4,76.34,0.48,70.8,6.21
09-03-2026 20:15,09-03-2026 20:30,35,400,76.18,0.39,31.26,6.08
09-03-2026 20:30,09-03-2026 20:45,35,400,76.32,0.4,46.12,6.17
09-03-2026 20:45,09-03-2026 21:00,34.4,194.8,76.53,0.27,64.96,6.01
09-03-2026 21:00,09-03-2026 21:15,32,58,76.53,0.27,221.52,6.06
09-03-2026 21:15,09-03-2026 21:30,32,58,76.49,0.27,111.99,6.08
09-03-2026 21:30,09-03-2026 21:45,32,58,76.02,0.38,32.72,6.03
09-03-2026 21:45,09-03-2026 22:00,33,55,76.46,0.38,40.28,6.1
09-03-2026 22:00,09-03-2026 22:15,37,53,76.6,0.29,47.87,6.15
09-03-2026 22:15,09-03-2026 22:30,37,53,76.87,0.41,159.75,6.03
09-03-2026 22:30,09-03-2026 22:45,37,53,76.45,0.41,76.99,6.14
09-03-2026 22:45,09-03-2026 23:00,35.4,54.8,76.56,0.32,68.78,6
09-03-2026 23:00,09-03-2026 23:15,29,56,76.29,0.36,26.5,6.08
09-03-2026 23:15,09-03-2026 23:30,29,56,76.14,0.28,26.5,6.08
09-03-2026 23:30,09-03-2026 23:45,29,56,75.43,0.49,45.34,6.2
09-03-2026 23:45,10-03-2026 00:00,48.17,216.2,74.71,0.36,92.97,6.24
10-03-2026 00:00,10-03-2026 00:15,52.88,347.2,74.85,0.34,141.08,6.21
10-03-2026 00:15,10-03-2026 00:30,44,400,75.47,0.47,124.55,6.36
10-03-2026 00:30,10-03-2026 00:45,44,400,75.51,0.5,188.19,6.38
10-03-2026 00:45,10-03-2026 01:00,44,191.8,75.5,0.27,78.17,6.32
10-03-2026 01:00,10-03-2026 01:15,44,53,75.69,0.37,26.5,6.28
10-03-2026 01:15,10-03-2026 01:30,44,53,75.81,0.27,39.83,6.35
10-03-2026 01:30,10-03-2026 01:45,44,53,76.11,0.29,85.25,6.31
10-03-2026 01:45,10-03-2026 02:00,54.1,74,75.77,0.27,57.36,6.18
10-03-2026 02:00,10-03-2026 02:15,41,57,74.1,0.34,78.02,6.32
10-03-2026 02:15,10-03-2026 02:30,41,57,74.29,0.29,71.99,6.38
10-03-2026 02:30,10-03-2026 02:45,41,57,75.2,0.27,71.78,6.38
10-03-2026 02:45,10-03-2026 03:00,30.8,50.4,75.74,0.27,72.55,6.28
10-03-2026 03:00,10-03-2026 03:15,31,46,76.41,0.27,72.03,6.28
10-03-2026 03:15,10-03-2026 03:30,31,46,77.58,0.27,43.33,6.25
10-03-2026 03:30,10-03-2026 03:45,31,46,78.29,0.27,26.5,6.42
10-03-2026 03:45,10-03-2026 04:00,36.2,53.2,79.09,0.3,32.38,6.34
10-03-2026 04:00,10-03-2026 04:15,44,58,79.4,0.27,27.03,6.18
10-03-2026 04:15,10-03-2026 04:30,44,58,79.2,0.27,26.5,6.08
10-03-2026 04:30,10-03-2026 04:45,44,58,79.77,0.33,312.82,5.99
10-03-2026 04:45,10-03-2026 05:00,36.8,56.8,80.39,0.27,219.55,6.21
10-03-2026 05:00,10-03-2026 05:15,26,56,80.64,0.27,26.5,6.13
10-03-2026 05:15,10-03-2026 05:30,26,56,80.53,0.27,26.5,5.82
10-03-2026 05:30,10-03-2026 05:45,26,56,79.8,0.27,91.64,6.07
10-03-2026 05:45,10-03-2026 06:00,28,53.6,79.32,0.28,346.36,5.97
10-03-2026 06:00,10-03-2026 06:15,36,52,79.57,0.29,202.79,6.49
10-03-2026 06:15,10-03-2026 06:30,36,52,79.58,0.27,26.5,9.11
10-03-2026 06:30,10-03-2026 06:45,36,52,79.6,0.27,26.5,12.55
10-03-2026 06:45,10-03-2026 07:00,52.57,84.6,79.73,0.27,26.5,16.29
10-03-2026 07:00,10-03-2026 07:15,32,65,79.44,0.37,90.74,25.58
10-03-2026 07:15,10-03-2026 07:30,32,65,78.35,0.49,145.04,31.78
10-03-2026 07:30,10-03-2026 07:45,32,65,77.58,0.4,248.08,35.84
10-03-2026 07:45,10-03-2026 08:00,26.2,65.6,76.92,0.45,216.81,41.66
10-03-2026 08:00,10-03-2026 08:15,35,66,76.36,0.45,91.58,92.46
10-03-2026 08:15,10-03-2026 08:30,35,66,74.35,0.47,120.92,113.73
10-03-2026 08:30,10-03-2026 08:45,35,66,72.31,0.81,141.74,132.3
10-03-2026 08:45,10-03-2026 09:00,35.4,62.4,71.51,0.6,138.05,124.23
10-03-2026 09:00,10-03-2026 09:15,36,60,71.09,0.83,150.63,168.63
10-03-2026 09:15,10-03-2026 09:30,36,60,70.04,0.61,120.74,183.21
10-03-2026 09:30,10-03-2026 09:45,36,60,69.94,0.67,242.91,134.46
10-03-2026 09:45,10-03-2026 10:00,37.4,66,69.64,0.67,80.86,173.08
10-03-2026 10:00,10-03-2026 10:15,43,70,69.68,1.19,122.64,214.3
10-03-2026 10:15,10-03-2026 10:30,43,70,69.18,0.97,35.65,238.49
10-03-2026 10:30,10-03-2026 10:45,43,70,69.22,1.07,88.46,226.71
10-03-2026 10:45,10-03-2026 11:00,52.66,86.8,68.98,1.16,161.51,260.79
10-03-2026 11:00,10-03-2026 11:15,29,66,68.94,1.55,65.01,268.54
10-03-2026 11:15,10-03-2026 11:30,29,66,68.51,1.13,89.56,281.83
10-03-2026 11:30,10-03-2026 11:45,29,66,68.34,1.35,52.08,291.46
10-03-2026 11:45,10-03-2026 12:00,23,55.2,67.96,1.02,34.36,298.14
10-03-2026 12:00,10-03-2026 12:15,28,48,67.2,1.14,36.67,301.79
10-03-2026 12:15,10-03-2026 12:30,28,48,67.48,1.21,94.54,301.33
10-03-2026 12:30,10-03-2026 12:45,28,48,66.96,1.37,98.52,300.24
10-03-2026 12:45,10-03-2026 13:00,25.6,44.4,66.69,1.1,119.2,297.49
10-03-2026 13:00,10-03-2026 13:15,22,42,66.63,1.95,84,292.73
10-03-2026 13:15,10-03-2026 13:30,22,42,66.83,1.27,88.9,286.42
10-03-2026 13:30,10-03-2026 13:45,22,42,66.57,0.93,126.16,277.65
10-03-2026 13:45,10-03-2026 14:00,22.4,45.6,66.31,0.98,71.21,269.03
10-03-2026 14:00,10-03-2026 14:15,23,48,66.11,0.9,30.44,256.15
10-03-2026 14:15,10-03-2026 14:30,23,48,66.94,1.45,35.23,232.08
10-03-2026 14:30,10-03-2026 14:45,23,48,67.14,0.69,83.63,229.03
10-03-2026 14:45,10-03-2026 15:00,23.8,49.2,66.77,1.02,44.87,215.68
10-03-2026 15:00,10-03-2026 15:15,27,50,67.04,0.88,108.59,196.69
10-03-2026 15:15,10-03-2026 15:30,27,50,67.43,0.98,76.78,178.77
10-03-2026 15:30,10-03-2026 15:45,27,50,67.56,1.21,72.18,161.82
10-03-2026 15:45,10-03-2026 16:00,40.6,66.8,67.83,1.4,31.65,143.24
10-03-2026 16:00,10-03-2026 16:15,31,47,68.29,0.76,41.77,124.04
10-03-2026 16:15,10-03-2026 16:30,31,47,68.21,0.77,26.89,106.16
10-03-2026 16:30,10-03-2026 16:45,31,47,68.6,0.96,156.18,86.6
10-03-2026 16:45,10-03-2026 17:00,38.49,65,68.98,1.01,254.49,70.11
10-03-2026 17:00,10-03-2026 17:15,13,49,69.26,0.98,41.26,54.15
10-03-2026 17:15,10-03-2026 17:30,13,49,69.65,0.6,97.46,38.53
10-03-2026 17:30,10-03-2026 17:45,13,49,70.38,0.55,64.47,22.53
10-03-2026 17:45,10-03-2026 18:00,13.8,45.4,72,0.3,26.5,12.71
10-03-2026 18:00,10-03-2026 18:15,30,43,73.91,0.47,146.72,8.07
10-03-2026 18:15,10-03-2026 18:30,30,43,75.12,0.44,337.5,6.55
10-03-2026 18:30,10-03-2026 18:45,30,43,75.69,0.54,150.02,6.2
10-03-2026 18:45,10-03-2026 19:00,47.59,213.8,76.12,0.58,90.81,6.2
10-03-2026 19:00,10-03-2026 19:15,29,400,76.05,0.28,316.28,6.14
10-03-2026 19:15,10-03-2026 19:30,29,400,76.31,0.48,332.24,6.28
10-03-2026 19:30,10-03-2026 19:45,29,400,76.16,0.51,324.86,6.28
10-03-2026 19:45,10-03-2026 20:00,28.2,180.4,76.43,0.28,335.59,6.18
10-03-2026 20:00,10-03-2026 20:15,27.6,34,76.61,0.35,337,6.32
10-03-2026 20:15,10-03-2026 20:30,27.4,34,76.83,0.27,339.8,6.42
10-03-2026 20:30,10-03-2026 20:45,26.6,34,77.14,0.29,271.18,6.36
10-03-2026 20:45,10-03-2026 21:00,26.2,33.4,77.55,0.3,152.38,6.27
10-03-2026 21:00,10-03-2026 21:15,26,33,78.18,0.27,205.02,6.1
10-03-2026 21:15,10-03-2026 21:30,26,33,78.46,0.27,312.04,6.11
10-03-2026 21:30,10-03-2026 21:45,26,33,78.09,0.32,218.67,6.17
10-03-2026 21:45,10-03-2026 22:00,43.52,210,78.41,0.27,347.19,6.24
10-03-2026 22:00,10-03-2026 22:15,23,400,78.96,0.27,272.95,6.15
10-03-2026 22:15,10-03-2026 22:30,23,400,79.5,0.27,346.23,6.14
10-03-2026 22:30,10-03-2026 22:45,23,400,79.45,0.27,327.27,6.15
10-03-2026 22:45,10-03-2026 23:00,23.6,178,79.29,0.31,218.92,6.11
10-03-2026 23:00,10-03-2026 23:15,26,30,79.03,0.27,26.5,6.07
10-03-2026 23:15,10-03-2026 23:30,26,30,79.21,0.27,156.23,6.18
10-03-2026 23:30,10-03-2026 23:45,26,30,79.53,0.27,26.5,6
10-03-2026 23:45,11-03-2026 00:00,37.43,198.2,79.48,0.27,26.5,6.04
11-03-2026 00:00,11-03-2026 00:15,35.97,345.8,79.33,0.27,26.5,6.01
11-03-2026 00:15,11-03-2026 00:30,24,400,79.18,0.27,271.36,6.13
11-03-2026 00:30,11-03-2026 00:45,24,400,79.05,0.27,139.48,6.13
11-03-2026 00:45,11-03-2026 01:00,22.6,176.2,79.47,0.27,197.49,6.07
11-03-2026 01:00,11-03-2026 01:15,17,27,80,0.27,242.77,6.24
11-03-2026 01:15,11-03-2026 01:30,17,27,80.61,0.27,333.14,6.45
11-03-2026 01:30,11-03-2026 01:45,17,27,81.14,0.27,299.6,6.27
11-03-2026 01:45,11-03-2026 02:00,21,39.6,82.02,0.27,291.82,6.34
11-03-2026 02:00,11-03-2026 02:15,27,48,82.94,0.27,299.84,6.46
11-03-2026 02:15,11-03-2026 02:30,27,48,83.52,0.27,295.74,6.38
11-03-2026 02:30,11-03-2026 02:45,27,48,83.92,0.27,302.64,6.38
11-03-2026 02:45,11-03-2026 03:00,31,58.2,84.35,0.27,288.95,6.45
11-03-2026 03:00,11-03-2026 03:15,37,65,84.48,0.27,277.07,6.36
11-03-2026 03:15,11-03-2026 03:30,37,65,84.77,0.27,281.65,6.39
11-03-2026 03:30,11-03-2026 03:45,37,65,85.13,0.27,268.8,6.29
11-03-2026 03:45,11-03-2026 04:00,36.4,53,85.42,0.27,255.55,6.27
11-03-2026 04:00,11-03-2026 04:15,34,45,85.49,0.27,268.29,6.29
11-03-2026 04:15,11-03-2026 04:30,34,45,85.57,0.27,285,6.31
11-03-2026 04:30,11-03-2026 04:45,34,45,85.69,0.27,302.76,6.32
11-03-2026 04:45,11-03-2026 05:00,49.41,72.2,85.7,0.27,274.08,6.15
11-03-2026 05:00,11-03-2026 05:15,30,47,85.69,0.27,321.12,6.25
11-03-2026 05:15,11-03-2026 05:30,30,47,85.76,0.27,338.49,6.34
11-03-2026 05:30,11-03-2026 05:45,30,47,85.7,0.27,325.65,6.11
11-03-2026 05:45,11-03-2026 06:00,31.2,44.6,85.05,0.27,298.68,6.04
11-03-2026 06:00,11-03-2026 06:15,33,43,84.47,0.27,289.12,6.64
11-03-2026 06:15,11-03-2026 06:30,33,43,84.38,0.27,300.35,8.7
11-03-2026 06:30,11-03-2026 06:45,33,43,84.15,0.27,313.05,13.83
11-03-2026 06:45,11-03-2026 07:00,25.8,41.2,83.14,0.27,329.95,18.82
11-03-2026 07:00,11-03-2026 07:15,12,40,82.69,0.27,246.5,23.79
11-03-2026 07:15,11-03-2026 07:30,15,40,81.94,0.27,211.97,24.35
11-03-2026 07:30,11-03-2026 07:45,15,40,80.03,0.6,95.21,36
11-03-2026 07:45,11-03-2026 08:00,29.8,96.4,77.68,0.36,88.33,62.77
11-03-2026 08:00,11-03-2026 08:15,52,134,75.95,0.74,44.36,73.09
11-03-2026 08:15,11-03-2026 08:30,52,134,76.14,0.39,137.58,67.5
11-03-2026 08:30,11-03-2026 08:45,52,134,74.52,0.92,90.9,136.48
11-03-2026 08:45,11-03-2026 09:00,38.4,76.4,72.81,0.54,58.94,156.9
11-03-2026 09:00,11-03-2026 09:15,26,38,71.43,0.51,69.18,185.39
11-03-2026 09:15,11-03-2026 09:30,26,38,70.91,0.91,68.56,198.72
11-03-2026 09:30,11-03-2026 09:45,26,38,71.1,0.59,105.68,123.09
11-03-2026 09:45,11-03-2026 10:00,37.96,61.6,71.22,0.92,85.23,206.14
11-03-2026 10:00,11-03-2026 10:15,26,50,71.23,0.93,106.45,245.69
11-03-2026 10:15,11-03-2026 10:30,26,50,71.76,1.3,26.5,255.23
11-03-2026 10:30,11-03-2026 10:45,26,50,70.88,0.82,54.91,266.89
11-03-2026 10:45,11-03-2026 11:00,27.6,41,70.07,0.71,58.63,280.07
11-03-2026 11:00,11-03-2026 11:15,30,35,69.73,1.02,34.37,286.83
11-03-2026 11:15,11-03-2026 11:30,30,35,68.97,0.96,109.46,292.65
11-03-2026 11:30,11-03-2026 11:45,30,35,68.25,0.85,26.5,299.86
11-03-2026 11:45,11-03-2026 12:00,22.6,37.4,68.31,0.88,148.55,303.46
11-03-2026 12:00,11-03-2026 12:15,23,39,67.79,0.98,62.09,304.86
11-03-2026 12:15,11-03-2026 12:30,23,39,68.32,1.42,176.27,303.95
11-03-2026 12:30,11-03-2026 12:45,23,39,67.47,1.17,86.15,300.85
11-03-2026 12:45,11-03-2026 13:00,38.23,62.33,67.3,1.1,84.28,297.32
11-03-2026 13:00,11-03-2026 13:15,23,40,68.17,1.48,84.4,291.19
11-03-2026 13:15,11-03-2026 13:30,23,40,68.81,1.17,188.52,285.48
11-03-2026 13:30,11-03-2026 13:45,23,40,68.34,1.44,58.63,276.38
11-03-2026 13:45,11-03-2026 14:00,27.8,39.2,68.9,1.08,72.49,266.1
11-03-2026 14:00,11-03-2026 14:15,31,39,67.48,1.1,89.86,254.99
11-03-2026 14:15,11-03-2026 14:30,31,39,67.26,1.07,26.5,243.18
11-03-2026 14:30,11-03-2026 14:45,31,39,67.21,1.23,48.75,227.4
11-03-2026 14:45,11-03-2026 15:00,28,34.2,67.6,1.02,94.01,210.31
11-03-2026 15:00,11-03-2026 15:15,26,33,67.25,1.12,51.67,193.12
11-03-2026 15:15,11-03-2026 15:30,26,33,67.46,0.75,35.64,176.52
11-03-2026 15:30,11-03-2026 15:45,26,33,67.21,0.8,71.14,159.12
11-03-2026 15:45,11-03-2026 16:00,23,34.6,67.3,0.45,31.03,138.75
11-03-2026 16:00,11-03-2026 16:15,21,35,67.83,0.81,64.25,120.51
11-03-2026 16:15,11-03-2026 16:30,21,35,68.47,0.83,230.18,103.7
11-03-2026 16:30,11-03-2026 16:45,21,35,68.75,0.69,191.47,85.19
11-03-2026 16:45,11-03-2026 17:00,19.5,35.75,68.56,0.72,26.5,67.64
11-03-2026 17:00,11-03-2026 17:15,18,36,69.88,0.72,90.21,51.45
11-03-2026 17:15,11-03-2026 17:30,18,36,71.08,0.59,174.66,35.56
11-03-2026 17:30,11-03-2026 17:45,18,36,72.38,0.66,211.31,19.13
11-03-2026 17:45,11-03-2026 18:00,22.2,37.6,74.34,0.76,66.55,10.69
11-03-2026 18:00,11-03-2026 18:15,25,38,75.94,0.38,216.5,7.63
11-03-2026 18:15,11-03-2026 18:30,25,38,76.99,0.72,330.86,6.42
11-03-2026 18:30,11-03-2026 18:45,25,38,77.62,0.29,107.85,6.2
11-03-2026 18:45,11-03-2026 19:00,26.8,41.2,77.98,0.55,56.96,6.1
11-03-2026 19:00,11-03-2026 19:15,28,42,78.5,0.56,55.01,6.36
11-03-2026 19:15,11-03-2026 19:30,28,42,78.61,0.66,118.02,6.42
11-03-2026 19:30,11-03-2026 19:45,28,42,78.9,0.28,74.27,6.25
11-03-2026 19:45,11-03-2026 20:00,28,39.6,79.07,0.69,75.64,6.44
11-03-2026 20:00,11-03-2026 20:15,28,39,79.33,0.37,45.4,6.32
11-03-2026 20:15,11-03-2026 20:30,28,39,79.51,0.48,96.25,6.44
11-03-2026 20:30,11-03-2026 20:45,28,39,79.81,0.33,101,6.38
11-03-2026 20:45,11-03-2026 21:00,33.4,39,79.97,0.33,73.64,6.49
11-03-2026 21:00,11-03-2026 21:15,37,39,80.08,0.29,58.62,6.43
11-03-2026 21:15,11-03-2026 21:30,37,39,79.59,0.62,67.89,6.35
11-03-2026 21:30,11-03-2026 21:45,37,39,79.64,0.31,40.75,6.29
11-03-2026 21:45,11-03-2026 22:00,30.4,38.2,80.06,0.28,72.4,6.38
11-03-2026 22:00,11-03-2026 22:15,26,38,80.24,0.27,58.32,6.32
11-03-2026 22:15,11-03-2026 22:30,26,38,80.62,0.32,31.1,6.33
11-03-2026 22:30,11-03-2026 22:45,26,38,80.78,0.27,26.5,6.27
11-03-2026 22:45,11-03-2026 23:00,25.5,30.5,80.99,0.27,26.5,6.19
11-03-2026 23:00,11-03-2026 23:15,25,28,81.17,0.27,26.5,6.25
11-03-2026 23:15,11-03-2026 23:30,25,28,81.29,0.27,26.5,6.18
11-03-2026 23:30,11-03-2026 23:45,25,28,81.03,0.27,42.62,6.06
11-03-2026 23:45,12-03-2026 00:00,28.5,32.5,81.49,0.27,26.5,5.95
12-03-2026 00:00,12-03-2026 00:15,32,34,81.86,0.27,26.5,6.09
12-03-2026 00:15,12-03-2026 00:30,32,34,82.28,0.27,26.5,5.9
12-03-2026 00:30,12-03-2026 00:45,32,34,83,0.27,26.5,5.92
12-03-2026 00:45,12-03-2026 01:00,24,26.8,83.51,0.27,29.88,5.85
12-03-2026 01:00,12-03-2026 01:15,23,25,83.04,0.27,29.89,5.96
12-03-2026 01:15,12-03-2026 01:30,23,25,83.68,0.27,29.9,5.97
12-03-2026 01:30,12-03-2026 01:45,23,25,84,0.27,29.35,5.91
12-03-2026 01:45,12-03-2026 02:00,21.8,38.6,84.37,0.27,29.3,5.83
12-03-2026 02:00,12-03-2026 02:15,21,42,84.67,0.27,28.99,5.89
12-03-2026 02:15,12-03-2026 02:30,21,42,84.42,0.27,28.84,5.88
12-03-2026 02:30,12-03-2026 02:45,21,42,84.14,0.27,29.33,5.97
12-03-2026 02:45,12-03-2026 03:00,21,38,84.09,0.27,29.49,6.1
12-03-2026 03:00,12-03-2026 03:15,21,37,83.94,0.27,29.68,6.14
12-03-2026 03:15,12-03-2026 03:30,21,37,84.39,0.27,29.64,6.11
12-03-2026 03:30,12-03-2026 03:45,21,37,85.34,0.27,29.63,6.05
12-03-2026 03:45,12-03-2026 04:00,27,44.2,85.86,0.27,29.55,6.14
12-03-2026 04:00,12-03-2026 04:15,31,46,85.96,0.27,29.62,6.21
12-03-2026 04:15,12-03-2026 04:30,31,46,85.74,0.27,29.47,6.19
12-03-2026 04:30,12-03-2026 04:45,31,46,86.2,0.27,29.53,6.2
12-03-2026 04:45,12-03-2026 05:00,30.5,52,86.56,0.27,29.62,6.11
12-03-2026 05:00,12-03-2026 05:15,30,54,86.8,0.27,29.29,6.18
12-03-2026 05:15,12-03-2026 05:30,30,54,87.01,0.27,28.36,6.19
12-03-2026 05:30,12-03-2026 05:45,30,54,87.68,0.27,133.47,6.19
12-03-2026 05:45,12-03-2026 06:00,40.8,75.6,87.37,0.27,345.73,6.06
12-03-2026 06:00,12-03-2026 06:15,48,81,87.31,0.27,344.95,6.84
12-03-2026 06:15,12-03-2026 06:30,48,81,87.41,0.27,344.31,9.12
12-03-2026 06:30,12-03-2026 06:45,48,81,87.34,0.27,340.77,13.24
12-03-2026 06:45,12-03-2026 07:00,60,128.2,86.7,0.27,319.3,19.23
12-03-2026 07:00,12-03-2026 07:15,68,140,85.66,0.27,170.79,25.26
12-03-2026 07:15,12-03-2026 07:30,68,140,84.64,0.27,288.13,30.35
12-03-2026 07:30,12-03-2026 07:45,68,140,83.41,0.27,305.55,43.13
12-03-2026 07:45,12-03-2026 08:00,62.6,130.4,81.1,0.45,119.23,64.56
12-03-2026 08:00,12-03-2026 08:15,59,128,78.97,0.54,62.64,120.82
12-03-2026 08:15,12-03-2026 08:30,59,128,77.27,0.46,80.17,149.86
12-03-2026 08:30,12-03-2026 08:45,59,128,74.68,0.66,86.46,151.07
12-03-2026 08:45,12-03-2026 09:00,33.4,61.6,73.93,0.94,54.26,163.02
12-03-2026 09:00,12-03-2026 09:15,24,45,74.17,0.68,59.77,178.59
12-03-2026 09:15,12-03-2026 09:30,24,45,73.59,0.96,65.82,188.21
12-03-2026 09:30,12-03-2026 09:45,24,45,73.17,0.9,87.78,126.21
12-03-2026 09:45,12-03-2026 10:00,27,47.4,73.29,1.26,85.23,214.54
12-03-2026 10:00,12-03-2026 10:15,29,48,73.43,1.33,110.93,231.64
12-03-2026 10:15,12-03-2026 10:30,29,48,73.89,1.14,51.76,242.15
12-03-2026 10:30,12-03-2026 10:45,29,48,72.89,0.91,103.3,248.07
12-03-2026 10:45,12-03-2026 11:00,29.5,54,72.05,1.06,67.55,261.58
12-03-2026 11:00,12-03-2026 11:15,30,56,72.07,0.83,61.28,271.69
12-03-2026 11:15,12-03-2026 11:30,30,56,71.85,0.81,41.22,277.18
12-03-2026 11:30,12-03-2026 11:45,30,56,71.56,1.11,86.92,284.84
12-03-2026 11:45,12-03-2026 12:00,32,57.5,71.11,1.29,64.38,285.87
12-03-2026 12:00,12-03-2026 12:15,34,58,71,1.33,97.99,286.49
12-03-2026 12:15,12-03-2026 12:30,34,58,71.1,1.14,90.34,285.26
12-03-2026 12:30,12-03-2026 12:45,34,58,70.67,1.13,77.58,284.46
12-03-2026 12:45,12-03-2026 13:00,36.5,53.5,70.27,0.95,93.68,280.91
12-03-2026 13:00,12-03-2026 13:15,39,52,69.82,1.37,29.26,276.07
12-03-2026 13:15,12-03-2026 13:30,39,52,69.89,1.66,117.5,271.62
12-03-2026 13:30,12-03-2026 13:45,39,52,69.94,1.19,123.77,263.34
12-03-2026 13:45,12-03-2026 14:00,31.5,42.25,69.8,0.94,41.89,250.54
12-03-2026 14:00,12-03-2026 14:15,28,39,69.53,1.43,50.38,237.62
12-03-2026 14:15,12-03-2026 14:30,28,39,69.6,1.02,41.87,229.31
12-03-2026 14:30,12-03-2026 14:45,28,39,68.77,1.01,40.64,214.06
12-03-2026 14:45,12-03-2026 15:00,25.5,40.5,68.66,1.09,107.48,196.43
12-03-2026 15:00,12-03-2026 15:15,23,41,69.8,1,56.92,179.26
12-03-2026 15:15,12-03-2026 15:30,23,41,69.17,1.16,68.07,162.32
12-03-2026 15:30,12-03-2026 15:45,23,41,69.16,1.04,38.66,144.18
12-03-2026 15:45,12-03-2026 16:00,26,33.5,69.94,1.03,26.5,126.04
12-03-2026 16:00,12-03-2026 16:15,29,31,70.79,1.18,68.86,108.49
12-03-2026 16:15,12-03-2026 16:30,29,31,71.36,0.66,56.36,91.57
12-03-2026 16:30,12-03-2026 16:45,29,31,71.21,0.95,58.33,74.13
12-03-2026 16:45,12-03-2026 17:00,27.5,34,72.46,1.58,78.33,57.78
12-03-2026 17:00,12-03-2026 17:15,26,35,73.27,1.31,40.47,43.57
12-03-2026 17:15,12-03-2026 17:30,26,35,74.3,0.7,96.74,30.69
12-03-2026 17:30,12-03-2026 17:45,26,35,75.67,1.27,63.69,18.62
12-03-2026 17:45,12-03-2026 18:00,22.5,43.25,77.49,0.98,89.33,11.65
12-03-2026 18:00,12-03-2026 18:15,19,46,78.49,0.71,66.93,7.59
12-03-2026 18:15,12-03-2026 18:30,19,46,79.07,0.55,114.03,6.28
12-03-2026 18:30,12-03-2026 18:45,19,46,79.7,0.94,83.85,6.12
12-03-2026 18:45,12-03-2026 19:00,22,42.25,80.15,0.56,96.12,6.12
12-03-2026 19:00,12-03-2026 19:15,25,41,80.13,0.71,97.63,6.18
12-03-2026 19:15,12-03-2026 19:30,25,41,80.85,0.94,66.78,6.19
12-03-2026 19:30,12-03-2026 19:45,25,41,81.26,0.99,44.57,6.23
12-03-2026 19:45,12-03-2026 20:00,23.5,50,81.87,0.4,94.76,6.33
12-03-2026 20:00,12-03-2026 20:15,22,53,82.11,1.18,26.5,6.4
12-03-2026 20:15,12-03-2026 20:30,22,53,82.12,0.94,26.5,6.48
12-03-2026 20:30,12-03-2026 20:45,22,53,82.24,0.89,43.47,6.28
12-03-2026 20:45,12-03-2026 21:00,21,49.25,82.55,0.79,76.42,6.44
12-03-2026 21:00,12-03-2026 21:15,20,48,82.62,0.65,72.85,6.47
12-03-2026 21:15,12-03-2026 21:30,20,48,82.61,0.62,26.5,6.42
12-03-2026 21:30,12-03-2026 21:45,20,48,82.97,0.48,100.37,6.32
12-03-2026 21:45,12-03-2026 22:00,20,45,83.22,0.94,104.72,6.21
12-03-2026 22:00,12-03-2026 22:15,20,44,83.09,0.88,94.99,6.34
12-03-2026 22:15,12-03-2026 22:30,20,44,83.25,0.31,86.68,6.32
12-03-2026 22:30,12-03-2026 22:45,20,44,83.59,0.82,98.49,6.23
12-03-2026 22:45,12-03-2026 23:00,18.5,46.25,83.65,0.94,104.7,6.19
12-03-2026 23:00,12-03-2026 23:15,17,47,83.79,0.95,104.53,6.22
12-03-2026 23:15,12-03-2026 23:30,17,47,84,0.56,82.05,6.37
12-03-2026 23:30,12-03-2026 23:45,17,47,84.06,0.75,158.04,6.59
12-03-2026 23:45,13-03-2026 00:00,26,50.75,84.08,0.72,79.57,6.57
13-03-2026 00:00,13-03-2026 00:15,35,52,84.36,1.44,90.78,6.25
13-03-2026 00:15,13-03-2026 00:30,35,52,84.73,0.79,85.72,6.04
13-03-2026 00:30,13-03-2026 00:45,35,52,84.99,0.63,75.46,6.13
13-03-2026 00:45,13-03-2026 01:00,27,43,85.13,0.6,72.77,5.91
13-03-2026 01:00,13-03-2026 01:15,19,40,85.32,0.89,146.14,6.05
13-03-2026 01:15,13-03-2026 01:30,19,40,85.26,0.87,77.57,6.1
13-03-2026 01:30,13-03-2026 01:45,19,40,85.24,0.68,91.95,6.04
13-03-2026 01:45,13-03-2026 02:00,17,43.75,85.27,0.91,180.11,5.97
13-03-2026 02:00,13-03-2026 02:15,15,45,85.35,0.43,152.48,6.02
13-03-2026 02:15,13-03-2026 02:30,15,45,85.24,0.41,106.97,5.96
13-03-2026 02:30,13-03-2026 02:45,15,45,85.1,0.47,52.44,5.9
13-03-2026 02:45,13-03-2026 03:00,12.5,32.25,84.99,0.81,145.78,6
13-03-2026 03:00,13-03-2026 03:15,10,28,84.97,0.75,103.26,6.08
13-03-2026 03:15,13-03-2026 03:30,10,28,84.94,0.42,124.05,5.93
13-03-2026 03:30,13-03-2026 03:45,10,28,85.35,0.75,135.66,5.79
13-03-2026 03:45,13-03-2026 04:00,16.5,35.5,85.6,1.19,167.47,5.88
13-03-2026 04:00,13-03-2026 04:15,23,38,85.82,0.61,95.48,5.93
13-03-2026 04:15,13-03-2026 04:30,23,38,85.94,0.83,39.16,6.21
13-03-2026 04:30,13-03-2026 04:45,23,38,86.18,0.48,194.91,6.07
13-03-2026 04:45,13-03-2026 05:00,22.5,45.5,86.32,0.94,201.62,5.93
13-03-2026 05:00,13-03-2026 05:15,22,48,86.51,0.79,160.56,6.18
13-03-2026 05:15,13-03-2026 05:30,22,48,86.6,0.42,182.96,6.2
13-03-2026 05:30,13-03-2026 05:45,22,48,86.71,0.87,214.81,6.22
13-03-2026 05:45,13-03-2026 06:00,21.5,49.5,86.77,0.62,137.2,6.11
13-03-2026 06:00,13-03-2026 06:15,21,50,86.97,0.63,144.48,7.01
13-03-2026 06:15,13-03-2026 06:30,21,50,87.19,1.04,220.42,9.85
13-03-2026 06:30,13-03-2026 06:45,21,50,87.49,0.7,238.81,14.1
13-03-2026 06:45,13-03-2026 07:00,40.75,71.5,87.43,0.49,132.85,18.36
13-03-2026 07:00,13-03-2026 07:15,37,73,86.84,0.62,143.25,23.26
13-03-2026 07:15,13-03-2026 07:30,37,73,85.75,0.58,148.84,28.7
13-03-2026 07:30,13-03-2026 07:45,37,73,84.72,1.07,177.13,33.49
13-03-2026 07:45,13-03-2026 08:00,47.5,77.75,83.47,0.75,122.13,42.05
13-03-2026 08:00,13-03-2026 08:15,36,74,81.69,1.16,121.96,97.79
13-03-2026 08:15,13-03-2026 08:30,36,74,79.76,1.95,43.23,122.41
13-03-2026 08:30,13-03-2026 08:45,36,74,77.68,1.93,90.14,138.1
13-03-2026 08:45,13-03-2026 09:00,44.25,66.5,77.1,1.57,58.38,150.47
13-03-2026 09:00,13-03-2026 09:15,27,51,76.65,0.9,128.84,166.8
13-03-2026 09:15,13-03-2026 09:30,27,51,76.25,1.09,173.29,171.5
13-03-2026 09:30,13-03-2026 09:45,27,51,76.34,1.4,72.31,179.41
13-03-2026 09:45,13-03-2026 10:00,22,44.25,76.18,2.07,205.02,213.64
13-03-2026 10:00,13-03-2026 10:15,17,42,76.09,1.63,109.7,229.7
13-03-2026 10:15,13-03-2026 10:30,17,42,76.34,1.36,98.47,241.28
13-03-2026 10:30,13-03-2026 10:45,17,42,76.01,1.44,126.03,250.26
13-03-2026 10:45,13-03-2026 11:00,21,42,76.4,1.9,26.53,258.83
13-03-2026 11:00,13-03-2026 11:15,25,42,76.33,1.75,85.96,257.13
13-03-2026 11:15,13-03-2026 11:30,25,42,76.13,2.21,72.03,277.37
13-03-2026 11:30,13-03-2026 11:45,25,42,74.93,2.8,76.71,279.39
13-03-2026 11:45,13-03-2026 12:00,20.5,44.25,73.32,2.81,152.36,281.12
13-03-2026 12:00,13-03-2026 12:15,16,45,72.09,2.78,82.24,279.76
13-03-2026 12:15,13-03-2026 12:30,16,45,71.63,1.99,59.85,280.44
13-03-2026 12:30,13-03-2026 12:45,16,45,71.45,2.36,44.34,280.57
13-03-2026 12:45,13-03-2026 13:00,16,62.25,71.82,2.37,65.8,276.62
13-03-2026 13:00,13-03-2026 13:15,16,68,71.21,1.67,85.54,271.48
13-03-2026 13:15,13-03-2026 13:30,16,68,71.13,2.54,120.37,264.96
13-03-2026 13:30,13-03-2026 13:45,16,68,70.18,1.45,53.4,256.45
13-03-2026 13:45,13-03-2026 14:00,14.5,66.5,69.23,1.37,58.37,250.5
13-03-2026 14:00,13-03-2026 14:15,13,66,70.02,2.11,100.8,240.48
13-03-2026 14:15,13-03-2026 14:30,13,66,70.57,2.65,101.27,226.9
13-03-2026 14:30,13-03-2026 14:45,13,66,70.81,1.93,116.85,212.62
13-03-2026 14:45,13-03-2026 15:00,12,54.75,70.51,2.26,78.24,197.89
13-03-2026 15:00,13-03-2026 15:15,11,51,70.27,1.35,70.46,181.92
13-03-2026 15:15,13-03-2026 15:30,11,51,70.81,1.42,71.87,161.77
13-03-2026 15:30,13-03-2026 15:45,11,51,71.14,2.46,44.6,143.61
13-03-2026 15:45,13-03-2026 16:00,29.57,69.6,70.87,1.98,112.63,125.08
13-03-2026 16:00,13-03-2026 16:15,21,56,71.37,1.74,45.76,108.97
13-03-2026 16:15,13-03-2026 16:30,21,56,71.6,1.1,62.61,92.94
13-03-2026 16:30,13-03-2026 16:45,21,56,73.12,1.68,26.5,74.47
13-03-2026 16:45,13-03-2026 17:00,44.04,86.75,74.52,3.14,53.33,59.42
13-03-2026 17:00,13-03-2026 17:15,23,60,74.38,1.3,52.51,46.65
13-03-2026 17:15,13-03-2026 17:30,23,60,74.84,1.55,91.51,31.43
13-03-2026 17:30,13-03-2026 17:45,23,60,75.79,1.32,71.34,17.65
13-03-2026 17:45,13-03-2026 18:00,17,47.25,77.63,1.41,54.38,11.68
13-03-2026 18:00,13-03-2026 18:15,11,43,78.79,0.86,68.74,7.58
13-03-2026 18:15,13-03-2026 18:30,11,43,79.4,1.14,80.27,6.25
13-03-2026 18:30,13-03-2026 18:45,11,43,80.15,1.42,127.87,6.17
13-03-2026 18:45,13-03-2026 19:00,12,46.75,80.4,1.19,163.2,5.98
13-03-2026 19:00,13-03-2026 19:15,13,48,80.2,1.33,74.53,6.3
13-03-2026 19:15,13-03-2026 19:30,13,48,80.11,1.08,85.12,6.14
13-03-2026 19:30,13-03-2026 19:45,13,48,80.35,1.39,134.07,6.2
13-03-2026 19:45,13-03-2026 20:00,32.31,68.25,80.73,1.44,57.34,6.07
13-03-2026 20:00,13-03-2026 20:15,22,50,81.11,1.32,62.22,6.22
13-03-2026 20:15,13-03-2026 20:30,22,50,81.56,0.62,123.98,6.1
13-03-2026 20:30,13-03-2026 20:45,22,50,81.61,0.85,69.45,6
13-03-2026 20:45,13-03-2026 21:00,45.4,84.5,81.89,1,51.53,6.04
13-03-2026 21:00,13-03-2026 21:15,18,52,82.39,0.28,71.23,6.08
13-03-2026 21:15,13-03-2026 21:30,18,52,82.47,1.28,83.15,6.17
13-03-2026 21:30,13-03-2026 21:45,18,52,82.56,0.5,82.22,6.22
13-03-2026 21:45,13-03-2026 22:00,21,67.75,82.63,0.71,47.12,6.11
13-03-2026 22:00,13-03-2026 22:15,24,73,82.63,0.38,75.37,6.23
13-03-2026 22:15,13-03-2026 22:30,24,73,82.54,0.57,26.5,6.35
13-03-2026 22:30,13-03-2026 22:45,24,73,82.63,1.23,82.72,6.22
13-03-2026 22:45,13-03-2026 23:00,20,55,82.56,1.01,45.6,6.16
13-03-2026 23:00,13-03-2026 23:15,16,49,82.65,0.72,95.7,6.35
13-03-2026 23:15,13-03-2026 23:30,16,49,83.1,0.42,57,6.22
13-03-2026 23:30,13-03-2026 23:45,16,49,83.57,0.72,80.23,6.35
13-03-2026 23:45,14-03-2026 00:00,34.05,82.25,83.5,0.92,67.65,6.21
14-03-2026 00:00,14-03-2026 00:15,21,76,83.91,0.99,29.62,6.22
14-03-2026 00:15,14-03-2026 00:30,21,76,84.24,0.47,53.81,6.35
14-03-2026 00:30,14-03-2026 00:45,21,76,84.61,0.34,126.6,6.31
14-03-2026 00:45,14-03-2026 01:00,19.5,74.5,84.67,0.6,67.26,6.23
14-03-2026 01:00,14-03-2026 01:15,18,74,84.75,0.74,50.9,6.3
14-03-2026 01:15,14-03-2026 01:30,18,74,85.08,0.89,69.65,6.26
14-03-2026 01:30,14-03-2026 01:45,18,74,85.16,0.89,48.36,6.16
14-03-2026 01:45,14-03-2026 02:00,17.5,73.25,84.97,0.72,48.11,5.9
14-03-2026 02:00,14-03-2026 02:15,17,73,84.85,0.61,81.65,6.21
14-03-2026 02:15,14-03-2026 02:30,17,73,84.64,0.84,105.83,6.09
14-03-2026 02:30,14-03-2026 02:45,17,73,83.98,0.84,91.07,6.05
14-03-2026 02:45,14-03-2026 03:00,16.4,50.6,83.79,0.36,85.38,6
14-03-2026 03:00,14-03-2026 03:15,16,45,83.79,0.28,73.02,6.01
14-03-2026 03:15,14-03-2026 03:30,16,45,83.84,0.49,80.81,6.04
14-03-2026 03:30,14-03-2026 03:45,16,45,84.04,0.48,92.71,5.99
14-03-2026 03:45,14-03-2026 04:00,13,29.8,83.98,0.73,69.41,5.85
14-03-2026 04:00,14-03-2026 04:15,11,26,83.75,0.75,142.83,6.06
14-03-2026 04:15,14-03-2026 04:30,11,26,84.16,0.3,119.21,5.95
14-03-2026 04:30,14-03-2026 04:45,11,26,84.69,0.43,158.88,5.98
14-03-2026 04:45,14-03-2026 05:00,29.02,50.6,85.25,0.27,158.52,5.9
14-03-2026 05:00,14-03-2026 05:15,18,31,85.76,0.37,123.97,5.96
14-03-2026 05:15,14-03-2026 05:30,18,31,85.94,0.51,193.04,5.8
14-03-2026 05:30,14-03-2026 05:45,18,31,86.25,0.28,215.27,5.87
14-03-2026 05:45,14-03-2026 06:00,18.5,41.5,86.61,0.73,233.27,6.07
14-03-2026 06:00,14-03-2026 06:15,19,45,86.97,0.44,255.14,7.2
14-03-2026 06:15,14-03-2026 06:30,19,45,87.3,1.03,225.28,10.29
14-03-2026 06:30,14-03-2026 06:45,19,45,87.24,0.86,194.61,14.27
14-03-2026 06:45,14-03-2026 07:00,42.61,88.5,86.95,0.43,241.05,17.74
14-03-2026 07:00,14-03-2026 07:15,46,88,86.6,0.88,162.45,21.42
14-03-2026 07:15,14-03-2026 07:30,46,88,85.71,0.41,211.54,25.67
14-03-2026 07:30,14-03-2026 07:45,57.6,102.4,84.26,0.68,198.36,29.77
14-03-2026 07:45,14-03-2026 08:00,60.3,104,83.02,0.5,170.56,38.49
14-03-2026 08:00,14-03-2026 08:15,40,80,81.7,1.24,146.79,105.07
14-03-2026 08:15,14-03-2026 08:30,40,80,80.46,1,224.15,135.11
14-03-2026 08:30,14-03-2026 08:45,40,80,76.84,1.09,147.84,168.67
14-03-2026 08:45,14-03-2026 09:00,31.5,64.25,74.96,1.36,107.01,180.92
14-03-2026 09:00,14-03-2026 09:15,23,59,74.89,1.32,132.24,186.67
14-03-2026 09:15,14-03-2026 09:30,23,59,74.79,1.66,127.51,198.97
14-03-2026 09:30,14-03-2026 09:45,23,59,74.12,1.36,55.15,199.64
14-03-2026 09:45,14-03-2026 10:00,14,48.5,74.46,1.52,151.86,229.04
14-03-2026 10:00,14-03-2026 10:15,5,45,73.94,1.49,65.36,243.88
14-03-2026 10:15,14-03-2026 10:30,5,45,74.87,1.17,73.17,252.41
14-03-2026 10:30,14-03-2026 10:45,5,45,74.13,1.79,55.37,260.27
14-03-2026 10:45,14-03-2026 11:00,10,57.75,73.64,1.59,49.04,272.14
14-03-2026 11:00,14-03-2026 11:15,15,62,73.67,1.33,85.47,280.21
14-03-2026 11:15,14-03-2026 11:30,15,62,73.08,1.59,50.49,284.49
14-03-2026 11:30,14-03-2026 11:45,15,62,72.86,1.72,92.87,288.34
14-03-2026 11:45,14-03-2026 12:00,16.5,61.25,72.73,1.45,86.68,292.25
14-03-2026 12:00,14-03-2026 12:15,18,61,72.83,2.87,135.89,293.18
14-03-2026 12:15,14-03-2026 12:30,18,61,72.71,2.43,32.5,292.31
14-03-2026 12:30,14-03-2026 12:45,18,61,72.51,1.54,44.34,292.15
14-03-2026 12:45,14-03-2026 13:00,13,62.5,71.83,1.27,77,286.77
14-03-2026 13:00,14-03-2026 13:15,8,63,71.36,2.02,82.22,282.99
14-03-2026 13:15,14-03-2026 13:30,8,63,70.74,1.91,133.78,275.08
14-03-2026 13:30,14-03-2026 13:45,8,63,69.82,1.35,87.26,268.45
14-03-2026 13:45,14-03-2026 14:00,8,67.5,70.38,1.2,105.96,258.65
14-03-2026 14:00,14-03-2026 14:15,8,69,70,1.69,52.56,250.99
14-03-2026 14:15,14-03-2026 14:30,8,69,70.43,2.11,157.33,236.21
14-03-2026 14:30,14-03-2026 14:45,8,69,70.89,1.3,104.88,221.62
14-03-2026 14:45,14-03-2026 15:00,10,51.75,71.09,1.31,62.55,208.18
14-03-2026 15:00,14-03-2026 15:15,12,46,71.34,1.21,73.28,189.67
14-03-2026 15:15,14-03-2026 15:30,12,46,71.88,1.04,79.21,169.06
14-03-2026 15:30,14-03-2026 15:45,12,46,71.48,1.34,56.15,150.78
14-03-2026 15:45,14-03-2026 16:00,18,35.5,71.7,1.84,57.8,130.73
14-03-2026 16:00,14-03-2026 16:15,24,32,72.2,1.55,92.13,113.56
14-03-2026 16:15,14-03-2026 16:30,24,32,71.94,1.94,137.58,95.12
14-03-2026 16:30,14-03-2026 16:45,24,32,72.56,1.74,72.04,78.54
14-03-2026 16:45,14-03-2026 17:00,15,47,74.24,2.51,71.03,62.28
14-03-2026 17:00,14-03-2026 17:15,6,52,74.83,2.01,73.42,46.28
14-03-2026 17:15,14-03-2026 17:30,6,52,75.24,1.02,42.37,32.58
14-03-2026 17:30,14-03-2026 17:45,6,52,75.84,1.4,87.8,18.89
14-03-2026 17:45,14-03-2026 18:00,13,67.75,76.9,0.71,32.41,11.72
14-03-2026 18:00,14-03-2026 18:15,20,73,78.2,1.49,145.87,7.91
14-03-2026 18:15,14-03-2026 18:30,20,73,78.83,1.07,124.45,6.65
14-03-2026 18:30,14-03-2026 18:45,20,73,79.31,1.26,146.74,6.42
14-03-2026 18:45,14-03-2026 19:00,15.5,64.75,79.4,1.59,78.29,6.28
14-03-2026 19:00,14-03-2026 19:15,11,62,79.32,1.85,128.8,6.23
14-03-2026 19:15,14-03-2026 19:30,11,62,79.55,1.25,71.59,6.18
14-03-2026 19:30,14-03-2026 19:45,11,62,80.47,0.48,46.45,6.19
14-03-2026 19:45,14-03-2026 20:00,10.5,65,80.98,0.95,141.73,6.19
14-03-2026 20:00,14-03-2026 20:15,10,66,80.93,0.69,87.67,6.19
14-03-2026 20:15,14-03-2026 20:30,10,66,80.91,0.77,49.11,6.04
14-03-2026 20:30,14-03-2026 20:45,10,66,81.02,0.44,86.82,6.08
14-03-2026 20:45,14-03-2026 21:00,10,49.5,81.05,0.64,55.42,6.14
14-03-2026 21:00,14-03-2026 21:15,10,44,82.1,0.82,57.78,6.14
14-03-2026 21:15,14-03-2026 21:30,10,44,82.55,0.66,73.5,6.05
14-03-2026 21:30,14-03-2026 21:45,10,44,82.65,0.9,95.17,6.05
14-03-2026 21:45,14-03-2026 22:00,13,32.75,83,0.8,73.77,5.86
14-03-2026 22:00,14-03-2026 22:15,16,29,83.1,0.43,72.55,6
14-03-2026 22:15,14-03-2026 22:30,16,29,82.84,0.9,113.03,6.05
14-03-2026 22:30,14-03-2026 22:45,16,29,82.76,0.37,82.82,6
14-03-2026 22:45,14-03-2026 23:00,17,27.5,82.74,0.86,130.07,5.95
14-03-2026 23:00,14-03-2026 23:15,18,27,82.83,1.54,44.04,6.22
14-03-2026 23:15,14-03-2026 23:30,18,27,82.77,0.9,26.5,6.14
14-03-2026 23:30,14-03-2026 23:45,18,27,82.75,1.34,71.18,6.25
14-03-2026 23:45,15-03-2026 00:00,22.5,47.25,82.83,1.26,84.87,6.11
15-03-2026 00:00,15-03-2026 00:15,37.72,68,82.93,1.34,81.61,6.22
15-03-2026 00:15,15-03-2026 00:30,27,54,82.91,0.96,27.6,6.23
15-03-2026 00:30,15-03-2026 00:45,27,54,83.19,1.32,51.84,6.38
15-03-2026 00:45,15-03-2026 01:00,24.6,85.2,83.25,1.65,26.5,6.28
15-03-2026 01:00,15-03-2026 01:15,23,93,83.23,0.43,75.79,6.39
15-03-2026 01:15,15-03-2026 01:30,23,93,83.19,1.26,80.36,6.35
15-03-2026 01:30,15-03-2026 01:45,23,93,83.14,0.91,130.04,6.29
15-03-2026 01:45,15-03-2026 02:00,23.6,86.6,82.73,1.01,66.82,6.32
15-03-2026 02:00,15-03-2026 02:15,24,85,83,0.54,113.77,6.31
15-03-2026 02:15,15-03-2026 02:30,24,85,83.19,1.23,71.68,6.23
15-03-2026 02:30,15-03-2026 02:45,24,85,83.12,0.47,50,6.2
15-03-2026 02:45,15-03-2026 03:00,15.6,65,82.82,0.95,90.27,6.22
15-03-2026 03:00,15-03-2026 03:15,10,60,82.83,0.47,135.79,6.32
15-03-2026 03:15,15-03-2026 03:30,10,60,82.53,0.87,135.3,6.05
15-03-2026 03:30,15-03-2026 03:45,10,60,82.55,0.61,110.3,6.05
15-03-2026 03:45,15-03-2026 04:00,32.54,59.8,82.98,0.27,59.62,6.1
15-03-2026 04:00,15-03-2026 04:15,20,27,83.48,0.51,186.81,5.9
15-03-2026 04:15,15-03-2026 04:30,20,27,84.01,0.74,202.91,5.97
15-03-2026 04:30,15-03-2026 04:45,20,27,84.77,0.27,282.46,5.95
15-03-2026 04:45,15-03-2026 05:00,17,35.8,85.44,0.27,269.52,5.99
15-03-2026 05:00,15-03-2026 05:15,15,38,85.77,0.61,263.09,6.15
15-03-2026 05:15,15-03-2026 05:30,15,38,85.9,0.49,203.98,5.95
15-03-2026 05:30,15-03-2026 05:45,15,38,86.18,0.27,258.77,5.99
15-03-2026 05:45,15-03-2026 06:00,36.95,70.4,86.49,0.78,235.33,5.99
15-03-2026 06:00,15-03-2026 06:15,27,53,86.51,0.82,169.82,7.19
15-03-2026 06:15,15-03-2026 06:30,27,53,86.67,0.42,248.27,9.71
15-03-2026 06:30,15-03-2026 06:45,27,53,87.34,0.27,278.4,13.6
15-03-2026 06:45,15-03-2026 07:00,42.24,76.4,87.51,0.69,217.62,17.51
15-03-2026 07:00,15-03-2026 07:15,37,67,86.25,0.45,240.98,20.42
15-03-2026 07:15,15-03-2026 07:30,37,67,84.74,1.09,121,23.41
15-03-2026 07:30,15-03-2026 07:45,37,67,83.15,1.27,157.26,26.53
15-03-2026 07:45,15-03-2026 08:00,31,66.25,82.1,0.82,160.29,39.32
15-03-2026 08:00,15-03-2026 08:15,25,66,80.58,1.15,128.25,108.14
15-03-2026 08:15,15-03-2026 08:30,25,66,77.49,1.19,116.54,142.84
15-03-2026 08:30,15-03-2026 08:45,25,66,75.22,1.67,118.08,161.83
15-03-2026 08:45,15-03-2026 09:00,41.34,74.2,74.25,1.39,155.21,176.22
15-03-2026 09:00,15-03-2026 09:15,27,49,74.3,1.2,89.88,192.02
15-03-2026 09:15,15-03-2026 09:30,27,49,74.1,1.37,69.41,208.53
15-03-2026 09:30,15-03-2026 09:45,27,49,73.93,1.54,71.94,218.68
15-03-2026 09:45,15-03-2026 10:00,16.5,41.5,73.66,2.12,76.33,239.21
15-03-2026 10:00,15-03-2026 10:15,6,39,73.69,1.78,132.54,253.36
15-03-2026 10:15,15-03-2026 10:30,6,39,73.21,2.18,134.16,266.64
15-03-2026 10:30,15-03-2026 10:45,6,39,73.24,1.4,95.2,276.62
15-03-2026 10:45,15-03-2026 11:00,23.47,59.2,72.02,1.21,37.51,286.19
15-03-2026 11:00,15-03-2026 11:15,14,46,71.73,1.4,50.29,295.38
15-03-2026 11:15,15-03-2026 11:30,14,46,71.31,1.64,57.49,298.81
15-03-2026 11:30,15-03-2026 11:45,14,46,71.63,1.55,115.15,302.88
15-03-2026 11:45,15-03-2026 12:00,11.5,36.25,71.47,1.25,26.5,306
15-03-2026 12:00,15-03-2026 12:15,9,33,71.5,1.58,85.89,308.34
15-03-2026 12:15,15-03-2026 12:30,9,33,70.69,1.08,65.69,307.81
15-03-2026 12:30,15-03-2026 12:45,9,33,70.63,1.58,57.14,306.18
15-03-2026 12:45,15-03-2026 13:00,23.14,45,68.18,1.16,149.52,303.83
15-03-2026 13:00,15-03-2026 13:15,4,18,67.43,1.11,63.49,298.61
15-03-2026 13:15,15-03-2026 13:30,4,18,67.69,2.87,86.5,292.01
15-03-2026 13:30,15-03-2026 13:45,26.99,51,68.64,0.9,79.69,282.97
15-03-2026 13:45,15-03-2026 14:00,5.2,18,68.92,2.75,31.58,271.75
15-03-2026 14:00,15-03-2026 14:15,6,18,68.99,1.8,111.02,260.37
15-03-2026 14:15,15-03-2026 14:30,6,18,69.57,1.59,82.11,246.96
15-03-2026 14:30,15-03-2026 14:45,6,18,69.63,2.28,43.84,231.66
15-03-2026 14:45,15-03-2026 15:00,3.6,18.8,70.22,1.54,117.92,216.08
15-03-2026 15:00,15-03-2026 15:15,2,19,69.88,1.83,96.24,199.61
15-03-2026 15:15,15-03-2026 15:30,2,19,70.01,1.99,145.52,182.53
15-03-2026 15:30,15-03-2026 15:45,18.5,41.2,70.02,2.36,114.41,164.61
15-03-2026 15:45,15-03-2026 16:00,3.5,53.5,70.75,2.9,69.16,147.69
15-03-2026 16:00,15-03-2026 16:15,5,65,71.05,2.33,146.13,127.87
15-03-2026 16:15,15-03-2026 16:30,5,65,71.22,2.01,58.6,106.69
15-03-2026 16:30,15-03-2026 16:45,5,65,71.53,2.02,109.5,85.82
15-03-2026 16:45,15-03-2026 17:00,35.71,97.5,72.09,1.67,79.09,70.1
15-03-2026 17:00,15-03-2026 17:15,10,68,72.59,1.6,82.85,52.44
15-03-2026 17:15,15-03-2026 17:30,10,68,73.84,1.61,100.65,35.06
15-03-2026 17:30,15-03-2026 17:45,10,68,74.78,2.28,89.45,17.89
15-03-2026 17:45,15-03-2026 18:00,8.8,51.2,76.03,1.96,50.89,11.54
15-03-2026 18:00,15-03-2026 18:15,8,47,76.2,2.02,55.65,7.86
15-03-2026 18:15,15-03-2026 18:30,8,47,76.46,1.72,67.8,6.44
15-03-2026 18:30,15-03-2026 18:45,8,47,76.87,1.11,77.13,6.36
15-03-2026 18:45,15-03-2026 19:00,7.4,329.4,77.76,1.31,150.71,6.2
15-03-2026 19:00,15-03-2026 19:15,7,400,78.33,1.23,74.18,6.53
15-03-2026 19:15,15-03-2026 19:30,7,400,78.5,0.29,82.19,6.35
15-03-2026 19:30,15-03-2026 19:45,25.01,362.83,78.89,0.75,52.11,6.6
15-03-2026 19:45,15-03-2026 20:00,10,118,79.11,1.32,62.32,6.44
15-03-2026 20:00,15-03-2026 20:15,13,24,79.37,1.17,98.51,6.58
15-03-2026 20:15,15-03-2026 20:30,13,24,79.28,0.63,84,6.36
15-03-2026 20:30,15-03-2026 20:45,13,24,79.7,0.83,89.12,6.34
15-03-2026 20:45,15-03-2026 21:00,7,15.2,79.53,1.11,57.64,6.27
15-03-2026 21:00,15-03-2026 21:15,6,13,79.47,0.95,89.98,6.11
15-03-2026 21:15,15-03-2026 21:30,6,13,79.26,0.96,128.85,6.25
15-03-2026 21:30,15-03-2026 21:45,6,13,79.9,0.67,77.17,6.18
15-03-2026 21:45,15-03-2026 22:00,19.63,35,80.06,1,71.45,6.11
15-03-2026 22:00,15-03-2026 22:15,7,17,80.05,0.51,129.66,6.15
15-03-2026 22:15,15-03-2026 22:30,7,17,80.19,0.58,112.06,6.08
15-03-2026 22:30,15-03-2026 22:45,7,17,80.26,0.98,54.64,6.06
15-03-2026 22:45,15-03-2026 23:00,32.3,53.4,80.3,0.64,64.51,6
15-03-2026 23:00,15-03-2026 23:15,12,20,80,1.51,139.35,6.03
15-03-2026 23:15,15-03-2026 23:30,12,20,80.41,0.92,136.23,5.99
15-03-2026 23:30,15-03-2026 23:45,12,20,80.39,1.11,68.89,6
15-03-2026 23:45,16-03-2026 00:00,34.1,53.4,80.29,1.1,89.61,5.97
16-03-2026 00:00,16-03-2026 00:15,11,19,80.31,0.97,44.77,6
16-03-2026 00:15,16-03-2026 00:30,13,19,80.41,1.07,123.45,6.04
16-03-2026 00:30,16-03-2026 00:45,10.8,19,80.86,0.63,75.07,6.11
16-03-2026 00:45,16-03-2026 01:00,27.62,45.4,80.77,0.89,61.62,6.15
16-03-2026 01:00,16-03-2026 01:15,7,18,80.49,0.63,91.1,6.2
16-03-2026 01:15,16-03-2026 01:30,7,18,80.69,0.84,116.72,6.22
16-03-2026 01:30,16-03-2026 01:45,7,18,80.92,0.77,43.02,6.22
16-03-2026 01:45,16-03-2026 02:00,9.4,20.4,80.62,1.16,107.04,6.29
16-03-2026 02:00,16-03-2026 02:15,11,21,80.7,0.61,93.26,6.38
16-03-2026 02:15,16-03-2026 02:30,11,21,80.7,0.35,75.36,6.35
16-03-2026 02:30,16-03-2026 02:45,11,21,80.85,0.45,58.87,6.27
16-03-2026 02:45,16-03-2026 03:00,12.2,20.2,80.09,1.06,79.96,6.21
16-03-2026 03:00,16-03-2026 03:15,13,20,79.85,0.61,123.13,6.31
16-03-2026 03:15,16-03-2026 03:30,13,20,80.08,0.75,81.06,6.29
16-03-2026 03:30,16-03-2026 03:45,13,20,80.28,0.35,26.5,6.34
16-03-2026 03:45,16-03-2026 04:00,11.8,28,80.79,0.5,228.42,6.27
16-03-2026 04:00,16-03-2026 04:15,11,30,81.5,0.48,251.22,6.24
16-03-2026 04:15,16-03-2026 04:30,11,30,82.08,0.27,242.08,6.35
16-03-2026 04:30,16-03-2026 04:45,11,30,83.51,0.27,276.47,6.34
16-03-2026 04:45,16-03-2026 05:00,9.8,32.4,84.64,0.27,304.87,6.14
16-03-2026 05:00,16-03-2026 05:15,9,33,85.61,0.27,294.13,6.17
16-03-2026 05:15,16-03-2026 05:30,9,33,86.67,0.27,287.85,6.07
16-03-2026 05:30,16-03-2026 05:45,9,33,86.99,0.27,281,6.06
16-03-2026 05:45,16-03-2026 06:00,19.2,34.6,87.15,0.51,258.12,6.13
16-03-2026 06:00,16-03-2026 06:15,26,35,87.27,0.82,198.14,7.24
16-03-2026 06:15,16-03-2026 06:30,26,35,87.23,0.33,216.64,9.63
16-03-2026 06:30,16-03-2026 06:45,26,35,87.2,0.27,248.05,11.9
16-03-2026 06:45,16-03-2026 07:00,32.14,63.6,87.21,0.3,263.54,14.92
16-03-2026 07:00,16-03-2026 07:15,16,55,86.12,0.46,256.04,17.43
16-03-2026 07:15,16-03-2026 07:30,16,55,84.44,0.39,246.93,19.28
16-03-2026 07:30,16-03-2026 07:45,35.03,78.2,82.17,0.55,124.75,22.05
16-03-2026 07:45,16-03-2026 08:00,25.6,60.6,80.53,0.47,95.57,46.11
16-03-2026 08:00,16-03-2026 08:15,32,62,77.98,1.35,142.77,115.6
16-03-2026 08:15,16-03-2026 08:30,32,62,76.23,1.38,93.94,150.62
16-03-2026 08:30,16-03-2026 08:45,32,62,74.24,1.07,170.72,168.31
16-03-2026 08:45,16-03-2026 09:00,13.22,39.6,72.14,1.57,44.11,184.87
16-03-2026 09:00,16-03-2026 09:15,0.7,34,72.33,1.53,100.53,200.44
16-03-2026 09:15,16-03-2026 09:30,0.7,34,72.04,0.93,73.38,218.5
16-03-2026 09:30,16-03-2026 09:45,0.7,34,71.68,1.27,64.56,234.58
16-03-2026 09:45,16-03-2026 10:00,19.08,48.8,71.18,1.15,84.36,252.83
16-03-2026 10:00,16-03-2026 10:15,8,30,70.44,1.69,79.31,264.79
16-03-2026 10:15,16-03-2026 10:30,8,30,70.33,1.63,64.05,274.49
16-03-2026 10:30,16-03-2026 10:45,8,30,70.03,1.15,71.67,284.27
16-03-2026 10:45,16-03-2026 11:00,6.8,29.2,69.78,0.73,34.53,293.04
16-03-2026 11:00,16-03-2026 11:15,6,29,70.12,1.25,63.42,299.73
16-03-2026 11:15,16-03-2026 11:30,6,29,69.78,1.46,44.36,303.64
16-03-2026 11:30,16-03-2026 11:45,6,29,70,1.37,92.61,304.87
16-03-2026 11:45,16-03-2026 12:00,6,24.2,69.59,1.05,116.75,307.23
16-03-2026 12:00,16-03-2026 12:15,6,23,69.27,1.5,82.51,306.82
16-03-2026 12:15,16-03-2026 12:30,6,23,68.96,1.85,118.6,305.72
16-03-2026 12:30,16-03-2026 12:45,6,23,69.21,1.22,79.55,302.73
16-03-2026 12:45,16-03-2026 13:00,25.86,46.6,68.55,1.48,39.73,298.65
16-03-2026 13:00,16-03-2026 13:15,6,16,67.79,1.17,87.82,292.77
16-03-2026 13:15,16-03-2026 13:30,6,16,67.12,1.78,62.81,286.66
16-03-2026 13:30,16-03-2026 13:45,6,16,66.99,1.28,90.65,285.26
16-03-2026 13:45,16-03-2026 14:00,23.23,41.8,66.73,1.33,59.4,277.05
16-03-2026 14:00,16-03-2026 14:15,3,14,66.96,1.59,55.38,251.08
16-03-2026 14:15,16-03-2026 14:30,3,14,67.12,1.24,63.65,165.42
16-03-2026 14:30,16-03-2026 14:45,3,14,67.92,1.53,57.82,202.7
16-03-2026 14:45,16-03-2026 15:00,2.4,13.2,67.38,1.26,52.88,215.87
16-03-2026 15:00,16-03-2026 15:15,2,13,67.94,1.37,50.53,196.45
16-03-2026 15:15,16-03-2026 15:30,2,13,67.97,1.27,61.78,177.78
16-03-2026 15:30,16-03-2026 15:45,2,13,68.17,1.2,68.38,157.54
16-03-2026 15:45,16-03-2026 16:00,18.24,40.4,68.76,1.12,90.42,108.87
16-03-2026 16:00,16-03-2026 16:15,0.7,19,70.13,1.36,43.37,94.4
16-03-2026 16:15,16-03-2026 16:30,0.7,19,70.8,1.08,74.11,59.72
16-03-2026 16:30,16-03-2026 16:45,0.7,19,72.56,1.29,126.38,43.61
16-03-2026 16:45,16-03-2026 17:00,3.28,16.6,73.05,0.81,62.64,64.97
16-03-2026 17:00,16-03-2026 17:15,5,16,71.47,0.88,74.98,62.99
16-03-2026 17:15,16-03-2026 17:30,5,16,72.27,1.16,70.61,38.99
16-03-2026 17:30,16-03-2026 17:45,5,16,73.23,0.7,98.42,19.86
16-03-2026 17:45,16-03-2026 18:00,6.8,19.2,74.29,1.04,73.36,11.68
16-03-2026 18:00,16-03-2026 18:15,8,20,75.57,1.13,46.83,7.26
16-03-2026 18:15,16-03-2026 18:30,8,20,76.16,0.54,125.15,6.42
16-03-2026 18:30,16-03-2026 18:45,8,20,76.43,1.49,71.71,6.32
16-03-2026 18:45,16-03-2026 19:00,9.8,24.8,76.51,0.41,86.04,6.35
16-03-2026 19:00,16-03-2026 19:15,11,26,76.52,1.04,60.01,6.36
16-03-2026 19:15,16-03-2026 19:30,11,26,76.97,0.46,80.84,6.41
16-03-2026 19:30,16-03-2026 19:45,11,26,77.12,0.71,102.69,6.41
16-03-2026 19:45,16-03-2026 20:00,12.8,23.6,77.58,1.07,91.69,6.36
16-03-2026 20:00,16-03-2026 20:15,14,23,77.55,1.23,50.91,6.52
16-03-2026 20:15,16-03-2026 20:30,14,23,77.25,0.69,79.98,6.45
16-03-2026 20:30,16-03-2026 20:45,14,23,77.33,0.77,74,6.49
16-03-2026 20:45,16-03-2026 21:00,11,16.6,78.04,1.16,42.41,6.42
16-03-2026 21:00,16-03-2026 21:15,9,15,77.95,0.57,63.19,6.52
16-03-2026 21:15,16-03-2026 21:30,9,15,78.48,0.77,91.34,6.52
16-03-2026 21:30,16-03-2026 21:45,9,15,79.28,0.68,86.66,6.39
16-03-2026 21:45,16-03-2026 22:00,9.6,16.6,78.53,0.77,101.76,6.29
16-03-2026 22:00,16-03-2026 22:15,10,17,78.68,0.53,50.64,6.18
16-03-2026 22:15,16-03-2026 22:30,10,17,79.02,0.68,127.96,6.21
16-03-2026 22:30,16-03-2026 22:45,10,17,78.85,0.91,87.68,6.24
16-03-2026 22:45,16-03-2026 23:00,8.2,12.2,79.24,1,58.03,6.1
16-03-2026 23:00,16-03-2026 23:15,7,11,79.31,0.71,75.91,6.2
16-03-2026 23:15,16-03-2026 23:30,7,11,79.62,0.92,47.8,6.14
16-03-2026 23:30,16-03-2026 23:45,7,11,79.3,0.86,58.29,6.1
16-03-2026 23:45,17-03-2026 00:00,19.21,40,79.94,0.38,141.69,6.15
17-03-2026 00:00,17-03-2026 00:15,3,24,79.87,0.59,152.21,6.07
17-03-2026 00:15,17-03-2026 00:30,3,24,79.85,0.67,69.73,6.2
17-03-2026 00:30,17-03-2026 00:45,3,24,80.21,0.69,26.5,6
17-03-2026 00:45,17-03-2026 01:00,22.01,45.2,80.3,0.66,61.13,6
17-03-2026 01:00,17-03-2026 01:15,1,15,80.39,0.89,78.67,6.15
17-03-2026 01:15,17-03-2026 01:30,1,15,80.31,0.37,59.62,6.1
17-03-2026 01:30,17-03-2026 01:45,15.23,34.2,80.13,0.47,26.5,6
17-03-2026 01:45,17-03-2026 02:00,2.2,18.2,80.08,0.76,26.5,6
17-03-2026 02:00,17-03-2026 02:15,3,19,79.91,0.76,26.5,6.15
17-03-2026 02:15,17-03-2026 02:30,3,19,80.49,0.81,87.11,6.2
17-03-2026 02:30,17-03-2026 02:45,21.9,45.2,80.39,1.29,59.07,6.27
17-03-2026 02:45,17-03-2026 03:00,30.05,55.2,80.51,0.57,26.5,6.22
17-03-2026 03:00,17-03-2026 03:15,12,24,80.2,0.4,42.99,6.24
17-03-2026 03:15,17-03-2026 03:30,12,24,80.16,0.59,89.88,6.32
17-03-2026 03:30,17-03-2026 03:45,12,24,80.3,0.78,78.21,6.29
17-03-2026 03:45,17-03-2026 04:00,23.36,47.6,79.96,0.89,90.33,6.22
17-03-2026 04:00,17-03-2026 04:15,10,34,79.58,1.26,39.74,6.28
17-03-2026 04:15,17-03-2026 04:30,10,34,79.75,0.72,67.13,6.32
17-03-2026 04:30,17-03-2026 04:45,10,34,80.04,0.6,62.6,6.27
17-03-2026 04:45,17-03-2026 05:00,8.8,30,80.44,0.8,105.65,6.24
17-03-2026 05:00,17-03-2026 05:15,8,29,81.2,0.27,218.4,6.34
17-03-2026 05:15,17-03-2026 05:30,8,29,81.79,0.4,196.95,6.27
17-03-2026 05:30,17-03-2026 05:45,8,29,81.99,0.72,182.06,6.22
17-03-2026 05:45,17-03-2026 06:00,15.8,36.2,82.35,0.27,153.36,6.51
17-03-2026 06:00,17-03-2026 06:15,21,38,82.47,0.58,68.31,7.54
17-03-2026 06:15,17-03-2026 06:30,21,38,82.35,0.35,144.23,11.15
17-03-2026 06:30,17-03-2026 06:45,21,38,81.87,0.75,93.41,18.78
17-03-2026 06:45,17-03-2026 07:00,9.6,34,80.98,0.39,78.62,20.81
17-03-2026 07:00,17-03-2026 07:15,2,33,80.35,0.49,235.33,19.41
17-03-2026 07:15,17-03-2026 07:30,2,33,79.96,0.41,176.02,25.13
17-03-2026 07:30,17-03-2026 07:45,2,33,79.18,0.89,191.9,32.19
17-03-2026 07:45,17-03-2026 08:00,9.8,49,77.88,0.82,142.68,45.33
17-03-2026 08:00,17-03-2026 08:15,15,53,76.42,0.69,208.03,89.73
17-03-2026 08:15,17-03-2026 08:30,15,53,74.91,1.64,26.5,139.98
17-03-2026 08:30,17-03-2026 08:45,15,53,73.24,2.03,32.77,156.11
17-03-2026 08:45,17-03-2026 09:00,12,31.4,72.9,1.37,119.41,161.45
17-03-2026 09:00,17-03-2026 09:15,10,26,70.94,0.72,116,179.15
17-03-2026 09:15,17-03-2026 09:30,10,26,70.93,1.69,104.23,194.82
17-03-2026 09:30,17-03-2026 09:45,10,26,71.4,1.12,74.89,210.27
17-03-2026 09:45,17-03-2026 10:00,30.97,60.4,70.49,1.23,40.01,226.28
17-03-2026 10:00,17-03-2026 10:15,6,29,70.16,0.85,56.55,239.68
17-03-2026 10:15,17-03-2026 10:30,6,29,70.13,1.06,72.38,250.93
17-03-2026 10:30,17-03-2026 10:45,25.6,55.2,70.21,1.15,94.99,259.85
17-03-2026 10:45,17-03-2026 11:00,6,21.8,69.52,1.28,66.45,269.97
17-03-2026 11:00,17-03-2026 11:15,6,20,68.36,0.99,68.55,271.85
17-03-2026 11:15,17-03-2026 11:30,6,20,67.73,1.14,84.12,286.91
17-03-2026 11:30,17-03-2026 11:45,6,20,68.22,1.37,106.21,292.96
17-03-2026 11:45,17-03-2026 12:00,6.6,21.6,67.85,1.12,84.13,264.76
17-03-2026 12:00,17-03-2026 12:15,7,22,67.47,1.26,63.91,212.84
17-03-2026 12:15,17-03-2026 12:30,7,22,67.19,1.21,111.29,235.64
17-03-2026 12:30,17-03-2026 12:45,7,22,66.8,1.39,54.41,276.39
17-03-2026 12:45,17-03-2026 13:00,21.76,35.8,66.18,0.81,43.71,222.82
17-03-2026 13:00,17-03-2026 13:15,11,15,66.52,1.01,122.35,281.18
17-03-2026 13:15,17-03-2026 13:30,11,15,65.57,1.05,96.35,239.92
17-03-2026 13:30,17-03-2026 13:45,31.42,46.8,65.83,1.07,74.31,263.48
17-03-2026 13:45,17-03-2026 14:00,26.74,45,65.78,1.23,99.07,257.76
17-03-2026 14:00,17-03-2026 14:15,11,24,65.8,0.99,53.21,247.06
17-03-2026 14:15,17-03-2026 14:30,11,24,64.83,1.52,99.11,228.35
17-03-2026 14:30,17-03-2026 14:45,11,24,64.75,1.25,75.66,210.79
17-03-2026 14:45,17-03-2026 15:00,11,21.6,64.84,1.25,69.88,205.2
17-03-2026 15:00,17-03-2026 15:15,11,21,66.44,1.11,63.17,170.84
17-03-2026 15:15,17-03-2026 15:30,11,21,65.69,1.05,67.46,167.59
17-03-2026 15:30,17-03-2026 15:45,11,21,65.94,0.75,68.89,150.65
17-03-2026 15:45,17-03-2026 16:00,28.79,46.8,66.14,1.3,85.04,130.73
17-03-2026 16:00,17-03-2026 16:15,7,10,66.65,0.66,104.57,113.01
17-03-2026 16:15,17-03-2026 16:30,7,10,66.7,0.81,59.87,94.56
17-03-2026 16:30,17-03-2026 16:45,7,10,68.44,0.96,96.78,48.76
17-03-2026 16:45,17-03-2026 17:00,5.8,18,70.24,0.7,60.71,28.45
17-03-2026 17:00,17-03-2026 17:15,5,20,71.91,1.1,79.58,23.49
17-03-2026 17:15,17-03-2026 17:30,5,20,73.68,1.06,60,20.02
17-03-2026 17:30,17-03-2026 17:45,5,20,75.04,0.9,77.36,14.5
17-03-2026 17:45,17-03-2026 18:00,19.49,38,74.86,0.73,59.42,9.91
17-03-2026 18:00,17-03-2026 18:15,7,19,75.35,1.73,79.16,6.72
17-03-2026 18:15,17-03-2026 18:30,7,19,75.32,1.12,109.67,6.27
17-03-2026 18:30,17-03-2026 18:45,24.32,44,75.9,0.41,52.59,6.1
17-03-2026 18:45,17-03-2026 19:00,8.2,19.8,75.87,0.43,89.66,6.01
17-03-2026 19:00,17-03-2026 19:15,9,20,76.02,0.79,96.05,6.24
17-03-2026 19:15,17-03-2026 19:30,9,20,76.44,0.52,44.57,6.32
17-03-2026 19:30,17-03-2026 19:45,9,20,76,0.31,140.7,6.31
17-03-2026 19:45,17-03-2026 20:00,21.73,40.8,76.19,0.45,132.96,6.3
17-03-2026 20:00,17-03-2026 20:15,23,44.8,76.81,0.55,46.42,6.42
17-03-2026 20:15,17-03-2026 20:30,6,21,77.17,0.69,76.85,6.46
17-03-2026 20:30,17-03-2026 20:45,6,21,77.56,0.42,130.25,6.42
17-03-2026 20:45,17-03-2026 21:00,6.6,15.4,77.1,0.68,87.37,6.42
17-03-2026 21:00,17-03-2026 21:15,7,14,77.91,0.45,51.04,6.48
17-03-2026 21:15,17-03-2026 21:30,7,14,77.72,0.33,175.05,6.42
17-03-2026 21:30,17-03-2026 21:45,7,14,77.85,0.5,69.47,6.42
17-03-2026 21:45,17-03-2026 22:00,6.4,14.8,77.28,0.71,70.62,6.34
17-03-2026 22:00,17-03-2026 22:15,6,15,77.18,0.38,60.83,6.38
17-03-2026 22:15,17-03-2026 22:30,6,15,76.93,0.45,99.8,6.46
17-03-2026 22:30,17-03-2026 22:45,6,15,76.56,0.31,69.19,6.5
17-03-2026 22:45,17-03-2026 23:00,25.28,40.4,77.66,0.44,38.97,6.34
17-03-2026 23:00,17-03-2026 23:15,13,17,78.13,0.66,89.42,6.39
17-03-2026 23:15,17-03-2026 23:30,13,17,78.13,0.31,67.59,6.45
17-03-2026 23:30,17-03-2026 23:45,13,17,77.82,0.4,87.7,6.36
17-03-2026 23:45,18-03-2026 00:00,9.6,17.8,77.89,0.3,47.96,6.04
18-03-2026 00:00,18-03-2026 00:15,10.4,18,78.43,0.32,167.4,6.2
18-03-2026 00:15,18-03-2026 00:30,10.4,18,78.76,0.45,123,6.21
18-03-2026 00:30,18-03-2026 00:45,7.8,18,78.78,0.46,61.01,6.24
18-03-2026 00:45,18-03-2026 01:00,20.41,39.6,78.91,0.32,102.44,6.21
18-03-2026 01:00,18-03-2026 01:15,3,21,79.33,0.27,50.21,6.13
18-03-2026 01:15,18-03-2026 01:30,3,21,79.27,0.27,40.22,6.15
18-03-2026 01:30,18-03-2026 01:45,3,21,79.15,0.27,77.74,6.22
18-03-2026 01:45,18-03-2026 02:00,25.44,43.2,79.86,0.27,75.62,6.03
18-03-2026 02:00,18-03-2026 02:15,6,9,80.55,0.27,80.62,6
18-03-2026 02:15,18-03-2026 02:30,6,9,80.44,0.27,88.41,6.14
18-03-2026 02:30,18-03-2026 02:45,6,9,80.29,0.27,87.29,6
18-03-2026 02:45,18-03-2026 03:00,6,17.8,79.33,0.27,87.41,6.01
18-03-2026 03:00,18-03-2026 03:15,6,20,79.38,0.27,87.47,6.15
18-03-2026 03:15,18-03-2026 03:30,6,20,79.58,0.27,87.5,6.13
18-03-2026 03:30,18-03-2026 03:45,6,20,80.15,0.27,87.43,6.1
18-03-2026 03:45,18-03-2026 04:00,4.8,15.2,79.97,0.27,87.29,6.15
18-03-2026 04:00,18-03-2026 04:15,4,14,79.9,0.27,87.51,6.25
18-03-2026 04:15,18-03-2026 04:30,4,14,80.3,0.27,187.66,6.24
18-03-2026 04:30,18-03-2026 04:45,4,14,80.83,0.27,337.96,6.17
18-03-2026 04:45,18-03-2026 05:00,29.7,53.6,80.96,0.27,338.19,6.29
18-03-2026 05:00,18-03-2026 05:15,15,28,80.88,0.27,338.59,6.31
18-03-2026 05:15,18-03-2026 05:30,15,28,81.55,0.27,338.72,6.28
18-03-2026 05:30,18-03-2026 05:45,35.53,58.6,82.42,0.27,140.92,6.25
18-03-2026 05:45,18-03-2026 06:00,22.2,45.6,82.72,0.27,279.24,6.46
18-03-2026 06:00,18-03-2026 06:15,27,50,83.22,0.27,240.11,7.83
18-03-2026 06:15,18-03-2026 06:30,27,50,83.64,0.27,286.1,11.86
18-03-2026 06:30,18-03-2026 06:45,27,50,83.43,0.27,250.89,16.65
18-03-2026 06:45,18-03-2026 07:00,36,82,82.92,0.27,330.44,21.99
18-03-2026 07:00,18-03-2026 07:15,42,90,82.03,0.27,300.5,29.62
18-03-2026 07:15,18-03-2026 07:30,42,90,80.61,0.27,314.23,27.91
18-03-2026 07:30,18-03-2026 07:45,42,90,78.13,0.27,70.28,31.2
18-03-2026 07:45,18-03-2026 08:00,50.73,106.4,76.28,0.27,51.45,41.03
18-03-2026 08:00,18-03-2026 08:15,26,87,75.64,0.53,127.88,83.82
18-03-2026 08:15,18-03-2026 08:30,26,87,75.1,0.42,40.32,118.94
18-03-2026 08:30,18-03-2026 08:45,26,87,73.91,0.65,137.08,154.66
18-03-2026 08:45,18-03-2026 09:00,30.08,57.8,72.83,0.69,26.5,95.34
18-03-2026 09:00,18-03-2026 09:15,12,22,73.08,0.7,67.5,205.41
18-03-2026 09:15,18-03-2026 09:30,12,22,72.07,0.73,60.65,111.87
18-03-2026 09:30,18-03-2026 09:45,12,22,72.3,0.78,57.42,125.1
18-03-2026 09:45,18-03-2026 10:00,26.23,40.8,72.31,0.69,126.62,113.85
18-03-2026 10:00,18-03-2026 10:15,11,17,72.49,0.86,42.83,130.89
18-03-2026 10:15,18-03-2026 10:30,11,17,72.34,1.1,84.79,118.14
18-03-2026 10:30,18-03-2026 10:45,11,17,71.99,1.06,65.17,126.11
18-03-2026 10:45,18-03-2026 11:00,8.6,17.8,71.62,0.98,114.36,184.43
18-03-2026 11:00,18-03-2026 11:15,7,18,71.4,1.13,78.66,199.21
18-03-2026 11:15,18-03-2026 11:30,7,18,70.64,1.31,84.55,203.22
18-03-2026 11:30,18-03-2026 11:45,7,18,71.38,1.46,123.26,178.04
18-03-2026 11:45,18-03-2026 12:00,9.4,18,70.1,0.79,55.56,176.97
18-03-2026 12:00,18-03-2026 12:15,11,18,69.59,1.07,80.37,241.03
18-03-2026 12:15,18-03-2026 12:30,11,18,68.49,0.94,51.37,277.17
18-03-2026 12:30,18-03-2026 12:45,11,18,67.32,1.09,53.77,238.25
18-03-2026 12:45,18-03-2026 13:00,11,28.4,66.95,1.21,92.46,295.21
18-03-2026 13:00,18-03-2026 13:15,11,31,67.35,0.72,50.46,150.42
18-03-2026 13:15,18-03-2026 13:30,11,31,67.79,0.57,107.95,263.24
18-03-2026 13:30,18-03-2026 13:45,11,31,67.04,1.3,42.6,239.11
18-03-2026 13:45,18-03-2026 14:00,12.8,22.2,67.93,0.98,59.13,234.17
18-03-2026 14:00,18-03-2026 14:15,14,20,67.72,0.92,88.93,235.5
18-03-2026 14:15,18-03-2026 14:30,14,20,67.17,1.28,64.97,232.86
18-03-2026 14:30,18-03-2026 14:45,14,20,67.45,1.59,66.34,166.26
18-03-2026 14:45,18-03-2026 15:00,35.25,51.2,67.96,0.5,68.61,187.42
18-03-2026 15:00,18-03-2026 15:15,14,17,68.36,0.97,65.33,177.54
18-03-2026 15:15,18-03-2026 15:30,14,17,69.43,0.73,68.7,126.14
18-03-2026 15:30,18-03-2026 15:45,26.15,36.6,69.93,0.66,35.6,90.67
18-03-2026 15:45,18-03-2026 16:00,14,21.8,70.21,0.89,57.49,106.53
18-03-2026 16:00,18-03-2026 16:15,14,23,70.35,1.03,61.2,100.48
18-03-2026 16:15,18-03-2026 16:30,14,23,70.12,0.86,61.35,86.65
18-03-2026 16:30,18-03-2026 16:45,14,23,69.71,1.07,92.31,99.44
18-03-2026 16:45,18-03-2026 17:00,9.2,18.2,69.76,0.81,68.46,67.13
18-03-2026 17:00,18-03-2026 17:15,6,17,70.89,0.97,31.08,41.25
18-03-2026 17:15,18-03-2026 17:30,6,17,71.79,0.65,68.87,32.07
18-03-2026 17:30,18-03-2026 17:45,6,17,72.69,0.9,87.73,16.66
18-03-2026 17:45,18-03-2026 18:00,7.2,18.6,74.05,0.74,63.4,10.83
18-03-2026 18:00,18-03-2026 18:15,8,19,74.65,0.5,93.71,7.2
18-03-2026 18:15,18-03-2026 18:30,8,19,75.5,0.59,91.77,6.25
18-03-2026 18:30,18-03-2026 18:45,8,19,76.2,0.41,86.06,6.07
18-03-2026 18:45,18-03-2026 19:00,28.42,43,76.63,0.33,91.71,5.97
18-03-2026 19:00,18-03-2026 19:15,13,14,77.13,0.33,92.5,6.14
18-03-2026 19:15,18-03-2026 19:30,13,14,77.45,0.58,71.42,6.17
18-03-2026 19:30,18-03-2026 19:45,13,14,78.09,0.43,72.09,5.93
18-03-2026 19:45,18-03-2026 20:00,11.2,16.4,78.61,0.27,107,6
18-03-2026 20:00,18-03-2026 20:15,10,17,78.64,0.38,81.66,6.21
18-03-2026 20:15,18-03-2026 20:30,10,17,78.94,0.41,56.31,6.21
18-03-2026 20:30,18-03-2026 20:45,10,17,79.51,0.34,67.92,6.08
18-03-2026 20:45,18-03-2026 21:00,7.6,16.2,79.28,0.33,209.83,6.28
18-03-2026 21:00,18-03-2026 21:15,6,16,79.39,0.28,72.45,6.39
18-03-2026 21:15,18-03-2026 21:30,6,16,78.65,0.43,57.42,6.41
18-03-2026 21:30,18-03-2026 21:45,6,16,78.91,0.33,67.86,6.45
18-03-2026 21:45,18-03-2026 22:00,7.2,12,79.08,0.28,108.57,6.42
18-03-2026 22:00,18-03-2026 22:15,8,11,79.13,0.29,156.32,6.38
18-03-2026 22:15,18-03-2026 22:30,8,11,79.33,0.27,26.5,6.43
18-03-2026 22:30,18-03-2026 22:45,8,11,79.94,0.27,42.84,6.37
18-03-2026 22:45,18-03-2026 23:00,23.9,38.8,80.16,0.27,103.39,6.39
18-03-2026 23:00,18-03-2026 23:15,3.6,11,79.98,0.39,166.18,6.39
18-03-2026 23:15,18-03-2026 23:30,3,11,80.14,0.29,167.94,6.39
18-03-2026 23:30,18-03-2026 23:45,3.8,11,79.2,0.34,143.57,6.46
18-03-2026 23:45,19-03-2026 00:00,0.8,7,79,0.27,72.96,6.41
19-03-2026 00:00,19-03-2026 00:15,,6,79.58,0.27,48.3,6.42
19-03-2026 00:15,19-03-2026 00:30,0.2,6,79.99,0.27,26.5,6.35
19-03-2026 00:30,19-03-2026 00:45,0.4,6,79.78,0.3,90.62,6.27
19-03-2026 00:45,19-03-2026 01:00,2.6,10.8,80.55,0.36,351.72,6.28
19-03-2026 01:00,19-03-2026 01:15,2,12,81.73,0.27,155.31,6.38
19-03-2026 01:15,19-03-2026 01:30,2,12,82.37,0.27,282.89,6.15
19-03-2026 01:30,19-03-2026 01:45,2,12,82.84,0.44,93.56,6.08
19-03-2026 01:45,19-03-2026 02:00,1,7.2,84.11,0.84,90.18,6.04
19-03-2026 02:00,19-03-2026 02:15,0.2,6,86.52,1.64,67.2,5.94
19-03-2026 02:15,19-03-2026 02:30,,6,84.98,3.36,153.57,5.97
19-03-2026 02:30,19-03-2026 02:45,,6,89.19,3.65,207.97,5.93
19-03-2026 02:45,19-03-2026 03:00,8.8,29.2,89.66,0.76,212.63,5.92
19-03-2026 03:00,19-03-2026 03:15,12,35,89.45,0.27,252.42,6.01
19-03-2026 03:15,19-03-2026 03:30,12,35,90.22,0.37,135.66,5.96
19-03-2026 03:30,19-03-2026 03:45,12,35,90.61,1.16,53.45,5.94
19-03-2026 03:45,19-03-2026 04:00,9.2,17.4,88.68,0.69,147.29,5.9
19-03-2026 04:00,19-03-2026 04:15,4.4,13,86.75,0.34,184.27,6.03
19-03-2026 04:15,19-03-2026 04:30,5.4,13,83.82,0.64,103.86,6.04
19-03-2026 04:30,19-03-2026 04:45,4.8,13,77.15,0.53,121.38,6.06
19-03-2026 04:45,19-03-2026 05:00,7.4,23.4,76.01,0.97,56.79,6.04
19-03-2026 05:00,19-03-2026 05:15,6,26,75.38,0.65,67.15,6.13
19-03-2026 05:15,19-03-2026 05:30,6,26,75.73,0.67,38.9,6.15
19-03-2026 05:30,19-03-2026 05:45,6,26,76.51,0.65,83.17,6.36
19-03-2026 05:45,19-03-2026 06:00,6,26,77.8,0.83,105.13,6.51
19-03-2026 06:00,19-03-2026 06:15,6,26,79,0.96,134.07,7.34
19-03-2026 06:15,19-03-2026 06:30,6,26,78.42,0.45,247.38,9.59
19-03-2026 06:30,19-03-2026 06:45,6,26,81.27,0.27,298.18,13.96
19-03-2026 06:45,19-03-2026 07:00,13.2,32.4,82.56,0.27,244.9,17.39
19-03-2026 07:00,19-03-2026 07:15,18,34,83.66,0.36,331.3,21.06
19-03-2026 07:15,19-03-2026 07:30,18,34,82.95,0.27,316.33,24.03
19-03-2026 07:30,19-03-2026 07:45,18,34,80.57,0.63,200.17,30.37
19-03-2026 07:45,19-03-2026 08:00,28.2,45.2,76.51,0.4,94.04,38.06
19-03-2026 08:00,19-03-2026 08:15,35,48,74.45,0.77,70.1,121.96
19-03-2026 08:15,19-03-2026 08:30,35,48,73.99,0.96,86.47,162.21
19-03-2026 08:30,19-03-2026 08:45,35,48,73.52,0.3,119.86,182.01
19-03-2026 08:45,19-03-2026 09:00,37.56,57.8,71.82,0.57,36.12,203.45
19-03-2026 09:00,19-03-2026 09:15,13,23,70.73,1.26,26.5,221.97
19-03-2026 09:15,19-03-2026 09:30,13,23,70.66,1.17,54.65,238.12
19-03-2026 09:30,19-03-2026 09:45,13,23,71.59,1.2,55.28,264.61
19-03-2026 09:45,19-03-2026 10:00,10,21.4,70.8,0.97,101.85,270.32
19-03-2026 10:00,19-03-2026 10:15,8,21,70.59,0.67,84.38,277.85
19-03-2026 10:15,19-03-2026 10:30,8,21,69.89,1.06,44.79,299.34
19-03-2026 10:30,19-03-2026 10:45,8,21,69.29,1.04,37.36,302.51
19-03-2026 10:45,19-03-2026 11:00,5,24.2,68.28,1.01,107.23,297.49
19-03-2026 11:00,19-03-2026 11:15,3,25,67.81,1.01,106.34,307.99
19-03-2026 11:15,19-03-2026 11:30,3,25,68.03,1.06,35.54,298.07
19-03-2026 11:30,19-03-2026 11:45,3,25,68.47,1.08,106.5,305.25
19-03-2026 11:45,19-03-2026 12:00,1.2,13.8,68.39,0.73,31.12,309.57
19-03-2026 12:00,19-03-2026 12:15,,11,67.84,0.88,136.92,314.88
19-03-2026 12:15,19-03-2026 12:30,,11,67.51,1.05,85.67,313.43
19-03-2026 12:30,19-03-2026 12:45,,11,67.59,0.82,97.99,297.05
19-03-2026 12:45,19-03-2026 13:00,4.2,11.8,67.14,1.11,40.02,297.59
19-03-2026 13:00,19-03-2026 13:15,7,12,67.54,0.9,40.39,292.86
19-03-2026 13:15,19-03-2026 13:30,7,12,66.9,1.17,59.81,289.33
19-03-2026 13:30,19-03-2026 13:45,7,12,66.42,1.11,145.35,282.56
19-03-2026 13:45,19-03-2026 14:00,21.33,37.4,66.09,1,42.32,275.35
19-03-2026 14:00,19-03-2026 14:15,7,18,66.02,0.94,45.07,263.15
19-03-2026 14:15,19-03-2026 14:30,7,18,65.3,0.85,46.21,255.77
19-03-2026 14:30,19-03-2026 14:45,7,18,65.46,0.92,36.8,241.17
19-03-2026 14:45,19-03-2026 15:00,6.4,20.4,65.84,1.12,62.17,227.97
19-03-2026 15:00,19-03-2026 15:15,6,21,66.02,1.12,54.65,211.54
19-03-2026 15:15,19-03-2026 15:30,6,21,66.2,1.14,69.26,189.12
19-03-2026 15:30,19-03-2026 15:45,6,21,66.15,1.09,44.01,174.58
19-03-2026 15:45,19-03-2026 16:00,21.57,42.6,66.1,0.86,55.23,156.14
19-03-2026 16:00,19-03-2026 16:15,6,21,66.55,0.84,50.1,136.15
19-03-2026 16:15,19-03-2026 16:30,6,21,66.99,0.93,56.36,116.98
19-03-2026 16:30,19-03-2026 16:45,6,21,67.87,0.83,68.34,97.51
19-03-2026 16:45,19-03-2026 17:00,6,20.2,68.4,1.01,64.17,77.7
19-03-2026 17:00,19-03-2026 17:15,6,20,68.97,0.74,28.02,59.05
19-03-2026 17:15,19-03-2026 17:30,6,20,69.52,0.63,44.47,41.77
19-03-2026 17:30,19-03-2026 17:45,6,20,69.87,0.66,44.22,18.27
19-03-2026 17:45,19-03-2026 18:00,4.8,13.6,71.46,0.48,48.2,12.24
19-03-2026 18:00,19-03-2026 18:15,4,12,73.01,0.44,52.56,7.91
19-03-2026 18:15,19-03-2026 18:30,4,12,73.79,0.63,50.18,6.39
19-03-2026 18:30,19-03-2026 18:45,4,12,74.59,0.42,62.52,6.07
19-03-2026 18:45,19-03-2026 19:00,18.54,33.2,74.87,0.71,75.34,6.1
19-03-2026 19:00,19-03-2026 19:15,4,12,75.84,0.57,83.7,6.2
19-03-2026 19:15,19-03-2026 19:30,4,12,76.63,0.41,66.97,6.2
19-03-2026 19:30,19-03-2026 19:45,4,12,77.23,0.32,55.49,6
19-03-2026 19:45,19-03-2026 20:00,18.67,37,77.41,0.48,81.3,6.07
19-03-2026 20:00,19-03-2026 20:15,23.35,45.4,77.68,0.46,93.98,6.03
19-03-2026 20:15,19-03-2026 20:30,4,18,77.56,0.31,66.17,6.1
19-03-2026 20:30,19-03-2026 20:45,4,18,77.71,0.77,47.73,6.18
19-03-2026 20:45,19-03-2026 21:00,23.74,38.8,77.51,0.64,33.33,6.03
19-03-2026 21:00,19-03-2026 21:15,4,6,77.8,0.34,44.85,6.15
19-03-2026 21:15,19-03-2026 21:30,4,6,78.24,0.31,68.15,6.1
19-03-2026 21:30,19-03-2026 21:45,4,6,78.6,0.3,45.8,6.13
19-03-2026 21:45,19-03-2026 22:00,3.4,10.8,78.7,0.31,93.62,6.03
19-03-2026 22:00,19-03-2026 22:15,3,12,78.75,0.27,74.24,6.25
19-03-2026 22:15,19-03-2026 22:30,3,12,78.88,0.27,80.66,6.27
19-03-2026 22:30,19-03-2026 22:45,21.38,38.8,78.72,0.51,49.82,6.35
19-03-2026 22:45,19-03-2026 23:00,27.9,53,78.44,0.67,54.61,6.24
19-03-2026 23:00,19-03-2026 23:15,5,21,78.11,0.27,65.67,6.27
19-03-2026 23:15,19-03-2026 23:30,5,21,78.65,0.56,85.55,6.32
19-03-2026 23:30,19-03-2026 23:45,5,21,79.1,0.45,58.13,6.29
19-03-2026 23:45,20-03-2026 00:00,8,18.6,79.91,0.53,39.31,6.43
20-03-2026 00:00,20-03-2026 00:15,23.08,37.6,79.86,0.27,73.21,6.41
20-03-2026 00:15,20-03-2026 00:30,10,18,80.01,0.27,31.25,6.42
20-03-2026 00:30,20-03-2026 00:45,10,18,80.27,0.39,26.5,6.45
20-03-2026 00:45,20-03-2026 01:00,7.6,12.4,80.95,0.49,46.71,6.38
20-03-2026 01:00,20-03-2026 01:15,6,11,81.26,0.31,77.66,6.36
20-03-2026 01:15,20-03-2026 01:30,6,11,81.59,0.45,72.41,6.38
20-03-2026 01:30,20-03-2026 01:45,6,11,81.45,0.27,81.83,6.32
20-03-2026 01:45,20-03-2026 02:00,20.4,42.4,81.35,0.38,26.5,6.13
20-03-2026 02:00,20-03-2026 02:15,6,27,81.35,0.27,37.79,6.31
20-03-2026 02:15,20-03-2026 02:30,6,27,81.13,0.4,66.8,6.35
20-03-2026 02:30,20-03-2026 02:45,6,27,80.79,0.28,73.82,6.27
20-03-2026 02:45,20-03-2026 03:00,5.4,18.2,80.61,0.48,144.6,6.27
20-03-2026 03:00,20-03-2026 03:15,5,16,80.4,0.27,26.5,6.1
20-03-2026 03:15,20-03-2026 03:30,5,16,80.45,0.48,26.5,6.06
20-03-2026 03:30,20-03-2026 03:45,5,16,80.73,0.27,26.5,6.14
20-03-2026 03:45,20-03-2026 04:00,2.42,15.2,81.03,0.27,80.73,6.01
20-03-2026 04:00,20-03-2026 04:15,0.7,15,81.67,0.48,107.04,6.07
20-03-2026 04:15,20-03-2026 04:30,0.7,15,83.37,0.47,72.32,5.99
20-03-2026 04:30,20-03-2026 04:45,0.7,15,83.95,0.27,302.15,5.87
20-03-2026 04:45,20-03-2026 05:00,20.68,55.8,84.3,0.82,218.17,6.04
20-03-2026 05:00,20-03-2026 05:15,34,66,84.85,0.48,198.71,6.07
20-03-2026 05:15,20-03-2026 05:30,34,66,85.1,0.91,143.96,6.01
20-03-2026 05:30,20-03-2026 05:45,34,66,85.09,0.45,272.3,5.96
20-03-2026 05:45,20-03-2026 06:00,37,75.6,85.32,0.57,207.29,6.21
20-03-2026 06:00,20-03-2026 06:15,39,78,85.33,0.79,172.46,7.07
20-03-2026 06:15,20-03-2026 06:30,39,78,85.21,0.83,238.24,8.71
20-03-2026 06:30,20-03-2026 06:45,39,78,85.1,0.39,296.31,16.58
20-03-2026 06:45,20-03-2026 07:00,45.06,92.2,84.69,0.87,287.9,22.53
20-03-2026 07:00,20-03-2026 07:15,34,87,83.99,0.87,261.47,24.72
20-03-2026 07:15,20-03-2026 07:30,34,87,83.17,1.02,219.66,33.84
20-03-2026 07:30,20-03-2026 07:45,45.27,97.4,81.81,1.18,193.88,42.07
20-03-2026 07:45,20-03-2026 08:00,40.6,107,80.33,0.77,126.62,56.63
20-03-2026 08:00,20-03-2026 08:15,45,112,78.92,1.35,234.12,124.62
20-03-2026 08:15,20-03-2026 08:30,45,112,77.6,0.96,196.46,99.53
20-03-2026 08:30,20-03-2026 08:45,45,112,76.39,0.92,91.39,137.95
20-03-2026 08:45,20-03-2026 09:00,50.99,107,75.35,0.49,70.41,129.64
20-03-2026 09:00,20-03-2026 09:15,23,80,72.69,0.63,100.33,239.63
20-03-2026 09:15,20-03-2026 09:30,23,80,70.31,1.07,94.15,241.79
20-03-2026 09:30,20-03-2026 09:45,23,80,70.74,1.15,57.41,256.71
20-03-2026 09:45,20-03-2026 10:00,28.88,67.2,70.35,1.08,57.31,262.44
20-03-2026 10:00,20-03-2026 10:15,18.95,55,70.52,1.09,74.38,270.23
20-03-2026 10:15,20-03-2026 10:30,5,40,70.66,0.94,45.25,283.55
20-03-2026 10:30,20-03-2026 10:45,5,40,69.8,0.99,63.16,294.18
20-03-2026 10:45,20-03-2026 11:00,13.4,24.8,69.77,1.29,56.29,302.7
20-03-2026 11:00,20-03-2026 11:15,19,21,70.36,1.37,54.49,308.44
20-03-2026 11:15,20-03-2026 11:30,19,21,70.26,1.33,50.47,316.86
20-03-2026 11:30,20-03-2026 11:45,19,21,70.77,1.56,111.71,318.34
20-03-2026 11:45,20-03-2026 12:00,7,12.2,70.13,1.21,73.05,319.91
20-03-2026 12:00,20-03-2026 12:15,5,10,69.6,1.85,80.32,315.53
20-03-2026 12:15,20-03-2026 12:30,5,10,69.45,1.21,60.1,318.4
20-03-2026 12:30,20-03-2026 12:45,5,10,68.96,1.48,73.04,313.47
20-03-2026 12:45,20-03-2026 13:00,5,12.4,68.07,1.08,39.34,307.52
20-03-2026 13:00,20-03-2026 13:15,5,13,67.77,0.8,80.21,298.36
20-03-2026 13:15,20-03-2026 13:30,5,13,67.26,0.84,69.73,290.87
20-03-2026 13:30,20-03-2026 13:45,5,13,67.34,1.16,48.34,282.52
20-03-2026 13:45,20-03-2026 14:00,5,17,66.94,0.89,53.54,273.45
20-03-2026 14:00,20-03-2026 14:15,5,18,67.68,0.89,59.38,261.29
20-03-2026 14:15,20-03-2026 14:30,5,18,67.73,1,50.94,246.28
20-03-2026 14:30,20-03-2026 14:45,5,18,68.35,1.55,84.49,232.39
20-03-2026 14:45,20-03-2026 15:00,26.06,41.6,68.37,1.3,75.61,214.98
20-03-2026 15:00,20-03-2026 15:15,14,16,68.6,1.49,92.8,198.07
20-03-2026 15:15,20-03-2026 15:30,14,16,68.73,1.52,26.5,180.53
20-03-2026 15:30,20-03-2026 15:45,14,16,69.76,1.43,97.31,162.42
20-03-2026 15:45,20-03-2026 16:00,11,16,70.18,1.16,87.85,144.34
20-03-2026 16:00,20-03-2026 16:15,9,16,69.6,1.28,79.74,126.01
20-03-2026 16:15,20-03-2026 16:30,9,16,70.27,0.74,102.4,106.28
20-03-2026 16:30,20-03-2026 16:45,9,16,70.96,0.92,79.18,87.3
20-03-2026 16:45,20-03-2026 17:00,29.61,47.8,71.81,0.52,49.74,69.08
20-03-2026 17:00,20-03-2026 17:15,14,22,72.69,1.22,49.06,51.46
20-03-2026 17:15,20-03-2026 17:30,14,22,73.81,0.85,52.29,34.93
20-03-2026 17:30,20-03-2026 17:45,27.06,42,75.17,0.5,77.91,18.68
20-03-2026 17:45,20-03-2026 18:00,10.4,26.8,76.24,0.44,61.86,12.27
20-03-2026 18:00,20-03-2026 18:15,8,28,77.15,0.8,49.22,7.91
20-03-2026 18:15,20-03-2026 18:30,8,28,78.02,0.8,76.09,6.61
20-03-2026 18:30,20-03-2026 18:45,21.35,45.4,77.8,0.69,75.37,6.46
20-03-2026 18:45,20-03-2026 19:00,8,20,77.64,0.58,73.53,6.39
20-03-2026 19:00,20-03-2026 19:15,8,18,77.78,0.62,89.9,6.52
20-03-2026 19:15,20-03-2026 19:30,8,18,78.11,0.8,89.36,6.45
20-03-2026 19:30,20-03-2026 19:45,22.13,38.6,78.75,0.87,42.86,6.41
20-03-2026 19:45,20-03-2026 20:00,26.79,47.6,78.88,0.88,66.14,6.36
20-03-2026 20:00,20-03-2026 20:15,6,19,79.11,0.93,98.83,6.41
20-03-2026 20:15,20-03-2026 20:30,6,19,79.12,0.9,68.73,6.27
20-03-2026 20:30,20-03-2026 20:45,28.07,51,79.25,1.21,51.53,6.18
20-03-2026 20:45,20-03-2026 21:00,16.7,30.6,79.12,0.52,52.29,6.18
20-03-2026 21:00,20-03-2026 21:15,,8,79.24,0.67,98.72,6.21
20-03-2026 21:15,20-03-2026 21:30,,8,79.74,0.66,41.82,6.22
20-03-2026 21:30,20-03-2026 21:45,,8,80.2,0.55,66.94,6.2
20-03-2026 21:45,20-03-2026 22:00,0.42,14.4,79.85,0.42,81.1,6.08
20-03-2026 22:00,20-03-2026 22:15,0.7,16,79.4,0.55,44.45,6.13
20-03-2026 22:15,20-03-2026 22:30,0.7,16,79.63,0.34,103.48,6.27
20-03-2026 22:30,20-03-2026 22:45,0.7,16,80.19,0.65,73.9,6.15
20-03-2026 22:45,20-03-2026 23:00,2.48,12,79.84,0.28,85.85,6.18
20-03-2026 23:00,20-03-2026 23:15,4.6,11,80.27,0.4,72.73,6.14
20-03-2026 23:15,20-03-2026 23:30,3,11,80.69,0.28,103.67,5.94
20-03-2026 23:30,20-03-2026 23:45,3.6,11,81.25,0.36,78.45,6.01
20-03-2026 23:45,21-03-2026 00:00,25.83,42.2,81.73,0.27,76.2,6.03
21-03-2026 00:00,21-03-2026 00:15,14,23,82.21,0.67,85.72,5.93
21-03-2026 00:15,21-03-2026 00:30,14,23,82.36,0.47,26.5,6.13
21-03-2026 00:30,21-03-2026 00:45,14,23,82.2,0.64,104.78,6.21
21-03-2026 00:45,21-03-2026 01:00,32.66,54.4,82.44,0.65,70.34,6.18
21-03-2026 01:00,21-03-2026 01:15,15,29,82.9,0.46,62.65,6.28
21-03-2026 01:15,21-03-2026 01:30,15,29,83.34,0.45,82.45,6.2
21-03-2026 01:30,21-03-2026 01:45,15,29,83.56,0.68,63.55,6.24
21-03-2026 01:45,21-03-2026 02:00,27.43,47,83.54,0.27,50.08,6.14
21-03-2026 02:00,21-03-2026 02:15,11,25,83.53,0.41,123.06,6.29
21-03-2026 02:15,21-03-2026 02:30,11,25,83.51,0.48,104.19,6.24
21-03-2026 02:30,21-03-2026 02:45,28.3,50,83.53,0.38,99.77,6.14
21-03-2026 02:45,21-03-2026 03:00,7.4,20.2,83.95,0.35,72.58,6.13
21-03-2026 03:00,21-03-2026 03:15,5,19,84.15,0.5,60.71,6.18
21-03-2026 03:15,21-03-2026 03:30,5,19,83.9,0.65,26.5,6.2
21-03-2026 03:30,21-03-2026 03:45,26.49,49.8,83.53,0.49,145,6.31
21-03-2026 03:45,21-03-2026 04:00,25.44,54.2,83.71,0.27,78.29,6.18
21-03-2026 04:00,21-03-2026 04:15,4,28,83.9,0.48,98.15,6.22
21-03-2026 04:15,21-03-2026 04:30,4,28,84.11,0.65,138.51,6.25
21-03-2026 04:30,21-03-2026 04:45,4,28,84.07,0.56,226.89,6.07
21-03-2026 04:45,21-03-2026 05:00,23.86,52.2,84.56,0.64,246.61,6.03
21-03-2026 05:00,21-03-2026 05:15,16,37,85.03,0.65,214.9,5.89
21-03-2026 05:15,21-03-2026 05:30,16,37,85.26,0.65,232.88,5.85
21-03-2026 05:30,21-03-2026 05:45,16,37,85.58,0.78,200.62,6
21-03-2026 05:45,21-03-2026 06:00,40.73,81.2,85.73,0.52,189.49,6.3
21-03-2026 06:00,21-03-2026 06:15,50.85,89.8,85.89,0.62,233.48,7.92
21-03-2026 06:15,21-03-2026 06:30,40,76,85.93,0.37,231.99,11.89
21-03-2026 06:30,21-03-2026 06:45,40,76,85.62,0.51,248.57,16.48
21-03-2026 06:45,21-03-2026 07:00,51.5,92,85.09,0.75,236.26,20.54
21-03-2026 07:00,21-03-2026 07:15,52.8,94.4,84.54,0.35,223.6,25.81
21-03-2026 07:15,21-03-2026 07:30,40,78,83.51,0.92,135.71,30.31
21-03-2026 07:30,21-03-2026 07:45,40,78,82.53,1.16,86.56,42.99
21-03-2026 07:45,21-03-2026 08:00,46.36,73.8,81.65,1.45,162.82,71.52
21-03-2026 08:00,21-03-2026 08:15,33,53,80.36,1.54,113.88,127.6
21-03-2026 08:15,21-03-2026 08:30,33,53,79.07,1.36,120.22,163.84
21-03-2026 08:30,21-03-2026 08:45,33,53,77.29,1.43,156.95,183.8
21-03-2026 08:45,21-03-2026 09:00,13,37,74.55,1.53,51.65,209.07
21-03-2026 09:00,21-03-2026 09:15,2,33,73.34,1.69,83.46,228.92
21-03-2026 09:15,21-03-2026 09:30,2,33,73.52,1.28,74.92,245.59
21-03-2026 09:30,21-03-2026 09:45,2,33,74.02,1.69,96.71,244.59
21-03-2026 09:45,21-03-2026 10:00,9.2,37.8,72.83,0.85,87.73,255.08
21-03-2026 10:00,21-03-2026 10:15,14,39,71.99,1.3,60.49,256.14
21-03-2026 10:15,21-03-2026 10:30,14,39,72.94,1.02,70.59,262.62
21-03-2026 10:30,21-03-2026 10:45,14,39,72.96,1.32,58.97,272.08
21-03-2026 10:45,21-03-2026 11:00,13.4,25.4,73.7,1.5,102.73,285.08
21-03-2026 11:00,21-03-2026 11:15,13,22,74.3,1.33,77.61,292.98
21-03-2026 11:15,21-03-2026 11:30,13,22,73.5,1.38,59.17,300.48
21-03-2026 11:30,21-03-2026 11:45,13,22,72.65,1.29,110.21,302.62
21-03-2026 11:45,21-03-2026 12:00,13.6,18,72.46,1.35,45.85,309.6
21-03-2026 12:00,21-03-2026 12:15,14,17,72.77,1.49,77.74,314.46
21-03-2026 12:15,21-03-2026 12:30,14,17,72.69,2.05,79.18,316.41
21-03-2026 12:30,21-03-2026 12:45,14,17,71.82,1.63,70.45,315.05
21-03-2026 12:45,21-03-2026 13:00,24.4,39.4,71.7,1.17,82.58,310.26
21-03-2026 13:00,21-03-2026 13:15,8,20,70.05,1.09,70.42,301.75
21-03-2026 13:15,21-03-2026 13:30,8,20,70.47,1.04,54.24,297.35
21-03-2026 13:30,21-03-2026 13:45,8,20,69.91,1.13,74.4,291.25
21-03-2026 13:45,21-03-2026 14:00,6,11.67,69.12,1.24,80.58,277.81
21-03-2026 14:00,21-03-2026 14:15,5,10,69.55,1.32,49.43,265.68
21-03-2026 14:15,21-03-2026 14:30,5,10,69.84,1.47,34.6,251.68
21-03-2026 14:30,21-03-2026 14:45,5,10,70.02,1.55,42.88,234.14
21-03-2026 14:45,21-03-2026 15:00,18.3,34,70.73,1.36,40.14,218.94
21-03-2026 15:00,21-03-2026 15:15,5,15,69.86,1.22,53.66,203.99
21-03-2026 15:15,21-03-2026 15:30,5,15,70.53,0.93,84.34,185.5
21-03-2026 15:30,21-03-2026 15:45,5,15,70.84,0.91,83.84,165.73
21-03-2026 15:45,21-03-2026 16:00,5.8,14,70.96,1.44,66.9,147.46
21-03-2026 16:00,21-03-2026 16:15,6,14,71.23,1.64,40.9,128.15
21-03-2026 16:15,21-03-2026 16:30,6,14,71.81,0.85,75.78,107.05
21-03-2026 16:30,21-03-2026 16:45,6,14,72.51,1.62,31.38,87.77
21-03-2026 16:45,21-03-2026 17:00,5.2,20,72.74,1.17,107.22,69.23
21-03-2026 17:00,21-03-2026 17:15,5,20,73.3,0.79,120.38,50.87
21-03-2026 17:15,21-03-2026 17:30,5,20,74.14,1.16,51.85,32.56
21-03-2026 17:30,21-03-2026 17:45,5,20,74.76,1.2,26.5,16.7
21-03-2026 17:45,21-03-2026 18:00,5.8,27,76.55,0.89,48.04,10.63
21-03-2026 18:00,21-03-2026 18:15,6,27,77.61,0.89,101.35,7.34
21-03-2026 18:15,21-03-2026 18:30,6,27,78.07,0.57,81.91,6.43
21-03-2026 18:30,21-03-2026 18:45,6,27,78.08,0.62,43.35,6.36
21-03-2026 18:45,21-03-2026 19:00,13.2,31,79,0.98,42.04,6.42
21-03-2026 19:00,21-03-2026 19:15,15,31,79.23,0.85,86.72,6.41
21-03-2026 19:15,21-03-2026 19:30,15,31,79.53,1.15,88.43,6.38
21-03-2026 19:30,21-03-2026 19:45,15,31,79.69,0.97,48.27,6.45
21-03-2026 19:45,21-03-2026 20:00,15,29,79.99,1.38,106.94,6.48
21-03-2026 20:00,21-03-2026 20:15,15,29,80.3,0.93,107.91,6.51
21-03-2026 20:15,21-03-2026 20:30,,,,,,
21-03-2026 20:30,21-03-2026 20:45,15,29,80.52,0.96,107.14,6.46
21-03-2026 20:45,21-03-2026 21:00,41.26,69.17,80.45,1,87.12,6.37
21-03-2026 21:00,21-03-2026 21:15,11,27,80.51,1.06,84.28,6.32
21-03-2026 21:15,21-03-2026 21:30,,,,,,
21-03-2026 21:30,21-03-2026 21:45,11,27,80.78,0.87,75,6.44
21-03-2026 21:45,21-03-2026 22:00,17.29,37.9,81.38,1.01,85.79,6.21
21-03-2026 22:00,21-03-2026 22:15,9,29,81.4,1.02,80.17,6.24
21-03-2026 22:15,21-03-2026 22:30,,,,,,
21-03-2026 22:30,21-03-2026 22:45,9,29,81.62,1.28,71.96,6.17
21-03-2026 22:45,21-03-2026 23:00,8.5,27.2,82,0.97,53.62,6.04
21-03-2026 23:00,21-03-2026 23:15,8,26,82,1.08,33.25,6.07
21-03-2026 23:15,21-03-2026 23:30,,,,,,
21-03-2026 23:30,21-03-2026 23:45,8,26,82,0.56,138.13,6.03
21-03-2026 23:45,22-03-2026 00:00,5.5,23.6,81.92,1.21,62.05,5.99
22-03-2026 00:00,22-03-2026 00:15,3,22,81.98,1.19,93.91,5.94
22-03-2026 00:15,22-03-2026 00:30,3,22,81.72,0.57,79.29,6.01
22-03-2026 00:30,22-03-2026 00:45,,,,,,
22-03-2026 00:45,22-03-2026 01:00,17.61,29.7,82.11,0.7,81.38,6.01
22-03-2026 01:00,22-03-2026 01:15,,19,82.38,0.45,91.42,5.9
22-03-2026 01:15,22-03-2026 01:30,,,,,,
22-03-2026 01:30,22-03-2026 01:45,,19,82.25,0.28,135.81,6.01
22-03-2026 01:45,22-03-2026 02:00,6,28.6,82.52,0.27,58.59,6.08
22-03-2026 02:00,22-03-2026 02:15,6,35,82.33,0.44,79.95,6.35
22-03-2026 02:15,22-03-2026 02:30,,,,,,
22-03-2026 02:30,22-03-2026 02:45,6,35,82.54,0.27,117.61,6.34
22-03-2026 02:45,22-03-2026 03:00,6.5,24.8,82.84,0.27,66.27,6.17
22-03-2026 03:00,22-03-2026 03:15,7,18,82.62,0.27,47.31,6.32
22-03-2026 03:15,22-03-2026 03:30,,,,,,
22-03-2026 03:30,22-03-2026 03:45,6.83,17.34,82.44,0.27,51.61,6.3
22-03-2026 03:45,22-03-2026 04:00,,,,,,
22-03-2026 04:00,22-03-2026 04:15,5,14,82.99,0.27,78.27,6.37
22-03-2026 04:15,22-03-2026 04:30,5,14,82.47,0.5,57.94,6.24
22-03-2026 04:30,22-03-2026 04:45,5,14,82.43,0.64,39.99,6.42
22-03-2026 04:45,22-03-2026 05:00,19.86,37.2,82.55,0.32,33.08,6.07
22-03-2026 05:00,22-03-2026 05:15,16,22,82.38,0.67,53.17,6.28
22-03-2026 05:15,22-03-2026 05:30,16,22,82.76,0.81,121.95,6.18
22-03-2026 05:30,22-03-2026 05:45,16,22,82.82,0.43,63.67,6.29
22-03-2026 05:45,22-03-2026 06:00,33.6,50.2,82.8,0.27,81.07,6.36
22-03-2026 06:00,22-03-2026 06:15,13,25,82.18,0.36,99.93,7.44
22-03-2026 06:15,22-03-2026 06:30,13,25,81.74,0.46,103.19,10.94
22-03-2026 06:30,22-03-2026 06:45,13,25,81.6,0.27,47.87,16.04
22-03-2026 06:45,22-03-2026 07:00,34.71,55.6,81.23,0.46,60.69,21.22
22-03-2026 07:00,22-03-2026 07:15,7.6,16,79.91,0.98,87.78,26.37
22-03-2026 07:15,22-03-2026 07:30,8.8,16,79.23,1.01,92.52,31.58
22-03-2026 07:30,22-03-2026 07:45,8.2,16,78.27,1.12,83.01,51.6
22-03-2026 07:45,22-03-2026 08:00,29.13,46.8,77.54,0.68,113.33,55.3
22-03-2026 08:00,22-03-2026 08:15,27.95,47,78,1.07,138.24,116.67
22-03-2026 08:15,22-03-2026 08:30,13,25,77.02,0.9,87.8,138.65
22-03-2026 08:30,22-03-2026 08:45,13,25,76.33,1.11,88.39,158.06
22-03-2026 08:45,22-03-2026 09:00,30.29,49.4,74.61,0.6,62.14,180.3
22-03-2026 09:00,22-03-2026 09:15,14,19,72.71,1.55,26.5,197.45
22-03-2026 09:15,22-03-2026 09:30,14,19,73.17,1.76,149.6,214.86
22-03-2026 09:30,22-03-2026 09:45,14,19,72.92,1.61,153.64,232.7
22-03-2026 09:45,22-03-2026 10:00,35.77,53.4,72.91,1.25,179.74,250.8
22-03-2026 10:00,22-03-2026 10:15,20.16,39.2,71.69,1.23,51.87,263.77
22-03-2026 10:15,22-03-2026 10:30,7,21,71.2,1.38,114.84,274.46
22-03-2026 10:30,22-03-2026 10:45,7,21,70.69,1.48,55.2,285.93
22-03-2026 10:45,22-03-2026 11:00,6.2,20.6,70.96,1.19,107.09,297.22
22-03-2026 11:00,22-03-2026 11:15,3,20,71.05,1.88,66.4,303.73
22-03-2026 11:15,22-03-2026 11:30,3,20,70.44,1.36,65.41,311.05
22-03-2026 11:30,22-03-2026 11:45,3,20,70.11,1.63,60.3,314.74
22-03-2026 11:45,22-03-2026 12:00,4.4,18.8,70.24,1.76,73.09,319.75
22-03-2026 12:00,22-03-2026 12:15,10,17,70.46,1.28,26.5,322.35
22-03-2026 12:15,22-03-2026 12:30,10,17,69.51,1.67,39.47,322.76
22-03-2026 12:30,22-03-2026 12:45,10,17,69.34,1.48,31.67,321.15
22-03-2026 12:45,22-03-2026 13:00,9.2,18.6,68.52,1.54,113,318.1
22-03-2026 13:00,22-03-2026 13:15,6,21,68.46,1.29,90.72,312.68
22-03-2026 13:15,22-03-2026 13:30,6,21,67.72,1.13,76.66,305.66
22-03-2026 13:30,22-03-2026 13:45,6,21,68.99,1.55,65.23,298.12
22-03-2026 13:45,22-03-2026 14:00,25.6,47,68.48,1.42,35.99,286.4
22-03-2026 14:00,22-03-2026 14:15,7,12,68.22,1.05,44.15,275.79
22-03-2026 14:15,22-03-2026 14:30,7,12,68.7,1.3,51.03,262.43
22-03-2026 14:30,22-03-2026 14:45,7,12,68.5,0.96,82.57,251
22-03-2026 14:45,22-03-2026 15:00,6.6,13.2,68.65,1.41,79.49,234.24
22-03-2026 15:00,22-03-2026 15:15,7.2,15,69.01,0.74,71.73,217.1
22-03-2026 15:15,22-03-2026 15:30,8.8,15,69.03,1.03,45.29,197.14
22-03-2026 15:30,22-03-2026 15:45,7.4,15,69.5,1.55,52.93,178.41
22-03-2026 15:45,22-03-2026 16:00,5.4,13.4,69.9,1.42,75.45,158.6
22-03-2026 16:00,22-03-2026 16:15,5,11,70.42,1.05,47.82,138.72
22-03-2026 16:15,22-03-2026 16:30,5,11,71.46,1.09,113.62,119.36
22-03-2026 16:30,22-03-2026 16:45,5,11,72.04,1.08,55.17,99.18
22-03-2026 16:45,22-03-2026 17:00,26.88,45.2,72.11,1.01,70,78.35
22-03-2026 17:00,22-03-2026 17:15,11,17,72.38,0.63,66.01,60.72
22-03-2026 17:15,22-03-2026 17:30,11,17,73.08,0.69,54.71,43.6
22-03-2026 17:30,22-03-2026 17:45,11,17,73.93,0.63,87.11,26.02
22-03-2026 17:45,22-03-2026 18:00,31.81,48.4,74.18,0.51,59.72,14.6
22-03-2026 18:00,22-03-2026 18:15,23.04,36.8,75.8,0.53,89.13,8.99
22-03-2026 18:15,22-03-2026 18:30,8,14,76.96,0.71,84.79,6.6
22-03-2026 18:30,22-03-2026 18:45,8,14,77.88,0.7,80.06,5.99
22-03-2026 18:45,22-03-2026 19:00,7.6,14,77.46,0.8,66.23,6.07
22-03-2026 19:00,22-03-2026 19:15,6,14,77.85,0.53,98.57,6.25
22-03-2026 19:15,22-03-2026 19:30,6,14,78.05,0.64,72.23,6.39
22-03-2026 19:30,22-03-2026 19:45,6,14,78.28,0.53,80.49,6.36
22-03-2026 19:45,22-03-2026 20:00,6.8,15.6,78.71,0.27,76.75,6.25
22-03-2026 20:00,22-03-2026 20:15,10,18,79.2,0.28,80.3,6.46
22-03-2026 20:15,22-03-2026 20:30,10,18,79.02,0.33,78.15,6.48
22-03-2026 20:30,22-03-2026 20:45,10,18,79.49,0.39,54.36,6.46
22-03-2026 20:45,22-03-2026 21:00,9.6,17.6,79.63,0.46,83.22,6.41
22-03-2026 21:00,22-03-2026 21:15,8,17,79.76,0.32,71.84,6.55
22-03-2026 21:15,22-03-2026 21:30,8,17,80.01,0.7,64.82,6.52
22-03-2026 21:30,22-03-2026 21:45,8,17,80.01,0.67,40.1,6.55
22-03-2026 21:45,22-03-2026 22:00,9.8,17.8,79.78,0.55,63.4,6.3
22-03-2026 22:00,22-03-2026 22:15,17,19,79.31,0.82,38,6.42
22-03-2026 22:15,22-03-2026 22:30,17,19,79.46,0.44,82.34,6.38
22-03-2026 22:30,22-03-2026 22:45,17,19,79.66,0.82,100.74,6.52
22-03-2026 22:45,22-03-2026 23:00,32.7,47,79.68,0.29,42.06,6.32
22-03-2026 23:00,22-03-2026 23:15,6,8,79.84,0.33,46.06,6.45
22-03-2026 23:15,22-03-2026 23:30,6,8,79.57,0.4,43.91,6.34
22-03-2026 23:30,22-03-2026 23:45,6,8,79.75,0.3,56.03,6.21
22-03-2026 23:45,23-03-2026 00:00,6.2,10.8,80.17,0.78,55.82,6.11
23-03-2026 00:00,23-03-2026 00:15,7,15,80.69,0.48,35.43,6.08
23-03-2026 00:15,23-03-2026 00:30,7,15,81.33,0.62,47.67,6.1
23-03-2026 00:30,23-03-2026 00:45,7,15,81.49,0.27,86.91,6.15
23-03-2026 00:45,23-03-2026 01:00,26.4,43,81.59,0.51,75.68,6.07
23-03-2026 01:00,23-03-2026 01:15,9,10,80.83,0.31,26.5,6.04
23-03-2026 01:15,23-03-2026 01:30,9,10,80.62,0.4,99.41,6.2
23-03-2026 01:30,23-03-2026 01:45,9,10,80.37,0.49,60.47,6.01
23-03-2026 01:45,23-03-2026 02:00,28.26,41.6,80.92,0.45,85.59,5.99
23-03-2026 02:00,23-03-2026 02:15,26.9,46.8,81.47,0.27,71.56,6.14
23-03-2026 02:15,23-03-2026 02:30,6,16,81.72,0.27,33.74,6.04
23-03-2026 02:30,23-03-2026 02:45,6,16,81.98,0.27,88.78,5.92
23-03-2026 02:45,23-03-2026 03:00,23.91,40.8,81.95,0.27,72.01,5.99
23-03-2026 03:00,23-03-2026 03:15,5,9,81.7,0.27,63.79,5.89
23-03-2026 03:15,23-03-2026 03:30,5,9,81.57,0.43,123.55,6.06
23-03-2026 03:30,23-03-2026 03:45,5,9,81.6,0.43,26.64,6.07
23-03-2026 03:45,23-03-2026 04:00,21.29,35,82.05,0.27,63.59,6.13
23-03-2026 04:00,23-03-2026 04:15,28.54,43.6,82.26,0.27,51.41,6.18
23-03-2026 04:15,23-03-2026 04:30,10,15,82.03,0.42,119.98,6.06
23-03-2026 04:30,23-03-2026 04:45,10,15,81.94,0.44,115.25,6.32
23-03-2026 04:45,23-03-2026 05:00,32.57,52,82.05,0.28,136.14,6.2
23-03-2026 05:00,23-03-2026 05:15,27.2,52.8,81.57,0.46,84.77,6.28
23-03-2026 05:15,23-03-2026 05:30,8,26,81.29,0.27,54.14,6.31
23-03-2026 05:30,23-03-2026 05:45,8,26,81.51,0.31,26.5,6.38
23-03-2026 05:45,23-03-2026 06:00,28.63,54.8,81.45,0.37,72.14,6.34
23-03-2026 06:00,23-03-2026 06:15,5,25,80.93,0.27,188.39,7.46
23-03-2026 06:15,23-03-2026 06:30,5,25,81.3,0.27,83.6,10.91
23-03-2026 06:30,23-03-2026 06:45,5,25,82.36,0.27,291.03,16.79
23-03-2026 06:45,23-03-2026 07:00,26.36,56.8,83.53,0.33,186.98,22.36
23-03-2026 07:00,23-03-2026 07:15,18,37,83.88,0.27,26.5,24.93
23-03-2026 07:15,23-03-2026 07:30,18,37,83.59,0.27,131.8,30.04
23-03-2026 07:30,23-03-2026 07:45,18,37,80.89,0.27,250.05,56.3
23-03-2026 07:45,23-03-2026 08:00,43.26,86,78.42,0.41,63.39,43.82
23-03-2026 08:00,23-03-2026 08:15,22,65,77.79,0.7,55.55,116.2
23-03-2026 08:15,23-03-2026 08:30,22,65,77.41,0.52,86.38,145.65
23-03-2026 08:30,23-03-2026 08:45,22,65,75.9,0.73,67.37,166.79
23-03-2026 08:45,23-03-2026 09:00,14.75,41.5,73.74,0.79,99.77,184.31
23-03-2026 09:00,23-03-2026 09:15,4,18,72.26,0.87,42.86,202.07
23-03-2026 09:15,23-03-2026 09:30,4,18,71.77,1.01,90.88,219.04
23-03-2026 09:30,23-03-2026 09:45,4,18,72.22,1.24,79.01,233.98
23-03-2026 09:45,23-03-2026 10:00,19.38,38.5,72.37,0.7,78.87,257.6
23-03-2026 10:00,23-03-2026 10:15,6,16,71.25,0.74,145.06,272.86
23-03-2026 10:15,23-03-2026 10:30,6,16,70.1,0.83,80.04,279.06
23-03-2026 10:30,23-03-2026 10:45,6,16,70.05,0.92,39.22,292.77
23-03-2026 10:45,23-03-2026 11:00,5.6,16.4,69.46,1.18,111.34,299.09
23-03-2026 11:00,23-03-2026 11:15,4,17,69.23,0.92,44.19,303.32
23-03-2026 11:15,23-03-2026 11:30,4,17,68.84,0.8,74.19,309.09
23-03-2026 11:30,23-03-2026 11:45,4,17,68.64,1.36,79.73,315.6
23-03-2026 11:45,23-03-2026 12:00,4.75,13,69.32,1.12,56.82,318.32
23-03-2026 12:00,23-03-2026 12:15,7,9,68.66,1.23,88.66,317.74
23-03-2026 12:15,23-03-2026 12:30,7,9,68.54,1.48,103.23,317.17
23-03-2026 12:30,23-03-2026 12:45,7,9,68.21,0.89,56.88,316.27
23-03-2026 12:45,23-03-2026 13:00,7.67,12,67.97,0.79,41.56,312.51
23-03-2026 13:00,23-03-2026 13:15,9,15,68.07,1.03,48.98,306.51
23-03-2026 13:15,23-03-2026 13:30,9,15,67.89,1.01,53.36,300.45
23-03-2026 13:30,23-03-2026 13:45,9,15,68.33,1.54,26.5,293.14
23-03-2026 13:45,23-03-2026 14:00,31.51,49.2,67.68,1.13,37.57,283.89
23-03-2026 14:00,23-03-2026 14:15,7.2,14,67.83,1.16,42.93,272.02
23-03-2026 14:15,23-03-2026 14:30,6.5,14,67.87,1.59,75.08,257.4
23-03-2026 14:30,23-03-2026 14:45,6,14,67.78,1.21,39.18,241.96
23-03-2026 14:45,23-03-2026 15:00,7.4,14,67.5,1.07,51.63,228.72
23-03-2026 15:00,23-03-2026 15:15,10,14,68.05,1.13,67.9,210.93
23-03-2026 15:15,23-03-2026 15:30,10,14,68.65,0.93,93.43,191.1
23-03-2026 15:30,23-03-2026 15:45,10,14,68.51,1.07,30.04,171.57
23-03-2026 15:45,23-03-2026 16:00,9.2,14.8,68.98,0.82,56.52,154.11
23-03-2026 16:00,23-03-2026 16:15,6,16,69,1.38,87.13,133.98
23-03-2026 16:15,23-03-2026 16:30,6,16,69.79,1.33,66.4,113.06
23-03-2026 16:30,23-03-2026 16:45,6,16,70.29,0.6,49.84,93.09
23-03-2026 16:45,23-03-2026 17:00,20.39,34.83,70.43,1.04,51.5,74.25
23-03-2026 17:00,23-03-2026 17:15,8,11,71.99,0.58,70.63,54.49
23-03-2026 17:15,23-03-2026 17:30,8,11,72.69,0.71,76.56,38.44
23-03-2026 17:30,23-03-2026 17:45,8,11,73.69,0.57,68.94,22.8
23-03-2026 17:45,23-03-2026 18:00,7.2,12.8,74.93,0.63,85.78,13.5
23-03-2026 18:00,23-03-2026 18:15,6,14,75.73,0.52,74.71,8.24
23-03-2026 18:15,23-03-2026 18:30,6,14,76.74,0.89,118.43,6.31
23-03-2026 18:30,23-03-2026 18:45,6,14,76.69,0.54,82.52,6.1
23-03-2026 18:45,23-03-2026 19:00,28.59,49.4,76.63,0.28,45.17,6.17
23-03-2026 19:00,23-03-2026 19:15,6,18,77.5,0.75,57.7,6.17
23-03-2026 19:15,23-03-2026 19:30,6,18,78.09,0.59,69.24,6.1
23-03-2026 19:30,23-03-2026 19:45,6,18,78.13,0.56,59.43,6.14
23-03-2026 19:45,23-03-2026 20:00,19.41,34.17,78.28,0.34,59.27,6.02
23-03-2026 20:00,23-03-2026 20:15,6,9,78.58,0.34,73.36,6.16
23-03-2026 20:15,23-03-2026 20:30,6,9,78.96,0.33,66.11,6.22
23-03-2026 20:30,23-03-2026 20:45,6,9,79.17,0.31,73.44,6.18
23-03-2026 20:45,23-03-2026 21:00,6.6,12.6,79.32,0.46,88.98,6.39
23-03-2026 21:00,23-03-2026 21:15,9,18,79.43,0.27,98.82,6.41
23-03-2026 21:15,23-03-2026 21:30,9,18,79.75,0.27,81.81,6.44
23-03-2026 21:30,23-03-2026 21:45,9,18,80.06,0.28,108.08,6.44
23-03-2026 21:45,23-03-2026 22:00,8.2,16.4,79.74,0.36,78.04,6.42
23-03-2026 22:00,23-03-2026 22:15,6.5,14,79.74,0.49,34.24,6.42
23-03-2026 22:15,23-03-2026 22:30,6.5,14,79.81,0.3,45.19,6.39
23-03-2026 22:30,23-03-2026 22:45,5.83,14,79.95,0.29,65.09,6.42
23-03-2026 22:45,23-03-2026 23:00,4.75,12,79.99,0.47,67.07,6.32
23-03-2026 23:00,23-03-2026 23:15,3.33,10,80.09,0.3,94.21,6.49
23-03-2026 23:15,23-03-2026 23:30,3,10,80.34,0.43,65.46,6.42
23-03-2026 23:30,23-03-2026 23:45,2.8,10,80.22,0.3,79.27,6.45
23-03-2026 23:45,24-03-2026 00:00,5.8,14.8,80.28,0.27,101.63,6.35
24-03-2026 00:00,24-03-2026 00:15,7,18,79.99,0.37,86.89,6.35
24-03-2026 00:15,24-03-2026 00:30,7,18,80.08,0.36,87.65,6.39
24-03-2026 00:30,24-03-2026 00:45,7,18,80.21,0.39,31.58,6.45
24-03-2026 00:45,24-03-2026 01:00,26.05,45.75,80.6,0.27,54.22,6.25
24-03-2026 01:00,24-03-2026 01:15,10,19,80.75,0.42,50.35,6.25
24-03-2026 01:15,24-03-2026 01:30,10,19,80.89,0.33,57.85,6.11
24-03-2026 01:30,24-03-2026 01:45,10,19,80.78,0.29,58.28,6.12
24-03-2026 01:45,24-03-2026 02:00,30.75,49.6,80.62,0.32,48.61,6.03
24-03-2026 02:00,24-03-2026 02:15,10,16,80.19,0.27,57.75,6.14
24-03-2026 02:15,24-03-2026 02:30,10,16,80.49,0.27,61.16,6.19
24-03-2026 02:30,24-03-2026 02:45,10,16,80.52,0.46,34.54,5.93
24-03-2026 02:45,24-03-2026 03:00,10.4,20.4,80.52,0.27,80.98,6.13
24-03-2026 03:00,24-03-2026 03:15,12,27,80.53,0.27,87.7,6.04
24-03-2026 03:15,24-03-2026 03:30,12,27,80.53,0.27,91.35,6.05
24-03-2026 03:30,24-03-2026 03:45,12,27,80.53,0.44,115.35,6.04
24-03-2026 03:45,24-03-2026 04:00,13.67,41,80.82,0.27,145.93,5.97
24-03-2026 04:00,24-03-2026 04:15,17,55,80.49,0.27,26.5,6.08
24-03-2026 04:15,24-03-2026 04:30,17,55,80.25,0.45,26.5,6.15
24-03-2026 04:30,24-03-2026 04:45,17,55,80.03,0.27,26.5,6.1
24-03-2026 04:45,24-03-2026 05:00,36.11,67.4,80.38,0.27,113.33,6
24-03-2026 05:00,24-03-2026 05:15,8,20,80.63,0.27,256.24,5.96
24-03-2026 05:15,24-03-2026 05:30,8,20,80.59,0.59,103.59,6.32
24-03-2026 05:30,24-03-2026 05:45,8,20,80.08,0.47,26.5,6.17
24-03-2026 05:45,24-03-2026 06:00,8,18.2,80.4,0.27,94.18,6.38
24-03-2026 06:00,24-03-2026 06:15,8,17,80.94,0.27,105.25,8.12
24-03-2026 06:15,24-03-2026 06:30,8,17,80.78,0.27,88,11.86
24-03-2026 06:30,24-03-2026 06:45,8,17,80.49,0.27,79.61,16.77
24-03-2026 06:45,24-03-2026 07:00,21.36,39.6,79.79,0.27,56.2,26.77
24-03-2026 07:00,24-03-2026 07:15,10,26,78.38,0.27,82.45,31.57
24-03-2026 07:15,24-03-2026 07:30,10,26,77.41,0.98,106.38,32.55
24-03-2026 07:30,24-03-2026 07:45,10,26,76.32,0.74,70.31,35.9
24-03-2026 07:45,24-03-2026 08:00,23.4,40,76.49,0.86,26.5,56.29
24-03-2026 08:00,24-03-2026 08:15,9,14,75.8,0.53,37.83,120.13
24-03-2026 08:15,24-03-2026 08:30,9,14,75.1,0.4,62.69,159.78
24-03-2026 08:30,24-03-2026 08:45,9,14,73.7,0.6,64.3,179.42
24-03-2026 08:45,24-03-2026 09:00,7.4,17.6,71.46,1.19,96.41,197.64
24-03-2026 09:00,24-03-2026 09:15,5,20,70.99,1.21,115.97,217.79
24-03-2026 09:15,24-03-2026 09:30,5,20,71.26,1,26.5,233.39
24-03-2026 09:30,24-03-2026 09:45,5,20,70.69,0.9,86.77,247.63
24-03-2026 09:45,24-03-2026 10:00,30.89,54.25,70.82,0.89,116.52,265.24
24-03-2026 10:00,24-03-2026 10:15,1,10,70.67,1.3,65.52,275.26
24-03-2026 10:15,24-03-2026 10:30,1,10,70.17,1.29,110.6,287.25
24-03-2026 10:30,24-03-2026 10:45,1,10,69.73,1.13,94.41,298.24
24-03-2026 10:45,24-03-2026 11:00,19.52,39,69.91,0.97,60.38,306.96
24-03-2026 11:00,24-03-2026 11:15,12,21,69.96,1.21,95.71,312.97
24-03-2026 11:15,24-03-2026 11:30,12,21,68.64,0.92,73.88,319.59
24-03-2026 11:30,24-03-2026 11:45,12,21,67.54,0.87,68.44,326.43
24-03-2026 11:45,24-03-2026 12:00,26.93,44.6,68.32,1.87,33.49,329.28
24-03-2026 12:00,24-03-2026 12:15,7,20,67.94,0.87,99.04,332.05
24-03-2026 12:15,24-03-2026 12:30,7,20,67.41,1.25,84.05,330.92
24-03-2026 12:30,24-03-2026 12:45,7,20,67.37,0.91,81.26,329.39
24-03-2026 12:45,24-03-2026 13:00,30.6,52,67.28,1.65,86.81,324.86
24-03-2026 13:00,24-03-2026 13:15,1,12,67.28,1.03,75.27,319.41
24-03-2026 13:15,24-03-2026 13:30,1,12,67.9,1.35,74.94,311.15
24-03-2026 13:30,24-03-2026 13:45,1,12,67.23,1.27,66.01,304.59
24-03-2026 13:45,24-03-2026 14:00,0.93,16.5,66.9,1.47,101.97,295.47
24-03-2026 14:00,24-03-2026 14:15,0.7,21,66.76,1.41,85.38,284.38
24-03-2026 14:15,24-03-2026 14:30,0.7,21,67.03,1.27,88.84,270.63
24-03-2026 14:30,24-03-2026 14:45,0.7,21,66.29,0.79,75.91,256.05
24-03-2026 14:45,24-03-2026 15:00,18.15,40.2,67.22,1.48,70.77,239.42
24-03-2026 15:00,24-03-2026 15:15,10,19,67.7,1.51,114.58,222.58
24-03-2026 15:15,24-03-2026 15:30,10,19,67.73,1.01,81.21,203.84
24-03-2026 15:30,24-03-2026 15:45,10,19,68.02,1.3,65.24,183.54
24-03-2026 15:45,24-03-2026 16:00,29.7,50,67.22,0.98,53.37,162.4
24-03-2026 16:00,24-03-2026 16:15,8,21,67.87,1.09,103.19,141.32
24-03-2026 16:15,24-03-2026 16:30,8,21,68.09,1.09,63.62,120.28
24-03-2026 16:30,24-03-2026 16:45,8,21,68.68,0.84,96.45,99.74
24-03-2026 16:45,24-03-2026 17:00,24.92,46.4,69.61,1.22,64.38,78.96
24-03-2026 17:00,24-03-2026 17:15,7,23,70.12,1.23,113.35,59.76
24-03-2026 17:15,24-03-2026 17:30,7,23,70.61,0.83,108.61,41.96
24-03-2026 17:30,24-03-2026 17:45,7,23,71.4,1.16,86.13,23.77
24-03-2026 17:45,24-03-2026 18:00,30.51,54.6,72.83,0.55,62.66,13.48
24-03-2026 18:00,24-03-2026 18:15,10,20,74.59,0.6,92.55,8.06
24-03-2026 18:15,24-03-2026 18:30,10,20,75.63,0.69,87.82,6.37
24-03-2026 18:30,24-03-2026 18:45,10,20,76.06,0.63,68.48,6.18
24-03-2026 18:45,24-03-2026 19:00,6.8,13.4,75.67,0.51,49.11,6.1
24-03-2026 19:00,24-03-2026 19:15,6,9,76.08,0.74,70.51,6.27
24-03-2026 19:15,24-03-2026 19:30,6,9,76.62,0.54,82.24,6.11
24-03-2026 19:30,24-03-2026 19:45,6,9,76.54,0.96,77.73,6.17
24-03-2026 19:45,24-03-2026 20:00,5.2,16.2,76.11,0.61,83.03,6.1
24-03-2026 20:00,24-03-2026 20:15,4,21,75.9,0.59,61.61,6.15
24-03-2026 20:15,24-03-2026 20:30,4,21,76.51,0.91,68.64,6.06
24-03-2026 20:30,24-03-2026 20:45,4,21,77.24,0.46,85.57,6.1
24-03-2026 20:45,24-03-2026 21:00,8.8,22.8,77.69,0.37,66.48,6.03
24-03-2026 21:00,24-03-2026 21:15,16,24,77.69,0.59,88.06,6.22
24-03-2026 21:15,24-03-2026 21:30,16,24,77.14,0.45,103.75,6.2
24-03-2026 21:30,24-03-2026 21:45,16,24,77.31,0.91,73.6,6.18
24-03-2026 21:45,24-03-2026 22:00,12,20.4,77.45,0.52,104.31,6
24-03-2026 22:00,24-03-2026 22:15,6,18,77.63,0.47,83.04,6.15
24-03-2026 22:15,24-03-2026 22:30,6,18,77.63,0.64,70.38,6.42
24-03-2026 22:30,24-03-2026 22:45,6,18,78.15,0.55,104.44,6.36
24-03-2026 22:45,24-03-2026 23:00,28.15,51.8,78.25,0.31,109.3,6.34
24-03-2026 23:00,24-03-2026 23:15,9,24,78.54,0.39,69.85,6.29
24-03-2026 23:15,24-03-2026 23:30,9,24,78.35,0.52,73.63,6.34
24-03-2026 23:30,24-03-2026 23:45,9,24,78.67,0.27,40.97,6.41
24-03-2026 23:45,25-03-2026 00:00,31.47,53.4,79.21,0.47,82.43,6.39
25-03-2026 00:00,25-03-2026 00:15,14,20,79.16,0.27,86.96,6.41
25-03-2026 00:15,25-03-2026 00:30,14,20,79.09,0.6,86.31,6.53
25-03-2026 00:30,25-03-2026 00:45,14,20,78.8,0.27,50.4,6.43
25-03-2026 00:45,25-03-2026 01:00,33.16,48.8,79.21,0.27,50.35,6.28
25-03-2026 01:00,25-03-2026 01:15,12,16,79.51,0.92,81.85,6.25
25-03-2026 01:15,25-03-2026 01:30,12,16,79.59,0.27,95.93,6.35
25-03-2026 01:30,25-03-2026 01:45,12,16,80.17,0.32,67.96,6.31
25-03-2026 01:45,25-03-2026 02:00,30.27,49,80.21,0.4,62.94,6.27
25-03-2026 02:00,25-03-2026 02:15,12,27,80.3,0.36,57.6,6.39
25-03-2026 02:15,25-03-2026 02:30,12,27,80.35,0.89,53.41,6.31
25-03-2026 02:30,25-03-2026 02:45,12,27,80.37,0.78,120.19,6.21
25-03-2026 02:45,25-03-2026 03:00,27.92,47.6,80.47,0.69,93.85,5.99
25-03-2026 03:00,25-03-2026 03:15,10,20,80.41,0.54,51.09,6.07
25-03-2026 03:15,25-03-2026 03:30,10,20,80.59,0.91,81.65,6.04
25-03-2026 03:30,25-03-2026 03:45,10,20,80.75,0.64,96.12,6
25-03-2026 03:45,25-03-2026 04:00,28,50,81.06,0.57,145.39,5.92
25-03-2026 04:00,25-03-2026 04:15,6,25,81.16,0.54,91.13,6
25-03-2026 04:15,25-03-2026 04:30,6,25,81.2,0.27,136.9,5.99
25-03-2026 04:30,25-03-2026 04:45,6,25,81.05,0.28,159.17,6.06
25-03-2026 04:45,25-03-2026 05:00,5.6,20.8,81.43,0.6,230.91,5.82
25-03-2026 05:00,25-03-2026 05:15,5,18,81.88,0.54,260.13,5.99
25-03-2026 05:15,25-03-2026 05:30,5,18,82.07,0.29,238.81,5.97
25-03-2026 05:30,25-03-2026 05:45,5,18,82.68,0.62,291.27,5.97
25-03-2026 05:45,25-03-2026 06:00,22.63,54.2,83.45,0.93,255.1,6.25
25-03-2026 06:00,25-03-2026 06:15,13,52,84.18,0.29,282.46,7.85
25-03-2026 06:15,25-03-2026 06:30,13,52,84.55,0.47,186.45,11.41
25-03-2026 06:30,25-03-2026 06:45,13,52,84.54,0.51,280.18,16.08
25-03-2026 06:45,25-03-2026 07:00,32.59,81.8,84,1.05,253.2,20.98
25-03-2026 07:00,25-03-2026 07:15,44,91,83.42,0.54,261.92,25.4
25-03-2026 07:15,25-03-2026 07:30,44,91,82.44,1.73,262.63,29.45
25-03-2026 07:30,25-03-2026 07:45,44,91,81.98,0.75,195.36,44.49
25-03-2026 07:45,25-03-2026 08:00,47.2,104.8,81.31,0.76,226.52,70.07
25-03-2026 08:00,25-03-2026 08:15,52,114,80.02,0.97,203.61,122.99
25-03-2026 08:15,25-03-2026 08:30,52,114,78.67,1.31,193.36,82.59
25-03-2026 08:30,25-03-2026 08:45,52,114,77.35,1.1,217.68,142.28
25-03-2026 08:45,25-03-2026 09:00,44.4,93,73.04,0.86,203.7,190.76
25-03-2026 09:00,25-03-2026 09:15,33,79,70.85,0.81,181.54,166.13
25-03-2026 09:15,25-03-2026 09:30,33,79,71.08,1.23,166.27,185.25
25-03-2026 09:30,25-03-2026 09:45,33,79,71.3,0.89,147.43,234.77
25-03-2026 09:45,25-03-2026 10:00,47.7,88.4,70.8,1.59,77.24,248.64
25-03-2026 10:00,25-03-2026 10:15,16,47,71.17,1.9,99.39,259.61
25-03-2026 10:15,25-03-2026 10:30,16,47,70.49,1.6,99.59,272.01
25-03-2026 10:30,25-03-2026 10:45,16,47,70.71,1.31,124.29,285.5
25-03-2026 10:45,25-03-2026 11:00,32.59,65,70.63,1.5,112.03,295.69
25-03-2026 11:00,25-03-2026 11:15,22,44,70.12,1.22,74.91,301.85
25-03-2026 11:15,25-03-2026 11:30,22,44,69.73,1.46,129.12,308.22
25-03-2026 11:30,25-03-2026 11:45,22,44,68.9,1.27,46.99,315.76
25-03-2026 11:45,25-03-2026 12:00,33.16,56.8,68.34,1.03,102.9,319.12
25-03-2026 12:00,25-03-2026 12:15,9,22,68.15,1.6,51.16,320.13
25-03-2026 12:15,25-03-2026 12:30,9,22,68.03,1.41,83.83,319.16
25-03-2026 12:30,25-03-2026 12:45,9,22,68,0.91,52.99,316.93
25-03-2026 12:45,25-03-2026 13:00,29.76,51.6,68.16,1.49,37.33,314.19
25-03-2026 13:00,25-03-2026 13:15,10,21,68.79,2,62.54,307.81
25-03-2026 13:15,25-03-2026 13:30,10,21,68.24,1.15,47.72,299.76
25-03-2026 13:30,25-03-2026 13:45,10,21,68.11,1.06,101.92,292.82
25-03-2026 13:45,25-03-2026 14:00,30.5,50.4,68.54,0.69,71.53,282.9
25-03-2026 14:00,25-03-2026 14:15,12,20,67.99,0.99,112.46,271.19
25-03-2026 14:15,25-03-2026 14:30,12,20,67.47,1.45,47.64,256.59
25-03-2026 14:30,25-03-2026 14:45,12,20,68.23,1.2,105.38,241.87
25-03-2026 14:45,25-03-2026 15:00,9.6,20.6,68.46,1.04,33.36,225.95
25-03-2026 15:00,25-03-2026 15:15,6,21,68.83,1.5,78.36,207.85
25-03-2026 15:15,25-03-2026 15:30,6,21,68.89,0.75,63.97,189.74
25-03-2026 15:30,25-03-2026 15:45,6,21,68.57,0.82,99.58,170.25
25-03-2026 15:45,25-03-2026 16:00,6.4,24.6,68.24,1.1,72.27,149.79
25-03-2026 16:00,25-03-2026 16:15,7,27,68.45,0.87,53.53,130.01
25-03-2026 16:15,25-03-2026 16:30,7,27,68.58,1.08,37.49,110.88
25-03-2026 16:30,25-03-2026 16:45,7,27,69.52,0.84,133.32,91.34
25-03-2026 16:45,25-03-2026 17:00,9,25.2,70.43,0.93,100.95,72.54
25-03-2026 17:00,25-03-2026 17:15,12,24,71.17,1.11,59.48,55.68
25-03-2026 17:15,25-03-2026 17:30,12,24,71.96,0.63,78.6,39.12
25-03-2026 17:30,25-03-2026 17:45,12,24,71.75,0.77,105.33,22.14
25-03-2026 17:45,25-03-2026 18:00,12.8,25.8,73.36,1.15,113.79,13.03
25-03-2026 18:00,25-03-2026 18:15,14,27,74.73,0.93,75,8.34
25-03-2026 18:15,25-03-2026 18:30,14,27,76.19,0.75,73.46,6.63
25-03-2026 18:30,25-03-2026 18:45,14,27,76.2,0.45,73.99,6.29
25-03-2026 18:45,25-03-2026 19:00,31.73,54.6,76,0.72,87.52,6.32
25-03-2026 19:00,25-03-2026 19:15,12,29,76.3,0.72,45.65,6.46
25-03-2026 19:15,25-03-2026 19:30,12,29,76.84,0.84,68.25,6.42
25-03-2026 19:30,25-03-2026 19:45,12,29,77,0.59,100.43,6.36
25-03-2026 19:45,25-03-2026 20:00,14,25.4,77.21,0.94,99.48,6.14
25-03-2026 20:00,25-03-2026 20:15,17,23,76.69,0.71,93.8,6.18
25-03-2026 20:15,25-03-2026 20:30,17,23,76.84,0.78,76.45,6.15
25-03-2026 20:30,25-03-2026 20:45,17,23,77.4,0.5,87.1,6.17
25-03-2026 20:45,25-03-2026 21:00,14.2,24.8,77.98,0.84,60.6,6.22
25-03-2026 21:00,25-03-2026 21:15,10,26,78.15,0.48,76.19,6.08
25-03-2026 21:15,25-03-2026 21:30,10,26,78.36,0.58,49.03,6.17
25-03-2026 21:30,25-03-2026 21:45,10,26,79.08,0.56,122.61,6.28
25-03-2026 21:45,25-03-2026 22:00,25.35,47.4,79.6,0.31,99.63,6.08
25-03-2026 22:00,25-03-2026 22:15,9,25,79.16,0.46,64.83,6.11
25-03-2026 22:15,25-03-2026 22:30,9,25,78.98,0.31,76.63,6.2
25-03-2026 22:30,25-03-2026 22:45,9,25,79.25,0.71,114.08,6.17
25-03-2026 22:45,25-03-2026 23:00,10.6,250,79.09,0.51,104.64,6.08
25-03-2026 23:00,25-03-2026 23:15,13,400,78.85,0.37,55.29,6.15
25-03-2026 23:15,25-03-2026 23:30,13,400,79.24,0.43,83.11,6.11
25-03-2026 23:30,25-03-2026 23:45,13,400,79.3,0.49,84.43,6.1
25-03-2026 23:45,26-03-2026 00:00,23.1,116.4,79.6,0.54,67.41,6.29
26-03-2026 00:00,26-03-2026 00:15,9,24,80.3,0.32,79.08,6.35
26-03-2026 00:15,26-03-2026 00:30,9,24,80.43,0.27,66.87,6.27
26-03-2026 00:30,26-03-2026 00:45,9,24,80.72,0.35,76.47,6.31
26-03-2026 00:45,26-03-2026 01:00,28.68,52,80.73,0.71,92.05,6.25
26-03-2026 01:00,26-03-2026 01:15,15,28,80.94,0.33,74.13,6.2
26-03-2026 01:15,26-03-2026 01:30,15,28,80.46,0.43,152.01,6.31
26-03-2026 01:30,26-03-2026 01:45,15,28,80.59,0.39,117.63,6.31
26-03-2026 01:45,26-03-2026 02:00,34.12,56,80.38,0.73,72.93,6.31
26-03-2026 02:00,26-03-2026 02:15,19,30,79.9,0.33,132.62,6.28
26-03-2026 02:15,26-03-2026 02:30,19,30,80.1,0.43,82.57,6.38
26-03-2026 02:30,26-03-2026 02:45,19,30,80.32,0.36,65.17,6.36
26-03-2026 02:45,26-03-2026 03:00,35.21,53.4,80.57,0.27,202.55,6.22
26-03-2026 03:00,26-03-2026 03:15,17,25,80.63,0.27,204.81,6.35
26-03-2026 03:15,26-03-2026 03:30,17,25,80.5,0.27,54.46,6.22
26-03-2026 03:30,26-03-2026 03:45,17,25,80.55,0.27,64.97,6.28
26-03-2026 03:45,26-03-2026 04:00,16.2,25,80.67,0.27,232.96,6.25
26-03-2026 04:00,26-03-2026 04:15,15,25,80.71,0.27,267.03,6.24
26-03-2026 04:15,26-03-2026 04:30,15,25,80.87,0.27,255.65,6.13
26-03-2026 04:30,26-03-2026 04:45,15,25,81.38,0.27,221.1,6.13
26-03-2026 04:45,26-03-2026 05:00,16.6,26.8,81.34,0.27,56.84,6.08
26-03-2026 05:00,26-03-2026 05:15,19,28,81.52,0.27,78.09,6.06
26-03-2026 05:15,26-03-2026 05:30,19,28,81.72,0.27,26.5,6.03
26-03-2026 05:30,26-03-2026 05:45,19,28,82.3,0.27,26.5,6.15
26-03-2026 05:45,26-03-2026 06:00,16.2,31.6,82.76,0.27,26.5,6.28
26-03-2026 06:00,26-03-2026 06:15,12,34,83.06,0.27,26.5,7.88
26-03-2026 06:15,26-03-2026 06:30,12,34,82.85,0.27,26.5,12.11
26-03-2026 06:30,26-03-2026 06:45,12,34,82.01,0.27,113.17,16.74
26-03-2026 06:45,26-03-2026 07:00,18.4,49.6,82.61,0.31,306.61,26.37
26-03-2026 07:00,26-03-2026 07:15,28,60,82.75,1.12,190.84,28.96
26-03-2026 07:15,26-03-2026 07:30,28,60,82.4,0.27,86.43,31.06
26-03-2026 07:30,26-03-2026 07:45,28,60,81.82,0.3,208.39,42.78
26-03-2026 07:45,26-03-2026 08:00,38.4,89.4,81.25,0.62,223.71,89.76
26-03-2026 08:00,26-03-2026 08:15,54,109,80.17,0.3,255.37,107.62
26-03-2026 08:15,26-03-2026 08:30,54,109,78.37,0.27,113.44,119.87
26-03-2026 08:30,26-03-2026 08:45,54,109,75.68,0.48,213.11,171.04
26-03-2026 08:45,26-03-2026 09:00,48.8,98.8,73.77,0.65,122.56,184.46
26-03-2026 09:00,26-03-2026 09:15,41,92,71.61,0.86,91.57,188.22
26-03-2026 09:15,26-03-2026 09:30,41,92,71.28,0.78,173.61,207.47
26-03-2026 09:30,26-03-2026 09:45,41,92,70.53,0.41,142.42,228.24
26-03-2026 09:45,26-03-2026 10:00,46.07,83,70.07,0.6,118.13,195.27
26-03-2026 10:00,26-03-2026 10:15,30,56,70.94,0.64,158.5,187.62
26-03-2026 10:15,26-03-2026 10:30,30,56,70.64,0.6,92.23,148.43
26-03-2026 10:30,26-03-2026 10:45,30,56,71.07,0.54,230.02,215.14
26-03-2026 10:45,26-03-2026 11:00,28.8,53.6,69.86,1.04,52.1,309.64
26-03-2026 11:00,26-03-2026 11:15,27,52,69.26,0.68,75.43,312.96
26-03-2026 11:15,26-03-2026 11:30,27,52,68.7,0.86,36.95,312.38
26-03-2026 11:30,26-03-2026 11:45,27,52,67.9,1.07,83.27,324.52
26-03-2026 11:45,26-03-2026 12:00,22.2,37.6,68.28,0.77,56.6,327.84
26-03-2026 12:00,26-03-2026 12:15,15,28,68.01,0.81,115.72,327.39
26-03-2026 12:15,26-03-2026 12:30,15,28,67.04,1.66,77.31,326.29
26-03-2026 12:30,26-03-2026 12:45,15,28,67.35,1.04,32.75,322.91
26-03-2026 12:45,26-03-2026 13:00,28.33,44.2,67.53,0.51,59.72,323.27
26-03-2026 13:00,26-03-2026 13:15,18,22,67.32,0.58,26.59,294
26-03-2026 13:15,26-03-2026 13:30,18,22,66.28,0.45,43.93,307.2
26-03-2026 13:30,26-03-2026 13:45,18,22,65.75,0.93,37.81,297.67
26-03-2026 13:45,26-03-2026 14:00,28.14,42.8,66.6,0.81,40.4,286.74
26-03-2026 14:00,26-03-2026 14:15,10,26,66,0.87,33.26,273.44
26-03-2026 14:15,26-03-2026 14:30,10,26,66.13,1.07,43.03,258.09
26-03-2026 14:30,26-03-2026 14:45,10,26,66.58,1.01,78.39,243.01
26-03-2026 14:45,26-03-2026 15:00,29.6,52.8,66.47,1.15,43.58,226.83
26-03-2026 15:00,26-03-2026 15:15,14,26,65.99,1.15,79.96,209.81
26-03-2026 15:15,26-03-2026 15:30,14,26,65.94,0.59,71.75,189.13
26-03-2026 15:30,26-03-2026 15:45,14,26,66.31,0.89,48.33,170.99
26-03-2026 15:45,26-03-2026 16:00,29.63,47.8,66.91,0.7,48.4,149.75
26-03-2026 16:00,26-03-2026 16:15,21,28,67.45,0.87,71.28,130.8
26-03-2026 16:15,26-03-2026 16:30,21,28,68.21,0.68,27.87,112
26-03-2026 16:30,26-03-2026 16:45,21,28,68.87,0.82,63.43,92
26-03-2026 16:45,26-03-2026 17:00,33.8,51.2,69.28,0.74,58.69,72.75
26-03-2026 17:00,26-03-2026 17:15,15,30,69.19,0.7,52.92,53.68
26-03-2026 17:15,26-03-2026 17:30,15,30,70.25,0.42,45.85,38.15
26-03-2026 17:30,26-03-2026 17:45,15,30,71.19,0.29,62.75,22.64
26-03-2026 17:45,26-03-2026 18:00,15,30.6,72.72,0.37,81.28,13.31
26-03-2026 18:00,26-03-2026 18:15,15,31,74.15,0.42,82.09,8.43
26-03-2026 18:15,26-03-2026 18:30,15,31,75.34,0.3,65.72,6.52
26-03-2026 18:30,26-03-2026 18:45,15,31,76.29,0.39,76.97,6.27
26-03-2026 18:45,26-03-2026 19:00,16.2,31,76.93,0.52,64.81,6.22
26-03-2026 19:00,26-03-2026 19:15,18,31,77.45,0.3,83.93,6.38
26-03-2026 19:15,26-03-2026 19:30,18,31,77.46,0.41,73.68,6.36
26-03-2026 19:30,26-03-2026 19:45,18,31,77.32,0.33,72.9,6.46
26-03-2026 19:45,26-03-2026 20:00,18,37,77.42,0.28,83.22,6.22
26-03-2026 20:00,26-03-2026 20:15,18,41,77.66,0.4,60.75,6.44
26-03-2026 20:15,26-03-2026 20:30,18,41,77.65,0.27,74.22,6.35
26-03-2026 20:30,26-03-2026 20:45,18,41,77.67,0.27,96.95,6.39
26-03-2026 20:45,26-03-2026 21:00,30.64,54.4,77.82,0.39,71.29,6.45
26-03-2026 21:00,26-03-2026 21:15,16,31,78.02,0.36,87.54,6.46
26-03-2026 21:15,26-03-2026 21:30,16,31,78.27,0.27,105.67,6.31
26-03-2026 21:30,26-03-2026 21:45,16,31,78.51,0.44,72.17,6.21
26-03-2026 21:45,26-03-2026 22:00,28.2,48.8,78.38,0.27,93.34,6.14
26-03-2026 22:00,26-03-2026 22:15,15,31,78.47,0.27,94.99,6.24
26-03-2026 22:15,26-03-2026 22:30,15,31,78.46,0.27,97.96,6.2
26-03-2026 22:30,26-03-2026 22:45,15,31,78.76,0.27,100.6,6.07
26-03-2026 22:45,26-03-2026 23:00,34.49,57.8,79.09,0.27,91.94,6.21
26-03-2026 23:00,26-03-2026 23:15,15,27,79.38,0.27,84.37,6.28
26-03-2026 23:15,26-03-2026 23:30,15,27,79.47,0.33,74.8,6.18
26-03-2026 23:30,26-03-2026 23:45,15,27,79.41,0.31,98.02,6.14
26-03-2026 23:45,27-03-2026 00:00,14.6,33.6,79.29,0.89,42.75,6.04
27-03-2026 00:00,27-03-2026 00:15,14,38,79.53,0.27,145.18,6.21
27-03-2026 00:15,27-03-2026 00:30,14,38,80.19,0.29,66.04,6.25
27-03-2026 00:30,27-03-2026 00:45,14,38,80.4,0.27,58.45,6.22
27-03-2026 00:45,27-03-2026 01:00,35.58,66,80.32,0.67,56.91,6.01
27-03-2026 01:00,27-03-2026 01:15,15,34,80.27,0.58,39.73,6.07
27-03-2026 01:15,27-03-2026 01:30,15,34,80.4,0.47,120.89,6.06
27-03-2026 01:30,27-03-2026 01:45,15,34,80.4,0.27,126.81,6.27
27-03-2026 01:45,27-03-2026 02:00,18.6,37,80.42,0.27,59.37,6.25
27-03-2026 02:00,27-03-2026 02:15,24,39,80.82,0.27,82.71,6.22
27-03-2026 02:15,27-03-2026 02:30,24,39,80.86,0.27,186.14,6.22
27-03-2026 02:30,27-03-2026 02:45,24,39,80.92,0.4,246.2,6.18
27-03-2026 02:45,27-03-2026 03:00,33.6,56.4,81.21,0.76,262.25,6.21
27-03-2026 03:00,27-03-2026 03:15,48,68,81.27,0.46,230.72,6.35
27-03-2026 03:15,27-03-2026 03:30,48,68,81.43,0.46,115.51,6.29
27-03-2026 03:30,27-03-2026 03:45,48,68,81.6,0.51,231.7,6.34
27-03-2026 03:45,27-03-2026 04:00,43.2,62.6,81.7,0.42,236.03,6.06
27-03-2026 04:00,27-03-2026 04:15,36,59,81.77,0.74,196.46,6.21
27-03-2026 04:15,27-03-2026 04:30,36,59,82.1,0.46,256.79,6.24
27-03-2026 04:30,27-03-2026 04:45,36,59,82.35,0.48,161.45,6.24
27-03-2026 04:45,27-03-2026 05:00,36,62,82.5,0.39,206.41,6.04
27-03-2026 05:00,27-03-2026 05:15,36,64,82.72,0.48,231.13,6.27
27-03-2026 05:15,27-03-2026 05:30,36,64,82.98,1.36,227.09,6.22
27-03-2026 05:30,27-03-2026 05:45,36,64,83.18,0.43,250.55,6.29
27-03-2026 05:45,27-03-2026 06:00,35.6,64,83.67,0.54,207.57,6.32
27-03-2026 06:00,27-03-2026 06:15,35,64,84.59,0.27,309.18,7.99
27-03-2026 06:15,27-03-2026 06:30,35,64,85.44,0.27,245.11,11.39
27-03-2026 06:30,27-03-2026 06:45,35,64,85.7,0.46,188.87,15.08
27-03-2026 06:45,27-03-2026 07:00,50.09,100.2,85.54,0.56,73.3,21.12
27-03-2026 07:00,27-03-2026 07:15,59,120,84.82,0.27,265.98,31.45
27-03-2026 07:15,27-03-2026 07:30,59,120,83.5,0.34,173.27,40.04
27-03-2026 07:30,27-03-2026 07:45,59,120,82.01,0.62,170.74,41.55
27-03-2026 07:45,27-03-2026 08:00,52.6,111.6,80.94,0.82,140.36,100.77
27-03-2026 08:00,27-03-2026 08:15,43,106,79.15,1.64,150.42,119.05
27-03-2026 08:15,27-03-2026 08:30,43,106,77.59,1.81,233.51,147.53
27-03-2026 08:30,27-03-2026 08:45,43,106,75.6,1.01,62.63,175.99
27-03-2026 08:45,27-03-2026 09:00,38.6,83.2,73.7,0.97,134.47,189.94
27-03-2026 09:00,27-03-2026 09:15,32,68,71.01,0.66,95.86,206.8
27-03-2026 09:15,27-03-2026 09:30,32,68,70.38,0.96,96.88,223.48
27-03-2026 09:30,27-03-2026 09:45,32,68,69.32,1.13,88.08,241.54
27-03-2026 09:45,27-03-2026 10:00,28.4,53,69.65,1.47,75.48,255.74
27-03-2026 10:00,27-03-2026 10:15,23,43,69.17,1.3,103.66,266.5
27-03-2026 10:15,27-03-2026 10:30,23,43,69.36,0.67,45.31,276.74
27-03-2026 10:30,27-03-2026 10:45,23,43,69.91,1.43,32.27,289.25
27-03-2026 10:45,27-03-2026 11:00,39.58,68,70.14,1.09,54.39,297.75
27-03-2026 11:00,27-03-2026 11:15,21,44,70.08,1.29,44.31,304.49
27-03-2026 11:15,27-03-2026 11:30,21,44,69.53,1.07,51.76,310.66
27-03-2026 11:30,27-03-2026 11:45,21,44,69.41,1.18,98.01,313.52
27-03-2026 11:45,27-03-2026 12:00,34.32,58.8,69.52,1.49,35.47,316.22
27-03-2026 12:00,27-03-2026 12:15,28,41,69.15,0.82,66.84,315.93
27-03-2026 12:15,27-03-2026 12:30,28,41,68.88,1.62,40.92,312.15
27-03-2026 12:30,27-03-2026 12:45,28,41,69.71,1.66,37.12,310.94
27-03-2026 12:45,27-03-2026 13:00,44.99,71,69.3,1.38,97.78,306.99
27-03-2026 13:00,27-03-2026 13:15,22,45,70.2,1.38,55.96,301.17
27-03-2026 13:15,27-03-2026 13:30,22,45,70.07,1.39,48.94,293.82
27-03-2026 13:30,27-03-2026 13:45,22,45,69.59,1.43,29.4,286.32
27-03-2026 13:45,27-03-2026 14:00,20.8,40.8,69.95,1.26,83.83,276.31
27-03-2026 14:00,27-03-2026 14:15,19,38,69.85,1.67,43.92,264.9
27-03-2026 14:15,27-03-2026 14:30,19,38,69.49,1.39,62.71,250.49
27-03-2026 14:30,27-03-2026 14:45,19,38,68.78,1.42,64.51,236.19
27-03-2026 14:45,27-03-2026 15:00,19,30.2,68.63,1.78,68.12,220.71
27-03-2026 15:00,27-03-2026 15:15,19,25,68.67,1.06,47.45,204.55
27-03-2026 15:15,27-03-2026 15:30,19,25,67.92,1.35,98.19,187.28
27-03-2026 15:30,27-03-2026 15:45,19,25,68.95,1.34,76.19,168.41
27-03-2026 15:45,27-03-2026 16:00,17.8,33.4,69.42,1.14,83.27,148.97
27-03-2026 16:00,27-03-2026 16:15,16,39,69.87,1.74,26.5,129.36
27-03-2026 16:15,27-03-2026 16:30,16,39,70.88,0.89,94.4,109.85
27-03-2026 16:30,27-03-2026 16:45,16,39,70.41,1.4,108.7,90.2
27-03-2026 16:45,27-03-2026 17:00,16.8,37.8,70.85,1.16,69.22,71.39
27-03-2026 17:00,27-03-2026 17:15,18,37,71.64,1.38,51.75,53.38
27-03-2026 17:15,27-03-2026 17:30,18,37,73.16,1.91,113.36,37.02
27-03-2026 17:30,27-03-2026 17:45,18,37,74.26,1.37,107.3,21.4
27-03-2026 17:45,27-03-2026 18:00,36.47,67.8,75.14,1.34,129.68,13.03
27-03-2026 18:00,27-03-2026 18:15,12,43,76.01,0.43,79.09,8.12
27-03-2026 18:15,27-03-2026 18:30,12,43,76.57,0.74,105.9,6.37
27-03-2026 18:30,27-03-2026 18:45,12,43,77.09,0.98,43.25,6.24
27-03-2026 18:45,27-03-2026 19:00,13.2,50.8,77.51,0.74,107.68,6.25
27-03-2026 19:00,27-03-2026 19:15,15,56,78.09,0.5,129.52,6.22
27-03-2026 19:15,27-03-2026 19:30,15,56,77.99,1.25,86.89,6.31
27-03-2026 19:30,27-03-2026 19:45,15,56,77.91,1.38,26.5,6.36
27-03-2026 19:45,27-03-2026 20:00,16.6,48.2,78,0.89,76.2,6.31
27-03-2026 20:00,27-03-2026 20:15,19,43,78.67,1.22,66.52,6.49
27-03-2026 20:15,27-03-2026 20:30,19,43,78.99,1.24,94.52,6.55
27-03-2026 20:30,27-03-2026 20:45,19,43,79.07,0.71,57.88,6.35
27-03-2026 20:45,27-03-2026 21:00,37.5,67.6,79.17,1.3,81.9,6.46
27-03-2026 21:00,27-03-2026 21:15,20,41,79.42,1.34,78.86,6.36
27-03-2026 21:15,27-03-2026 21:30,20,41,79.4,0.83,85.95,6.36
27-03-2026 21:30,27-03-2026 21:45,20,41,79.47,1.53,54.66,6.32
27-03-2026 21:45,27-03-2026 22:00,20.8,40.4,79.49,1,26.5,6.28
27-03-2026 22:00,27-03-2026 22:15,36.32,60.8,79.82,1.1,101.31,6.29
27-03-2026 22:15,27-03-2026 22:30,22,40,80.09,1.27,132,6.28
27-03-2026 22:30,27-03-2026 22:45,22,40,80.26,1.28,77.81,6.27
27-03-2026 22:45,27-03-2026 23:00,23.6,35.8,80.46,0.76,64.35,6.11
27-03-2026 23:00,27-03-2026 23:15,35.36,48.8,80.76,1.1,95.69,6.17
27-03-2026 23:15,27-03-2026 23:30,26,33,80.73,0.67,91.77,6.1
27-03-2026 23:30,27-03-2026 23:45,26,33,80.96,0.86,67.96,6.14
27-03-2026 23:45,28-03-2026 00:00,25.2,36,81.28,1.08,79.93,5.94
28-03-2026 00:00,28-03-2026 00:15,24,38,81.62,0.96,123.37,6.07
28-03-2026 00:15,28-03-2026 00:30,24,38,81.94,0.75,139.17,6.07
28-03-2026 00:30,28-03-2026 00:45,24,38,82.22,1.61,63.16,5.97
28-03-2026 00:45,28-03-2026 01:00,33.81,50.6,82.43,1.08,133.1,5.9
28-03-2026 01:00,28-03-2026 01:15,21,30,82.67,0.87,107.4,6.03
28-03-2026 01:15,28-03-2026 01:30,21,30,82.7,0.75,91.47,5.9
28-03-2026 01:30,28-03-2026 01:45,21,30,82.8,0.4,192.28,5.96
28-03-2026 01:45,28-03-2026 02:00,35.31,53.8,82.93,0.52,206.08,5.92
28-03-2026 02:00,28-03-2026 02:15,18,31,83.13,0.28,250.84,6.01
28-03-2026 02:15,28-03-2026 02:30,18,31,83.1,0.84,113.9,5.87
28-03-2026 02:30,28-03-2026 02:45,18,31,82.96,0.74,148.21,5.97
28-03-2026 02:45,28-03-2026 03:00,18.4,34,82.85,0.42,201.22,5.93
28-03-2026 03:00,28-03-2026 03:15,19,36,82.77,1.08,214.03,6.1
28-03-2026 03:15,28-03-2026 03:30,19,36,82.83,0.69,243.99,6.01
28-03-2026 03:30,28-03-2026 03:45,19,36,83.11,0.39,216.34,5.94
28-03-2026 03:45,28-03-2026 04:00,19.4,41.4,83.29,1.06,242.48,5.93
28-03-2026 04:00,28-03-2026 04:15,20,45,83.35,0.66,205.74,6.15
28-03-2026 04:15,28-03-2026 04:30,20,45,83.58,0.46,258.96,6.15
28-03-2026 04:30,28-03-2026 04:45,20,45,83.76,0.49,238.56,6.06
28-03-2026 04:45,28-03-2026 05:00,19.2,48,83.91,0.84,185.52,6.08
28-03-2026 05:00,28-03-2026 05:15,18,50,84.1,0.66,143.64,6.15
28-03-2026 05:15,28-03-2026 05:30,18,50,84.29,0.62,209.51,6.29
28-03-2026 05:30,28-03-2026 05:45,18,50,84.52,0.82,215.5,6.07
28-03-2026 05:45,28-03-2026 06:00,40.45,82.6,84.76,0.52,243.7,6.49
28-03-2026 06:00,28-03-2026 06:15,28,64,84.83,0.77,172.8,8.37
28-03-2026 06:15,28-03-2026 06:30,28,64,84.73,0.61,238.04,12.35
28-03-2026 06:30,28-03-2026 06:45,28,64,84.35,0.56,259.3,17.19
28-03-2026 06:45,28-03-2026 07:00,26.8,64.6,83.67,1.3,135.84,21.59
28-03-2026 07:00,28-03-2026 07:15,25,65,83.06,0.61,193.08,26.43
28-03-2026 07:15,28-03-2026 07:30,25,65,82.22,1.13,204.86,31.52
28-03-2026 07:30,28-03-2026 07:45,25,65,81.47,1.05,230.62,42.18
28-03-2026 07:45,28-03-2026 08:00,39.42,80.4,80.36,1.39,149.73,90.1
28-03-2026 08:00,28-03-2026 08:15,35,69,79.61,1.57,118.47,123.32
28-03-2026 08:15,28-03-2026 08:30,35,69,78.59,1.75,162.25,138.93
28-03-2026 08:30,28-03-2026 08:45,35,69,76.66,2.11,122.12,158.92
28-03-2026 08:45,28-03-2026 09:00,31.8,67.8,74.48,2.06,252.95,173.14
28-03-2026 09:00,28-03-2026 09:15,27,67,73.19,1.65,199.22,188.36
28-03-2026 09:15,28-03-2026 09:30,27,67,71.16,1.39,109.61,211.96
28-03-2026 09:30,28-03-2026 09:45,27,67,70.53,1.62,200.99,227.07
28-03-2026 09:45,28-03-2026 10:00,24.6,70,67.97,1.46,179.78,244.69
28-03-2026 10:00,28-03-2026 10:15,21,72,64.28,1.76,117.95,256.25
28-03-2026 10:15,28-03-2026 10:30,21,72,62.24,1.14,227.73,265.86
28-03-2026 10:30,28-03-2026 10:45,21,72,62.31,0.78,58.51,279.74
28-03-2026 10:45,28-03-2026 11:00,33.25,81,65.49,1.05,45.5,285.18
28-03-2026 11:00,28-03-2026 11:15,22,68,66.01,1.28,72.89,292.96
28-03-2026 11:15,28-03-2026 11:30,22,68,68.51,0.82,58.26,299.14
28-03-2026 11:30,28-03-2026 11:45,22,68,69.86,1.23,63.37,302.03
28-03-2026 11:45,28-03-2026 12:00,20.4,53.6,70.33,1.13,50.08,305.83
28-03-2026 12:00,28-03-2026 12:15,18,44,70.27,2.13,120.23,307.93
28-03-2026 12:15,28-03-2026 12:30,18,44,71.28,1.98,26.5,306.95
28-03-2026 12:30,28-03-2026 12:45,18,44,71.06,2.11,26.5,305.9
28-03-2026 12:45,28-03-2026 13:00,18.8,41,70.92,1.82,43.1,300.89
28-03-2026 13:00,28-03-2026 13:15,20,39,71.22,1.59,52.95,294.71
28-03-2026 13:15,28-03-2026 13:30,20,39,70.12,1.22,50.66,286.1
28-03-2026 13:30,28-03-2026 13:45,20,39,70.75,1.04,47.64,279.48
28-03-2026 13:45,28-03-2026 14:00,41.52,72.4,70.39,1.84,52.76,266.85
28-03-2026 14:00,28-03-2026 14:15,28,50,70.28,1.41,55.86,254.2
28-03-2026 14:15,28-03-2026 14:30,28,50,70.24,1.47,51.9,240.19
28-03-2026 14:30,28-03-2026 14:45,28,50,69.78,1.24,56.31,226.18
28-03-2026 14:45,28-03-2026 15:00,28,47,69.11,1.17,50.02,208.42
28-03-2026 15:00,28-03-2026 15:15,28,45,70.23,1.22,36.11,188.97
28-03-2026 15:15,28-03-2026 15:30,28,45,69.6,1.01,43.52,172.71
28-03-2026 15:30,28-03-2026 15:45,28,45,69.58,1.27,31.82,155.04
28-03-2026 15:45,28-03-2026 16:00,31.2,58.8,70.63,1.42,35.02,136.15
28-03-2026 16:00,28-03-2026 16:15,36,68,70.97,1.13,32.4,118.03
28-03-2026 16:15,28-03-2026 16:30,36,68,72.17,1.03,42.82,101.8
28-03-2026 16:30,28-03-2026 16:45,36,68,72.97,1.28,28.76,83.48
28-03-2026 16:45,28-03-2026 17:00,47.89,75.4,72.35,0.7,65.4,65.67
28-03-2026 17:00,28-03-2026 17:15,32,44,73.22,2.02,26.5,49.72
28-03-2026 17:15,28-03-2026 17:30,32,44,72.97,1.1,62.34,35.17
28-03-2026 17:30,28-03-2026 17:45,32,44,74.6,1.83,38.27,20.98
28-03-2026 17:45,28-03-2026 18:00,43.75,71,75.73,1.08,68.11,13.09
28-03-2026 18:00,28-03-2026 18:15,22,56,76.93,1.4,26.5,8.08
28-03-2026 18:15,28-03-2026 18:30,22,56,77.34,1.55,67.36,6.24
28-03-2026 18:30,28-03-2026 18:45,22,56,77.88,1.11,87.13,6.07
28-03-2026 18:45,28-03-2026 19:00,34.8,70.4,78.49,0.94,36.09,6.13
28-03-2026 19:00,28-03-2026 19:15,30,60,78.47,0.86,51.45,6.22
28-03-2026 19:15,28-03-2026 19:30,30,60,78.76,1.57,26.5,6.21
28-03-2026 19:30,28-03-2026 19:45,30,60,78.81,1.57,48.63,6.28
28-03-2026 19:45,28-03-2026 20:00,41.14,70.8,79.06,1.8,111.23,5.96
28-03-2026 20:00,28-03-2026 20:15,26,48,79.33,1.18,49.9,6.28
28-03-2026 20:15,28-03-2026 20:30,26,48,79.71,1.69,26.5,6.43
28-03-2026 20:30,28-03-2026 20:45,26,48,79.96,1.2,81.46,6.36
28-03-2026 20:45,28-03-2026 21:00,37.23,65,80.83,0.58,86.85,6.22
28-03-2026 21:00,28-03-2026 21:15,23,49,81.3,1.53,26.5,6.24
28-03-2026 21:15,28-03-2026 21:30,23,49,81.47,1.28,41.14,6.34
28-03-2026 21:30,28-03-2026 21:45,23,49,81.76,0.89,168.66,6.17
28-03-2026 21:45,28-03-2026 22:00,37.33,64.2,81.71,1.24,103.93,6.25
28-03-2026 22:00,28-03-2026 22:15,26,41,81.44,1.6,26.5,6.43
28-03-2026 22:15,28-03-2026 22:30,26,41,81.87,1.14,35.36,6.29
28-03-2026 22:30,28-03-2026 22:45,26,41,82.12,1.14,56.57,6.29
28-03-2026 22:45,28-03-2026 23:00,33.9,53.2,82.34,1.63,26.5,6.2
28-03-2026 23:00,28-03-2026 23:15,20,37,82.57,1.45,42.82,6.32
28-03-2026 23:15,28-03-2026 23:30,20,37,82.67,1.54,98.71,6.28
28-03-2026 23:30,28-03-2026 23:45,20,37,82.98,1.63,75.26,6.2
28-03-2026 23:45,29-03-2026 00:00,15.6,36.4,83.22,1.73,135.09,6.1
29-03-2026 00:00,29-03-2026 00:15,18,36,83.55,1.74,131.24,6.24
29-03-2026 00:15,29-03-2026 00:30,18,36,83.74,1.24,94.34,6.14
29-03-2026 00:30,29-03-2026 00:45,18,36,83.81,1.51,71.76,6.04
29-03-2026 00:45,29-03-2026 01:00,31.63,57,83.84,1.36,91.03,5.87
29-03-2026 01:00,29-03-2026 01:15,6,31,83.97,1.44,206.75,5.93
29-03-2026 01:15,29-03-2026 01:30,6,31,84.06,1.62,76.68,6.01
29-03-2026 01:30,29-03-2026 01:45,6,31,84.28,1.21,163.1,5.94
29-03-2026 01:45,29-03-2026 02:00,28.66,60.4,84.38,1.11,128.12,5.8
29-03-2026 02:00,29-03-2026 02:15,,,,,,
29-03-2026 02:15,29-03-2026 02:30,,,,,,
29-03-2026 02:30,29-03-2026 02:45,,,,,,
29-03-2026 02:45,29-03-2026 03:00,,,,,,
29-03-2026 03:00,29-03-2026 03:15,7,29,84.16,1.06,108.47,6
29-03-2026 03:15,29-03-2026 03:30,7,29,83.96,1.52,56.56,5.92
29-03-2026 03:30,29-03-2026 03:45,7,29,83.79,1.39,102.26,5.86
29-03-2026 03:45,29-03-2026 04:00,20.96,38.7,84.38,1.16,138.31,5.97
29-03-2026 04:00,29-03-2026 04:15,11,29,85.02,1.08,86.05,5.86
29-03-2026 04:15,29-03-2026 04:30,11,29,85.02,0.95,231.42,5.99
29-03-2026 04:30,29-03-2026 04:45,11,29,84.94,1.61,26.5,5.99
29-03-2026 04:45,29-03-2026 05:00,10.2,30.8,84.8,1.06,97.3,6.11
29-03-2026 05:00,29-03-2026 05:15,9,32,84.97,1.2,128.15,6.28
29-03-2026 05:15,29-03-2026 05:30,9,32,85.2,1.13,192.89,6.17
29-03-2026 05:30,29-03-2026 05:45,9,32,85.4,0.6,188.89,6.17
29-03-2026 05:45,29-03-2026 06:00,24.28,51.6,85.66,0.86,165.54,6.86
29-03-2026 06:00,29-03-2026 06:15,19,39,85.88,0.64,190.79,9.05
29-03-2026 06:15,29-03-2026 06:30,19,39,85.82,0.81,235.35,14.2
29-03-2026 06:30,29-03-2026 06:45,19,39,85.58,0.66,201.18,19.48
29-03-2026 06:45,29-03-2026 07:00,23,51.6,85.32,0.55,207.72,25.58
29-03-2026 07:00,29-03-2026 07:15,29,60,84.59,0.76,126.31,33.91
29-03-2026 07:15,29-03-2026 07:30,29,60,83.62,0.96,134.22,42.96
29-03-2026 07:30,29-03-2026 07:45,29,60,82.77,1.78,104.75,51.46
29-03-2026 07:45,29-03-2026 08:00,27,58.2,81.62,1.04,182.37,66.44
29-03-2026 08:00,29-03-2026 08:15,24,57,80.01,0.84,103.32,87.45
29-03-2026 08:15,29-03-2026 08:30,24,57,78.57,1.13,113.18,108.68
29-03-2026 08:30,29-03-2026 08:45,24,57,76.6,1.46,146.7,132.09
29-03-2026 08:45,29-03-2026 09:00,24,55.2,76.56,1.42,172.29,150.46
29-03-2026 09:00,29-03-2026 09:15,24,54,73.77,1.58,104.28,183.32
29-03-2026 09:15,29-03-2026 09:30,24,54,71.31,1.79,171.7,210.48
29-03-2026 09:30,29-03-2026 09:45,24,54,73.19,2.42,94.81,201.49
29-03-2026 09:45,29-03-2026 10:00,22.4,51.6,73.45,2.03,32.85,195.73
29-03-2026 10:00,29-03-2026 10:15,20,50,73.59,1.85,67.26,214.68
29-03-2026 10:15,29-03-2026 10:30,20,50,73.47,1.65,78.32,230.3
29-03-2026 10:30,29-03-2026 10:45,20,50,73.26,2.43,69.73,261.6
29-03-2026 10:45,29-03-2026 11:00,16.4,52.4,74.96,2.62,84.37,266.23
29-03-2026 11:00,29-03-2026 11:15,11,54,75.93,2.96,61.76,249.23
29-03-2026 11:15,29-03-2026 11:30,11,54,75.89,2.37,92.76,245.46
29-03-2026 11:30,29-03-2026 11:45,11,54,75.89,2.46,64.56,240.17
29-03-2026 11:45,29-03-2026 12:00,26.07,69,74.48,1.55,80.94,286.76
29-03-2026 12:00,29-03-2026 12:15,7,49,75.01,2.77,26.5,278.26
29-03-2026 12:15,29-03-2026 12:30,7,49,75.71,2.34,57.87,298.16
29-03-2026 12:30,29-03-2026 12:45,7,49,74.35,2.79,62,295.02
29-03-2026 12:45,29-03-2026 13:00,25.06,65.2,75.21,2.47,26.5,272.98
29-03-2026 13:00,29-03-2026 13:15,12,43,75.52,2.1,85.89,287.38
29-03-2026 13:15,29-03-2026 13:30,12,43,74.03,2.23,62.25,282.4
29-03-2026 13:30,29-03-2026 13:45,12,43,72.41,1.56,49.88,269.94
29-03-2026 13:45,29-03-2026 14:00,14.8,43.6,74,2.7,64.4,260.79
29-03-2026 14:00,29-03-2026 14:15,19,44,73.45,2.64,99.32,254.05
29-03-2026 14:15,29-03-2026 14:30,19,44,73.47,1.46,26.5,242.98
29-03-2026 14:30,29-03-2026 14:45,19,44,71.7,1.28,38.6,215.92
29-03-2026 14:45,29-03-2026 15:00,17.4,42.2,72.91,2.16,59.41,197.9
29-03-2026 15:00,29-03-2026 15:15,15,41,74.7,3.39,39.55,196.39
29-03-2026 15:15,29-03-2026 15:30,15,41,75.1,2.18,67.91,174.71
29-03-2026 15:30,29-03-2026 15:45,15,41,74.62,1.37,62.28,154.08
29-03-2026 15:45,29-03-2026 16:00,32.87,62.2,73.26,0.83,172.78,135.09
29-03-2026 16:00,29-03-2026 16:15,16,35,74.05,1.64,35.08,116.78
29-03-2026 16:15,29-03-2026 16:30,16,35,76.14,1.56,48.72,98.03
29-03-2026 16:30,29-03-2026 16:45,16,35,76.1,2.14,26.5,81.15
29-03-2026 16:45,29-03-2026 17:00,34.31,63,77.86,1.76,26.5,61.14
29-03-2026 17:00,29-03-2026 17:15,0.7,28,78.9,1.38,52.07,29.83
29-03-2026 17:15,29-03-2026 17:30,0.7,28,80.07,2.09,37.21,22.18
29-03-2026 17:30,29-03-2026 17:45,0.7,28,80.77,1.42,87.85,19.85
29-03-2026 17:45,29-03-2026 18:00,7.62,26.8,81.3,0.94,26.5,13.4
29-03-2026 18:00,29-03-2026 18:15,18,26,81.89,1.37,42.09,8.51
29-03-2026 18:15,29-03-2026 18:30,18,26,82.46,1.14,35.02,6.42
29-03-2026 18:30,29-03-2026 18:45,18,26,82.71,0.64,59.03,6.14
29-03-2026 18:45,29-03-2026 19:00,15.2,27.8,83,1.2,64.58,5.92
29-03-2026 19:00,29-03-2026 19:15,11,29,83.21,1.01,56.52,6
29-03-2026 19:15,29-03-2026 19:30,11,29,83.44,1.12,122.2,6.08
29-03-2026 19:30,29-03-2026 19:45,11,29,83.77,1.18,26.5,6.01
29-03-2026 19:45,29-03-2026 20:00,11,30.2,83.76,1.58,37.75,5.96
29-03-2026 20:00,29-03-2026 20:15,11,31,83.97,1.81,26.5,5.97
29-03-2026 20:15,29-03-2026 20:30,11,31,84.07,1.74,26.5,5.93
29-03-2026 20:30,29-03-2026 20:45,11,31,84.18,1.35,49.53,6.01
29-03-2026 20:45,29-03-2026 21:00,9.2,28.6,83.95,1.33,26.5,5.89
29-03-2026 21:00,29-03-2026 21:15,13,27,84.23,1,43.98,5.96
29-03-2026 21:15,29-03-2026 21:30,13,27,84.61,1.19,26.5,6.04
29-03-2026 21:30,29-03-2026 21:45,13,27,84.76,1.05,39.98,6.03
29-03-2026 21:45,29-03-2026 22:00,32.81,56.6,84.42,1.32,26.5,6.17
29-03-2026 22:00,29-03-2026 22:15,10,26,84.46,1.87,43.21,6.15
29-03-2026 22:15,29-03-2026 22:30,10,26,84.49,1.52,39.1,6.18
29-03-2026 22:30,29-03-2026 22:45,10,26,84.4,1.33,43.37,6.21
29-03-2026 22:45,29-03-2026 23:00,12.8,27.8,84.08,0.77,94.5,6.27
29-03-2026 23:00,29-03-2026 23:15,17,29,84.1,0.94,60.13,6.35
29-03-2026 23:15,29-03-2026 23:30,17,29,84.3,1.56,97.1,6.27
29-03-2026 23:30,29-03-2026 23:45,17,29,84.33,1.18,45.91,6.32
29-03-2026 23:45,30-03-2026 00:00,17,31.4,84.25,0.79,80.28,6.32
30-03-2026 00:00,30-03-2026 00:15,28.81,49.8,83.84,1.28,98.6,6.35
30-03-2026 00:15,30-03-2026 00:30,17,33,84.13,1.77,26.5,6.36
30-03-2026 00:30,30-03-2026 00:45,17,33,84.42,1.28,150.85,6.34
30-03-2026 00:45,30-03-2026 01:00,15,24.6,84.26,1.5,61.01,6.29
30-03-2026 01:00,30-03-2026 01:15,12,19,84.39,1.16,122.3,6.38
30-03-2026 01:15,30-03-2026 01:30,12,19,84.81,1.3,156.83,6.34
30-03-2026 01:30,30-03-2026 01:45,12,19,84.81,1.09,72.59,6.51
30-03-2026 01:45,30-03-2026 02:00,9.4,23.8,84.55,0.72,125.45,6.28
30-03-2026 02:00,30-03-2026 02:15,11,27,84.12,1.01,105.61,6.27
30-03-2026 02:15,30-03-2026 02:30,11,27,83.73,0.89,137.16,6.07
30-03-2026 02:30,30-03-2026 02:45,11,27,83.86,0.77,113.14,6.15
30-03-2026 02:45,30-03-2026 03:00,27.61,47,84.07,1,136.5,6.04
30-03-2026 03:00,30-03-2026 03:15,16,22,84.37,0.9,209.6,6.25
30-03-2026 03:15,30-03-2026 03:30,16,22,84.46,1.27,122.64,6.39
30-03-2026 03:30,30-03-2026 03:45,16,22,84.43,0.91,143.41,6.55
30-03-2026 03:45,30-03-2026 04:00,34.61,51.4,84.54,1.04,104.66,6.29
30-03-2026 04:00,30-03-2026 04:15,23,28,84.61,0.82,112.42,6.46
30-03-2026 04:15,30-03-2026 04:30,23,28,84.68,0.78,141.11,6.63
30-03-2026 04:30,30-03-2026 04:45,23,28,84.73,0.7,129.43,6.74
30-03-2026 04:45,30-03-2026 05:00,31.83,44.6,84.8,0.87,177.98,6.75
30-03-2026 05:00,30-03-2026 05:15,15,18,84.94,0.72,97.43,6.71
30-03-2026 05:15,30-03-2026 05:30,15,18,85.01,1.28,86.45,6.83
30-03-2026 05:30,30-03-2026 05:45,15,18,85.03,0.6,151.43,7.19
30-03-2026 05:45,30-03-2026 06:00,13,25.8,85.03,0.85,132.94,7.69
30-03-2026 06:00,30-03-2026 06:15,10,31,84.97,0.74,188.7,9.37
30-03-2026 06:15,30-03-2026 06:30,10,31,84.98,0.81,125.58,13.21
30-03-2026 06:30,30-03-2026 06:45,10,31,84.89,0.52,87.39,17.7
30-03-2026 06:45,30-03-2026 07:00,9.4,30.4,84.49,0.7,168.7,22.21
30-03-2026 07:00,30-03-2026 07:15,17,30,83.7,1.36,150.25,26.94
30-03-2026 07:15,30-03-2026 07:30,17,30,82.5,1.1,163.67,31.27
30-03-2026 07:30,30-03-2026 07:45,17,30,81.18,1.2,117.12,75.92
30-03-2026 07:45,30-03-2026 08:00,28.65,54.6,80.21,1.42,70.85,106.47
30-03-2026 08:00,30-03-2026 08:15,11,44,79.51,2.16,102.51,128.63
30-03-2026 08:15,30-03-2026 08:30,11,44,78.64,1.08,127.32,151.41
30-03-2026 08:30,30-03-2026 08:45,11,44,77.33,1.2,112.79,183.3
30-03-2026 08:45,30-03-2026 09:00,26.08,60.4,74.99,1.96,121.65,208.8
30-03-2026 09:00,30-03-2026 09:15,9,39,74.32,1.52,117.62,213.88
30-03-2026 09:15,30-03-2026 09:30,9,39,74.34,1.58,94.49,226.25
30-03-2026 09:30,30-03-2026 09:45,9,39,73.42,1.3,39.84,243.7
30-03-2026 09:45,30-03-2026 10:00,30.49,69.4,73.74,1.99,64.16,257.27
30-03-2026 10:00,30-03-2026 10:15,13,48,74.4,1.32,39.98,266.68
30-03-2026 10:15,30-03-2026 10:30,13,48,72.64,1.93,30.21,277.85
30-03-2026 10:30,30-03-2026 10:45,13,48,74.7,2.37,58.36,286.42
30-03-2026 10:45,30-03-2026 11:00,12.2,43.8,74.7,2.07,51.48,294.72
30-03-2026 11:00,30-03-2026 11:15,11,41,74.25,1.67,26.5,300.86
30-03-2026 11:15,30-03-2026 11:30,11,41,73.72,1.87,26.5,308.33
30-03-2026 11:30,30-03-2026 11:45,11,41,73.07,1.88,98.8,313.28
30-03-2026 11:45,30-03-2026 12:00,9.4,47,72.63,2.06,71.26,313.44
30-03-2026 12:00,30-03-2026 12:15,14,51,72.83,3.66,26.5,315.44
30-03-2026 12:15,30-03-2026 12:30,14,51,73.22,2.4,51.81,315.36
30-03-2026 12:30,30-03-2026 12:45,14,51,72.76,2.76,63.96,315.19
30-03-2026 12:45,30-03-2026 13:00,31.06,70.8,71.07,1.12,76.46,311.69
30-03-2026 13:00,30-03-2026 13:15,8,45,71.09,2.6,26.5,303.19
30-03-2026 13:15,30-03-2026 13:30,8,45,72.18,2.43,26.5,298.33
30-03-2026 13:30,30-03-2026 13:45,8,45,71.35,2.28,26.5,287.84
30-03-2026 13:45,30-03-2026 14:00,24.68,67.6,70.66,1.84,61.92,271.84
30-03-2026 14:00,30-03-2026 14:15,11,56,70.58,1.09,32.77,270.17
30-03-2026 14:15,30-03-2026 14:30,11,56,71.33,2.79,26.5,252.67
30-03-2026 14:30,30-03-2026 14:45,11,56,71.06,2.9,26.5,238.4
30-03-2026 14:45,30-03-2026 15:00,9,53,71.13,2.31,26.5,225.48
30-03-2026 15:00,30-03-2026 15:15,12,51,69.22,1.53,79.23,211.62
30-03-2026 15:15,30-03-2026 15:30,12,51,70.16,2.01,26.5,184.67
30-03-2026 15:30,30-03-2026 15:45,12,51,71.18,2.03,26.5,168.85
30-03-2026 15:45,30-03-2026 16:00,26.04,65.2,72.33,2.59,31.08,126.03
30-03-2026 16:00,30-03-2026 16:15,11,48,73.2,3.09,26.5,124.63
30-03-2026 16:15,30-03-2026 16:30,11,48,73.16,2.32,63.44,104.37
30-03-2026 16:30,30-03-2026 16:45,11,48,74.29,1.76,26.5,72.49
30-03-2026 16:45,30-03-2026 17:00,13.8,48,73.71,2.89,26.5,72.71
30-03-2026 17:00,30-03-2026 17:15,18,48,72.98,1.33,26.5,47.39
30-03-2026 17:15,30-03-2026 17:30,18,48,73.76,1.54,31.22,16.77
30-03-2026 17:30,30-03-2026 17:45,18,48,75.54,1.06,26.5,17.45
30-03-2026 17:45,30-03-2026 18:00,36.1,68,76.36,1.58,67.33,15.32
30-03-2026 18:00,30-03-2026 18:15,16,37,78.31,0.59,26.5,10.04
30-03-2026 18:15,30-03-2026 18:30,16,37,79.23,1.59,26.5,6.92
30-03-2026 18:30,30-03-2026 18:45,16,37,80.17,1.12,26.5,6.51
30-03-2026 18:45,30-03-2026 19:00,32.24,60.8,79.75,0.91,27.22,6.48
30-03-2026 19:00,30-03-2026 19:15,17,41,79.96,1.44,88.58,6.48
30-03-2026 19:15,30-03-2026 19:30,17,41,79.81,1.13,26.5,6.18
30-03-2026 19:30,30-03-2026 19:45,17,41,80.1,1.32,26.5,6.21
30-03-2026 19:45,30-03-2026 20:00,14.6,35.6,80.09,1.01,26.5,6.18
30-03-2026 20:00,30-03-2026 20:15,11,32,80.41,1.2,51.18,6.31
30-03-2026 20:15,30-03-2026 20:30,11,32,81.07,1,32.69,6.13
30-03-2026 20:30,30-03-2026 20:45,11,32,80.95,1.22,26.5,6.11
30-03-2026 20:45,30-03-2026 21:00,15.8,34.4,80.53,1.04,35.34,6.06
30-03-2026 21:00,30-03-2026 21:15,23,36,80.61,0.79,44.9,6.08
30-03-2026 21:15,30-03-2026 21:30,23,36,81.21,0.87,47.4,6.03
30-03-2026 21:30,30-03-2026 21:45,23,36,81.63,1.31,26.5,6.13
30-03-2026 21:45,30-03-2026 22:00,40.86,65.2,80.99,1.38,33.67,5.93
30-03-2026 22:00,30-03-2026 22:15,17,36,80.61,0.29,53.96,6.1
30-03-2026 22:15,30-03-2026 22:30,17,36,81.16,0.69,38.78,6
30-03-2026 22:30,30-03-2026 22:45,17,36,81.74,0.27,26.5,5.99
30-03-2026 22:45,30-03-2026 23:00,35.83,58.2,81.78,0.57,68.06,6.1
30-03-2026 23:00,30-03-2026 23:15,17,24,81.76,0.81,26.5,6.06
30-03-2026 23:15,30-03-2026 23:30,17,24,81.78,0.53,67.26,6.25
30-03-2026 23:30,30-03-2026 23:45,17,24,81.97,0.54,26.5,6.2
30-03-2026 23:45,31-03-2026 00:00,14.6,32.4,82.08,0.69,89.83,6.18
31-03-2026 00:00,31-03-2026 00:15,22,38,82.53,0.38,34.83,6.28
31-03-2026 00:15,31-03-2026 00:30,22,38,82.58,0.29,37.96,6.39
31-03-2026 00:30,31-03-2026 00:45,22,38,82.48,0.87,26.5,6.41
31-03-2026 00:45,31-03-2026 01:00,36.06,57.2,82.57,0.65,32.2,6.28
31-03-2026 01:00,31-03-2026 01:15,22,34,82.89,0.51,26.5,6.22
31-03-2026 01:15,31-03-2026 01:30,22,34,82.64,0.92,37.38,6.29
31-03-2026 01:30,31-03-2026 01:45,22,34,82.53,0.51,35.61,6.2
31-03-2026 01:45,31-03-2026 02:00,16.4,29.8,82.66,0.44,26.5,6.25
31-03-2026 02:00,31-03-2026 02:15,16,27,82.6,0.78,26.5,6.36
31-03-2026 02:15,31-03-2026 02:30,16,27,82.65,0.51,73.02,6.27
31-03-2026 02:30,31-03-2026 02:45,16,27,82.62,0.27,26.5,6.29
31-03-2026 02:45,31-03-2026 03:00,36.27,57,82.67,0.74,52.93,6.29
31-03-2026 03:00,31-03-2026 03:15,17,26,82.55,0.93,39.31,6.28
31-03-2026 03:15,31-03-2026 03:30,17,26,82.49,0.78,26.5,6.31
31-03-2026 03:30,31-03-2026 03:45,17,26,82.67,0.53,26.5,6.2
31-03-2026 03:45,31-03-2026 04:00,14.6,26.6,82.73,0.95,65.94,6.06
31-03-2026 04:00,31-03-2026 04:15,11,27,82.82,0.27,26.5,6.11
31-03-2026 04:15,31-03-2026 04:30,11,27,82.67,0.81,50.2,5.99
31-03-2026 04:30,31-03-2026 04:45,11,27,82.72,0.45,26.5,6.07
31-03-2026 04:45,31-03-2026 05:00,12.2,27,82.71,0.28,26.5,5.96
31-03-2026 05:00,31-03-2026 05:15,14,27,82.41,0.77,26.5,6.01
31-03-2026 05:15,31-03-2026 05:30,14,27,82.37,0.63,26.5,6.15
31-03-2026 05:30,31-03-2026 05:45,14,27,82.41,0.88,65.13,6.06
31-03-2026 05:45,31-03-2026 06:00,10.2,24.6,82.5,0.79,62.1,6.49
31-03-2026 06:00,31-03-2026 06:15,9,23,82.52,0.78,26.5,8.78
31-03-2026 06:15,31-03-2026 06:30,9,23,82.19,0.7,148.42,12.99
31-03-2026 06:30,31-03-2026 06:45,9,23,81.95,0.51,80.34,17.97
31-03-2026 06:45,31-03-2026 07:00,24.56,48.4,81.18,0.69,61.12,23.52
31-03-2026 07:00,31-03-2026 07:15,10,32,80.46,0.8,36.54,26.82
31-03-2026 07:15,31-03-2026 07:30,10,32,79.53,1.07,26.5,37.51
31-03-2026 07:30,31-03-2026 07:45,10,32,78.82,0.83,26.5,84.07
31-03-2026 07:45,31-03-2026 08:00,11.6,29,77.63,0.92,26.5,116.12
31-03-2026 08:00,31-03-2026 08:15,14,27,76.99,1.75,63.94,132.2
31-03-2026 08:15,31-03-2026 08:30,14,27,76.13,1.09,34.57,150.86
31-03-2026 08:30,31-03-2026 08:45,14,27,75.47,1.18,37.29,139.87
31-03-2026 08:45,31-03-2026 09:00,11.8,28.8,74.73,1.91,26.5,201.87
31-03-2026 09:00,31-03-2026 09:15,17,30,72.77,0.85,26.5,152.32
31-03-2026 09:15,31-03-2026 09:30,17,30,73.29,1.13,36.87,213.26
31-03-2026 09:30,31-03-2026 09:45,17,30,72.42,1.44,26.5,256.43
31-03-2026 09:45,31-03-2026 10:00,12.8,25.2,72.38,1.03,44.66,151.42
31-03-2026 10:00,31-03-2026 10:15,13,22,72.99,1,39.59,120.51
31-03-2026 10:15,31-03-2026 10:30,13,22,72.89,1.07,43.07,162.32
31-03-2026 10:30,31-03-2026 10:45,13,22,71.39,1.48,26.5,251.93
31-03-2026 10:45,31-03-2026 11:00,28.32,46.8,71.51,1.73,40.47,281.49
31-03-2026 11:00,31-03-2026 11:15,9,23,71.99,1.09,38.3,290.99
31-03-2026 11:15,31-03-2026 11:30,9,23,70.89,1.06,53.32,300.34
31-03-2026 11:30,31-03-2026 11:45,9,23,70.45,1.14,26.5,303.28
31-03-2026 11:45,31-03-2026 12:00,27.72,52,70.31,1.72,34.48,305.99
31-03-2026 12:00,31-03-2026 12:15,5,25,70.45,1.83,46.54,309.22
31-03-2026 12:15,31-03-2026 12:30,5,25,69.34,1.49,33.51,310.48
31-03-2026 12:30,31-03-2026 12:45,5,25,70.07,2.05,26.5,307.75
31-03-2026 12:45,31-03-2026 13:00,3.4,14.2,69.93,1.39,33.67,303.59
31-03-2026 13:00,31-03-2026 13:15,0.4,7,69.68,1.72,26.5,298.04
31-03-2026 13:15,31-03-2026 13:30,0.4,7,68.46,1.55,42.95,291.78
31-03-2026 13:30,31-03-2026 13:45,,7,67.62,1.36,36.41,283.81
31-03-2026 13:45,31-03-2026 14:00,5,13,67.58,1.1,29.74,273.88
31-03-2026 14:00,31-03-2026 14:15,8,17,67.85,1.38,63.91,263.63
31-03-2026 14:15,31-03-2026 14:30,8,17,68.91,1.45,26.5,250.26
31-03-2026 14:30,31-03-2026 14:45,8,17,69.53,1.38,26.5,235.77
31-03-2026 14:45,31-03-2026 15:00,8,17,68.81,1.96,26.5,220.29
31-03-2026 15:00,31-03-2026 15:15,16,17,69.72,1.6,45.74,202.36
31-03-2026 15:15,31-03-2026 15:30,16,17,69.51,1.51,26.5,182.9
31-03-2026 15:30,31-03-2026 15:45,16,17,69.96,1.35,27.34,163.88
31-03-2026 15:45,31-03-2026 16:00,26.22,38.4,69.67,1.42,40.83,146.13
31-03-2026 16:00,31-03-2026 16:15,9,22,69.94,1.4,26.5,126.48
31-03-2026 16:15,31-03-2026 16:30,9,22,70.44,0.86,50.98,106.41
31-03-2026 16:30,31-03-2026 16:45,9,22,70.9,0.95,51.58,88.8
31-03-2026 16:45,31-03-2026 17:00,32.22,54.4,71.27,0.74,34.25,69.49
31-03-2026 17:00,31-03-2026 17:15,21,27,71.91,0.85,46.96,53.93
31-03-2026 17:15,31-03-2026 17:30,21,27,73.08,0.83,50.19,36.71
31-03-2026 17:30,31-03-2026 17:45,21,27,73.71,0.54,33.43,19.86
31-03-2026 17:45,31-03-2026 18:00,37.7,58,74.44,0.72,37.34,13
31-03-2026 18:00,31-03-2026 18:15,15,33,75.33,0.76,51.13,8.09
31-03-2026 18:15,31-03-2026 18:30,15,33,76.3,0.33,32.47,6.47
31-03-2026 18:30,31-03-2026 18:45,15,33,76.9,0.47,34.46,6.42
31-03-2026 18:45,31-03-2026 19:00,17,31.2,76.89,0.66,26.5,6.29
31-03-2026 19:00,31-03-2026 19:15,20,30,77.1,0.47,48.29,6.49
31-03-2026 19:15,31-03-2026 19:30,20,30,77.3,0.34,51.45,6.38
31-03-2026 19:30,31-03-2026 19:45,20,30,76.26,0.43,26.5,6.52
31-03-2026 19:45,31-03-2026 20:00,14.8,27.6,76.77,0.74,37.55,6.39
31-03-2026 20:00,31-03-2026 20:15,14,26,77.01,0.47,46.83,6.46
31-03-2026 20:15,31-03-2026 20:30,14,26,76.81,0.36,39.55,6.55
31-03-2026 20:30,31-03-2026 20:45,14,26,76.58,0.53,26.5,6.44
31-03-2026 20:45,31-03-2026 21:00,10.4,21.2,77.81,0.96,30.85,6.25
31-03-2026 21:00,31-03-2026 21:15,11.2,18,77.4,0.63,44.85,6.36
31-03-2026 21:15,31-03-2026 21:30,10.2,18,76.88,0.32,52.93,6.27
31-03-2026 21:30,31-03-2026 21:45,10.8,18,77.09,0.37,26.5,6.17
31-03-2026 21:45,31-03-2026 22:00,34.77,54.2,77.42,0.46,78.55,6.18
31-03-2026 22:00,31-03-2026 22:15,15,23,77.18,0.51,37.63,6.24
31-03-2026 22:15,31-03-2026 22:30,15,23,77.36,0.52,26.5,6.32
31-03-2026 22:30,31-03-2026 22:45,15,23,77.69,0.4,67.6,6.11
31-03-2026 22:45,31-03-2026 23:00,28.51,43.33,77.59,0.41,42.15,6.15
31-03-2026 23:00,31-03-2026 23:15,12,19,77.39,0.42,69.59,6.14
31-03-2026 23:15,31-03-2026 23:30,12,19,77.64,0.63,96.24,6.11
31-03-2026 23:30,31-03-2026 23:45,12,19,76.77,0.75,41.22,6.14
31-03-2026 23:45,01-04-2026 00:00,12.5,273,76.88,0.59,79.94,6.16
01-04-2026 00:00,01-04-2026 00:15,13,400,77.28,0.38,51.27,6.2
01-04-2026 00:15,01-04-2026 00:30,13,400,77.3,0.3,46.45,6.18
01-04-2026 00:30,01-04-2026 00:45,13,400,77.66,0.41,26.5,6.22
01-04-2026 00:45,01-04-2026 01:00,14.5,115.75,77.84,0.44,41.28,6.19
01-04-2026 01:00,01-04-2026 01:15,16,21,77.91,0.57,52.67,6.33
01-04-2026 01:15,01-04-2026 01:30,16,21,77.71,1.19,49.27,6.39
01-04-2026 01:30,01-04-2026 01:45,16,21,77.96,0.61,78.96,6.32
01-04-2026 01:45,01-04-2026 02:00,17,26.25,77.91,0.92,64.27,6.37
01-04-2026 02:00,01-04-2026 02:15,18,28,77.78,0.65,61.41,6.33
01-04-2026 02:15,01-04-2026 02:30,18,28,77.16,0.44,94.52,6.33
01-04-2026 02:30,01-04-2026 02:45,18,28,77.54,0.39,85.84,6.28
01-04-2026 02:45,01-04-2026 03:00,15.5,27.25,77.62,0.57,63.55,6.28
01-04-2026 03:00,01-04-2026 03:15,26,27,77.66,0.56,37.66,6.4
01-04-2026 03:15,01-04-2026 03:30,26,27,77.56,0.27,63.77,6.49
01-04-2026 03:30,01-04-2026 03:45,26,27,77.93,0.27,31.67,6.37
01-04-2026 03:45,01-04-2026 04:00,12,21.4,77.71,0.59,61.73,6.34
01-04-2026 04:00,01-04-2026 04:15,11,20,77.87,0.37,65.97,6.42
01-04-2026 04:15,01-04-2026 04:30,11,20,77.76,0.27,26.5,6.41
01-04-2026 04:30,01-04-2026 04:45,11,20,77.83,0.36,29.85,6.34
01-04-2026 04:45,01-04-2026 05:00,23.93,41.33,77.86,0.64,26.5,6.2
01-04-2026 05:00,01-04-2026 05:15,15,28,78,0.27,26.5,6.23
01-04-2026 05:15,01-04-2026 05:30,15,28,77.75,0.31,55.26,6.15
01-04-2026 05:30,01-04-2026 05:45,15,28,77.68,0.42,88.99,6.09
01-04-2026 05:45,01-04-2026 06:00,40.23,67.5,77.68,0.27,73.6,6.74
01-04-2026 06:00,01-04-2026 06:15,10,28,78.01,0.27,224.86,9.72
01-04-2026 06:15,01-04-2026 06:30,10,28,78.24,0.27,215.67,13.91
01-04-2026 06:30,01-04-2026 06:45,10,28,77.63,0.27,87.34,21.48
01-04-2026 06:45,01-04-2026 07:00,10.25,37,77.51,0.27,103.37,26.47
01-04-2026 07:00,01-04-2026 07:15,21,40,79.19,0.27,115.54,27.94
01-04-2026 07:15,01-04-2026 07:30,21,40,78.75,0.27,104.54,37.18
01-04-2026 07:30,01-04-2026 07:45,21,40,77.72,0.36,138.36,103.53
01-04-2026 07:45,01-04-2026 08:00,21,97,75.31,0.65,73.83,128.58
01-04-2026 08:00,01-04-2026 08:15,42,116,72.42,1.17,91.76,152.63
01-04-2026 08:15,01-04-2026 08:30,42,116,71.19,0.98,26.5,166.96
01-04-2026 08:30,01-04-2026 08:45,42,116,70.36,0.99,65.04,184.25
01-04-2026 08:45,01-04-2026 09:00,41.85,86.6,69.47,0.94,26.5,202.01
01-04-2026 09:00,01-04-2026 09:15,9,28,68.66,1.05,38.41,222.31
01-04-2026 09:15,01-04-2026 09:30,9,28,68.67,1.3,39,239.65
01-04-2026 09:30,01-04-2026 09:45,7.5,28,68.93,0.91,67.07,256.64
01-04-2026 09:45,01-04-2026 10:00,8.8,36.8,68.5,0.84,26.5,271.72
01-04-2026 10:00,01-04-2026 10:15,13,39,67.92,1.1,99.15,284.15
01-04-2026 10:15,01-04-2026 10:30,13,39,67.8,1.31,67.9,297.02
01-04-2026 10:30,01-04-2026 10:45,13,39,67.3,1.1,66.09,311.08
01-04-2026 10:45,01-04-2026 11:00,37.18,63.75,67.05,1.62,49.8,319.84
01-04-2026 11:00,01-04-2026 11:15,20,29,67.61,1.28,37.81,327.57
01-04-2026 11:15,01-04-2026 11:30,20,29,66.96,0.9,41.4,333.65
01-04-2026 11:30,01-04-2026 11:45,20,29,67.01,1.29,62.22,338.17
01-04-2026 11:45,01-04-2026 12:00,12.8,25.8,66.73,1.33,101.35,339.23
01-04-2026 12:00,01-04-2026 12:15,12,25,66.74,1.51,79.8,339.5
01-04-2026 12:15,01-04-2026 12:30,12,25,66.39,0.85,79.34,340.43
01-04-2026 12:30,01-04-2026 12:45,12,25,65.14,1.59,64.47,337.23
01-04-2026 12:45,01-04-2026 13:00,31.84,50.6,65.16,1.27,36.39,333.51
01-04-2026 13:00,01-04-2026 13:15,13,20,65,1.37,26.5,327.22
01-04-2026 13:15,01-04-2026 13:30,13,20,65.05,0.85,49.61,318.79
01-04-2026 13:30,01-04-2026 13:45,13,20,64.6,1.01,50.23,311.19
01-04-2026 13:45,01-04-2026 14:00,29.42,46,64.92,1.39,98.11,301.72
01-04-2026 14:00,01-04-2026 14:15,8,12,64.46,1.02,59.47,287.55
01-04-2026 14:15,01-04-2026 14:30,8,12,63.93,0.63,80.79,273.2
01-04-2026 14:30,01-04-2026 14:45,8,12,64.14,0.93,51.34,258.04
01-04-2026 14:45,01-04-2026 15:00,5.6,10.4,64.01,0.86,48.76,241.89
01-04-2026 15:00,01-04-2026 15:15,4,10,63.84,0.75,77.86,223.37
01-04-2026 15:15,01-04-2026 15:30,4,10,64.2,0.8,65.89,204.63
01-04-2026 15:30,01-04-2026 15:45,4,10,64.29,0.71,37.81,185.13
01-04-2026 15:45,01-04-2026 16:00,27.71,45.6,64.83,1.09,74.85,164.37
01-04-2026 16:00,01-04-2026 16:15,11,17,65.34,0.72,36.88,143.9
01-04-2026 16:15,01-04-2026 16:30,11,17,65.43,0.7,63.2,122.92
01-04-2026 16:30,01-04-2026 16:45,11,17,65.76,0.85,45.91,102.37
01-04-2026 16:45,01-04-2026 17:00,9.2,17,66.32,0.46,50.79,81.09
01-04-2026 17:00,01-04-2026 17:15,8,17,67,1.01,54.76,61.24
01-04-2026 17:15,01-04-2026 17:30,8,17,67.94,1,55.4,39.13
01-04-2026 17:30,01-04-2026 17:45,8,17,68.94,0.45,59.94,16.83
01-04-2026 17:45,01-04-2026 18:00,26,48.6,70.32,0.58,79.01,11.59
01-04-2026 18:00,01-04-2026 18:15,5,22,71.79,0.71,64.07,7.74
01-04-2026 18:15,01-04-2026 18:30,5,22,72.46,0.56,75.47,6.35
01-04-2026 18:30,01-04-2026 18:45,5,22,73.33,0.76,83.79,6.15
01-04-2026 18:45,01-04-2026 19:00,35.93,55.25,72.85,0.41,95.88,6.32
01-04-2026 19:00,01-04-2026 19:15,18,21,73.02,0.57,105.82,6.31
01-04-2026 19:15,01-04-2026 19:30,18,21,73,0.93,65.28,6.23
01-04-2026 19:30,01-04-2026 19:45,18,21,73.62,0.53,77.67,6.42
01-04-2026 19:45,01-04-2026 20:00,9,24,73.74,0.61,86.09,6.36
01-04-2026 20:00,01-04-2026 20:15,9,24,74,0.41,88.08,6.46
01-04-2026 20:15,01-04-2026 20:30,9,24,73.44,0.73,50.44,6.39
01-04-2026 20:30,01-04-2026 20:45,9,24,73.23,0.79,93.45,6.55
01-04-2026 20:45,01-04-2026 21:00,6,20,73.12,0.51,64.85,6.38
01-04-2026 21:00,01-04-2026 21:15,7,20,73.35,0.52,68.86,6.44
01-04-2026 21:15,01-04-2026 21:30,7,20,73.87,0.51,42.11,6.41
01-04-2026 21:30,01-04-2026 21:45,7,20,73.88,0.32,88.01,6.38
01-04-2026 21:45,01-04-2026 22:00,4,13,73.57,0.34,65.33,6.39
01-04-2026 22:00,01-04-2026 22:15,5.2,13,74.06,0.57,93.63,6.46
01-04-2026 22:15,01-04-2026 22:30,6,13,74.4,0.76,80.01,6.38
01-04-2026 22:30,01-04-2026 22:45,5,13,73.77,0.72,40.73,6.21
01-04-2026 22:45,01-04-2026 23:00,25.06,38.8,74.12,0.29,78.37,6.15
01-04-2026 23:00,01-04-2026 23:15,10,13,74.2,0.55,33.65,6.15
01-04-2026 23:15,01-04-2026 23:30,10,13,74.73,0.28,30.46,6.22
01-04-2026 23:30,01-04-2026 23:45,10,13,74.78,0.52,83.16,6.18
01-04-2026 23:45,02-04-2026 00:00,8.6,20,75.45,0.44,68.86,6.24
02-04-2026 00:00,02-04-2026 00:15,11,20,75.94,0.49,49.64,6.1
02-04-2026 00:15,02-04-2026 00:30,11,20,76.04,0.42,102.95,6.24
02-04-2026 00:30,02-04-2026 00:45,11,20,76.37,0.41,64.25,6.1
02-04-2026 00:45,02-04-2026 01:00,26.42,47.6,76.84,0.27,64.72,6.17
02-04-2026 01:00,02-04-2026 01:15,7,21,76.65,0.28,50.72,6.01
02-04-2026 01:15,02-04-2026 01:30,7,21,76.85,0.61,56.24,6.07
02-04-2026 01:30,02-04-2026 01:45,7,21,76.7,0.43,40.11,6.08
02-04-2026 01:45,02-04-2026 02:00,20.13,40.2,77.63,0.54,71.44,5.97
02-04-2026 02:00,02-04-2026 02:15,,,,,,
02-04-2026 02:15,02-04-2026 02:30,5,20,77.8,0.62,43.05,6.13
02-04-2026 02:30,02-04-2026 02:45,5,20,77.55,0.32,81.07,6.25
02-04-2026 02:45,02-04-2026 03:00,25.02,43.17,78.11,0.48,69.26,6.32
02-04-2026 03:00,02-04-2026 03:15,,,,,,
02-04-2026 03:15,02-04-2026 03:30,8,17,78.45,0.41,75.12,6.26
02-04-2026 03:30,02-04-2026 03:45,8,17.5,78.63,0.42,95.75,6.39
02-04-2026 03:45,02-04-2026 04:00,12,22,78.89,0.27,35.53,6.32
02-04-2026 04:00,02-04-2026 04:15,,,,,,
02-04-2026 04:15,02-04-2026 04:30,12,22,78.13,0.27,26.5,6.48
02-04-2026 04:30,02-04-2026 04:45,12,21.9,77.9,0.27,52.22,6.36
02-04-2026 04:45,02-04-2026 05:00,8,21,78.43,0.3,26.5,6.32
02-04-2026 05:00,02-04-2026 05:15,,,,,,
02-04-2026 05:15,02-04-2026 05:30,10,21,79.17,0.53,145.07,6.38
02-04-2026 05:30,02-04-2026 05:45,10,29.2,80,0.69,225.62,6.61
02-04-2026 05:45,02-04-2026 06:00,,,,,,
02-04-2026 06:00,02-04-2026 06:15,45.24,87.2,80.44,0.36,284.76,7.93
02-04-2026 06:15,02-04-2026 06:30,26,62,80.57,0.69,199.12,11.06
02-04-2026 06:30,02-04-2026 06:45,26,64.7,80.04,0.89,250.79,17.53
02-04-2026 06:45,02-04-2026 07:00,38.4,89,79.08,1.06,194.73,20.96
02-04-2026 07:00,02-04-2026 07:15,,,,,,
02-04-2026 07:15,02-04-2026 07:30,48,89,77.47,1.36,185.16,54.05
02-04-2026 07:30,02-04-2026 07:45,38.4,89.4,76.46,0.92,223.06,116.76
02-04-2026 07:45,02-04-2026 08:00,25.6,91,75.47,0.76,241.52,135.23
02-04-2026 08:00,02-04-2026 08:15,32,91,74.53,0.88,181.95,155.49
02-04-2026 08:15,02-04-2026 08:30,,,,,,
02-04-2026 08:30,02-04-2026 08:45,32,91,73.51,0.99,105.37,180.68
02-04-2026 08:45,02-04-2026 09:00,40.05,91.7,70.14,0.92,124.27,227.26
02-04-2026 09:00,02-04-2026 09:15,,,,,,
02-04-2026 09:15,02-04-2026 09:30,32,76,68.03,0.51,34.26,251.69
02-04-2026 09:30,02-04-2026 09:45,32,72.3,67.53,1.08,62.45,270.14
02-04-2026 09:45,02-04-2026 10:00,20,39,67.69,0.43,65.03,286.73
02-04-2026 10:00,02-04-2026 10:15,,,,,,
02-04-2026 10:15,02-04-2026 10:30,20,39,67.12,0.44,49.2,298.41
02-04-2026 10:30,02-04-2026 10:45,20,39,67.73,0.95,41.33,311.27
02-04-2026 10:45,02-04-2026 11:00,16,32.6,67.39,1.25,26.5,320.03
02-04-2026 11:00,02-04-2026 11:15,15,23,66.87,2.18,34.19,328.47
02-04-2026 11:15,02-04-2026 11:30,15,23,66.73,1.05,94.5,336.94
02-04-2026 11:30,02-04-2026 11:45,15,23,66.02,0.74,33.88,342.32
02-04-2026 11:45,02-04-2026 12:00,12,25,66.43,1.28,50.33,346.39
02-04-2026 12:00,02-04-2026 12:15,13,28,67.48,1.43,54.6,348
02-04-2026 12:15,02-04-2026 12:30,13,28,67.54,1.01,34.38,346.91
02-04-2026 12:30,02-04-2026 12:45,13,28,67.14,1.4,33.45,345.05
02-04-2026 12:45,02-04-2026 13:00,10.4,28.8,67.07,0.93,75.76,341.18
02-04-2026 13:00,02-04-2026 13:15,14,30,67.05,1.12,204.92,336.25
02-04-2026 13:15,02-04-2026 13:30,14,30,67.43,0.93,38.68,327.58
02-04-2026 13:30,02-04-2026 13:45,14,30,67.37,1.18,87.62,319.99
02-04-2026 13:45,02-04-2026 14:00,11.2,26,66.73,1.06,48.73,308.57
02-04-2026 14:00,02-04-2026 14:15,10,20,67.44,0.92,43.65,298.38
02-04-2026 14:15,02-04-2026 14:30,10,20,67.25,1.06,81.47,284.42
02-04-2026 14:30,02-04-2026 14:45,10,20,67.1,0.95,26.5,268.72
02-04-2026 14:45,02-04-2026 15:00,8,18.8,66.9,1.02,63.7,252.18
02-04-2026 15:00,02-04-2026 15:15,6,17,67.77,0.91,80.86,237.13
02-04-2026 15:15,02-04-2026 15:30,6,17,67.35,0.69,75.57,216.77
02-04-2026 15:30,02-04-2026 15:45,6,17,68.01,0.67,89.31,195.57
02-04-2026 15:45,02-04-2026 16:00,4.8,16.6,68.15,0.76,60.38,173.45
02-04-2026 16:00,02-04-2026 16:15,7,16,68.61,1.02,69.94,154.03
02-04-2026 16:15,02-04-2026 16:30,7,16,69.29,1.01,84.53,132.41
02-04-2026 16:30,02-04-2026 16:45,7,16,69.77,0.82,63.4,107.91
02-04-2026 16:45,02-04-2026 17:00,5.6,16.8,69.96,0.59,70.05,88.8
02-04-2026 17:00,02-04-2026 17:15,11,18,70.51,1.02,107.59,72.28
02-04-2026 17:15,02-04-2026 17:30,11,18,71.61,0.62,91.07,51.45
02-04-2026 17:30,02-04-2026 17:45,11,18,72.46,0.87,63.98,20.41
02-04-2026 17:45,02-04-2026 18:00,8.8,18.4,74.27,0.4,119.27,12.82
02-04-2026 18:00,02-04-2026 18:15,12,19,76.19,0.44,94.86,8.55
02-04-2026 18:15,02-04-2026 18:30,11.6,19,77.4,0.64,82.49,6.47
02-04-2026 18:30,02-04-2026 18:45,12.75,19,78.24,0.6,58.44,5.97
02-04-2026 18:45,02-04-2026 19:00,11.5,21,78.44,0.43,77.66,6.04
02-04-2026 19:00,02-04-2026 19:15,16,25,78.8,0.64,116.16,5.97
02-04-2026 19:15,02-04-2026 19:30,16,25,79.05,0.62,74.4,6.13
02-04-2026 19:30,02-04-2026 19:45,16,25,79.45,0.64,91.94,6.18
02-04-2026 19:45,02-04-2026 20:00,12.8,27,79.57,0.52,87.6,6.15
02-04-2026 20:00,02-04-2026 20:15,23.2,30,79.87,0.68,116.59,6.36
02-04-2026 20:15,02-04-2026 20:30,22.4,30,79.71,0.56,88.4,6.39
02-04-2026 20:30,02-04-2026 20:45,21.5,30,79.76,0.75,67.16,6.47
02-04-2026 20:45,02-04-2026 21:00,18.33,27.67,79.69,0.49,80.73,6.25
02-04-2026 21:00,02-04-2026 21:15,14.6,23,79.83,0.51,92.74,6.48
02-04-2026 21:15,02-04-2026 21:30,14.8,23,79.59,0.37,97.73,6.39
02-04-2026 21:30,02-04-2026 21:45,14.4,23,79.99,0.53,75.42,6.48
02-04-2026 21:45,02-04-2026 22:00,13.4,24.6,80.13,0.56,56.2,6.35
02-04-2026 22:00,02-04-2026 22:15,18,27,80.27,0.75,52.03,6.47
02-04-2026 22:15,02-04-2026 22:30,18,27,80.19,0.43,80.83,6.52
02-04-2026 22:30,02-04-2026 22:45,18,27,80.55,0.49,54.92,6.54
02-04-2026 22:45,02-04-2026 23:00,11.6,21.8,80.58,0.29,89.95,6.31
02-04-2026 23:00,02-04-2026 23:15,6.75,14,80.63,0.58,95.5,6.57
02-04-2026 23:15,02-04-2026 23:30,6.83,14,80.32,0.66,68.12,6.34
02-04-2026 23:30,02-04-2026 23:45,6.4,14,80.13,0.57,45.06,6.21
02-04-2026 23:45,03-04-2026 00:00,6.8,17.2,80.25,0.43,95.61,6.25
03-04-2026 00:00,03-04-2026 00:15,13.8,22,80.58,0.46,73.02,6.21
03-04-2026 00:15,03-04-2026 00:30,13.2,22,79.91,0.47,80.5,6.17
03-04-2026 00:30,03-04-2026 00:45,14.2,22,80.1,0.27,84.45,6.17
03-04-2026 00:45,03-04-2026 01:00,29.24,45,80.4,0.38,86.58,6.01
03-04-2026 01:00,03-04-2026 01:15,3,11,80.15,0.36,91.79,5.96
03-04-2026 01:15,03-04-2026 01:30,3,11,80.1,0.28,78.04,6.08
03-04-2026 01:30,03-04-2026 01:45,3,11,80.1,0.63,129.04,5.94
03-04-2026 01:45,03-04-2026 02:00,2.4,13,79.64,0.35,120.27,6.11
03-04-2026 02:00,03-04-2026 02:15,10,16,80.07,0.66,78.09,5.97
03-04-2026 02:15,03-04-2026 02:30,10,16,79.1,0.27,70.33,6.01
03-04-2026 02:30,03-04-2026 02:45,10,16,79.54,0.37,60.71,5.94
03-04-2026 02:45,03-04-2026 03:00,30.62,48.2,78.92,0.51,129.64,5.94
03-04-2026 03:00,03-04-2026 03:15,6,19,78.99,0.49,26.5,5.94
03-04-2026 03:15,03-04-2026 03:30,6,19,78.98,0.27,71.03,5.97
03-04-2026 03:30,03-04-2026 03:45,6,19,79.81,0.27,120.43,6.07
03-04-2026 03:45,03-04-2026 04:00,5.4,29,80.06,0.27,26.5,5.89
03-04-2026 04:00,03-04-2026 04:15,9,44,80.36,0.27,94.61,5.9
03-04-2026 04:15,03-04-2026 04:30,9,44,81.55,1.4,191.85,6.2
03-04-2026 04:30,03-04-2026 04:45,9,44,82.5,0.58,235.85,6.22
03-04-2026 04:45,03-04-2026 05:00,27.09,67.2,83.05,0.79,191.35,6.17
03-04-2026 05:00,03-04-2026 05:15,27,51,83.6,1.44,237.12,6.14
03-04-2026 05:15,03-04-2026 05:30,27,51,83.86,0.97,273.72,6
03-04-2026 05:30,03-04-2026 05:45,27,51,84.24,0.48,289.3,6.34
03-04-2026 05:45,03-04-2026 06:00,40.58,73.6,84.63,0.64,236.09,7.27
03-04-2026 06:00,03-04-2026 06:15,37,69,84.78,0.79,117.97,10.48
03-04-2026 06:15,03-04-2026 06:30,37,69,84.69,1.13,205.53,16.28
03-04-2026 06:30,03-04-2026 06:45,37,69,83.95,1.07,205.26,19.71
03-04-2026 06:45,03-04-2026 07:00,29.6,66.6,83.11,0.95,225.21,22.26
03-04-2026 07:00,03-04-2026 07:15,38,63,82.24,1.09,181.6,24.9
03-04-2026 07:15,03-04-2026 07:30,38,63,81.35,1.55,191.75,52.46
03-04-2026 07:30,03-04-2026 07:45,38,63,81.05,1.11,185.82,102.18
03-04-2026 07:45,03-04-2026 08:00,48.47,81,80.04,0.83,179.37,127.26
03-04-2026 08:00,03-04-2026 08:15,32,77,78.71,1.08,268.39,150.1
03-04-2026 08:15,03-04-2026 08:30,32,77,76.79,1.59,129.64,172.29
03-04-2026 08:30,03-04-2026 08:45,32,77,74.39,1.17,131.53,186.44
03-04-2026 08:45,03-04-2026 09:00,47.83,90.8,71.52,0.92,145.99,206.39
03-04-2026 09:00,03-04-2026 09:15,21,52,69.19,1.37,218.72,229.59
03-04-2026 09:15,03-04-2026 09:30,21,52,69.58,1.23,193.49,193.19
03-04-2026 09:30,03-04-2026 09:45,21,52,67.04,0.89,129.68,268.63
03-04-2026 09:45,03-04-2026 10:00,33.18,64.6,66.19,0.67,131.68,271.79
03-04-2026 10:00,03-04-2026 10:15,12,41,66.22,0.61,139.7,285.85
03-04-2026 10:15,03-04-2026 10:30,12,41,67.47,1.49,100.56,292.94
03-04-2026 10:30,03-04-2026 10:45,12,41,68.9,1.08,81.31,307.54
03-04-2026 10:45,03-04-2026 11:00,30.27,64.8,69.56,1.64,100.41,315.73
03-04-2026 11:00,03-04-2026 11:15,20,42,69.71,1.34,91.24,322.75
03-04-2026 11:15,03-04-2026 11:30,20,42,69.45,1.08,59.9,331
03-04-2026 11:30,03-04-2026 11:45,20,42,69.63,1.66,87.26,334.66
03-04-2026 11:45,03-04-2026 12:00,16,36.8,70.01,1.14,51.82,336.78
03-04-2026 12:00,03-04-2026 12:15,5,29,69.17,1,86.67,334.84
03-04-2026 12:15,03-04-2026 12:30,5,29,68.29,1.06,81.47,334.19
03-04-2026 12:30,03-04-2026 12:45,5,29,68.37,1.31,79.73,327.9
03-04-2026 12:45,03-04-2026 13:00,21.68,51.4,67.75,1.73,117.72,324.76
03-04-2026 13:00,03-04-2026 13:15,9,34,67.86,1.42,72.67,318
03-04-2026 13:15,03-04-2026 13:30,9,34,67.86,0.89,52.48,313.24
03-04-2026 13:30,03-04-2026 13:45,9,34,67.12,0.86,57.68,304.91
03-04-2026 13:45,03-04-2026 14:00,31.77,62.8,66.48,1.32,62.38,294.99
03-04-2026 14:00,03-04-2026 14:15,12,23,67.55,1.86,138.91,281.52
03-04-2026 14:15,03-04-2026 14:30,12,23,67.55,1.62,75.9,267.42
03-04-2026 14:30,03-04-2026 14:45,12,23,67.65,1.45,50.12,251.86
03-04-2026 14:45,03-04-2026 15:00,11.2,24.6,67.6,1.51,79.54,236.07
03-04-2026 15:00,03-04-2026 15:15,8,27,67.47,1.41,87.06,218.66
03-04-2026 15:15,03-04-2026 15:30,8,27,68.01,1.43,59.83,200.44
03-04-2026 15:30,03-04-2026 15:45,8,27,67.99,1.34,58.94,182.24
03-04-2026 15:45,03-04-2026 16:00,6.4,27.4,67.86,1.86,109.29,162.92
03-04-2026 16:00,03-04-2026 16:15,21,28,68.15,0.98,78.91,144.25
03-04-2026 16:15,03-04-2026 16:30,21,28,68.5,0.86,90.73,124.29
03-04-2026 16:30,03-04-2026 16:45,21,28,69.39,1.28,91.64,104.88
03-04-2026 16:45,03-04-2026 17:00,12.6,27.6,70.11,1.2,82.73,84.42
03-04-2026 17:00,03-04-2026 17:15,17,27,70.92,1.14,65.76,64.67
03-04-2026 17:15,03-04-2026 17:30,17,27,71.65,0.79,100.2,45.71
03-04-2026 17:30,03-04-2026 17:45,17,27,72.61,0.68,93.59,19.98
03-04-2026 17:45,03-04-2026 18:00,10.2,25.8,73.74,0.77,56.75,13.76
03-04-2026 18:00,03-04-2026 18:15,12,24,75.11,0.69,74.67,8.57
03-04-2026 18:15,03-04-2026 18:30,12,24,75.82,0.68,108.65,6.35
03-04-2026 18:30,03-04-2026 18:45,12,24,76.21,1.1,90.72,6.1
03-04-2026 18:45,03-04-2026 19:00,9.6,24.8,76.42,0.7,62.47,6.01
03-04-2026 19:00,03-04-2026 19:15,18,26,77.12,0.88,87.08,5.99
03-04-2026 19:15,03-04-2026 19:30,18,26,77.39,0.77,111.04,6.08
03-04-2026 19:30,03-04-2026 19:45,18,26,77.62,0.79,69.91,6.1
03-04-2026 19:45,03-04-2026 20:00,18.8,28.8,77.66,1.05,122.78,6.13
03-04-2026 20:00,03-04-2026 20:15,22,33,77.58,0.75,96.32,6.2
03-04-2026 20:15,03-04-2026 20:30,22,33,77.76,0.74,100.03,6.18
03-04-2026 20:30,03-04-2026 20:45,22,33,77.76,0.41,81.14,6.11
03-04-2026 20:45,03-04-2026 21:00,35.93,54.6,77.94,0.62,94.11,5.97
03-04-2026 21:00,03-04-2026 21:15,18,33,78.26,0.77,133.33,6.28
03-04-2026 21:15,03-04-2026 21:30,18,33,78.76,0.73,80.71,6.42
03-04-2026 21:30,03-04-2026 21:45,18,33,78.61,0.92,58.15,6.41
03-04-2026 21:45,03-04-2026 22:00,28.96,48.2,78.47,0.43,90.01,6.22
03-04-2026 22:00,03-04-2026 22:15,21,30,78.66,0.38,87.27,6.44
03-04-2026 22:15,03-04-2026 22:30,21,30,79.17,0.72,72.52,6.45
03-04-2026 22:30,03-04-2026 22:45,21,30,79.9,0.42,80.47,6.42
03-04-2026 22:45,03-04-2026 23:00,34.61,51,80.54,0.79,58.55,6.36
03-04-2026 23:00,03-04-2026 23:15,16,28,80.31,1.25,26.5,6.41
03-04-2026 23:15,03-04-2026 23:30,16,28,80.62,1.11,114.16,6.46
03-04-2026 23:30,03-04-2026 23:45,16,28,80.82,0.81,100.9,6.34
03-04-2026 23:45,04-04-2026 00:00,12.8,36,81.18,1.1,84.66,6.25
04-04-2026 00:00,04-04-2026 00:15,15,48,81.5,0.96,69.77,6.23
04-04-2026 00:15,04-04-2026 00:30,15,48,81.65,0.99,77.51,6.24
04-04-2026 00:30,04-04-2026 00:45,15,48,81.67,1.44,130.64,6.32
04-04-2026 00:45,04-04-2026 01:00,34.1,68.8,82.15,1.23,26.5,6.17
04-04-2026 01:00,04-04-2026 01:15,9,30,82.09,0.96,202.84,6.28
04-04-2026 01:15,04-04-2026 01:30,9,30,81.64,0.97,145.71,6.25
04-04-2026 01:30,04-04-2026 01:45,9,30,81.59,1.52,26.5,6.28
04-04-2026 01:45,04-04-2026 02:00,7.2,25.6,81.61,0.57,137.73,6.08
04-04-2026 02:00,04-04-2026 02:15,12,19,81.44,0.61,230.75,6.07
04-04-2026 02:15,04-04-2026 02:30,10.6,19,81.55,0.92,179.26,6
04-04-2026 02:30,04-04-2026 02:45,11.8,19,82.01,0.91,134.06,6.06
04-04-2026 02:45,04-04-2026 03:00,9,19.4,82.35,0.82,181.82,5.92
04-04-2026 03:00,04-04-2026 03:15,5,20,82.75,1.3,109.53,6.04
04-04-2026 03:15,04-04-2026 03:30,5,20,82.99,0.78,207.64,6.08
04-04-2026 03:30,04-04-2026 03:45,5,20,83.2,1.13,122.56,6.08
04-04-2026 03:45,04-04-2026 04:00,4,20,83.34,0.27,248.2,5.97
04-04-2026 04:00,04-04-2026 04:15,8,20,83.65,0.73,240.09,6.03
04-04-2026 04:15,04-04-2026 04:30,8,20,83.73,1.34,189.7,6.08
04-04-2026 04:30,04-04-2026 04:45,8,20,83.92,0.99,151.15,6.06
04-04-2026 04:45,04-04-2026 05:00,7.4,22.8,84.32,0.8,180.27,5.82
04-04-2026 05:00,04-04-2026 05:15,13,27,84.66,0.91,187.5,6.08
04-04-2026 05:15,04-04-2026 05:30,13,27,84.84,0.82,223.42,6.01
04-04-2026 05:30,04-04-2026 05:45,13,27,84.98,0.85,215.38,6.01
04-04-2026 05:45,04-04-2026 06:00,10.4,31.4,85.02,0.85,223.43,7.07
04-04-2026 06:00,04-04-2026 06:15,18,38,84.91,0.94,198.95,11.86
04-04-2026 06:15,04-04-2026 06:30,18,38,84.6,0.59,157.38,20.3
04-04-2026 06:30,04-04-2026 06:45,18,38,83.78,0.95,113.28,26.54
04-04-2026 06:45,04-04-2026 07:00,33.64,61.2,82.73,0.94,168.19,34.69
04-04-2026 07:00,04-04-2026 07:15,20,44,81.63,0.89,178.53,42.72
04-04-2026 07:15,04-04-2026 07:30,20,44,79.8,1.32,103.09,51.54
04-04-2026 07:30,04-04-2026 07:45,20,44,78.74,1.23,151,58.81
04-04-2026 07:45,04-04-2026 08:00,38.62,71.2,78.36,1.27,106.73,79.69
04-04-2026 08:00,04-04-2026 08:15,23,50,77.73,2.04,170.02,102.65
04-04-2026 08:15,04-04-2026 08:30,23,50,77.09,1.69,149.29,108.62
04-04-2026 08:30,04-04-2026 08:45,23,50,76.15,1.29,136.06,158.46
04-04-2026 08:45,04-04-2026 09:00,42.58,77.8,74.89,1.42,178.62,146.31
04-04-2026 09:00,04-04-2026 09:15,18,53,73.96,1.62,238.4,100.48
04-04-2026 09:15,04-04-2026 09:30,18,53,73.29,1.23,69.8,97.02
04-04-2026 09:30,04-04-2026 09:45,18,53,73.16,1.37,180.62,191.92
04-04-2026 09:45,04-04-2026 10:00,14.4,56.6,70.74,1.56,164.01,140.71
04-04-2026 10:00,04-04-2026 10:15,27,62,70.64,1.79,223.54,228.72
04-04-2026 10:15,04-04-2026 10:30,27,62,71.46,1.4,92.18,253.11
04-04-2026 10:30,04-04-2026 10:45,27,62,72.77,1.12,66.15,251.99
04-04-2026 10:45,04-04-2026 11:00,41.62,79.6,73.53,1.78,114.84,252.07
04-04-2026 11:00,04-04-2026 11:15,11,58,74.48,1.14,145.63,279.76
04-04-2026 11:15,04-04-2026 11:30,11,58,75.27,1.69,57.49,232.14
04-04-2026 11:30,04-04-2026 11:45,11,58,75.28,1.38,124.69,259.38
04-04-2026 11:45,04-04-2026 12:00,25.44,68.4,75.25,1.47,124.89,253.03
04-04-2026 12:00,04-04-2026 12:15,20,40,74.85,1.95,114.56,293.28
04-04-2026 12:15,04-04-2026 12:30,20,40,74.5,1.1,71.01,216.63
04-04-2026 12:30,04-04-2026 12:45,20,40,75.36,1.51,93.53,283.51
04-04-2026 12:45,04-04-2026 13:00,16,47.2,75.07,1.48,86.68,231.57
04-04-2026 13:00,04-04-2026 13:15,32,58,75.86,1.75,66.88,238.21
04-04-2026 13:15,04-04-2026 13:30,32,58,74.53,2.24,61.4,306.52
04-04-2026 13:30,04-04-2026 13:45,32,58,74.15,1.87,124.59,244.22
04-04-2026 13:45,04-04-2026 14:00,25.6,52.8,74.92,2.1,47.74,240.13
04-04-2026 14:00,04-04-2026 14:15,10,45,73.83,2.12,53.09,264.62
04-04-2026 14:15,04-04-2026 14:30,10,45,73.7,1.64,109.23,242.71
04-04-2026 14:30,04-04-2026 14:45,10,45,73.46,1.98,90.48,225.46
04-04-2026 14:45,04-04-2026 15:00,26.93,66.2,72.82,1.51,71.21,173.95
04-04-2026 15:00,04-04-2026 15:15,20,35,73.72,1.86,96.68,180.32
04-04-2026 15:15,04-04-2026 15:30,20,35,73.59,2.13,120.51,179.28
04-04-2026 15:30,04-04-2026 15:45,20,35,73.49,0.97,56.95,180.04
04-04-2026 15:45,04-04-2026 16:00,16,33.4,72.25,1.68,108.3,177.56
04-04-2026 16:00,04-04-2026 16:15,13,31,72.49,1.2,125.94,143.93
04-04-2026 16:15,04-04-2026 16:30,13,31,73.91,0.96,126.66,111.84
04-04-2026 16:30,04-04-2026 16:45,13,31,75.21,1.65,93.99,89.8
04-04-2026 16:45,04-04-2026 17:00,30.94,59.6,77.07,1.71,66.99,44.89
04-04-2026 17:00,04-04-2026 17:15,9,27,78.82,1.65,38.43,28.26
04-04-2026 17:15,04-04-2026 17:30,9,27,80.31,1.29,113.61,21.87
04-04-2026 17:30,04-04-2026 17:45,9,27,80.88,1.32,89.24,16.26
04-04-2026 17:45,04-04-2026 18:00,9,25,81.05,0.65,122.33,10.86
04-04-2026 18:00,04-04-2026 18:15,7,22,81.5,0.92,76.5,7.34
04-04-2026 18:15,04-04-2026 18:30,7,22,82.29,1.08,110.48,6.59
04-04-2026 18:30,04-04-2026 18:45,7,22,82.49,0.71,75.9,6.34
04-04-2026 18:45,04-04-2026 19:00,9.4,22.8,82.76,0.94,49.45,6.2
04-04-2026 19:00,04-04-2026 19:15,19,24,82.94,0.91,81.2,6.13
04-04-2026 19:15,04-04-2026 19:30,19,24,83.02,1.62,62.7,6.1
04-04-2026 19:30,04-04-2026 19:45,19,24,83.33,1.31,98.41,6.1
04-04-2026 19:45,04-04-2026 20:00,35.61,51.6,83.54,1.4,89.67,6.06
04-04-2026 20:00,04-04-2026 20:15,12,29,83.79,0.9,124.9,6.1
04-04-2026 20:15,04-04-2026 20:30,12,29,84.07,2.23,62.38,6.07
04-04-2026 20:30,04-04-2026 20:45,12,29,84.19,1.55,155.55,5.96
04-04-2026 20:45,04-04-2026 21:00,33.13,58.8,84.19,1.22,172.58,5.86
04-04-2026 21:00,04-04-2026 21:15,14,26,84.52,1.81,101.01,5.99
04-04-2026 21:15,04-04-2026 21:30,14,26,84.99,1.43,125.71,6.06
04-04-2026 21:30,04-04-2026 21:45,14,26,85.47,1.69,27.18,5.89
04-04-2026 21:45,04-04-2026 22:00,11.2,28.8,85.62,0.68,82.53,5.93
04-04-2026 22:00,04-04-2026 22:15,9,33,85.86,1.04,117.27,5.97
04-04-2026 22:15,04-04-2026 22:30,9,33,86.07,1,123.97,6.1
04-04-2026 22:30,04-04-2026 22:45,9,33,86.17,1.17,147.11,6.07
04-04-2026 22:45,04-04-2026 23:00,7.2,29.4,86.2,1.73,66.72,6.28
04-04-2026 23:00,04-04-2026 23:15,6,24,86.35,1.71,97.74,6.34
04-04-2026 23:15,04-04-2026 23:30,6,24,86.31,1.49,37.04,6.29
04-04-2026 23:30,04-04-2026 23:45,6,24,86.34,1.4,71.22,6.29
04-04-2026 23:45,05-04-2026 00:00,4.8,25.2,86.17,1.18,110.29,6.27
05-04-2026 00:00,05-04-2026 00:15,14,27,86.03,1.65,165.6,6.29
05-04-2026 00:15,05-04-2026 00:30,14,27,85.92,1.1,126.53,6.41
05-04-2026 00:30,05-04-2026 00:45,14,27,85.95,1.48,128.97,6.42
05-04-2026 00:45,05-04-2026 01:00,8.4,25,86.04,1.35,82.12,6.34
05-04-2026 01:00,05-04-2026 01:15,13,22,86.04,1.11,82.51,6.41
05-04-2026 01:15,05-04-2026 01:30,13,22,86.28,0.81,116.3,6.41
05-04-2026 01:30,05-04-2026 01:45,13,22,86.64,1.13,94.22,6.36
05-04-2026 01:45,05-04-2026 02:00,10.4,22,86.74,1.24,106.38,6.45
05-04-2026 02:00,05-04-2026 02:15,7,22,86.63,0.94,159.63,6.45
05-04-2026 02:15,05-04-2026 02:30,7,22,86.48,1.38,107.65,6.38
05-04-2026 02:30,05-04-2026 02:45,7,22,86.36,1.22,109.69,6.44
05-04-2026 02:45,05-04-2026 03:00,5.6,20.8,86.32,1.29,144.86,6.34
05-04-2026 03:00,05-04-2026 03:15,4,19,86.42,1.2,121.59,6.25
05-04-2026 03:15,05-04-2026 03:30,4,19,86.48,0.89,125.87,6.24
05-04-2026 03:30,05-04-2026 03:45,4,19,86.79,1.4,103.74,6.18
05-04-2026 03:45,05-04-2026 04:00,2.54,17.8,87.01,0.84,80.68,6.17
05-04-2026 04:00,05-04-2026 04:15,0.7,16,87.24,0.86,99.92,6.1
05-04-2026 04:15,05-04-2026 04:30,0.7,16,87.25,0.59,148.22,6.17
05-04-2026 04:30,05-04-2026 04:45,0.7,16,87.34,0.89,83.21,6
05-04-2026 04:45,05-04-2026 05:00,22.4,45.8,85.77,0.68,190.7,5.96
05-04-2026 05:00,05-04-2026 05:15,7,13,82.89,1.38,234.27,6.1
05-04-2026 05:15,05-04-2026 05:30,7,13,82.84,1.43,172.49,6.07
05-04-2026 05:30,05-04-2026 05:45,7,13,82.73,0.81,197.98,6.17
05-04-2026 05:45,05-04-2026 06:00,5.6,37.4,81.61,1.43,227.49,7.83
05-04-2026 06:00,05-04-2026 06:15,41,74,80.23,0.63,200.38,13.82
05-04-2026 06:15,05-04-2026 06:30,41,74,79.06,0.62,221.35,19.76
05-04-2026 06:30,05-04-2026 06:45,41,74,78.22,1.11,195.91,24.72
05-04-2026 06:45,05-04-2026 07:00,39,68,77.49,1.13,123.69,32.61
05-04-2026 07:00,05-04-2026 07:15,31,59,76.15,1.96,164.75,47.46
05-04-2026 07:15,05-04-2026 07:30,31,59,74.68,1.14,222.53,91.06
05-04-2026 07:30,05-04-2026 07:45,31,59,73.61,1.66,187.02,120.23
05-04-2026 07:45,05-04-2026 08:00,24.8,66.6,71.88,1.88,224.12,73.41
05-04-2026 08:00,05-04-2026 08:15,41,78,71.39,1.18,166.18,53.38
05-04-2026 08:15,05-04-2026 08:30,41,78,70.93,1.83,187.74,55.21
05-04-2026 08:30,05-04-2026 08:45,41,78,70.11,1.08,165.02,147.13
05-04-2026 08:45,05-04-2026 09:00,48.66,84.8,67.68,1.3,178.65,182.99
05-04-2026 09:00,05-04-2026 09:15,32,68,66.04,1.24,157.69,195.73
05-04-2026 09:15,05-04-2026 09:30,32,68,64.36,1.55,128.73,215.24
05-04-2026 09:30,05-04-2026 09:45,32,68,63.46,1.74,111.94,226.67
05-04-2026 09:45,05-04-2026 10:00,25.6,74.8,65.74,1.48,86.22,241.41
05-04-2026 10:00,05-04-2026 10:15,35,85,67.02,1.29,62.13,256.29
05-04-2026 10:15,05-04-2026 10:30,35,85,68.26,1.27,76.41,267.19
05-04-2026 10:30,05-04-2026 10:45,35,85,69.95,1.47,100.25,276.54
05-04-2026 10:45,05-04-2026 11:00,28,85.4,70.67,1.55,104.16,283.97
05-04-2026 11:00,05-04-2026 11:15,15,86,71.9,1.27,48.68,291.5
05-04-2026 11:15,05-04-2026 11:30,15,86,72.85,0.88,26.9,297.27
05-04-2026 11:30,05-04-2026 11:45,15,86,71.56,1.28,78.26,297.28
05-04-2026 11:45,05-04-2026 12:00,13.8,72.8,71.98,1.36,69.94,299.24
05-04-2026 12:00,05-04-2026 12:15,24,53,72.88,1.92,67.37,303.68
05-04-2026 12:15,05-04-2026 12:30,24,53,72.69,1.57,69.49,299.58
05-04-2026 12:30,05-04-2026 12:45,24,53,72.01,1.25,34.83,297.02
05-04-2026 12:45,05-04-2026 13:00,19.2,57,71.02,1.32,72.04,294.4
05-04-2026 13:00,05-04-2026 13:15,47,63,72.55,2.28,42.73,283.06
05-04-2026 13:15,05-04-2026 13:30,47,63,73.19,1.79,40.66,268.24
05-04-2026 13:30,05-04-2026 13:45,47,63,73.66,2.09,40.41,276.86
05-04-2026 13:45,05-04-2026 14:00,37.4,51,74.31,1.65,68.91,259.45
05-04-2026 14:00,05-04-2026 14:15,13,33,74.72,1.87,58.96,241.57
05-04-2026 14:15,05-04-2026 14:30,13,33,74.77,1.62,87.58,226.36
05-04-2026 14:30,05-04-2026 14:45,13,33,75.1,1.89,50.34,217.34
05-04-2026 14:45,05-04-2026 15:00,14.6,32.6,75.92,1.5,65.09,198.76
05-04-2026 15:00,05-04-2026 15:15,21,32,74.8,0.96,51.46,192.13
05-04-2026 15:15,05-04-2026 15:30,21,32,73.61,1.04,66.26,175.38
05-04-2026 15:30,05-04-2026 15:45,21,32,74.46,1.51,47.23,154.32
05-04-2026 15:45,05-04-2026 16:00,16.8,32.8,76.36,1.78,50.92,129.15
05-04-2026 16:00,05-04-2026 16:15,18,34,76.86,0.64,92.61,116.84
05-04-2026 16:15,05-04-2026 16:30,18,34,76.16,1.14,70.7,100.66
05-04-2026 16:30,05-04-2026 16:45,18,34,78.17,1.03,75.75,81.47
05-04-2026 16:45,05-04-2026 17:00,14.4,32.8,79.27,1.29,83.31,59.48
05-04-2026 17:00,05-04-2026 17:15,13,31,80.35,1.06,44.46,44.05
05-04-2026 17:15,05-04-2026 17:30,13,31,81.5,1.1,49.13,30.68
05-04-2026 17:30,05-04-2026 17:45,13,31,82.67,0.97,55.92,22.02
05-04-2026 17:45,05-04-2026 18:00,14.4,28.6,83.35,1.09,64.81,14.61
05-04-2026 18:00,05-04-2026 18:15,18.2,25,84.35,1.46,39.2,9.89
05-04-2026 18:15,05-04-2026 18:30,17,25,84.63,1.37,72.3,7
05-04-2026 18:30,05-04-2026 18:45,17.6,25,85.16,0.93,85.17,6.39
05-04-2026 18:45,05-04-2026 19:00,29.72,49.4,85.4,0.57,58.67,6.29
05-04-2026 19:00,05-04-2026 19:15,16,48,85.6,0.56,75.4,6.38
05-04-2026 19:15,05-04-2026 19:30,16,48,86.04,1.01,98.13,6.42
05-04-2026 19:30,05-04-2026 19:45,16,48,86.19,1.18,105.29,6.39
05-04-2026 19:45,05-04-2026 20:00,9.6,50.4,86.35,1.19,124.72,6.25
05-04-2026 20:00,05-04-2026 20:15,13,54,86.5,0.55,69.2,6.21
05-04-2026 20:15,05-04-2026 20:30,13,54,86.62,0.4,98.07,6.14
05-04-2026 20:30,05-04-2026 20:45,13,54,86.73,0.53,72.3,6.06
05-04-2026 20:45,05-04-2026 21:00,13,48.4,86.76,0.89,110.78,5.96
05-04-2026 21:00,05-04-2026 21:15,9,40,86.94,1.72,49.93,6.08
05-04-2026 21:15,05-04-2026 21:30,9,40,87.09,1.14,112.23,6.06
05-04-2026 21:30,05-04-2026 21:45,9,40,87.13,0.96,141.83,6.1
05-04-2026 21:45,05-04-2026 22:00,7.2,38.8,87.32,1.77,86.52,6.1
05-04-2026 22:00,05-04-2026 22:15,8,37,87.59,1.02,101.22,6.03
05-04-2026 22:15,05-04-2026 22:30,8,37,87.68,1.12,118.32,6.15
05-04-2026 22:30,05-04-2026 22:45,8,37,87.7,0.85,111.06,6.03
05-04-2026 22:45,05-04-2026 23:00,6.2,31.8,87.97,0.95,65.16,6.08
05-04-2026 23:00,05-04-2026 23:15,7,24,88.13,0.69,64.5,6.06
05-04-2026 23:15,05-04-2026 23:30,7,24,88.25,0.36,141.78,6.01
05-04-2026 23:30,05-04-2026 23:45,7,24,88.27,1,99.96,6.11
05-04-2026 23:45,06-04-2026 00:00,5.6,26.8,88.46,0.53,208.23,6.1
06-04-2026 00:00,06-04-2026 00:15,16,31,88.54,1.39,54.26,6.08
06-04-2026 00:15,06-04-2026 00:30,16,31,88.62,1.12,121.12,6.24
06-04-2026 00:30,06-04-2026 00:45,16,31,88.8,0.96,122.29,6.29
06-04-2026 00:45,06-04-2026 01:00,27.54,52,88.89,1.1,101.28,6.28
06-04-2026 01:00,06-04-2026 01:15,16,29,89.12,1.48,106.37,6.28
06-04-2026 01:15,06-04-2026 01:30,16,29,89.39,1.32,38.02,6.31
06-04-2026 01:30,06-04-2026 01:45,16,29,89.56,0.83,57.8,6.38
06-04-2026 01:45,06-04-2026 02:00,28.01,46.4,89.64,1.31,107.73,6.35
06-04-2026 02:00,06-04-2026 02:15,10,28,89.72,0.51,83.74,6.38
06-04-2026 02:15,06-04-2026 02:30,10,28,89.81,0.83,102.54,6.32
06-04-2026 02:30,06-04-2026 02:45,10,28,89.94,0.66,92.82,6.46
06-04-2026 02:45,06-04-2026 03:00,27.24,52.6,89.96,0.5,54.52,6.34
06-04-2026 03:00,06-04-2026 03:15,11,31,90.09,1.22,161.75,6.46
06-04-2026 03:15,06-04-2026 03:30,11,31,90.17,0.96,87.09,6.38
06-04-2026 03:30,06-04-2026 03:45,11,31,90.16,0.4,26.5,6.41
06-04-2026 03:45,06-04-2026 04:00,32.98,63,90.17,0.39,195.09,6.27
06-04-2026 04:00,06-04-2026 04:15,16,36,90.17,0.97,54.38,6.38
06-04-2026 04:15,06-04-2026 04:30,16,36,90.12,0.62,26.5,6.31
06-04-2026 04:30,06-04-2026 04:45,16,36,90.13,0.4,54.32,6.29
06-04-2026 04:45,06-04-2026 05:00,27.1,50,90.1,0.78,90.43,6.24
06-04-2026 05:00,06-04-2026 05:15,4,32,90.1,0.69,133.32,6.17
06-04-2026 05:15,06-04-2026 05:30,4,32,90.09,0.45,86.27,6.04
06-04-2026 05:30,06-04-2026 05:45,4,32,90.2,0.55,81.89,6.11
06-04-2026 05:45,06-04-2026 06:00,27.9,66.6,90.24,0.27,26.5,6.32
06-04-2026 06:00,06-04-2026 06:15,11,47,90.28,0.27,78.77,7.85
06-04-2026 06:15,06-04-2026 06:30,11,47,90.2,0.27,133.6,11.08
06-04-2026 06:30,06-04-2026 06:45,11,47,90,0.27,169.94,12.86
06-04-2026 06:45,06-04-2026 07:00,8.8,42.6,89.66,0.31,53.36,20.84
06-04-2026 07:00,06-04-2026 07:15,17,36,89.43,0.27,61.21,26.12
06-04-2026 07:15,06-04-2026 07:30,17,36,89.1,0.33,49.67,27.06
06-04-2026 07:30,06-04-2026 07:45,17,36,88.88,0.27,38.98,27.37
06-04-2026 07:45,06-04-2026 08:00,29.44,58.2,88.62,0.27,51.6,25.88
06-04-2026 08:00,06-04-2026 08:15,13,35,84.97,0.72,92.2,20.51
06-04-2026 08:15,06-04-2026 08:30,13,35,79.39,0.84,86.76,46.95
06-04-2026 08:30,06-04-2026 08:45,13,35,74.33,0.43,118.52,74.24
06-04-2026 08:45,06-04-2026 09:00,10.4,49.4,78.14,0.38,58.64,87.11
06-04-2026 09:00,06-04-2026 09:15,30,71,77.69,0.85,80.88,95.22
06-04-2026 09:15,06-04-2026 09:30,30,71,74.47,0.44,81.89,116.78
06-04-2026 09:30,06-04-2026 09:45,30,71,73.42,1.05,42.21,119.28
06-04-2026 09:45,06-04-2026 10:00,30,74.2,74.59,0.91,95.4,153.16
06-04-2026 10:00,06-04-2026 10:15,33,79,77.51,0.97,80.15,84.35
06-04-2026 10:15,06-04-2026 10:30,33,79,78.55,0.82,55.65,102.88
06-04-2026 10:30,06-04-2026 10:45,33,79,78.67,1.09,97.19,146.81
06-04-2026 10:45,06-04-2026 11:00,46.94,91.6,78.38,1.14,119.27,169.09
06-04-2026 11:00,06-04-2026 11:15,25,63,79.41,1.52,74.84,86.19
06-04-2026 11:15,06-04-2026 11:30,25,63,82.33,0.82,142.32,33.16
06-04-2026 11:30,06-04-2026 11:45,25,63,78.23,1.75,199.01,8.63
06-04-2026 11:45,06-04-2026 12:00,40.02,91.4,76.03,2.76,189.34,8.56
06-04-2026 12:00,06-04-2026 12:15,38,114,80.83,2.2,83.12,13.09
06-04-2026 12:15,06-04-2026 12:30,38,114,82,1.96,167.66,11.79
06-04-2026 12:30,06-04-2026 12:45,38,114,79.06,2.55,155.51,12.9
06-04-2026 12:45,06-04-2026 13:00,33.8,89.2,78.74,1.44,121.07,14.64
06-04-2026 13:00,06-04-2026 13:15,17,52,76.61,0.98,175.36,17.9
06-04-2026 13:15,06-04-2026 13:30,17,52,74.74,1.41,201.31,28.15
06-04-2026 13:30,06-04-2026 13:45,17,52,74.88,1.12,192.73,44.4
06-04-2026 13:45,06-04-2026 14:00,37.52,86,74.57,0.41,255.35,58.26
06-04-2026 14:00,06-04-2026 14:15,25,90,72.59,0.45,274.49,72.01
06-04-2026 14:15,06-04-2026 14:30,25,90,69.42,0.36,156.81,86.84
06-04-2026 14:30,06-04-2026 14:45,25,90,70.44,0.43,90.38,101.89
06-04-2026 14:45,06-04-2026 15:00,41.06,102.4,71.76,0.51,37.04,102.07
06-04-2026 15:00,06-04-2026 15:15,36,80,72.91,0.37,43.92,110.96
06-04-2026 15:15,06-04-2026 15:30,36,80,72.76,0.54,82.54,117.61
06-04-2026 15:30,06-04-2026 15:45,36,80,72.06,0.47,48.69,117.84
06-04-2026 15:45,06-04-2026 16:00,28.8,75.2,71.31,0.86,70.56,96.15
06-04-2026 16:00,06-04-2026 16:15,27,68,72.81,0.71,41.88,87.61
06-04-2026 16:15,06-04-2026 16:30,27,68,74.97,0.59,81.59,85.19
06-04-2026 16:30,06-04-2026 16:45,27,68,75.47,0.87,81.46,58.28
06-04-2026 16:45,06-04-2026 17:00,36.74,83,76.48,0.62,81.63,39.12
06-04-2026 17:00,06-04-2026 17:15,22,53,78.27,0.73,91.78,30.47
06-04-2026 17:15,06-04-2026 17:30,22,53,80.17,0.39,76.54,24.88
06-04-2026 17:30,06-04-2026 17:45,22,53,81.67,0.9,116.56,18.48
06-04-2026 17:45,06-04-2026 18:00,22,60.6,82.72,0.38,86.16,13.5
06-04-2026 18:00,06-04-2026 18:15,26,72,83.21,0.74,46.09,10.42
06-04-2026 18:15,06-04-2026 18:30,26,72,83.44,0.45,69.57,7.57
06-04-2026 18:30,06-04-2026 18:45,26,72,83.88,0.27,94.09,6.51
06-04-2026 18:45,06-04-2026 19:00,20.8,66,84.29,0.3,43,6.38
06-04-2026 19:00,06-04-2026 19:15,36,57,84.41,0.34,77.01,6.44
06-04-2026 19:15,06-04-2026 19:30,36,57,84.5,0.34,96.11,6.34
06-04-2026 19:30,06-04-2026 19:45,36,57,84.59,0.43,79.59,6.18
06-04-2026 19:45,06-04-2026 20:00,45.91,83.6,84.7,0.38,88.93,6.34
06-04-2026 20:00,06-04-2026 20:15,50,60,84.98,0.74,45.69,6.32
06-04-2026 20:15,06-04-2026 20:30,50,60,85.51,0.76,67.99,6.29
06-04-2026 20:30,06-04-2026 20:45,50,60,85.9,0.64,51.47,6.27
06-04-2026 20:45,06-04-2026 21:00,57.55,75.6,86.03,0.65,80.77,6.31
06-04-2026 21:00,06-04-2026 21:15,48,63,86,0.31,85.01,6.28
06-04-2026 21:15,06-04-2026 21:30,48,63,86.06,0.48,26.5,6.22
06-04-2026 21:30,06-04-2026 21:45,48,63,85.61,0.33,146.55,6.2
06-04-2026 21:45,06-04-2026 22:00,38.4,63.4,85.35,0.74,106.35,5.97
06-04-2026 22:00,06-04-2026 22:15,53,64,85.4,0.46,52.95,5.97
06-04-2026 22:15,06-04-2026 22:30,53,64,85.69,0.46,67.6,6
06-04-2026 22:30,06-04-2026 22:45,53,64,86.26,0.52,125.53,5.9
06-04-2026 22:45,06-04-2026 23:00,40.4,58,86.68,0.67,110.83,5.89
06-04-2026 23:00,06-04-2026 23:15,35,49,86.88,0.41,93.78,6.06
06-04-2026 23:15,06-04-2026 23:30,35,49,86.92,0.56,114.31,6.03
06-04-2026 23:30,06-04-2026 23:45,35,49,86.88,1.08,108.7,5.97
06-04-2026 23:45,07-04-2026 00:00,24.2,43.4,86.75,0.85,189.51,5.97
07-04-2026 00:00,07-04-2026 00:15,13,35,86.94,0.62,123.54,6.15
07-04-2026 00:15,07-04-2026 00:30,13,35,87.4,0.52,99.75,5.96
07-04-2026 00:30,07-04-2026 00:45,13,35,88.04,0.29,81.7,6.1
07-04-2026 00:45,07-04-2026 01:00,22.49,51,88.57,0.38,149.32,5.97
07-04-2026 01:00,07-04-2026 01:15,10,37,88.89,0.89,140.59,5.96
07-04-2026 01:15,07-04-2026 01:30,10,37,88.93,0.27,88.27,6.06
07-04-2026 01:30,07-04-2026 01:45,10,37,88.71,0.63,67.69,6.04
07-04-2026 01:45,07-04-2026 02:00,26.59,56.8,88.68,0.77,154.69,6.11
07-04-2026 02:00,07-04-2026 02:15,19,30,88.62,0.33,143.24,6.27
07-04-2026 02:15,07-04-2026 02:30,19,30,88.23,0.7,105.91,6.41
07-04-2026 02:30,07-04-2026 02:45,19,30,87.99,0.84,134.54,6.32
07-04-2026 02:45,07-04-2026 03:00,15.2,29.6,87.91,0.83,138.99,6.21
07-04-2026 03:00,07-04-2026 03:15,18,29,87.75,0.58,92.71,6.39
07-04-2026 03:15,07-04-2026 03:30,18,29,87.7,0.59,184.43,6.38
07-04-2026 03:30,07-04-2026 03:45,18,29,87.64,0.72,202.12,6.32
07-04-2026 03:45,07-04-2026 04:00,26.14,46.4,87.18,0.64,120.26,6.28
07-04-2026 04:00,07-04-2026 04:15,12,27,86.7,0.97,78.1,6.34
07-04-2026 04:15,07-04-2026 04:30,12,27,86.28,1.21,102.43,6.39
07-04-2026 04:30,07-04-2026 04:45,12,27,85.13,1.27,168.75,6.35
07-04-2026 04:45,07-04-2026 05:00,12,27.4,83.52,0.96,141.63,6.18
07-04-2026 05:00,07-04-2026 05:15,16,28,82.81,0.44,103.58,6.31
07-04-2026 05:15,07-04-2026 05:30,16,28,82.88,0.57,156.79,6.34
07-04-2026 05:30,07-04-2026 05:45,16,28,83.12,0.69,172.81,6.38
07-04-2026 05:45,07-04-2026 06:00,28.53,49.2,82.47,1.1,165.81,6.55
07-04-2026 06:00,07-04-2026 06:15,23,41,81.7,0.88,121.5,8.03
07-04-2026 06:15,07-04-2026 06:30,23,41,81.14,0.96,188.12,9.73
07-04-2026 06:30,07-04-2026 06:45,23,41,81,0.76,72.66,11.93
07-04-2026 06:45,07-04-2026 07:00,23,39,81.08,0.69,179.78,15.59
07-04-2026 07:00,07-04-2026 07:15,22,36,80.89,0.49,105.62,19.27
07-04-2026 07:15,07-04-2026 07:30,22,36,80.56,1,124.91,36.87
07-04-2026 07:30,07-04-2026 07:45,22,36,79.48,1.5,169.38,70.19
07-04-2026 07:45,07-04-2026 08:00,22,51.2,78.21,1.08,232.97,95.38
07-04-2026 08:00,07-04-2026 08:15,26,74,76.73,0.71,144.28,118.87
07-04-2026 08:15,07-04-2026 08:30,26,74,75.22,1.22,105.27,129.87
07-04-2026 08:30,07-04-2026 08:45,26,74,74.11,1.66,148.15,156.37
07-04-2026 08:45,07-04-2026 09:00,43.81,92.6,73.67,1.9,128.92,170.27
07-04-2026 09:00,07-04-2026 09:15,40,64,73.86,1.14,117.68,192.42
07-04-2026 09:15,07-04-2026 09:30,40,64,74.18,0.91,91.49,205.72
07-04-2026 09:30,07-04-2026 09:45,40,64,74.5,0.99,69.28,222.35
07-04-2026 09:45,07-04-2026 10:00,52.15,84,73.48,0.82,96.56,235.82
07-04-2026 10:00,07-04-2026 10:15,27,73,73.68,1.35,76.43,251.3
07-04-2026 10:15,07-04-2026 10:30,27,73,74.44,1.12,82.35,262.97
07-04-2026 10:30,07-04-2026 10:45,27,73,74.6,1.37,48.54,273.2
07-04-2026 10:45,07-04-2026 11:00,35.9,76.4,76.31,1.97,76.55,279.36
07-04-2026 11:00,07-04-2026 11:15,28,53,75.32,1.13,84.67,286.93
07-04-2026 11:15,07-04-2026 11:30,28,53,74.78,1.18,38.02,292.26
07-04-2026 11:30,07-04-2026 11:45,28,53,74.66,1.34,84.57,295.89
07-04-2026 11:45,07-04-2026 12:00,46.71,77.2,75.17,1.34,76.62,298.93
07-04-2026 12:00,07-04-2026 12:15,20,40,76,1.24,61.69,301.89
07-04-2026 12:15,07-04-2026 12:30,20,40,76.75,1.11,54.54,301.17
07-04-2026 12:30,07-04-2026 12:45,20,40,76.65,1.4,32.44,300.15
07-04-2026 12:45,07-04-2026 13:00,37.19,62.2,75.92,1.01,45.54,299.79
07-04-2026 13:00,07-04-2026 13:15,11,28,75.76,1.31,88.23,294.97
07-04-2026 13:15,07-04-2026 13:30,11,28,76.02,1.47,47.11,287.94
07-04-2026 13:30,07-04-2026 13:45,11,28,76.29,1.96,46.88,278.09
07-04-2026 13:45,07-04-2026 14:00,8.8,31.6,76.67,1.6,26.5,268.23
07-04-2026 14:00,07-04-2026 14:15,9,37,76.34,1.7,63.85,257.45
07-04-2026 14:15,07-04-2026 14:30,9,37,75.31,1.39,37.82,245.12
07-04-2026 14:30,07-04-2026 14:45,9,37,74.57,1.45,30.08,231.65
07-04-2026 14:45,07-04-2026 15:00,6.8,37.4,74.35,1.23,30.77,217.52
07-04-2026 15:00,07-04-2026 15:15,7,38,75.15,1.17,26.5,189.61
07-04-2026 15:15,07-04-2026 15:30,7,38,75.2,1.27,30.86,181.31
07-04-2026 15:30,07-04-2026 15:45,7,38,75.91,1.69,47.79,163.41
07-04-2026 15:45,07-04-2026 16:00,23.67,60,75.27,1.38,26.5,141.56
07-04-2026 16:00,07-04-2026 16:15,8,47,76.26,0.85,43.83,125.34
07-04-2026 16:15,07-04-2026 16:30,8,47,76.32,0.76,61.37,104.85
07-04-2026 16:30,07-04-2026 16:45,8,47,76.52,1.14,41.76,86.63
07-04-2026 16:45,07-04-2026 17:00,28.98,78.2,77.87,0.8,33.41,68.17
07-04-2026 17:00,07-04-2026 17:15,26,64,78.85,0.98,37.33,50.87
07-04-2026 17:15,07-04-2026 17:30,26,64,80.11,1.43,26.5,34.5
07-04-2026 17:30,07-04-2026 17:45,26,64,80.72,0.86,55.94,20.48
07-04-2026 17:45,07-04-2026 18:00,26,53.2,81.89,0.78,39.21,14.29
07-04-2026 18:00,07-04-2026 18:15,6,37,82.28,1.29,53.6,9.19
07-04-2026 18:15,07-04-2026 18:30,6,37,81.12,1.07,46.64,6.56
07-04-2026 18:30,07-04-2026 18:45,6,37,80.94,0.76,62.17,6.15
07-04-2026 18:45,07-04-2026 19:00,6,35.4,81.99,0.62,52.53,6.14
07-04-2026 19:00,07-04-2026 19:15,19,33,82.14,1.07,26.5,6.46
07-04-2026 19:15,07-04-2026 19:30,19,33,82.49,0.65,90.99,6.42
07-04-2026 19:30,07-04-2026 19:45,19,33,83.17,1.26,47.58,6.39
07-04-2026 19:45,07-04-2026 20:00,19,35.4,83.85,0.79,121.98,6.21
07-04-2026 20:00,07-04-2026 20:15,26,39,84.11,0.7,56.55,6.36
07-04-2026 20:15,07-04-2026 20:30,26,39,84.6,1.23,130.05,6.32
07-04-2026 20:30,07-04-2026 20:45,26,39,85.27,0.71,61.98,6.29
07-04-2026 20:45,07-04-2026 21:00,44.59,69,85.68,0.89,50.48,6.15
07-04-2026 21:00,07-04-2026 21:15,13,45,85.79,1.09,46.12,6.25
07-04-2026 21:15,07-04-2026 21:30,13,45,85.93,1.07,80.28,6.31
07-04-2026 21:30,07-04-2026 21:45,13,45,86.14,0.55,59.42,6.27
07-04-2026 21:45,07-04-2026 22:00,32.89,69,86.3,0.44,33.14,6.17
07-04-2026 22:00,07-04-2026 22:15,28,41,86.2,0.69,28.08,6.34
07-04-2026 22:15,07-04-2026 22:30,28,41,86.26,0.54,96.56,6.32
07-04-2026 22:30,07-04-2026 22:45,28,41,86.51,1.11,47.28,6.41
07-04-2026 22:45,07-04-2026 23:00,44.11,65.2,86.65,1.15,26.5,6.35
07-04-2026 23:00,07-04-2026 23:15,7,36,86.76,1.52,52.78,6.43
07-04-2026 23:15,07-04-2026 23:30,7,36,87,1.61,44.33,6.2
07-04-2026 23:30,07-04-2026 23:45,7,36,87.27,0.64,36.37,6.15
07-04-2026 23:45,08-04-2026 00:00,18.5,48.2,87.41,1.28,32.35,6.08
08-04-2026 00:00,08-04-2026 00:15,10,23,87.6,0.87,101.4,6.14
08-04-2026 00:15,08-04-2026 00:30,10,23,87.59,1.02,94.85,6.04
08-04-2026 00:30,08-04-2026 00:45,10,23,87.55,0.97,143.33,6.13
08-04-2026 00:45,08-04-2026 01:00,8,22.6,87.43,0.58,109.02,5.99
08-04-2026 01:00,08-04-2026 01:15,12,22,87.27,0.74,105.05,6.17
08-04-2026 01:15,08-04-2026 01:30,12,22,86.89,0.93,154.76,6.03
08-04-2026 01:30,08-04-2026 01:45,12,22,86.78,0.55,60.01,6.06
08-04-2026 01:45,08-04-2026 02:00,12,25.2,86.81,0.42,40.47,6.03
08-04-2026 02:00,08-04-2026 02:15,16,30,86.78,0.48,180.7,5.97
08-04-2026 02:15,08-04-2026 02:30,16,30,86.76,0.61,233.26,6
08-04-2026 02:30,08-04-2026 02:45,16,30,86.74,0.88,223.08,6.08
08-04-2026 02:45,08-04-2026 03:00,33.08,56.6,86.66,1.08,92.99,5.93
08-04-2026 03:00,08-04-2026 03:15,19,37,86.72,0.56,185.55,6.04
08-04-2026 03:15,08-04-2026 03:30,19,37,86.68,0.91,56.87,6.01
08-04-2026 03:30,08-04-2026 03:45,19,37,86.65,0.73,154.73,6.18
08-04-2026 03:45,08-04-2026 04:00,34.93,65.6,86.4,0.88,111.68,6.14
08-04-2026 04:00,08-04-2026 04:15,18,36,85.89,0.87,107.57,6.28
08-04-2026 04:15,08-04-2026 04:30,18,36,85.38,0.95,175.44,6.15
08-04-2026 04:30,08-04-2026 04:45,18,36,85.03,0.62,231.16,6.34
08-04-2026 04:45,08-04-2026 05:00,18,40.8,84.4,0.97,140.04,6.27
08-04-2026 05:00,08-04-2026 05:15,25,48,84.45,0.74,155.08,6.34
08-04-2026 05:15,08-04-2026 05:30,25,48,84.92,0.84,199.95,6.38
08-04-2026 05:30,08-04-2026 05:45,25,48,85.39,0.72,99.61,6.35
08-04-2026 05:45,08-04-2026 06:00,25,50,85.75,0.83,103.84,6.72
08-04-2026 06:00,08-04-2026 06:15,27,53,85.91,0.28,37.19,9.19
08-04-2026 06:15,08-04-2026 06:30,27,53,85.68,0.63,166.67,13.84
08-04-2026 06:30,08-04-2026 06:45,27,53,85.1,1.06,65.08,19.14
08-04-2026 06:45,08-04-2026 07:00,27,56.6,84.68,1.38,190.77,24.45
08-04-2026 07:00,08-04-2026 07:15,26,62,84.28,1.31,167.67,32.29
08-04-2026 07:15,08-04-2026 07:30,26,62,84,1.35,142.83,59.48
08-04-2026 07:30,08-04-2026 07:45,26,62,83.82,1.76,74.86,80.05
08-04-2026 07:45,08-04-2026 08:00,26,58.8,83.7,1.6,75.2,73.55
08-04-2026 08:00,08-04-2026 08:15,12,54,83.05,1.2,163.74,109.82
08-04-2026 08:15,08-04-2026 08:30,12,54,81.09,1.91,180.63,118.05
08-04-2026 08:30,08-04-2026 08:45,12,54,80.8,1.77,100.87,60.25
08-04-2026 08:45,08-04-2026 09:00,12,58,81.68,1.74,141.48,110.37
08-04-2026 09:00,08-04-2026 09:15,23,64,80.29,1.32,141.08,178.16
08-04-2026 09:15,08-04-2026 09:30,23,64,79.84,1.16,66.88,187.17
08-04-2026 09:30,08-04-2026 09:45,23,64,78.69,1.78,100.58,232.25
08-04-2026 09:45,08-04-2026 10:00,42.32,89.2,78.48,1.63,50.48,239.46
08-04-2026 10:00,08-04-2026 10:15,18,70,79.53,1.78,77.89,249.71
08-04-2026 10:15,08-04-2026 10:30,18,70,79.71,1.58,69.94,259.61
08-04-2026 10:30,08-04-2026 10:45,18,70,79.4,1.76,94.01,269
08-04-2026 10:45,08-04-2026 11:00,28.7,76.8,78.29,1.47,82.41,282.34
08-04-2026 11:00,08-04-2026 11:15,21,64,78.9,1.59,127.14,291.98
08-04-2026 11:15,08-04-2026 11:30,21,64,79.29,1.76,35.61,296.67
08-04-2026 11:30,08-04-2026 11:45,21,64,79.5,2.41,26.5,302.49
08-04-2026 11:45,08-04-2026 12:00,40.98,88.8,78.1,1.54,69.36,306.14
08-04-2026 12:00,08-04-2026 12:15,18,66,75.65,2.25,68.29,305.71
08-04-2026 12:15,08-04-2026 12:30,18,66,76.93,2.56,51.86,312.75
08-04-2026 12:30,08-04-2026 12:45,18,66,77.23,1.8,34.86,304.79
08-04-2026 12:45,08-04-2026 13:00,34.03,90.6,75.25,2.92,82.44,303.25
08-04-2026 13:00,08-04-2026 13:15,25,85,75.88,1.46,40.03,298.62
08-04-2026 13:15,08-04-2026 13:30,25,85,75.02,1.39,48.22,292.66
08-04-2026 13:30,08-04-2026 13:45,25,85,73.72,1.56,46.29,285.84
08-04-2026 13:45,08-04-2026 14:00,39.11,90.6,74.05,1.89,43.59,276.86
08-04-2026 14:00,08-04-2026 14:15,17,68,74.98,1.69,28.31,260.97
08-04-2026 14:15,08-04-2026 14:30,17,68,76.18,2.23,27.53,247.73
08-04-2026 14:30,08-04-2026 14:45,17,68,74.12,1.29,32.2,238.14
08-04-2026 14:45,08-04-2026 15:00,32.45,79.8,74.25,1.2,33.59,218.48
08-04-2026 15:00,08-04-2026 15:15,13,59,74.1,1.68,26.5,203.01
08-04-2026 15:15,08-04-2026 15:30,13,59,73.92,1.3,26.5,184.84
08-04-2026 15:30,08-04-2026 15:45,13,59,74.1,1.11,35.21,164.17
08-04-2026 15:45,08-04-2026 16:00,30.81,77.6,75.15,1.64,26.5,141.54
08-04-2026 16:00,08-04-2026 16:15,18,54,77.01,0.93,32.22,107.8
08-04-2026 16:15,08-04-2026 16:30,18,54,78.03,1.46,35.25,74.68
08-04-2026 16:30,08-04-2026 16:45,18,54,79.3,1.13,57.08,55.64
08-04-2026 16:45,08-04-2026 17:00,31.69,68.8,80.57,0.86,40,26.22
08-04-2026 17:00,08-04-2026 17:15,25,49,81.56,0.86,38.98,14.81
08-04-2026 17:15,08-04-2026 17:30,25,49,82.3,0.88,34.83,10.68
08-04-2026 17:30,08-04-2026 17:45,25,49,83.07,0.9,34.82,9.74
08-04-2026 17:45,08-04-2026 18:00,20,51.8,83.68,0.59,39.72,8.19
08-04-2026 18:00,08-04-2026 18:15,21,56,84.2,0.58,31.6,7.85
08-04-2026 18:15,08-04-2026 18:30,21,56,84.54,0.54,30.16,6.41
08-04-2026 18:30,08-04-2026 18:45,21,56,84.79,0.57,33.05,6.24
08-04-2026 18:45,08-04-2026 19:00,34.74,72,84.94,0.72,31.91,6.14
08-04-2026 19:00,08-04-2026 19:15,61.85,80.2,84.86,0.69,32.81,5.93
08-04-2026 19:15,08-04-2026 19:30,45.2,54,84.53,0.99,37.18,5.99
08-04-2026 19:30,08-04-2026 19:45,47,54,84.39,1.05,51.54,5.96
08-04-2026 19:45,08-04-2026 20:00,47.8,55.6,84.46,0.84,43.83,5.9
08-04-2026 20:00,08-04-2026 20:15,18,58,84.79,1.48,26.5,5.99
08-04-2026 20:15,08-04-2026 20:30,18,58,85.03,1.59,26.5,5.99
08-04-2026 20:30,08-04-2026 20:45,18,58,85.3,2.2,26.5,6.14
08-04-2026 20:45,08-04-2026 21:00,18,58.8,85.4,1.35,82.98,6.14
08-04-2026 21:00,08-04-2026 21:15,22,60,85.36,1.24,31.37,6.24
08-04-2026 21:15,08-04-2026 21:30,22,60,85.54,1.8,62.45,6.29
08-04-2026 21:30,08-04-2026 21:45,22,60,85.73,1.25,26.5,6.28
08-04-2026 21:45,08-04-2026 22:00,19.6,54.8,85.97,1.03,26.5,6.18
08-04-2026 22:00,08-04-2026 22:15,10,47,86.07,1.4,26.5,6.46
08-04-2026 22:15,08-04-2026 22:30,10,47,86.2,1.21,26.5,6.42
08-04-2026 22:30,08-04-2026 22:45,10,47,86.51,1.28,26.5,6.35
08-04-2026 22:45,08-04-2026 23:00,10,44.2,86.69,1.12,68.7,6.34
08-04-2026 23:00,08-04-2026 23:15,12,40,86.86,1.21,58.93,6.35
08-04-2026 23:15,08-04-2026 23:30,12,40,86.79,1.47,68.94,6.46
08-04-2026 23:30,08-04-2026 23:45,12,40,87.01,1.74,36.44,6.49
08-04-2026 23:45,09-04-2026 00:00,12,44.4,87.26,1.57,26.5,6.38
09-04-2026 00:00,09-04-2026 00:15,20,51,87.56,0.94,74.43,6.41
09-04-2026 00:15,09-04-2026 00:30,20,51,87.59,1.44,26.5,6.41
09-04-2026 00:30,09-04-2026 00:45,20,51,87.64,1.39,132.39,6.45
09-04-2026 00:45,09-04-2026 01:00,37.84,71.6,87.92,1.39,88.68,6.35
09-04-2026 01:00,09-04-2026 01:15,18,44,88.09,1.04,59.81,6.24
09-04-2026 01:15,09-04-2026 01:30,18,44,88.27,0.98,26.5,6.2
09-04-2026 01:30,09-04-2026 01:45,18,44,88.48,0.85,34.3,6.13
09-04-2026 01:45,09-04-2026 02:00,18,41.6,88.66,0.9,32.99,6.14
09-04-2026 02:00,09-04-2026 02:15,,38,88.84,0.61,26.5,6.14
09-04-2026 02:15,09-04-2026 02:30,,38,88.79,1.22,79.21,6.2
09-04-2026 02:30,09-04-2026 02:45,,38,88.89,1.5,26.88,6.11
09-04-2026 02:45,09-04-2026 03:00,,38.8,89.04,1.37,65.24,6
09-04-2026 03:00,09-04-2026 03:15,8,40,89.31,1.21,101.63,6.11
09-04-2026 03:15,09-04-2026 03:30,8,40,89.38,1.49,90.39,6.15
09-04-2026 03:30,09-04-2026 03:45,8,40,89.26,1.15,49.38,6.15
09-04-2026 03:45,09-04-2026 04:00,8,38.4,89.08,1.16,88.76,6.08
09-04-2026 04:00,09-04-2026 04:15,13,36,88.77,0.94,101.2,5.97
09-04-2026 04:15,09-04-2026 04:30,13,36,88.3,0.69,103.79,6.04
09-04-2026 04:30,09-04-2026 04:45,13,36,87.63,0.91,99.03,6.08
09-04-2026 04:45,09-04-2026 05:00,33.93,64.6,87.38,1.08,86.49,6
09-04-2026 05:00,09-04-2026 05:15,11,34,87.06,0.93,175.91,6.23
09-04-2026 05:15,09-04-2026 05:30,11,34,86.53,1.04,172.33,6.22
09-04-2026 05:30,09-04-2026 05:45,11,34,86.79,0.55,93.29,6.22
09-04-2026 05:45,09-04-2026 06:00,27.78,65.2,87.19,1.19,107.25,6.78
09-04-2026 06:00,09-04-2026 06:15,30,56,87.31,1.13,118.19,8.72
09-04-2026 06:15,09-04-2026 06:30,30,56,87.19,1.29,167.41,12.4
09-04-2026 06:30,09-04-2026 06:45,30,56,86.95,1,143.5,18.96
09-04-2026 06:45,09-04-2026 07:00,47.92,81.6,86.7,0.77,150.27,24.58
09-04-2026 07:00,09-04-2026 07:15,25,56,85.98,1.59,115.42,31.72
09-04-2026 07:15,09-04-2026 07:30,25,56,85.03,1.28,114.63,61.92
09-04-2026 07:30,09-04-2026 07:45,25,56,83.74,1.19,179.36,81.77
09-04-2026 07:45,09-04-2026 08:00,38.72,72,82.26,1.72,172.35,62.64
09-04-2026 08:00,09-04-2026 08:15,20,48,82.29,1.84,153.33,54.18
09-04-2026 08:15,09-04-2026 08:30,20,48,81.84,1.4,44.11,99.83
09-04-2026 08:30,09-04-2026 08:45,20,48,80.6,1.59,119.81,100.41
09-04-2026 08:45,09-04-2026 09:00,12,56,79.12,1.85,174.3,155.18
09-04-2026 09:00,09-04-2026 09:15,20,68,77.02,1.47,127.94,147.12
09-04-2026 09:15,09-04-2026 09:30,20,68,76.78,1.88,47.76,239.08
09-04-2026 09:30,09-04-2026 09:45,20,68,77.05,2.01,111.11,179.14
09-04-2026 09:45,09-04-2026 10:00,16.4,65.2,76.96,1.84,79.35,261.33
09-04-2026 10:00,09-04-2026 10:15,22,61,77.61,1.4,73.57,208.17
09-04-2026 10:15,09-04-2026 10:30,22,61,77.8,1.8,64.64,263.22
09-04-2026 10:30,09-04-2026 10:45,22,61,76.89,1.65,26.5,275.15
09-04-2026 10:45,09-04-2026 11:00,35.95,83.2,75.92,1.25,26.5,277.19
09-04-2026 11:00,09-04-2026 11:15,16,58,77.19,2.54,68.31,288.81
09-04-2026 11:15,09-04-2026 11:30,16,58,77.07,1.56,26.5,295.13
09-04-2026 11:30,09-04-2026 11:45,16,58,75.86,1.39,61.5,298.79
09-04-2026 11:45,09-04-2026 12:00,16,63.6,75.97,1.98,72.06,301.54
09-04-2026 12:00,09-04-2026 12:15,23,72,75.78,1.67,54.2,300.52
09-04-2026 12:15,09-04-2026 12:30,23,72,76.72,2.26,32.99,298.86
09-04-2026 12:30,09-04-2026 12:45,23,72,77.29,1.93,26.5,297.23
09-04-2026 12:45,09-04-2026 13:00,23,70.4,75.54,1.53,49.79,293.55
09-04-2026 13:00,09-04-2026 13:15,14,68,74.95,1.6,28.09,289.28
09-04-2026 13:15,09-04-2026 13:30,14,68,76.57,2.02,86.41,281.45
09-04-2026 13:30,09-04-2026 13:45,14,68,75.72,1.54,91.86,275.45
09-04-2026 13:45,09-04-2026 14:00,11.2,70.8,74.01,1.04,40.92,265.65
09-04-2026 14:00,09-04-2026 14:15,28,75,74,2.01,39.99,254.84
09-04-2026 14:15,09-04-2026 14:30,28,75,75.29,1.02,33.96,242.23
09-04-2026 14:30,09-04-2026 14:45,28,75,74.57,1.39,30.56,228.49
09-04-2026 14:45,09-04-2026 15:00,40.86,86.6,74.38,1.4,32.42,214.57
09-04-2026 15:00,09-04-2026 15:15,22,66,74.3,1.86,38.94,197.9
09-04-2026 15:15,09-04-2026 15:30,22,66,75.69,1.73,68.42,181.07
09-04-2026 15:30,09-04-2026 15:45,22,66,76.94,2.46,26.5,163.23
09-04-2026 15:45,09-04-2026 16:00,22,65.6,77.83,2.33,32.57,145.03
09-04-2026 16:00,09-04-2026 16:15,19,65,77.74,2.46,61.55,126.13
09-04-2026 16:15,09-04-2026 16:30,19,65,77.26,0.98,42.54,107.38
09-04-2026 16:30,09-04-2026 16:45,19,65,77.21,1.4,26.5,89.51
09-04-2026 16:45,09-04-2026 17:00,19,66.6,78.88,2.36,26.66,69.92
09-04-2026 17:00,09-04-2026 17:15,21,69,79.98,0.9,77.27,52.59
09-04-2026 17:15,09-04-2026 17:30,21,69,80.18,2.12,26.5,34.87
09-04-2026 17:30,09-04-2026 17:45,21,69,81.58,1.59,68.62,20.99
09-04-2026 17:45,09-04-2026 18:00,21,69,82.98,1.4,47.14,13.18
09-04-2026 18:00,09-04-2026 18:15,31,69,83.94,1.7,35.3,8.24
09-04-2026 18:15,09-04-2026 18:30,31,69,84.61,1.03,52.42,6.59
09-04-2026 18:30,09-04-2026 18:45,31,69,84.85,1.44,52.71,6.04
09-04-2026 18:45,09-04-2026 19:00,31,64.6,85.3,1.35,27.46,6.06
09-04-2026 19:00,09-04-2026 19:15,23,58,85.54,0.84,26.5,5.97
09-04-2026 19:15,09-04-2026 19:30,23,58,85.46,1.03,26.5,6.03
09-04-2026 19:30,09-04-2026 19:45,23,58,85.72,1.35,65.79,5.93
09-04-2026 19:45,09-04-2026 20:00,23,54.4,85.82,1.26,29.15,6
09-04-2026 20:00,09-04-2026 20:15,15,49,85.76,1.66,52.75,5.92
09-04-2026 20:15,09-04-2026 20:30,15,49,85.95,1.01,65.59,5.97
09-04-2026 20:30,09-04-2026 20:45,15,49,86.31,0.67,74.43,5.97
09-04-2026 20:45,09-04-2026 21:00,29.29,66.2,86.55,1.31,60.99,5.85
09-04-2026 21:00,09-04-2026 21:15,21,51,86.72,1.18,72.58,6.07
09-04-2026 21:15,09-04-2026 21:30,21,51,86.95,0.98,52.71,6.01
09-04-2026 21:30,09-04-2026 21:45,21,51,86.96,1.7,51.41,6
09-04-2026 21:45,09-04-2026 22:00,16.8,51,86.94,0.81,37.92,5.99
09-04-2026 22:00,09-04-2026 22:15,15,51,86.97,0.78,64.9,6.14
09-04-2026 22:15,09-04-2026 22:30,15,51,86.97,1.05,50.59,6.35
09-04-2026 22:30,09-04-2026 22:45,15,51,87.02,0.4,52.35,6.38
09-04-2026 22:45,09-04-2026 23:00,29.03,67.6,87.05,0.78,52.33,6.25
09-04-2026 23:00,09-04-2026 23:15,25,54,87.21,0.97,52.48,6.27
09-04-2026 23:15,09-04-2026 23:30,25,54,87.16,0.72,49.62,6.38
09-04-2026 23:30,09-04-2026 23:45,25,54,87.15,0.52,110.88,6.38
09-04-2026 23:45,10-04-2026 00:00,20,56.4,87.22,0.74,86,6.45
10-04-2026 00:00,10-04-2026 00:15,22,60,87.34,0.65,87.69,6.38
10-04-2026 00:15,10-04-2026 00:30,22,60,87.43,0.66,52.86,6.42
10-04-2026 00:30,10-04-2026 00:45,22,60,87.55,0.88,77.24,6.42
10-04-2026 00:45,10-04-2026 01:00,21.6,58.4,87.63,0.75,113.1,6.35
10-04-2026 01:00,10-04-2026 01:15,20,56,87.65,0.75,81.05,6.42
10-04-2026 01:15,10-04-2026 01:30,20,56,87.68,1,119.44,6.31
10-04-2026 01:30,10-04-2026 01:45,20,56,87.77,1.2,51.74,6.39
10-04-2026 01:45,10-04-2026 02:00,20,56,87.74,1.1,26.5,6.39
10-04-2026 02:00,10-04-2026 02:15,27,56,87.66,0.84,66.37,6.42
10-04-2026 02:15,10-04-2026 02:30,27,56,87.82,0.85,41.08,6.32
10-04-2026 02:30,10-04-2026 02:45,27,56,87.72,0.95,91.26,6.31
10-04-2026 02:45,10-04-2026 03:00,27,50.8,87.68,1.06,59.69,6.1
10-04-2026 03:00,10-04-2026 03:15,23,43,87.87,0.77,106.91,6.18
10-04-2026 03:15,10-04-2026 03:30,23,43,87.91,0.29,89.97,6.22
10-04-2026 03:30,10-04-2026 03:45,23,43,87.56,0.68,148.95,6.08
10-04-2026 03:45,10-04-2026 04:00,23,44.6,87.28,0.53,137.17,6.07
10-04-2026 04:00,10-04-2026 04:15,12,47,87.11,0.78,63.85,6.08
10-04-2026 04:15,10-04-2026 04:30,12,47,86.86,0.81,190.87,6.08
10-04-2026 04:30,10-04-2026 04:45,12,47,86.62,0.69,181.41,5.94
10-04-2026 04:45,10-04-2026 05:00,12,48.2,86.19,0.46,201.17,6.15
10-04-2026 05:00,10-04-2026 05:15,22,50,85.84,0.73,80,6.01
10-04-2026 05:15,10-04-2026 05:30,22,50,85.73,0.51,26.5,6.11
10-04-2026 05:30,10-04-2026 05:45,22,50,85.99,0.32,26.5,6.11
10-04-2026 05:45,10-04-2026 06:00,22,49.2,86.37,0.27,26.5,6.7
10-04-2026 06:00,10-04-2026 06:15,19,48,86.69,0.27,26.5,9.42
10-04-2026 06:15,10-04-2026 06:30,19,48,86.81,0.27,50.01,14.65
10-04-2026 06:30,10-04-2026 06:45,19,48,86.52,0.27,61.26,19.85
10-04-2026 06:45,10-04-2026 07:00,30.67,65.4,86.24,0.27,62.11,22.38
10-04-2026 07:00,10-04-2026 07:15,25,64,85.93,0.39,80.09,33.5
10-04-2026 07:15,10-04-2026 07:30,25,64,85.38,0.8,108.77,35.45
10-04-2026 07:30,10-04-2026 07:45,25,64,84.65,1.55,121.57,30.3
10-04-2026 07:45,10-04-2026 08:00,25,68.8,84.4,0.83,50.4,65.05
10-04-2026 08:00,10-04-2026 08:15,67,76,83.12,1.17,74.61,121.65
10-04-2026 08:15,10-04-2026 08:30,68.8,76,80.59,1.4,36,144.8
10-04-2026 08:30,10-04-2026 08:45,69.4,76,77.48,1.31,51.51,143.02
10-04-2026 08:45,10-04-2026 09:00,53.6,74,75.49,1.46,102.35,177.3
10-04-2026 09:00,10-04-2026 09:15,64,71,77.62,0.78,104.75,193.03
10-04-2026 09:15,10-04-2026 09:30,63.4,71,77.63,0.91,58.41,209.58
10-04-2026 09:30,10-04-2026 09:45,63.2,71,77.62,0.69,72.9,218.32
10-04-2026 09:45,10-04-2026 10:00,46.8,66.2,77.22,0.82,53.22,235.03
10-04-2026 10:00,10-04-2026 10:15,51.4,59,77.42,1.55,59.11,249.81
10-04-2026 10:15,10-04-2026 10:30,52,59,77.04,1.61,69.6,263.74
10-04-2026 10:30,10-04-2026 10:45,51,59,76.62,1.51,71.68,273.79
10-04-2026 10:45,10-04-2026 11:00,50.4,59,76.34,1.62,45.93,282.71
10-04-2026 11:00,10-04-2026 11:15,51.4,59,75.87,1.87,81.7,292.05
10-04-2026 11:15,10-04-2026 11:30,51.6,59,75.82,1,88.32,296.19
10-04-2026 11:30,10-04-2026 11:45,50.6,59,74.29,1.2,58.57,301.43
10-04-2026 11:45,10-04-2026 12:00,50.4,56.2,74.06,0.94,52.9,303.84
10-04-2026 12:00,10-04-2026 12:15,44.2,52,74.07,1.92,126.14,305.73
10-04-2026 12:15,10-04-2026 12:30,43,52,73.83,1.17,33.88,303.18
10-04-2026 12:30,10-04-2026 12:45,45.6,52,74.52,1.71,35.16,301.89
10-04-2026 12:45,10-04-2026 13:00,41.4,48.8,74.29,1.28,47.48,295.86
10-04-2026 13:00,10-04-2026 13:15,36,44,74.7,1.53,39.77,292.16
10-04-2026 13:15,10-04-2026 13:30,37.4,44,74.05,1.54,30.11,285.9
10-04-2026 13:30,10-04-2026 13:45,37,44,75.25,1.8,46.39,277.55
10-04-2026 13:45,10-04-2026 14:00,46.24,61,76.15,1.75,93.09,268.66
10-04-2026 14:00,10-04-2026 14:15,37,45,75.73,1.99,94.76,257.5
10-04-2026 14:15,10-04-2026 14:30,37.4,45,74.57,1.92,52.02,243.77
10-04-2026 14:30,10-04-2026 14:45,38.4,45,74.71,1.89,52.39,229.81
10-04-2026 14:45,10-04-2026 15:00,39.6,47.4,74.55,1.4,45.08,215.24
10-04-2026 15:00,10-04-2026 15:15,43.2,51,75.48,1.73,96.02,198.92
10-04-2026 15:15,10-04-2026 15:30,43.6,51,75.41,1.53,38.07,181.47
10-04-2026 15:30,10-04-2026 15:45,44.4,51,75.12,1.16,37.72,163.71
10-04-2026 15:45,10-04-2026 16:00,39.2,55.4,75.47,1.16,52.54,144.17
10-04-2026 16:00,10-04-2026 16:15,53.6,62,75.71,0.83,86.44,125.59
10-04-2026 16:15,10-04-2026 16:30,56.2,62,76.37,0.8,49.41,106.76
10-04-2026 16:30,10-04-2026 16:45,54.2,62,76.47,0.7,38.87,88.39
10-04-2026 16:45,10-04-2026 17:00,52.8,60.4,76.45,1.61,33.43,69.83
10-04-2026 17:00,10-04-2026 17:15,55.43,68.6,77.65,1,33.76,53.08
10-04-2026 17:15,10-04-2026 17:30,49.2,58,79.16,1.19,33.73,36.13
10-04-2026 17:30,10-04-2026 17:45,51.2,58,80.62,0.77,82.04,22.14
10-04-2026 17:45,10-04-2026 18:00,51.4,58,81.56,0.86,49.55,14.95
10-04-2026 18:00,10-04-2026 18:15,62.94,82,82.49,1.3,26.5,8.84
10-04-2026 18:15,10-04-2026 18:30,51.6,58,83.26,1.25,78.61,6.89
10-04-2026 18:30,10-04-2026 18:45,51.4,58,83.79,0.94,79.25,6.55
10-04-2026 18:45,10-04-2026 19:00,70.54,97.4,84.2,0.53,40.61,6.35
10-04-2026 19:00,10-04-2026 19:15,45.6,53,84.54,0.97,26.5,6.45
10-04-2026 19:15,10-04-2026 19:30,45.8,53,84.92,0.87,34.79,6.39
10-04-2026 19:30,10-04-2026 19:45,46,53,85.12,0.51,40.21,6.35
10-04-2026 19:45,10-04-2026 20:00,57.09,75.2,85.32,1.37,41.49,6.17
10-04-2026 20:00,10-04-2026 20:15,35,44,85.61,0.86,51.25,6.14
10-04-2026 20:15,10-04-2026 20:30,37,44,85.8,0.96,34.39,6.21
10-04-2026 20:30,10-04-2026 20:45,38,44,85.96,0.4,44.79,6.22
10-04-2026 20:45,10-04-2026 21:00,53.7,72.4,86.04,0.45,46.12,6.01
10-04-2026 21:00,10-04-2026 21:15,32.4,40,86.19,1.28,26.5,6.17
10-04-2026 21:15,10-04-2026 21:30,27.5,40,86.34,1.19,37.3,6
10-04-2026 21:30,10-04-2026 21:45,32.4,40,86.7,0.83,36.7,6
10-04-2026 21:45,10-04-2026 22:00,30.4,38.8,86.74,0.7,26.5,5.97
10-04-2026 22:00,10-04-2026 22:15,29.8,38,86.89,0.68,44.74,6.08
10-04-2026 22:15,10-04-2026 22:30,31.2,38,87.02,1.15,74.1,6.06
10-04-2026 22:30,10-04-2026 22:45,29.2,38,87.08,1.31,38.3,6.1
10-04-2026 22:45,10-04-2026 23:00,32,40.4,87.11,1.47,26.5,6.03
10-04-2026 23:00,10-04-2026 23:15,34.6,42,86.84,1.07,80.57,6.07
10-04-2026 23:15,10-04-2026 23:30,36.2,42,86.75,1.25,98.82,6.04
10-04-2026 23:30,10-04-2026 23:45,27.4,42,86.83,1.04,78.22,6.1
10-04-2026 23:45,11-04-2026 00:00,34.6,43.2,86.7,1.08,88.51,6.25
11-04-2026 00:00,11-04-2026 00:15,37.8,44,86.49,1.14,149.22,6.22
11-04-2026 00:15,11-04-2026 00:30,36.2,44,86.1,1.67,142.63,6.25
11-04-2026 00:30,11-04-2026 00:45,36.2,44,86.07,1.17,71.82,6.34
11-04-2026 00:45,11-04-2026 01:00,44.89,58.2,85.76,0.95,135.49,6.34
11-04-2026 01:00,11-04-2026 01:15,38,45,85.02,1.27,26.5,6.41
11-04-2026 01:15,11-04-2026 01:30,37.8,45,84.52,0.86,117.79,6.41
11-04-2026 01:30,11-04-2026 01:45,38,45,84.44,0.76,125.19,6.51
11-04-2026 01:45,11-04-2026 02:00,32.8,40.2,84.63,1,152.5,6.43
11-04-2026 02:00,11-04-2026 02:15,29,37,84.8,0.66,68.88,6.35
11-04-2026 02:15,11-04-2026 02:30,31.4,37,84.92,0.73,119.72,6.41
11-04-2026 02:30,11-04-2026 02:45,29.4,37,85.21,0.54,116.85,6.36
11-04-2026 02:45,11-04-2026 03:00,36.2,43.6,85.52,0.53,122.79,6.35
11-04-2026 03:00,11-04-2026 03:15,39.6,48,85.79,0.79,149.98,6.36
11-04-2026 03:15,11-04-2026 03:30,40,48,86.17,0.74,97.16,6.35
11-04-2026 03:30,11-04-2026 03:45,42.2,48,86.5,0.86,149.92,6.45
11-04-2026 03:45,11-04-2026 04:00,36.2,43.8,86.82,0.93,170.23,6.25
11-04-2026 04:00,11-04-2026 04:15,32.8,41,86.97,0.96,118.43,6.2
11-04-2026 04:15,11-04-2026 04:30,33.2,41,87.11,0.37,160.08,6.15
11-04-2026 04:30,11-04-2026 04:45,33.8,41,87.12,0.59,121.65,6.17
11-04-2026 04:45,11-04-2026 05:00,42.75,59.4,86.98,0.5,176.13,6.08
11-04-2026 05:00,11-04-2026 05:15,22.2,30,86.87,0.38,179.37,6.15
11-04-2026 05:15,11-04-2026 05:30,22.4,30,86.77,0.62,82.3,6.15
11-04-2026 05:30,11-04-2026 05:45,17.6,30,86.7,0.43,217.14,6.25
11-04-2026 05:45,11-04-2026 06:00,26.4,35.4,86.64,0.46,153.27,7.26
11-04-2026 06:00,11-04-2026 06:15,31,39,86.48,0.68,233.22,10.14
11-04-2026 06:15,11-04-2026 06:30,30.8,39,86.54,0.79,266.33,14.91
11-04-2026 06:30,11-04-2026 06:45,29.8,39,86.42,0.95,196.03,20.39
11-04-2026 06:45,11-04-2026 07:00,40.8,48.6,86.37,0.65,242.28,27.29
11-04-2026 07:00,11-04-2026 07:15,54.6,63,85.74,0.85,200.64,39.99
11-04-2026 07:15,11-04-2026 07:30,56.6,63,84.47,0.63,197.2,66.04
11-04-2026 07:30,11-04-2026 07:45,56,63,83.54,1.25,199.33,73.58
11-04-2026 07:45,11-04-2026 08:00,49.8,58.2,82.89,0.91,178.81,110.13
11-04-2026 08:00,11-04-2026 08:15,47.6,55,81.01,1.18,87.69,134.1
11-04-2026 08:15,11-04-2026 08:30,49.2,55,79.36,1.28,154.31,152.34
11-04-2026 08:30,11-04-2026 08:45,48.4,55,77.07,1.24,155.88,179.5
11-04-2026 08:45,11-04-2026 09:00,65.86,86,75.1,1.04,164.04,186.42
11-04-2026 09:00,11-04-2026 09:15,61.8,69,74,1.57,32.92,202.09
11-04-2026 09:15,11-04-2026 09:30,61.6,69,73.15,1.36,165.59,212.97
11-04-2026 09:30,11-04-2026 09:45,60.4,69,71.55,1.64,141.2,240.07
11-04-2026 09:45,11-04-2026 10:00,69.03,85.4,74.08,0.84,105.22,257.69
11-04-2026 10:00,11-04-2026 10:15,62.2,69,74.48,1.1,66.45,267.88
11-04-2026 10:15,11-04-2026 10:30,61.2,69,74.26,1.1,60.54,271.76
11-04-2026 10:30,11-04-2026 10:45,61,69,73.83,1.06,55.1,286.57
11-04-2026 10:45,11-04-2026 11:00,66.6,73.8,73.94,1.29,65.7,295.23
11-04-2026 11:00,11-04-2026 11:15,70.6,77,73.62,0.84,70.25,302.75
11-04-2026 11:15,11-04-2026 11:30,68.8,77,73.44,1.13,59.71,311.83
11-04-2026 11:30,11-04-2026 11:45,69.4,77,73.2,1.35,64.54,316.41
11-04-2026 11:45,11-04-2026 12:00,63.6,72.2,73.31,1.17,105.76,318.9
11-04-2026 12:00,11-04-2026 12:15,,69,72.57,0.73,48.99,318.2
11-04-2026 12:15,11-04-2026 12:30,,69,73.25,1.12,97.17,317.66
11-04-2026 12:30,11-04-2026 12:45,,69,73.37,1.39,85.27,314.9
11-04-2026 12:45,11-04-2026 13:00,,54.6,74.05,1.3,112.4,310.9
11-04-2026 13:00,11-04-2026 13:15,37.2,45,74.16,1.17,41.03,305.94
11-04-2026 13:15,11-04-2026 13:30,37.4,45,73.74,0.98,80.51,298.04
11-04-2026 13:30,11-04-2026 13:45,29.8,45,72.87,1.74,88.08,290.06
11-04-2026 13:45,11-04-2026 14:00,38.93,58.6,72.89,1.31,148.92,277.23
11-04-2026 14:00,11-04-2026 14:15,10,31,72.78,1.58,81.34,265.17
11-04-2026 14:15,11-04-2026 14:30,10,31,73.83,1.41,72.42,251.93
11-04-2026 14:30,11-04-2026 14:45,8,31,74.19,1.25,65.69,236.21
11-04-2026 14:45,11-04-2026 15:00,29.38,62.8,74.47,2.11,148.61,219.02
11-04-2026 15:00,11-04-2026 15:15,9,43,75.45,1.81,60.82,199.2
11-04-2026 15:15,11-04-2026 15:30,9,43,75.8,1.79,102.99,182.81
11-04-2026 15:30,11-04-2026 15:45,7.2,43,75.37,1.49,132.02,164.7
11-04-2026 15:45,11-04-2026 16:00,23.3,56,75.18,1.32,63.18,145.36
11-04-2026 16:00,11-04-2026 16:15,18,42,75.46,1.2,52.39,126.88
11-04-2026 16:15,11-04-2026 16:30,18,42,75.77,1.19,67.79,106.98
11-04-2026 16:30,11-04-2026 16:45,14.4,42,76.68,1.56,68.5,87.79
11-04-2026 16:45,11-04-2026 17:00,18.6,39.6,77.61,1.47,78.6,69.47
11-04-2026 17:00,11-04-2026 17:15,21,38,78.01,0.82,92.3,51.66
11-04-2026 17:15,11-04-2026 17:30,21,38,78.78,1.05,71.95,34.46
11-04-2026 17:30,11-04-2026 17:45,21,38,79.5,0.84,90.87,20.84
11-04-2026 17:45,11-04-2026 18:00,20.4,37.4,80.51,0.53,59.34,14.05
11-04-2026 18:00,11-04-2026 18:15,18,37,81.42,0.57,90.14,9.09
11-04-2026 18:15,11-04-2026 18:30,18,37,81.93,0.91,65.87,6.93
11-04-2026 18:30,11-04-2026 18:45,18,37,81.95,0.51,54.68,6.58
11-04-2026 18:45,11-04-2026 19:00,17.2,33.4,82.28,0.3,66.27,6.55
11-04-2026 19:00,11-04-2026 19:15,14,31,82.58,0.77,81.14,6.53
11-04-2026 19:15,11-04-2026 19:30,14,31,82.38,1.09,105.09,6.67
11-04-2026 19:30,11-04-2026 19:45,14,31,81.73,0.82,30.3,6.52
11-04-2026 19:45,11-04-2026 20:00,36.37,61.8,81.84,0.56,89.54,6.41
11-04-2026 20:00,11-04-2026 20:15,17,29,82.22,0.51,150.37,6.46
11-04-2026 20:15,11-04-2026 20:30,17,29,82.3,0.8,51.3,6.48
11-04-2026 20:30,11-04-2026 20:45,13.6,29,82.86,0.28,76.71,6.48
11-04-2026 20:45,11-04-2026 21:00,16.4,28.4,83.12,0.41,46.17,6.42
11-04-2026 21:00,11-04-2026 21:15,14,28,83.63,0.4,69.68,6.32
11-04-2026 21:15,11-04-2026 21:30,14,28,83.68,0.32,69.9,6.14
11-04-2026 21:30,11-04-2026 21:45,14,28,83.8,0.35,67.82,6.14
11-04-2026 21:45,11-04-2026 22:00,13.2,26.2,84.07,0.3,92.76,6.25
11-04-2026 22:00,11-04-2026 22:15,10,25,84.64,0.85,98.02,6.1
11-04-2026 22:15,11-04-2026 22:30,10,25,84.79,0.92,116.27,6.13
11-04-2026 22:30,11-04-2026 22:45,8,25,84.18,1.01,79.1,6.21
11-04-2026 22:45,11-04-2026 23:00,9.8,23.8,84.44,0.43,90.51,6.1
11-04-2026 23:00,11-04-2026 23:15,9,23,84.71,0.89,63.46,6.04
11-04-2026 23:15,11-04-2026 23:30,9,23,84.97,0.82,75.94,5.93
11-04-2026 23:30,11-04-2026 23:45,9,23,84.89,0.72,123.13,5.96
11-04-2026 23:45,12-04-2026 00:00,8.4,25.4,84.96,0.43,97.22,5.89
12-04-2026 00:00,12-04-2026 00:15,6,27,84.78,1.49,58.09,5.97
12-04-2026 00:15,12-04-2026 00:30,6,27,84.46,0.54,74.84,6.13
12-04-2026 00:30,12-04-2026 00:45,4.8,27,84.77,0.27,50.91,6
12-04-2026 00:45,12-04-2026 01:00,6,23.4,85.07,0.71,70.23,6.01
12-04-2026 01:00,12-04-2026 01:15,6,21,85.01,0.72,112.35,6.01
12-04-2026 01:15,12-04-2026 01:30,6,21,84.91,0.84,70.51,6.18
12-04-2026 01:30,12-04-2026 01:45,6,21,84.97,0.49,48.03,6.29
12-04-2026 01:45,12-04-2026 02:00,29.84,57.6,85.04,0.42,118.28,6.2
12-04-2026 02:00,12-04-2026 02:15,9,29,85.07,0.28,164.76,6.28
12-04-2026 02:15,12-04-2026 02:30,9,29,85.4,0.62,42.6,6.32
12-04-2026 02:30,12-04-2026 02:45,9,29,85.37,0.75,145.49,6.29
12-04-2026 02:45,12-04-2026 03:00,23.76,50.8,85.45,0.56,71.69,6.35
12-04-2026 03:00,12-04-2026 03:15,6,32,85.4,0.85,58.9,6.32
12-04-2026 03:15,12-04-2026 03:30,6,32,85.42,0.49,94.03,6.29
12-04-2026 03:30,12-04-2026 03:45,4.8,32,85.7,0.67,81.37,6.29
12-04-2026 03:45,12-04-2026 04:00,26.78,58.8,85.61,0.52,128.38,6.22
12-04-2026 04:00,12-04-2026 04:15,8,32,85.44,0.93,133.02,6.29
12-04-2026 04:15,12-04-2026 04:30,8,32,85.5,1.21,57.56,6.32
12-04-2026 04:30,12-04-2026 04:45,6.4,32,85.39,0.43,149.46,6.43
12-04-2026 04:45,12-04-2026 05:00,8.4,36.8,85.18,0.52,146.57,6.27
12-04-2026 05:00,12-04-2026 05:15,10,40,85.01,0.87,106.7,6.41
12-04-2026 05:15,12-04-2026 05:30,10,40,84.81,0.56,116.11,6.45
12-04-2026 05:30,12-04-2026 05:45,8,40,84.75,0.51,178.3,6.34
12-04-2026 05:45,12-04-2026 06:00,22.6,47.6,84.99,0.57,141.32,7.23
12-04-2026 06:00,12-04-2026 06:15,5,19,85.03,0.77,177.16,10.21
12-04-2026 06:15,12-04-2026 06:30,5,19,85.08,0.53,119.1,14.88
12-04-2026 06:30,12-04-2026 06:45,5,19,84.98,0.92,198.28,19.89
12-04-2026 06:45,12-04-2026 07:00,25.36,56.4,84.42,0.7,117.94,24.64
12-04-2026 07:00,12-04-2026 07:15,,36,83.78,0.8,141.89,40.62
12-04-2026 07:15,12-04-2026 07:30,,36,82.66,0.56,95.97,80.75
12-04-2026 07:30,12-04-2026 07:45,,36,81.5,1.16,132.68,88.6
12-04-2026 07:45,12-04-2026 08:00,20.62,57.6,80.85,1.29,168.46,42.88
12-04-2026 08:00,12-04-2026 08:15,16,41,80.66,0.96,182.64,72.13
12-04-2026 08:15,12-04-2026 08:30,16,41,79.44,1.69,135.81,110.84
12-04-2026 08:30,12-04-2026 08:45,16,41,77.25,1.29,95.88,168.83
12-04-2026 08:45,12-04-2026 09:00,14.8,39.2,75.48,0.56,203.09,188.26
12-04-2026 09:00,12-04-2026 09:15,10,38,74.1,0.73,108.25,205.79
12-04-2026 09:15,12-04-2026 09:30,10,38,74.5,1.11,56.5,223.51
12-04-2026 09:30,12-04-2026 09:45,10,38,74.72,1.59,81.55,239.89
12-04-2026 09:45,12-04-2026 10:00,10.2,45.8,74.83,0.8,48.99,252.96
12-04-2026 10:00,12-04-2026 10:15,11,51,75.27,2.02,72.87,264.27
12-04-2026 10:15,12-04-2026 10:30,11,51,75.14,1.27,97.29,276.52
12-04-2026 10:30,12-04-2026 10:45,11,51,74.71,1.86,83.58,286.18
12-04-2026 10:45,12-04-2026 11:00,14.6,49.8,75.11,2.29,102.87,295.49
12-04-2026 11:00,12-04-2026 11:15,29,48,74.62,1.75,109.7,301.75
12-04-2026 11:15,12-04-2026 11:30,29,48,74.39,1.63,55.14,306.92
12-04-2026 11:30,12-04-2026 11:45,29,48,72.7,1.22,111.25,310.4
12-04-2026 11:45,12-04-2026 12:00,24.8,51,71.8,2.02,130.05,313.26
12-04-2026 12:00,12-04-2026 12:15,8,53,72.88,2.21,77.72,313.45
12-04-2026 12:15,12-04-2026 12:30,8,53,73.54,2.57,85.54,311.96
12-04-2026 12:30,12-04-2026 12:45,8,53,73.15,1.46,58.3,310.21
12-04-2026 12:45,12-04-2026 13:00,26.46,66.4,72.62,1.63,46.53,307.03
12-04-2026 13:00,12-04-2026 13:15,16,42,71.62,1.73,58.89,300.2
12-04-2026 13:15,12-04-2026 13:30,16,42,72.65,2.73,92.16,291.98
12-04-2026 13:30,12-04-2026 13:45,12.8,42,72.99,2.45,72.23,283.35
12-04-2026 13:45,12-04-2026 14:00,13,42,72.84,1.84,34.07,272.95
12-04-2026 14:00,12-04-2026 14:15,1,42,72.34,2.37,58.99,262.01
12-04-2026 14:15,12-04-2026 14:30,1,42,72.34,2.42,109.46,248.19
12-04-2026 14:30,12-04-2026 14:45,1,42,72.39,2.05,64.36,233.35
12-04-2026 14:45,12-04-2026 15:00,3.4,35.4,72.85,1.58,66.44,216.17
12-04-2026 15:00,12-04-2026 15:15,13,31,71.9,1.2,63.61,200.05
12-04-2026 15:15,12-04-2026 15:30,13,31,72.37,1.91,86.43,181.06
12-04-2026 15:30,12-04-2026 15:45,13,31,73.01,1.72,49.41,162.14
12-04-2026 15:45,12-04-2026 16:00,30.59,56.2,72.63,1.19,135.29,143.97
12-04-2026 16:00,12-04-2026 16:15,8,28,73.26,2.17,85.45,125.42
12-04-2026 16:15,12-04-2026 16:30,8,28,75.51,2.57,96.31,105.83
12-04-2026 16:30,12-04-2026 16:45,6.4,28,76.05,1.14,43.44,86.71
12-04-2026 16:45,12-04-2026 17:00,7.4,32.2,75.08,1.59,26.5,68.78
12-04-2026 17:00,12-04-2026 17:15,5,35,76.27,0.98,143.9,51.66
12-04-2026 17:15,12-04-2026 17:30,5,35,76.49,0.97,79.39,33.5
12-04-2026 17:30,12-04-2026 17:45,5,35,77.41,1.4,49.39,19.85
12-04-2026 17:45,12-04-2026 18:00,23.36,56.8,79.52,1.58,47.96,13.37
12-04-2026 18:00,12-04-2026 18:15,3,31,80.59,1.39,126.18,8.21
12-04-2026 18:15,12-04-2026 18:30,3,31,81.19,1.51,89.93,6.61
12-04-2026 18:30,12-04-2026 18:45,2.25,31,81.48,1.22,59.52,6.39
12-04-2026 18:45,12-04-2026 19:00,5,28.33,81.84,0.9,77.9,6.47
12-04-2026 19:00,12-04-2026 19:15,9,27,82.4,1.1,40.6,6.49
12-04-2026 19:15,12-04-2026 19:30,9,27,82.86,1.06,33.81,6.52
12-04-2026 19:30,12-04-2026 19:45,9,27,82.7,1.23,72.83,6.39
12-04-2026 19:45,12-04-2026 20:00,12.6,28.6,82.88,1.57,50.27,6.38
12-04-2026 20:00,12-04-2026 20:15,18,29,82.94,0.74,58.62,6.25
12-04-2026 20:15,12-04-2026 20:30,18,29,83.09,1.31,36.8,6.44
12-04-2026 20:30,12-04-2026 20:45,14.4,29,83.14,1.23,144.49,6.35
12-04-2026 20:45,12-04-2026 21:00,14.8,35.4,83.16,0.33,51,6.29
12-04-2026 21:00,12-04-2026 21:15,10,37,83.33,1.15,58.59,6.39
12-04-2026 21:15,12-04-2026 21:30,10,37,83.23,1.21,70.03,6.32
12-04-2026 21:30,12-04-2026 21:45,10,37,83.6,0.9,68.94,6.48
12-04-2026 21:45,12-04-2026 22:00,11.2,33.4,83.79,1.21,86.79,6.28
12-04-2026 22:00,12-04-2026 22:15,13,31,83.92,0.88,64.71,6.37
12-04-2026 22:15,12-04-2026 22:30,13,31,84.23,1.27,130.8,6.43
12-04-2026 22:30,12-04-2026 22:45,13,31,84.39,1.01,26.5,6.15
12-04-2026 22:45,12-04-2026 23:00,11.4,23,84.72,0.48,72.42,6.1
12-04-2026 23:00,12-04-2026 23:15,9,21,85.11,0.79,120.09,6.07
12-04-2026 23:15,12-04-2026 23:30,9,21,85.22,0.93,87.82,6.13
12-04-2026 23:30,12-04-2026 23:45,9,21,85.44,0.67,58.83,6.03
12-04-2026 23:45,13-04-2026 00:00,9.4,26.6,85.46,1.18,97.34,5.99
13-04-2026 00:00,13-04-2026 00:15,10,28,85.51,0.8,64.99,6.1
13-04-2026 00:15,13-04-2026 00:30,10,28,85.49,0.58,45.89,6.11
13-04-2026 00:30,13-04-2026 00:45,10,28,85.57,0.48,172.48,6.04
13-04-2026 00:45,13-04-2026 01:00,8,20.8,85.65,0.93,105.84,6.11
13-04-2026 01:00,13-04-2026 01:15,5,19,85.62,1.11,75.04,6.01
13-04-2026 01:15,13-04-2026 01:30,5,19,85.51,1,99.15,5.99
13-04-2026 01:30,13-04-2026 01:45,5,19,85.58,0.94,78.98,6.06
13-04-2026 01:45,13-04-2026 02:00,7,20.5,85.76,0.7,171.3,5.98
13-04-2026 02:00,13-04-2026 02:15,9,21,85.91,0.94,26.5,6.08
13-04-2026 02:15,13-04-2026 02:30,9,21,85.92,0.6,169.2,6.01
13-04-2026 02:30,13-04-2026 02:45,9,21,85.6,0.56,84.78,6.18
13-04-2026 02:45,13-04-2026 03:00,2.6,10.6,85.21,0.63,158.01,6.24
13-04-2026 03:00,13-04-2026 03:15,0.6,8,85.25,0.62,168.2,6.25
13-04-2026 03:15,13-04-2026 03:30,0.6,8,85.13,0.67,69.9,6.24
13-04-2026 03:30,13-04-2026 03:45,2,8,85.24,0.46,94.48,6.32
13-04-2026 03:45,13-04-2026 04:00,4.8,11.2,85.29,0.78,151.65,6.24
13-04-2026 04:00,13-04-2026 04:15,5,12,85.32,0.43,66.83,6.38
13-04-2026 04:15,13-04-2026 04:30,5,12,85.27,0.67,139.18,6.32
13-04-2026 04:30,13-04-2026 04:45,5,12,85.35,0.5,97.43,6.22
13-04-2026 04:45,13-04-2026 05:00,10.4,17,85.49,0.33,108.23,6.21
13-04-2026 05:00,13-04-2026 05:15,14,17,85.73,0.62,158.68,6.24
13-04-2026 05:15,13-04-2026 05:30,14,17,85.82,0.55,148.03,6.28
13-04-2026 05:30,13-04-2026 05:45,11.2,17,85.74,0.84,129.99,6.66
13-04-2026 05:45,13-04-2026 06:00,8.6,15,85.68,0.46,144.2,8.47
13-04-2026 06:00,13-04-2026 06:15,5,15,85.55,0.35,201.44,12.42
13-04-2026 06:15,13-04-2026 06:30,5,15,85.36,0.41,164.19,17.04
13-04-2026 06:30,13-04-2026 06:45,5,15,85.05,0.79,113.89,21.95
13-04-2026 06:45,13-04-2026 07:00,5.6,26,84.62,0.58,193.61,27.08
13-04-2026 07:00,13-04-2026 07:15,6,26,83.75,1.24,175.51,60.72
13-04-2026 07:15,13-04-2026 07:30,6,26,83.08,1.12,208.11,88.83
13-04-2026 07:30,13-04-2026 07:45,6,26,82.25,1.17,135.51,104
13-04-2026 07:45,13-04-2026 08:00,23,49.6,81.33,0.9,110.27,97.38
13-04-2026 08:00,13-04-2026 08:15,6,27,80.53,1.03,88.03,119.96
13-04-2026 08:15,13-04-2026 08:30,6,27,79.31,0.83,131.94,128.25
13-04-2026 08:30,13-04-2026 08:45,19.06,45.67,77.38,1.19,114.43,189.86
13-04-2026 08:45,13-04-2026 09:00,6.75,32,75.13,1.27,117.3,206.38
13-04-2026 09:00,13-04-2026 09:15,7,32,74.24,0.76,78.4,224.2
13-04-2026 09:15,13-04-2026 09:30,7,32,74.41,1.58,101.53,241.48
13-04-2026 09:30,13-04-2026 09:45,22.41,52.17,75.39,2.1,94.83,255.61
13-04-2026 09:45,13-04-2026 10:00,6.2,23,75.66,1.54,27.07,268.6
13-04-2026 10:00,13-04-2026 10:15,6,23,74.61,1.29,72.1,282.03
13-04-2026 10:15,13-04-2026 10:30,6,23,73.54,1.49,104.64,293.9
13-04-2026 10:30,13-04-2026 10:45,28.04,56,73.77,0.99,59.01,302.43
13-04-2026 10:45,13-04-2026 11:00,8.4,32,74.01,1.61,30.11,309.44
13-04-2026 11:00,13-04-2026 11:15,9,32,73.94,1.89,72.73,316.19
13-04-2026 11:15,13-04-2026 11:30,9,32,74.01,1.27,121.6,321.8
13-04-2026 11:30,13-04-2026 11:45,9,34,73.37,1.76,74.92,325.71
13-04-2026 11:45,13-04-2026 12:00,6.6,42,74.58,2.12,68.95,324.75
13-04-2026 12:00,13-04-2026 12:15,6,42,74.13,1.9,74.58,326.37
13-04-2026 12:15,13-04-2026 12:30,6,42,73.03,1.3,101.06,325.57
13-04-2026 12:30,13-04-2026 12:45,4.8,39.2,71.99,1.13,68.76,321.75
13-04-2026 12:45,13-04-2026 13:00,11.6,28,71.97,1.51,159.07,317.39
13-04-2026 13:00,13-04-2026 13:15,13,28,73.19,1.83,54.4,310.08
13-04-2026 13:15,13-04-2026 13:30,13,28,72.98,1.85,26.5,301.36
13-04-2026 13:30,13-04-2026 13:45,13,28,72.64,1.32,90.68,291.88
13-04-2026 13:45,13-04-2026 14:00,9,29,72.09,0.94,42.14,280.14
13-04-2026 14:00,13-04-2026 14:15,8,29,70.76,0.84,66.64,268.29
13-04-2026 14:15,13-04-2026 14:30,54.68,,71.08,1.9,126.66,254.09
13-04-2026 14:30,13-04-2026 14:45,6.4,29,71.9,1.96,117.81,237.97
13-04-2026 14:45,13-04-2026 15:00,4,,72.76,1.93,125.18,220.83
13-04-2026 15:00,13-04-2026 15:15,3,,72.32,1.11,112.73,203.58
13-04-2026 15:15,13-04-2026 15:30,3,,72.1,1.9,54.77,183.67
13-04-2026 15:30,13-04-2026 15:45,3,,72.9,1.55,52.87,162.73
13-04-2026 15:45,13-04-2026 16:00,9.4,48,73.23,1.64,72.48,141.2
13-04-2026 16:00,13-04-2026 16:15,11,48,74.04,2.14,130.23,123.64
13-04-2026 16:15,13-04-2026 16:30,11,48,75.05,2.7,98.39,105.77
13-04-2026 16:30,13-04-2026 16:45,11,48,74.75,1.66,133.79,85.37
13-04-2026 16:45,13-04-2026 17:00,7,30,75.21,1.38,52.25,66.34
13-04-2026 17:00,13-04-2026 17:15,6,30,75.94,1.51,101.93,47.94
13-04-2026 17:15,13-04-2026 17:30,6,30,76.91,1.37,99.99,21.73
13-04-2026 17:30,13-04-2026 17:45,4.8,30,78.78,1.13,84.47,14.51
13-04-2026 17:45,13-04-2026 18:00,2.8,30,80.04,0.44,102.99,9.61
13-04-2026 18:00,13-04-2026 18:15,2,30,80.85,1.03,141.6,6.85
13-04-2026 18:15,13-04-2026 18:30,2,30,81.13,0.92,63.72,6.2
13-04-2026 18:30,13-04-2026 18:45,2,30,81.58,0.77,114.71,6.04
13-04-2026 18:45,13-04-2026 19:00,13.2,37,81.76,0.77,115.29,6.21
13-04-2026 19:00,13-04-2026 19:15,16,37,81.88,1.11,129.07,6.08
13-04-2026 19:15,13-04-2026 19:30,16,37,81.83,0.84,98.77,6.11
13-04-2026 19:30,13-04-2026 19:45,16,35.8,81.96,0.43,98.58,6.27
13-04-2026 19:45,13-04-2026 20:00,10.4,31,82.52,0.97,77.08,6.28
13-04-2026 20:00,13-04-2026 20:15,9,31,82.58,0.95,46.72,6.38
13-04-2026 20:15,13-04-2026 20:30,9,31,82.68,0.91,125.49,6.27
13-04-2026 20:30,13-04-2026 20:45,23.47,52.6,83.02,0.76,106.59,6.25
13-04-2026 20:45,13-04-2026 21:00,7.4,28,82.99,0.88,175.5,6.24
13-04-2026 21:00,13-04-2026 21:15,7,28,82.62,0.37,84.96,6.35
13-04-2026 21:15,13-04-2026 21:30,7,28,82.63,1.17,70.59,6.34
13-04-2026 21:30,13-04-2026 21:45,21.36,48.8,82.37,0.87,42.02,6.34
13-04-2026 21:45,13-04-2026 22:00,7.8,29,82.17,1.56,53.21,6.31
13-04-2026 22:00,13-04-2026 22:15,8,29,82.25,1.09,82.14,6.39
13-04-2026 22:15,13-04-2026 22:30,8,29,82.45,1.65,88.57,6.31
13-04-2026 22:30,13-04-2026 22:45,21.31,48.6,82.65,0.93,74.22,6.38
13-04-2026 22:45,13-04-2026 23:00,9.6,24,82.77,0.62,125.3,6.27
13-04-2026 23:00,13-04-2026 23:15,10,24,83.24,0.68,151.17,6.17
13-04-2026 23:15,13-04-2026 23:30,10,24,83.89,0.46,94.1,6.38
13-04-2026 23:30,13-04-2026 23:45,28.75,54.2,84.11,0.65,91.35,6.34
13-04-2026 23:45,14-04-2026 00:00,6.8,25,84.02,0.27,68.52,6.25
14-04-2026 00:00,14-04-2026 00:15,6,25,84.17,0.94,67.8,6.14
14-04-2026 00:15,14-04-2026 00:30,6,25,84.53,0.76,46.25,6.08
14-04-2026 00:30,14-04-2026 00:45,4.8,25,84.84,0.95,77.66,5.9
14-04-2026 00:45,14-04-2026 01:00,2,25,84.83,1.06,84.82,6.08
14-04-2026 01:00,14-04-2026 01:15,1,25,84.55,0.61,138.36,6.17
14-04-2026 01:15,14-04-2026 01:30,1,25,84.73,0.86,143.05,5.99
14-04-2026 01:30,14-04-2026 01:45,17.96,46.4,84.87,0.99,116.5,6.08
14-04-2026 01:45,14-04-2026 02:00,0.76,16,84.62,0.93,88.27,6.25
14-04-2026 02:00,14-04-2026 02:15,0.7,16,84.71,0.44,157.32,6.04
14-04-2026 02:15,14-04-2026 02:30,0.7,16,84.62,0.58,103.43,6.06
14-04-2026 02:30,14-04-2026 02:45,19.4,42,84.5,0.98,116.3,6.14
14-04-2026 02:45,14-04-2026 03:00,4.14,17,84.51,1.4,157.63,6.03
14-04-2026 03:00,14-04-2026 03:15,5,17,84.65,0.8,189.06,6.1
14-04-2026 03:15,14-04-2026 03:30,5,17,84.66,0.52,115.27,6.04
14-04-2026 03:30,14-04-2026 03:45,4,18.8,84.81,0.41,156.81,6.13
14-04-2026 03:45,14-04-2026 04:00,4.2,26,84.86,0.33,182.04,6.14
14-04-2026 04:00,14-04-2026 04:15,4,26,85.04,0.71,187.96,6.24
14-04-2026 04:15,14-04-2026 04:30,4,26,85.28,0.86,196.9,6.28
14-04-2026 04:30,14-04-2026 04:45,24.63,55,85.56,0.54,175.12,6.34
14-04-2026 04:45,14-04-2026 05:00,4.8,31,85.54,0.48,246.48,6.21
14-04-2026 05:00,14-04-2026 05:15,5,31,85.32,0.7,197.61,6.25
14-04-2026 05:15,14-04-2026 05:30,5,31,85.6,0.81,197.52,6.34
14-04-2026 05:30,14-04-2026 05:45,4,31.2,86.03,0.65,231.39,7.03
14-04-2026 05:45,14-04-2026 06:00,12.2,32,86.13,0.68,180.28,9.5
14-04-2026 06:00,14-04-2026 06:15,14,32,85.97,0.83,268.96,13.03
14-04-2026 06:15,14-04-2026 06:30,14,32,85.55,0.68,227.14,16.63
14-04-2026 06:30,14-04-2026 06:45,23.74,49.2,84.86,0.99,207.58,21.41
14-04-2026 06:45,14-04-2026 07:00,15.6,69,84.19,0.82,127.75,26.45
14-04-2026 07:00,14-04-2026 07:15,16,69,82.86,1.06,145.05,67.25
14-04-2026 07:15,14-04-2026 07:30,16,69,82.04,1.28,153.52,102.52
14-04-2026 07:30,14-04-2026 07:45,27.62,78,81.32,0.92,102.16,124.96
14-04-2026 07:45,14-04-2026 08:00,12.8,42,80.21,1.17,181.29,139.47
14-04-2026 08:00,14-04-2026 08:15,12,42,79.22,1.15,152.46,113.22
14-04-2026 08:15,14-04-2026 08:30,12,42,77.81,1.46,131.12,192.52
14-04-2026 08:30,14-04-2026 08:45,24.36,60,75.65,1.3,95,181.33
14-04-2026 08:45,14-04-2026 09:00,12.8,22,74.23,1.15,122.79,205.12
14-04-2026 09:00,14-04-2026 09:15,13,22,72.33,1.11,133.26,239.64
14-04-2026 09:15,14-04-2026 09:30,13,22,71.45,0.68,111.51,257.77
14-04-2026 09:30,14-04-2026 09:45,24.05,42.6,71.05,1.15,93.95,266.74
14-04-2026 09:45,14-04-2026 10:00,7.4,44,70.94,1.2,150.87,277.39
14-04-2026 10:00,14-04-2026 10:15,6,44,70.75,1.48,44.45,288.85
14-04-2026 10:15,14-04-2026 10:30,6,44,72.43,1.16,93.47,298.16
14-04-2026 10:30,14-04-2026 10:45,4.8,50.4,71.96,1.91,39.87,307.64
14-04-2026 10:45,14-04-2026 11:00,2.8,76,72.93,1.03,53.87,314.39
14-04-2026 11:00,14-04-2026 11:15,2,76,72.54,1.63,77.98,319.89
14-04-2026 11:15,14-04-2026 11:30,2,76,72.82,1.71,70.33,324.13
14-04-2026 11:30,14-04-2026 11:45,2,70.4,73.41,1.31,66.26,324.09
14-04-2026 11:45,14-04-2026 12:00,0.4,48,73.36,2.14,34.91,324.62
14-04-2026 12:00,14-04-2026 12:15,,48,74.04,2.18,69.28,321.94
14-04-2026 12:15,14-04-2026 12:30,,48,74.21,2.65,194.74,317.9
14-04-2026 12:30,14-04-2026 12:45,,48.2,74.55,2.52,78.04,312.62
14-04-2026 12:45,14-04-2026 13:00,1.6,49,74.3,2.31,136.36,306.23
14-04-2026 13:00,14-04-2026 13:15,2,49,74.55,2.7,122.64,299.18
14-04-2026 13:15,14-04-2026 13:30,2,49,75.34,2.3,73.28,290.03
14-04-2026 13:30,14-04-2026 13:45,23.04,72.8,75.33,2.8,71.47,279.67
14-04-2026 13:45,14-04-2026 14:00,15.6,70,76.07,2.77,46.16,267.34
14-04-2026 14:00,14-04-2026 14:15,19,70,74.81,1.53,131.67,252.58
14-04-2026 14:15,14-04-2026 14:30,19,70,74.59,2.67,48.33,240.83
14-04-2026 14:30,14-04-2026 14:45,32.46,88.4,75.17,1.7,80.3,224.58
14-04-2026 14:45,14-04-2026 15:00,13.4,44,75.04,1.84,110.3,208.08
14-04-2026 15:00,14-04-2026 15:15,12,44,76.5,2.13,102.45,190.87
14-04-2026 15:15,14-04-2026 15:30,12,44,76.85,1.77,65.18,171.95
14-04-2026 15:30,14-04-2026 15:45,29.17,69,77.19,1.87,88.65,153.4
14-04-2026 15:45,14-04-2026 16:00,16.8,44,77.31,1.73,52.39,133.72
14-04-2026 16:00,14-04-2026 16:15,18,44,77.9,1.77,26.7,114.38
14-04-2026 16:15,14-04-2026 16:30,18,44,77.77,1.84,71.59,95.51
14-04-2026 16:30,14-04-2026 16:45,34.85,72.2,78.31,2.14,68.85,77.79
14-04-2026 16:45,14-04-2026 17:00,11.33,32,79.42,1.54,105.14,57.74
14-04-2026 17:00,14-04-2026 17:15,,,,,,
14-04-2026 17:15,14-04-2026 17:30,10,32,79.45,1.24,67.35,30.73
14-04-2026 17:30,14-04-2026 17:45,,,,,,
14-04-2026 17:45,14-04-2026 18:00,25.11,58.2,81.23,1.58,35.68,14.29
14-04-2026 18:00,14-04-2026 18:15,11,48,82.64,1.19,50.03,9.5
14-04-2026 18:15,14-04-2026 18:30,11,48,83.4,1.53,93.15,7.05
14-04-2026 18:30,14-04-2026 18:45,11,48,83.82,1.57,106.1,6.29
14-04-2026 18:45,14-04-2026 19:00,27.01,69.4,83.74,1.52,94.36,6.06
14-04-2026 19:00,14-04-2026 19:15,6,46,83.78,0.9,52.02,6.04
14-04-2026 19:15,14-04-2026 19:30,6,46,84.13,1.65,87.95,6.06
14-04-2026 19:30,14-04-2026 19:45,6,46,84.58,1.1,71.58,6.07
14-04-2026 19:45,14-04-2026 20:00,27,70.8,84.74,1.2,78.41,5.92
14-04-2026 20:00,14-04-2026 20:15,0.7,36,84.69,0.55,69.15,5.93
14-04-2026 20:15,14-04-2026 20:30,0.7,36,84.83,0.44,119.61,5.97
14-04-2026 20:30,14-04-2026 20:45,0.7,36,85.04,0.79,164.81,5.99
14-04-2026 20:45,14-04-2026 21:00,22.65,66.6,85.04,0.4,66.68,6.08
14-04-2026 21:00,14-04-2026 21:15,11,54,85.2,0.83,57.8,5.94
14-04-2026 21:15,14-04-2026 21:30,11,54,85.44,0.9,89.11,6.03
14-04-2026 21:30,14-04-2026 21:45,11,54,85.76,0.38,130.58,6.18
14-04-2026 21:45,14-04-2026 22:00,30.65,77.8,86.08,0.31,102.45,6.27
14-04-2026 22:00,14-04-2026 22:15,10,42,86.22,0.48,84.2,6.32
14-04-2026 22:15,14-04-2026 22:30,10,42,86.03,0.46,26.5,6.25
14-04-2026 22:30,14-04-2026 22:45,10,42,85.94,0.61,118.85,6.38
14-04-2026 22:45,14-04-2026 23:00,8,36.4,85.73,0.61,76.06,6.21
14-04-2026 23:00,14-04-2026 23:15,13,28,85.7,0.53,44.67,6.35
14-04-2026 23:15,14-04-2026 23:30,13,28,86.11,0.54,95.34,6.39
14-04-2026 23:30,14-04-2026 23:45,13,28,86.46,0.46,36.29,6.38
14-04-2026 23:45,15-04-2026 00:00,31.33,62.6,86.78,0.68,72.12,6.35
15-04-2026 00:00,15-04-2026 00:15,6,48,86.9,0.8,55.21,6.4
15-04-2026 00:15,15-04-2026 00:30,6,48,86.89,1.55,65.93,6.5
15-04-2026 00:30,15-04-2026 00:45,5,48,86.96,1.17,92.01,6.46
15-04-2026 00:45,15-04-2026 01:00,6.6,48,86.9,0.62,70.1,6.42
15-04-2026 01:00,15-04-2026 01:15,9,48,86.75,0.97,45.38,6.49
15-04-2026 01:15,15-04-2026 01:30,9,48,86.81,0.68,42.23,6.49
15-04-2026 01:30,15-04-2026 01:45,9,48,86.81,0.63,50.45,6.45
15-04-2026 01:45,15-04-2026 02:00,8.4,26.4,86.85,0.84,59.74,6.15
15-04-2026 02:00,15-04-2026 02:15,6,12,87.11,0.74,26.5,6.24
15-04-2026 02:15,15-04-2026 02:30,6,12,87.53,0.69,121.88,6.06
15-04-2026 02:30,15-04-2026 02:45,6,12,87.79,0.77,126.69,6.15
15-04-2026 02:45,15-04-2026 03:00,28.64,47.6,87.95,0.57,103.14,6.06
15-04-2026 03:00,15-04-2026 03:15,3,13,87.9,0.67,123.94,6
15-04-2026 03:15,15-04-2026 03:30,3,13,87.84,0.67,145.59,6.06
15-04-2026 03:30,15-04-2026 03:45,2.4,13,87.64,0.41,239.24,6.11
15-04-2026 03:45,15-04-2026 04:00,21.57,39.4,87.45,0.78,177.31,6.01
15-04-2026 04:00,15-04-2026 04:15,2,11,87.06,0.53,113.2,6.1
15-04-2026 04:15,15-04-2026 04:30,2,11,86.75,0.72,91.06,6.03
15-04-2026 04:30,15-04-2026 04:45,1.6,11,86.63,0.45,125.24,6.01
15-04-2026 04:45,15-04-2026 05:00,15.96,29.2,86.43,0.73,235.39,6.06
15-04-2026 05:00,15-04-2026 05:15,1,6,86.27,0.58,87.94,6.04
15-04-2026 05:15,15-04-2026 05:30,1,6,86.38,0.38,111.51,6.1
15-04-2026 05:30,15-04-2026 05:45,1,6,86.56,0.37,156.65,6.29
15-04-2026 05:45,15-04-2026 06:00,2.2,12,86.73,0.31,153.32,7.41
15-04-2026 06:00,15-04-2026 06:15,7,16,86.71,0.41,148.94,10.84
15-04-2026 06:15,15-04-2026 06:30,7,16,86.51,0.57,74.65,15.35
15-04-2026 06:30,15-04-2026 06:45,7,16,86.21,0.43,203.75,19.41
15-04-2026 06:45,15-04-2026 07:00,8.4,23.8,85.69,0.42,63.63,31.05
15-04-2026 07:00,15-04-2026 07:15,14,29,84.97,1.02,129.58,35.2
15-04-2026 07:15,15-04-2026 07:30,14,29,84.08,0.95,112.55,71.02
15-04-2026 07:30,15-04-2026 07:45,14,29,83.14,0.82,165.96,94.46
15-04-2026 07:45,15-04-2026 08:00,12,30.6,81.9,1.55,143.64,131.15
15-04-2026 08:00,15-04-2026 08:15,9,31,81.18,1.65,203.91,108.55
15-04-2026 08:15,15-04-2026 08:30,9,31,79.95,1.61,159.18,100.61
15-04-2026 08:30,15-04-2026 08:45,9,31,79.01,1.37,159.6,55.37
15-04-2026 08:45,15-04-2026 09:00,7,32.6,78.86,1.11,96.86,74.51
15-04-2026 09:00,15-04-2026 09:15,4,33,77.31,1.04,115.17,139.09
15-04-2026 09:15,15-04-2026 09:30,4,33,75.88,0.86,111.58,237.19
15-04-2026 09:30,15-04-2026 09:45,4,33,74.29,1.11,63.88,249.11
15-04-2026 09:45,15-04-2026 10:00,5.6,42.6,73.98,1.57,68.91,251.32
15-04-2026 10:00,15-04-2026 10:15,8,45,74.77,2.04,85.78,258.03
15-04-2026 10:15,15-04-2026 10:30,8,45,75.25,1.64,63,268.79
15-04-2026 10:30,15-04-2026 10:45,6.4,45,74.98,2.05,79.77,277.21
15-04-2026 10:45,15-04-2026 11:00,27.83,89.4,75.36,1.6,66.57,286.19
15-04-2026 11:00,15-04-2026 11:15,6,77,75.28,1.87,53.3,292.83
15-04-2026 11:15,15-04-2026 11:30,6,77,74.86,1.53,85.57,297.94
15-04-2026 11:30,15-04-2026 11:45,6,77,75.3,1.45,65.54,299.86
15-04-2026 11:45,15-04-2026 12:00,6,91.4,75.63,2.16,97.69,301.3
15-04-2026 12:00,15-04-2026 12:15,6,95,76.18,1.93,95.8,301.78
15-04-2026 12:15,15-04-2026 12:30,6,95,76.4,1.9,77.65,300.44
15-04-2026 12:30,15-04-2026 12:45,6,95,76.43,2.19,36.47,298.39
15-04-2026 12:45,15-04-2026 13:00,8,66.2,75.97,1.35,41.96,292.18
15-04-2026 13:00,15-04-2026 13:15,11,59,75.42,1.71,57.01,285.91
15-04-2026 13:15,15-04-2026 13:30,11,59,75.58,1.75,47.23,277.92
15-04-2026 13:30,15-04-2026 13:45,11,59,74.98,1.23,36.85,271.54
15-04-2026 13:45,15-04-2026 14:00,10.2,53.4,74.02,1.33,71.34,262.45
15-04-2026 14:00,15-04-2026 14:15,9,52,75.07,2.72,67.9,251.86
15-04-2026 14:15,15-04-2026 14:30,9,52,75.61,1.54,106.8,239.72
15-04-2026 14:30,15-04-2026 14:45,7.2,52,75.5,1.92,137.31,222.1
15-04-2026 14:45,15-04-2026 15:00,11.4,71.2,76.82,1.57,38.31,207.49
15-04-2026 15:00,15-04-2026 15:15,15,76,77.17,1.72,60.07,190.74
15-04-2026 15:15,15-04-2026 15:30,15,76,77.44,2.25,78.7,168.44
15-04-2026 15:30,15-04-2026 15:45,12,76,77.71,1.73,69.55,153.09
15-04-2026 15:45,15-04-2026 16:00,15.6,50,77.54,1.85,26.5,133.44
15-04-2026 16:00,15-04-2026 16:15,16,50,77.94,1.96,26.5,115.48
15-04-2026 16:15,15-04-2026 16:30,16,50,78.29,1.88,34.93,96.21
15-04-2026 16:30,15-04-2026 16:45,12.8,50,78.31,1.94,48.67,77.14
15-04-2026 16:45,15-04-2026 17:00,28.27,77.4,78.37,1.53,42.47,59.8
15-04-2026 17:00,15-04-2026 17:15,3,52,78.7,1.28,47.24,44.16
15-04-2026 17:15,15-04-2026 17:30,3,52,79.56,1.26,39.27,25.2
15-04-2026 17:30,15-04-2026 17:45,2.4,52,81.38,1.3,55.07,17.45
15-04-2026 17:45,15-04-2026 18:00,23.74,67.6,82.55,0.73,77,11.55
15-04-2026 18:00,15-04-2026 18:15,13,55,83.51,0.56,53.58,7.68
15-04-2026 18:15,15-04-2026 18:30,13,55,83.97,0.94,35.07,6.63
15-04-2026 18:30,15-04-2026 18:45,10.4,55,84.28,0.64,55.1,6.45
15-04-2026 18:45,15-04-2026 19:00,31.15,70.2,84.54,0.32,44.27,6.56
15-04-2026 19:00,15-04-2026 19:15,14,49,84.68,0.52,88.57,6.14
15-04-2026 19:15,15-04-2026 19:30,14,49,84.66,0.74,40.48,6.1
15-04-2026 19:30,15-04-2026 19:45,11.2,49,85.02,0.54,33.48,6.03
15-04-2026 19:45,15-04-2026 20:00,21.22,60.4,85.09,0.5,32.27,6.06
15-04-2026 20:00,15-04-2026 20:15,6,47,85.15,1.05,52.45,6.04
15-04-2026 20:15,15-04-2026 20:30,6,47,85.38,1.07,51.9,6.03
15-04-2026 20:30,15-04-2026 20:45,4.8,47,85.75,0.45,26.5,5.9
15-04-2026 20:45,15-04-2026 21:00,2.82,32,85.86,1.12,50.59,6
15-04-2026 21:00,15-04-2026 21:15,0.7,32,85.99,1.12,29.36,5.86
15-04-2026 21:15,15-04-2026 21:30,0.7,32,86.26,1.33,62.11,6.01
15-04-2026 21:30,15-04-2026 21:45,0.56,32,86.54,1.34,30.63,6.03
15-04-2026 21:45,15-04-2026 22:00,3.88,28,86.9,0.78,89.73,6.04
15-04-2026 22:00,15-04-2026 22:15,6,27,86.96,0.86,45.34,5.99
15-04-2026 22:15,15-04-2026 22:30,6,27,86.96,1.22,106.8,6.04
15-04-2026 22:30,15-04-2026 22:45,6,27,86.82,0.65,90.57,6.04
15-04-2026 22:45,15-04-2026 23:00,6,19,86.8,1.14,80.56,6.14
15-04-2026 23:00,15-04-2026 23:15,6,19,86.89,1.21,32.65,6.17
15-04-2026 23:15,15-04-2026 23:30,6,19,87.1,0.81,168.16,6.34
15-04-2026 23:30,15-04-2026 23:45,4.8,19,87.36,0.6,28.69,6.42
15-04-2026 23:45,16-04-2026 00:00,34.07,59.8,87.35,1.06,159.3,6.32
16-04-2026 00:00,16-04-2026 00:15,16,30,87.3,0.72,87.84,6.32
16-04-2026 00:15,16-04-2026 00:30,16,30,87.31,0.69,174.43,6.41
16-04-2026 00:30,16-04-2026 00:45,12.8,30,87.45,0.43,98.93,6.48
16-04-2026 00:45,16-04-2026 01:00,13,24,87.63,0.48,92.74,6.43
16-04-2026 01:00,16-04-2026 01:15,11,24,87.91,0.88,86.33,6.36
16-04-2026 01:15,16-04-2026 01:30,11,24,88.14,0.81,161.59,6.42
16-04-2026 01:30,16-04-2026 01:45,8.8,24,88.33,0.92,176.29,6.27
16-04-2026 01:45,16-04-2026 02:00,29.12,52,88.21,0.93,176.52,6.39
16-04-2026 02:00,16-04-2026 02:15,5,19,87.93,0.49,93.7,6.49
16-04-2026 02:15,16-04-2026 02:30,5,19,87.43,0.89,91.67,6.45
16-04-2026 02:30,16-04-2026 02:45,5,19,87.31,0.98,186.02,6.46
16-04-2026 02:45,16-04-2026 03:00,26.9,38.8,87.35,0.8,92.2,6.42
16-04-2026 03:00,16-04-2026 03:15,15,16,87.46,0.79,74.24,6.38
16-04-2026 03:15,16-04-2026 03:30,15,16,87.56,0.71,132.94,6.13
16-04-2026 03:30,16-04-2026 03:45,15,16,87.51,1.22,26.5,6.2
16-04-2026 03:45,16-04-2026 04:00,0.42,8,87.36,0.7,85.62,6.11
16-04-2026 04:00,16-04-2026 04:15,0.7,8,87.26,0.68,112.48,6.08
16-04-2026 04:15,16-04-2026 04:30,0.7,8,86.92,0.61,124.71,6.27
16-04-2026 04:30,16-04-2026 04:45,0.56,8,86.29,0.94,114.56,6.13
16-04-2026 04:45,16-04-2026 05:00,18.76,36.8,86.71,0.74,77.09,6.2
16-04-2026 05:00,16-04-2026 05:15,0.7,11,87.11,0.97,147.79,6.13
16-04-2026 05:15,16-04-2026 05:30,0.7,11,87.21,1.1,150.74,6
16-04-2026 05:30,16-04-2026 05:45,0.56,11,87.33,0.98,178.66,6.49
16-04-2026 05:45,16-04-2026 06:00,16.63,40.2,87.47,0.97,111.09,8.31
16-04-2026 06:00,16-04-2026 06:15,3,22,87.33,0.71,64.34,12.42
16-04-2026 06:15,16-04-2026 06:30,3,22,87.08,0.71,162.08,17.28
16-04-2026 06:30,16-04-2026 06:45,2.4,22,86.74,0.27,189.87,24.14
16-04-2026 06:45,16-04-2026 07:00,24.66,54,86.25,0.54,152.15,30.7
16-04-2026 07:00,16-04-2026 07:15,5,27,85.37,1.24,213.88,45.7
16-04-2026 07:15,16-04-2026 07:30,5,27,84.44,0.95,145.1,51.88
16-04-2026 07:30,16-04-2026 07:45,4,27,83.29,1.23,160.75,76.18
16-04-2026 07:45,16-04-2026 08:00,20.93,49,81.98,0.97,70.24,64.66
16-04-2026 08:00,16-04-2026 08:15,7,31,81.3,1.22,125.63,81.35
16-04-2026 08:15,16-04-2026 08:30,7,31,79.71,1.31,91.73,145.47
16-04-2026 08:30,16-04-2026 08:45,5.6,31,79.27,1.5,107.49,96.33
16-04-2026 08:45,16-04-2026 09:00,32.03,67,79.32,1.6,63.98,143.25
16-04-2026 09:00,16-04-2026 09:15,14,41,78.23,1.73,65.65,199.81
16-04-2026 09:15,16-04-2026 09:30,14,41,76.69,1.75,63.83,223.43
16-04-2026 09:30,16-04-2026 09:45,11.2,41,77,1.21,115.68,224.75
16-04-2026 09:45,16-04-2026 10:00,30.12,64.8,76.14,1.56,60.71,230.75
16-04-2026 10:00,16-04-2026 10:15,10,40,76.3,1.3,57.59,243.9
16-04-2026 10:15,16-04-2026 10:30,10,40,76.14,0.98,49.97,252.55
16-04-2026 10:30,16-04-2026 10:45,8,40,75.52,1.37,76.78,257.55
16-04-2026 10:45,16-04-2026 11:00,33.58,66.8,76.56,2.48,26.5,267.58
16-04-2026 11:00,16-04-2026 11:15,21,47,77.15,1.58,69.71,272.47
16-04-2026 11:15,16-04-2026 11:30,21,47,75.55,0.85,40.04,281.1
16-04-2026 11:30,16-04-2026 11:45,16.8,47,75.02,1.54,48.26,287.82
16-04-2026 11:45,16-04-2026 12:00,14.4,39,75.76,2.1,26.5,289.71
16-04-2026 12:00,16-04-2026 12:15,10,39,75.5,1.37,69.48,290.14
16-04-2026 12:15,16-04-2026 12:30,10,39,73.77,1.97,106.65,290.63
16-04-2026 12:30,16-04-2026 12:45,8,39,74.97,1.68,38.95,286.97
16-04-2026 12:45,16-04-2026 13:00,7.6,56,73.83,1.63,35.15,282.31
16-04-2026 13:00,16-04-2026 13:15,6,56,73.71,1.95,26.5,275.86
16-04-2026 13:15,16-04-2026 13:30,6,56,74.58,1.61,26.5,268.87
16-04-2026 13:30,16-04-2026 13:45,4.8,56,73.25,1.26,37.1,259.75
16-04-2026 13:45,16-04-2026 14:00,5.4,39,73.4,1.63,46.52,247.43
16-04-2026 14:00,16-04-2026 14:15,5,39,72.63,1.37,40.68,236.78
16-04-2026 14:15,16-04-2026 14:30,5,39,73.54,1.31,100.31,225.81
16-04-2026 14:30,16-04-2026 14:45,4,39,72.39,0.9,44.43,210.17
16-04-2026 14:45,16-04-2026 15:00,10.4,44,73.43,1.58,92.07,195.95
16-04-2026 15:00,16-04-2026 15:15,14,44,73.05,1.01,46.7,178.93
16-04-2026 15:15,16-04-2026 15:30,14,44,73.35,1.53,104.26,162.39
16-04-2026 15:30,16-04-2026 15:45,11.2,44,74.29,2.13,71.61,144.08
16-04-2026 15:45,16-04-2026 16:00,21.8,55,76.83,1.81,26.5,126
16-04-2026 16:00,16-04-2026 16:15,27,55,77.63,1.51,39.65,107.8
16-04-2026 16:15,16-04-2026 16:30,27,55,78.36,1.94,26.5,90.23
16-04-2026 16:30,16-04-2026 16:45,21.6,55,78.74,1.41,35.4,72.8
16-04-2026 16:45,16-04-2026 17:00,11.22,54,79.61,1.85,26.5,55.98
16-04-2026 17:00,16-04-2026 17:15,0.7,54,80.06,1.34,26.5,41.04
16-04-2026 17:15,16-04-2026 17:30,0.7,54,80.36,1.7,26.5,24.45
16-04-2026 17:30,16-04-2026 17:45,0.56,54,80.81,1.27,103.26,17.34
16-04-2026 17:45,16-04-2026 18:00,5.68,41,81.97,1.64,26.5,11.54
16-04-2026 18:00,16-04-2026 18:15,9,41,83.03,1.26,46.09,7.37
16-04-2026 18:15,16-04-2026 18:30,9,41,83.58,1.24,110.65,6.63
16-04-2026 18:30,16-04-2026 18:45,7.2,41,84.2,1.62,26.5,6.34
16-04-2026 18:45,16-04-2026 19:00,7.2,39,84.45,1.16,26.5,6.42
16-04-2026 19:00,16-04-2026 19:15,6,39,84.42,1.52,139.83,6.35
16-04-2026 19:15,16-04-2026 19:30,6,39,84.8,2.27,28.94,6.46
16-04-2026 19:30,16-04-2026 19:45,4.8,39,84.91,1.1,81.99,6.36
16-04-2026 19:45,16-04-2026 20:00,50.26,312.4,84.97,0.89,94.8,6.27
16-04-2026 20:00,16-04-2026 20:15,5,400,85.11,1.65,26.5,6.38
16-04-2026 20:15,16-04-2026 20:30,5,400,84.71,1.45,136.02,6.15
16-04-2026 20:30,16-04-2026 20:45,5,400,84.71,1.59,62.66,6.11
16-04-2026 20:45,16-04-2026 21:00,6.8,23,85.21,0.85,143.75,5.93
16-04-2026 21:00,16-04-2026 21:15,8,23,85.68,1.16,26.5,6.15
16-04-2026 21:15,16-04-2026 21:30,8,23,86.01,1.15,26.5,6.14
16-04-2026 21:30,16-04-2026 21:45,6.4,23,86.31,1.07,42.02,6.08
16-04-2026 21:45,16-04-2026 22:00,21.61,42.6,86.52,0.79,107.58,6
16-04-2026 22:00,16-04-2026 22:15,8,24,86.72,1.3,84.01,6.06
16-04-2026 22:15,16-04-2026 22:30,8,24,86.65,1.1,109.65,6.01
16-04-2026 22:30,16-04-2026 22:45,6.4,24,86.45,0.63,134.13,6
16-04-2026 22:45,16-04-2026 23:00,27.64,48.8,86.37,0.99,66.98,6.06
16-04-2026 23:00,16-04-2026 23:15,7,19,86.38,0.93,99.66,6.15
16-04-2026 23:15,16-04-2026 23:30,7,19,86.41,0.79,26.5,6.04
16-04-2026 23:30,16-04-2026 23:45,5.6,19,86.9,0.83,65.67,6
16-04-2026 23:45,17-04-2026 00:00,42.42,73.8,87.49,0.85,26.5,6.1
17-04-2026 00:00,17-04-2026 00:15,7,25,87.88,0.68,158.3,6.17
17-04-2026 00:15,17-04-2026 00:30,7,25,88.06,0.32,109.37,6.13
17-04-2026 00:30,17-04-2026 00:45,5.6,25,88.22,0.58,93.28,6.24
17-04-2026 00:45,17-04-2026 01:00,7.6,29,88.47,0.51,108.83,6.28
17-04-2026 01:00,17-04-2026 01:15,8,29,88.75,0.58,104.14,6.35
17-04-2026 01:15,17-04-2026 01:30,8,29,88.94,0.46,92.26,6.39
17-04-2026 01:30,17-04-2026 01:45,6.4,29,89.11,0.71,79.76,6.29
17-04-2026 01:45,17-04-2026 02:00,20.28,44.8,89.06,0.62,53.85,6.34
17-04-2026 02:00,17-04-2026 02:15,6,27,88.98,0.27,95.38,6.42
17-04-2026 02:15,17-04-2026 02:30,6,27,89.06,0.57,31.49,6.39
17-04-2026 02:30,17-04-2026 02:45,4.8,27,88.67,0.71,129.71,6.24
17-04-2026 02:45,17-04-2026 03:00,30.6,55.2,88.14,0.46,90.24,6.27
17-04-2026 03:00,17-04-2026 03:15,10,24,87.89,0.58,64.51,6.5
17-04-2026 03:15,17-04-2026 03:30,10,24,87.56,0.66,200.81,6.36
17-04-2026 03:30,17-04-2026 03:45,8,24,87.26,0.91,85.22,6.51
17-04-2026 03:45,17-04-2026 04:00,27.05,45,87.09,0.84,111.71,6.35
17-04-2026 04:00,17-04-2026 04:15,6,15,87,0.35,84.42,6.39
17-04-2026 04:15,17-04-2026 04:30,6,15,86.73,0.49,103.95,6.39
17-04-2026 04:30,17-04-2026 04:45,4.8,15,86.41,0.67,196.58,6.39
17-04-2026 04:45,17-04-2026 05:00,24.48,49.6,86.7,0.37,161.23,6.36
17-04-2026 05:00,17-04-2026 05:15,5,23,87.14,0.43,151.44,6.24
17-04-2026 05:15,17-04-2026 05:30,5,23,87.5,0.28,108.44,6.08
17-04-2026 05:30,17-04-2026 05:45,4,23,87.67,0.46,191.01,6.84
17-04-2026 05:45,17-04-2026 06:00,18.01,35.4,87.8,0.36,76.52,8.98
17-04-2026 06:00,17-04-2026 06:15,3,15,87.81,0.41,87.32,13.09
17-04-2026 06:15,17-04-2026 06:30,3,15,87.66,0.27,152.54,17.7
17-04-2026 06:30,17-04-2026 06:45,2.4,15,87.17,0.55,88.38,21.43
17-04-2026 06:45,17-04-2026 07:00,19.36,40.8,86.52,0.52,122.37,34.79
17-04-2026 07:00,17-04-2026 07:15,7,23,85.73,0.51,118.76,61.89
17-04-2026 07:15,17-04-2026 07:30,7,23,84.16,1.01,88.13,102.62
17-04-2026 07:30,17-04-2026 07:45,5.6,23,82.87,1.07,103.65,111.11
17-04-2026 07:45,17-04-2026 08:00,23.75,48.6,82.88,1.16,129.52,129.14
17-04-2026 08:00,17-04-2026 08:15,8,27,82.4,1.39,99.68,146.26
17-04-2026 08:15,17-04-2026 08:30,8,27,81.42,1.43,130.51,163.43
17-04-2026 08:30,17-04-2026 08:45,6.4,27,79.74,0.67,26.5,179.42
17-04-2026 08:45,17-04-2026 09:00,28.76,58.4,78.75,1.06,103.13,193.82
17-04-2026 09:00,17-04-2026 09:15,8,30,77.94,1.07,68.12,212.03
17-04-2026 09:15,17-04-2026 09:30,8,30,77.5,1.33,110.36,228.42
17-04-2026 09:30,17-04-2026 09:45,6.4,30,76.74,1.46,93.56,239.67
17-04-2026 09:45,17-04-2026 10:00,22.8,64,76.83,1.78,38.43,253.05
17-04-2026 10:00,17-04-2026 10:15,5,45,77,1.46,67.77,258.21
17-04-2026 10:15,17-04-2026 10:30,5,45,76.47,1.6,36.45,264.48
17-04-2026 10:30,17-04-2026 10:45,4,45,75.95,0.95,26.5,282.07
17-04-2026 10:45,17-04-2026 11:00,5,37.8,74.79,1.68,26.5,289.3
17-04-2026 11:00,17-04-2026 11:15,5,36,75.01,1.71,78.48,297.49
17-04-2026 11:15,17-04-2026 11:30,5,36,75.04,1.95,54.11,301.51
17-04-2026 11:30,17-04-2026 11:45,5,36,75.69,1.18,106.48,308.34
17-04-2026 11:45,17-04-2026 12:00,6.8,40,74.16,1.28,84.64,309.63
17-04-2026 12:00,17-04-2026 12:15,8,40,74.89,1.86,53.53,310.93
17-04-2026 12:15,17-04-2026 12:30,8,40,74.28,1.41,67.8,299.49
17-04-2026 12:30,17-04-2026 12:45,6.4,40,74.19,1.44,26.5,287.83
17-04-2026 12:45,17-04-2026 13:00,8,43,74.83,1.93,86.26,296.68
17-04-2026 13:00,17-04-2026 13:15,8,43,74.08,1.75,82.32,288.34
17-04-2026 13:15,17-04-2026 13:30,8,43,74.28,2.04,26.5,286.53
17-04-2026 13:30,17-04-2026 13:45,6.4,43,75.02,1.73,39.49,280.21
17-04-2026 13:45,17-04-2026 14:00,6.2,32,73.63,0.99,59.22,269.66
17-04-2026 14:00,17-04-2026 14:15,5,32,72.87,1.88,26.5,256.41
17-04-2026 14:15,17-04-2026 14:30,5,32,74.33,2.27,26.5,241.71
17-04-2026 14:30,17-04-2026 14:45,4,32,73.66,0.94,26.5,227.27
17-04-2026 14:45,17-04-2026 15:00,3.2,40,72.24,1.94,28.09,211.68
17-04-2026 15:00,17-04-2026 15:15,2,40,73.41,1.6,34.75,190.83
17-04-2026 15:15,17-04-2026 15:30,2,40,73.99,1.19,30.93,173.07
17-04-2026 15:30,17-04-2026 15:45,1.6,40,72.99,0.79,72.17,158.16
17-04-2026 15:45,17-04-2026 16:00,7.4,47,73.42,1.23,60.48,139.13
17-04-2026 16:00,17-04-2026 16:15,11,47,75.44,1.63,126.04,118.43
17-04-2026 16:15,17-04-2026 16:30,11,47,74.98,1.34,46.77,97.62
17-04-2026 16:30,17-04-2026 16:45,8.8,47,76.49,1.83,26.5,81.47
17-04-2026 16:45,17-04-2026 17:00,46.07,303.8,77.8,1.67,26.5,63.47
17-04-2026 17:00,17-04-2026 17:15,6,400,78.97,1.7,26.5,42.3
17-04-2026 17:15,17-04-2026 17:30,6,400,80.4,1.34,26.5,16.48
17-04-2026 17:30,17-04-2026 17:45,6,400,81.7,0.87,26.5,11.01
17-04-2026 17:45,17-04-2026 18:00,5.4,34,82.51,1.22,26.5,10.02
17-04-2026 18:00,17-04-2026 18:15,5,34,82.73,1.41,26.5,7.85
17-04-2026 18:15,17-04-2026 18:30,5,34,82.83,1.08,88.18,6.55
17-04-2026 18:30,17-04-2026 18:45,4,34,83.21,0.81,26.5,6.35
17-04-2026 18:45,17-04-2026 19:00,5,41,83.7,1.16,41.91,6.35
17-04-2026 19:00,17-04-2026 19:15,5,41,84.26,0.85,26.5,6.49
17-04-2026 19:15,17-04-2026 19:30,5,41,84.63,1.27,82.77,6.34
17-04-2026 19:30,17-04-2026 19:45,5,41,85.21,1.39,54.01,6.35
17-04-2026 19:45,17-04-2026 20:00,6.2,27,85.59,0.91,26.5,6.28
17-04-2026 20:00,17-04-2026 20:15,7,27,85.9,1.21,58,6.36
17-04-2026 20:15,17-04-2026 20:30,7,27,86.07,1.1,26.5,6.34
17-04-2026 20:30,17-04-2026 20:45,7,27,86.17,0.77,49.04,6.44
17-04-2026 20:45,17-04-2026 21:00,6.4,28,86.13,1.16,69.83,6.34
17-04-2026 21:00,17-04-2026 21:15,6,28,85.84,0.85,54.6,6.42
17-04-2026 21:15,17-04-2026 21:30,6,28,85.56,0.64,49.54,6.35
17-04-2026 21:30,17-04-2026 21:45,4.8,28,85.42,0.8,106.91,6.38
17-04-2026 21:45,17-04-2026 22:00,7.2,30,85.35,0.7,29.26,6.34
17-04-2026 22:00,17-04-2026 22:15,8,30,85.39,0.62,37.49,6.18
17-04-2026 22:15,17-04-2026 22:30,8,30,85.84,1.21,26.5,6.18
17-04-2026 22:30,17-04-2026 22:45,8,30,85.84,0.84,91.2,6.01
17-04-2026 22:45,17-04-2026 23:00,23.06,45.2,85.77,1,26.5,6.07
17-04-2026 23:00,17-04-2026 23:15,5,21,86.04,0.58,97,6.15
17-04-2026 23:15,17-04-2026 23:30,5,21,86.26,0.94,47.28,6.11
17-04-2026 23:30,17-04-2026 23:45,5,21,86.46,1.21,75.36,6.01
17-04-2026 23:45,18-04-2026 00:00,16.81,38.6,86.56,0.89,90.02,6.13
18-04-2026 00:00,18-04-2026 00:15,1,19,86.51,1.2,130.33,6.15
18-04-2026 00:15,18-04-2026 00:30,1,19,86.53,0.87,55,6.07
18-04-2026 00:30,18-04-2026 00:45,1,19,86.65,1.08,91.57,6.03
18-04-2026 00:45,18-04-2026 01:00,4,21,86.47,1.45,68.35,6.1
18-04-2026 01:00,18-04-2026 01:15,6,21,86.53,0.86,95.98,6.11
18-04-2026 01:15,18-04-2026 01:30,6,21,86.75,1.24,52.37,6.15
18-04-2026 01:30,18-04-2026 01:45,6,21,86.94,0.71,86.18,5.92
18-04-2026 01:45,18-04-2026 02:00,10.8,32,87.2,1.01,52.85,6.07
18-04-2026 02:00,18-04-2026 02:15,14,32,87.16,0.45,65.8,6.31
18-04-2026 02:15,18-04-2026 02:30,14,32,86.85,0.87,152.91,6.27
18-04-2026 02:30,18-04-2026 02:45,14,32,86.6,1.16,57.14,6.22
18-04-2026 02:45,18-04-2026 03:00,12.2,23,86.71,0.6,64.82,6.36
18-04-2026 03:00,18-04-2026 03:15,11,23,86.91,0.51,101.11,6.34
18-04-2026 03:15,18-04-2026 03:30,11,23,87.01,0.74,147.8,6.45
18-04-2026 03:30,18-04-2026 03:45,11,23,87.14,0.3,26.5,6.32
18-04-2026 03:45,18-04-2026 04:00,8,24,87.06,0.27,143.69,6.25
18-04-2026 04:00,18-04-2026 04:15,6,24,87.06,0.71,109.5,6.36
18-04-2026 04:15,18-04-2026 04:30,6,24,86.6,0.46,153.8,6.35
18-04-2026 04:30,18-04-2026 04:45,6,24,85.68,0.98,144.04,6.34
18-04-2026 04:45,18-04-2026 05:00,20.58,39.6,85.33,0.34,92.65,6.46
18-04-2026 05:00,18-04-2026 05:15,5,18,85.16,0.35,103.05,6.48
18-04-2026 05:15,18-04-2026 05:30,5,18,84.81,0.62,65.69,6.48
18-04-2026 05:30,18-04-2026 05:45,5,18,84.72,0.72,82.8,6.99
18-04-2026 05:45,18-04-2026 06:00,22.77,42.6,85.08,0.51,77.95,9.86
18-04-2026 06:00,18-04-2026 06:15,4,16,84.98,0.39,131.73,13.9
18-04-2026 06:15,18-04-2026 06:30,4,16,84.19,0.76,91.49,24.04
18-04-2026 06:30,18-04-2026 06:45,4,16,83.73,0.67,90.13,31.95
18-04-2026 06:45,18-04-2026 07:00,23.04,52.8,83.47,0.58,140.26,36.45
18-04-2026 07:00,18-04-2026 07:15,5,29,83,0.78,126.99,48.07
18-04-2026 07:15,18-04-2026 07:30,5,29,82.63,1.06,75.36,51.63
18-04-2026 07:30,18-04-2026 07:45,5,29,81.72,1.51,100.39,69.56
18-04-2026 07:45,18-04-2026 08:00,4.4,29,80.41,1.17,39.18,104.88
18-04-2026 08:00,18-04-2026 08:15,4,29,79.73,1.1,122.41,84.75
18-04-2026 08:15,18-04-2026 08:30,4,29,79.04,0.93,120.2,110.75
18-04-2026 08:30,18-04-2026 08:45,4,29,78.11,1.58,72.49,103.4
18-04-2026 08:45,18-04-2026 09:00,31.09,62.6,77.64,1.04,109.41,181.21
18-04-2026 09:00,18-04-2026 09:15,13,35,76.6,1.27,76.09,177.57
18-04-2026 09:15,18-04-2026 09:30,13,35,76.06,0.79,99.55,189.3
18-04-2026 09:30,18-04-2026 09:45,13,35,74.66,1.52,53.7,233.72
18-04-2026 09:45,18-04-2026 10:00,31.06,66,74.55,1.51,64.17,249.71
18-04-2026 10:00,18-04-2026 10:15,8,37,74.78,1.69,92.12,263.72
18-04-2026 10:15,18-04-2026 10:30,8,37,74.77,1.35,73.41,262.67
18-04-2026 10:30,18-04-2026 10:45,8,37,73.37,1.26,73.46,279.4
18-04-2026 10:45,18-04-2026 11:00,20.54,57.2,73.93,1.72,26.5,265.03
18-04-2026 11:00,18-04-2026 11:15,6,42,74.46,1.72,26.5,284.8
18-04-2026 11:15,18-04-2026 11:30,6,42,74.44,2.01,88.62,261.86
18-04-2026 11:30,18-04-2026 11:45,6,42,74.65,2.36,26.5,255.09
18-04-2026 11:45,18-04-2026 12:00,27.09,59.4,74.31,1.32,26.5,309.08
18-04-2026 12:00,18-04-2026 12:15,10,36,72.09,1.54,99.25,307.83
18-04-2026 12:15,18-04-2026 12:30,10,36,72.62,1.45,42.56,308.91
18-04-2026 12:30,18-04-2026 12:45,10,36,71.82,1.58,51.58,306.56
18-04-2026 12:45,18-04-2026 13:00,8.2,44,71.83,1.46,32.01,304.24
18-04-2026 13:00,18-04-2026 13:15,7,44,72.45,1.55,26.5,298.84
18-04-2026 13:15,18-04-2026 13:30,7,44,71.38,1.32,26.5,204.55
18-04-2026 13:30,18-04-2026 13:45,7,44,72.27,2.33,53.15,197
18-04-2026 13:45,18-04-2026 14:00,17.76,52.8,73.46,1.46,45.38,176.75
18-04-2026 14:00,18-04-2026 14:15,3,38,73.78,1.16,50.83,184.26
18-04-2026 14:15,18-04-2026 14:30,3,38,73.49,1.04,26.5,154.72
18-04-2026 14:30,18-04-2026 14:45,3,38,73.94,1.27,37.34,163.33
18-04-2026 14:45,18-04-2026 15:00,25.98,58.8,73.58,1.19,27.72,188.6
18-04-2026 15:00,18-04-2026 15:15,2,27,73.26,1.67,34.46,187.22
18-04-2026 15:15,18-04-2026 15:30,2,27,72.8,1.65,26.5,145.1
18-04-2026 15:30,18-04-2026 15:45,2,27,72.85,1.79,26.5,167.29
18-04-2026 15:45,18-04-2026 16:00,24.48,54.4,72.7,1.67,26.5,126.09
18-04-2026 16:00,18-04-2026 16:15,2,24,74.65,1.93,26.5,74.44
18-04-2026 16:15,18-04-2026 16:30,2,24,76.06,1.76,131.88,74.67
18-04-2026 16:30,18-04-2026 16:45,2,24,75.39,1.86,42.35,87.29
18-04-2026 16:45,18-04-2026 17:00,5.6,29,75.81,1.57,26.5,60.99
18-04-2026 17:00,18-04-2026 17:15,8,29,75.35,1.44,61.92,59.21
18-04-2026 17:15,18-04-2026 17:30,8,29,75.37,1.74,26.5,33.2
18-04-2026 17:30,18-04-2026 17:45,8,29,76.85,0.9,83.53,20.99
18-04-2026 17:45,18-04-2026 18:00,6.2,34,77.7,1.09,81.26,13.23
18-04-2026 18:00,18-04-2026 18:15,5,34,78.64,1.02,67.35,8.46
18-04-2026 18:15,18-04-2026 18:30,5,34,80.43,1.17,97.16,6.41
18-04-2026 18:30,18-04-2026 18:45,22.29,57.5,80.92,0.99,51.39,6.12
18-04-2026 18:45,18-04-2026 19:00,2.75,21,81.29,1.35,56.31,6.11
18-04-2026 19:00,18-04-2026 19:15,2,21,81.59,1.11,80.86,6.29
18-04-2026 19:15,18-04-2026 19:30,2,21,81.47,0.96,86.36,6.37
18-04-2026 19:30,18-04-2026 19:45,17.58,42.5,81.02,0.98,58.79,6.33
18-04-2026 19:45,18-04-2026 20:00,8.4,32,81.22,0.84,37.22,6.25
18-04-2026 20:00,18-04-2026 20:15,10,32,81.76,0.59,44.3,6.41
18-04-2026 20:15,18-04-2026 20:30,10,32,82.12,0.73,26.5,6.38
18-04-2026 20:30,18-04-2026 20:45,29.01,61,81.88,0.56,26.5,6.27
18-04-2026 20:45,18-04-2026 21:00,7.6,32,82.19,0.39,26.5,6.27
18-04-2026 21:00,18-04-2026 21:15,7,32,82.52,0.61,30.6,6.29
18-04-2026 21:15,18-04-2026 21:30,7,32,82.8,0.28,66.39,6.42
18-04-2026 21:30,18-04-2026 21:45,26.56,60,82.87,0.66,47.22,6.27
18-04-2026 21:45,18-04-2026 22:00,6.2,25,82.8,0.78,105.22,6.28
18-04-2026 22:00,18-04-2026 22:15,6,25,83.17,0.78,29.35,6.35
18-04-2026 22:15,18-04-2026 22:30,6,25,83.18,0.51,63.44,6.25
18-04-2026 22:30,18-04-2026 22:45,20.89,46.6,83.36,0.75,50.62,6.27
18-04-2026 22:45,18-04-2026 23:00,5.2,31,83.28,0.83,64.1,6.28
18-04-2026 23:00,18-04-2026 23:15,5,31,83.37,1.13,26.5,6.32
18-04-2026 23:15,18-04-2026 23:30,5,31,83.67,0.8,37.67,6.22
18-04-2026 23:30,18-04-2026 23:45,21.85,53.8,84,0.68,46.54,6.08
18-04-2026 23:45,19-04-2026 00:00,5.8,15,84.09,0.44,71.56,5.96
19-04-2026 00:00,19-04-2026 00:15,6,15,83.74,0.56,49.05,6.06
19-04-2026 00:15,19-04-2026 00:30,6,15,83.65,0.58,26.5,5.99
19-04-2026 00:30,19-04-2026 00:45,4.8,15.2,83.94,0.8,26.5,5.97
19-04-2026 00:45,19-04-2026 01:00,6,16,84.24,0.28,37.4,6.17
19-04-2026 01:00,19-04-2026 01:15,6,16,84.47,0.48,64.88,6
19-04-2026 01:15,19-04-2026 01:30,6,16,84.67,0.28,85.42,5.94
19-04-2026 01:30,19-04-2026 01:45,4.8,17.4,84.8,0.92,68.81,6.1
19-04-2026 01:45,19-04-2026 02:00,14.8,23,84.91,0.58,68.96,6
19-04-2026 02:00,19-04-2026 02:15,17,23,85.07,0.27,26.5,6.06
19-04-2026 02:15,19-04-2026 02:30,,,,,,
19-04-2026 02:30,19-04-2026 02:45,14.09,21.5,85.39,0.33,60.34,6.04
19-04-2026 02:45,19-04-2026 03:00,,,,,,
19-04-2026 03:00,19-04-2026 03:15,7,14,85.61,0.27,86.5,6
19-04-2026 03:15,19-04-2026 03:30,7,14,85.91,0.36,67.08,6.03
19-04-2026 03:30,19-04-2026 03:45,7,14,85.89,0.31,50.6,6.23
19-04-2026 03:45,19-04-2026 04:00,5.6,16,85.84,0.43,148.61,6.17
19-04-2026 04:00,19-04-2026 04:15,14,19,85.8,0.3,76.01,6.22
19-04-2026 04:15,19-04-2026 04:30,14,19,85.75,0.27,66.85,6.22
19-04-2026 04:30,19-04-2026 04:45,14,19,85.76,1.08,102.35,6.28
19-04-2026 04:45,19-04-2026 05:00,11.2,19.8,85.72,0.38,188.85,6.21
19-04-2026 05:00,19-04-2026 05:15,6,21,85.95,0.31,111.63,6.28
19-04-2026 05:15,19-04-2026 05:30,6,21,86.09,0.43,159.88,6.29
19-04-2026 05:30,19-04-2026 05:45,6,21,86.21,0.54,80.49,6.42
19-04-2026 05:45,19-04-2026 06:00,18.03,38.2,86.26,0.32,141.5,7.4
19-04-2026 06:00,19-04-2026 06:15,10,17,86.2,0.28,140.16,10.46
19-04-2026 06:15,19-04-2026 06:30,10,17,86,0.33,108.94,14.58
19-04-2026 06:30,19-04-2026 06:45,10,17,85.64,0.27,141.67,18.71
19-04-2026 06:45,19-04-2026 07:00,29.66,51.8,84.86,0.27,164.16,31.64
19-04-2026 07:00,19-04-2026 07:15,8,26,83.86,0.64,65.81,39.47
19-04-2026 07:15,19-04-2026 07:30,8,26,82.95,1.04,61.24,70.49
19-04-2026 07:30,19-04-2026 07:45,8,26,82.18,0.64,203.79,98.1
19-04-2026 07:45,19-04-2026 08:00,21.96,48.2,81.19,0.95,139.1,118.36
19-04-2026 08:00,19-04-2026 08:15,6,31,80.25,1.27,85.36,123.78
19-04-2026 08:15,19-04-2026 08:30,6,31,79.63,1.72,76.44,141.08
19-04-2026 08:30,19-04-2026 08:45,6,31,77.62,1.06,83.39,171.6
19-04-2026 08:45,19-04-2026 09:00,27.65,59.4,75.73,0.78,50.85,190.24
19-04-2026 09:00,19-04-2026 09:15,4,19,74.93,1.06,59.11,205.81
19-04-2026 09:15,19-04-2026 09:30,4,19,74.52,1.13,52.93,222.9
19-04-2026 09:30,19-04-2026 09:45,4,19,74.83,1.38,100.59,239.42
19-04-2026 09:45,19-04-2026 10:00,18.39,44.2,75.06,2.37,26.5,251.45
19-04-2026 10:00,19-04-2026 10:15,22,41,75.44,1.31,55.49,264.99
19-04-2026 10:15,19-04-2026 10:30,22,41,74.65,1.58,35.67,276.48
19-04-2026 10:30,19-04-2026 10:45,18.33,41,74.34,1.88,87.22,285.4
19-04-2026 10:45,19-04-2026 11:00,32.79,59,74.41,1.6,33.1,294.35
19-04-2026 11:00,19-04-2026 11:15,5,35,74.18,1.79,71.26,301.19
19-04-2026 11:15,19-04-2026 11:30,5,35,74.5,1.82,57.41,306.59
19-04-2026 11:30,19-04-2026 11:45,4,35,74.46,2.25,46.45,308.7
19-04-2026 11:45,19-04-2026 12:00,23.72,62,74.7,2.14,36.28,311.28
19-04-2026 12:00,19-04-2026 12:15,10,48,74.34,2.12,26.5,310.63
19-04-2026 12:15,19-04-2026 12:30,10,48,73.32,2.26,47.82,310.72
19-04-2026 12:30,19-04-2026 12:45,8,48,74.16,2.15,37.53,307.23
19-04-2026 12:45,19-04-2026 13:00,27.54,72.8,74.19,2.93,26.5,301.7
19-04-2026 13:00,19-04-2026 13:15,18,65,75.25,2.14,26.5,294.64
19-04-2026 13:15,19-04-2026 13:30,18,65,74.21,1.92,51.75,286.91
19-04-2026 13:30,19-04-2026 13:45,14.4,65,74.69,2.77,26.5,278.73
19-04-2026 13:45,19-04-2026 14:00,33.73,82.2,75.34,1.89,60.81,267.76
19-04-2026 14:00,19-04-2026 14:15,10,60,75.45,2.15,35.54,255.7
19-04-2026 14:15,19-04-2026 14:30,10,60,74.72,1.91,37.33,242.7
19-04-2026 14:30,19-04-2026 14:45,8,60,73.42,1.37,37.64,228.11
19-04-2026 14:45,19-04-2026 15:00,23,67.2,74.15,2.16,26.5,213.46
19-04-2026 15:00,19-04-2026 15:15,7,48,74.39,2.28,39.61,196.56
19-04-2026 15:15,19-04-2026 15:30,7,48,74.14,0.97,41.26,180.42
19-04-2026 15:30,19-04-2026 15:45,5.6,48,73.6,1.77,42.26,162.57
19-04-2026 15:45,19-04-2026 16:00,23.99,71,74.32,1.16,26.5,143.62
19-04-2026 16:00,19-04-2026 16:15,6,58,74.47,1.37,26.5,125.42
19-04-2026 16:15,19-04-2026 16:30,6,58,75,1.55,26.5,106.48
19-04-2026 16:30,19-04-2026 16:45,4.8,58,76.02,1.53,32.4,88.07
19-04-2026 16:45,19-04-2026 17:00,21.56,63.2,76.1,1.94,36.85,70.11
19-04-2026 17:00,19-04-2026 17:15,4,34,77.93,1.69,74.89,52.7
19-04-2026 17:15,19-04-2026 17:30,4,34,78.53,1.22,26.5,27.78
19-04-2026 17:30,19-04-2026 17:45,4,34,79.23,0.99,26.5,18.46
19-04-2026 17:45,19-04-2026 18:00,3.6,36.4,80.32,1.76,28.13,12.76
19-04-2026 18:00,19-04-2026 18:15,2,38,81.03,0.85,26.5,7.97
19-04-2026 18:15,19-04-2026 18:30,2,38,80.87,1.37,80.35,6.35
19-04-2026 18:30,19-04-2026 18:45,2,38,81.42,1.29,26.5,6.17
19-04-2026 18:45,19-04-2026 19:00,2.4,30.8,82.34,1.31,26.5,6.13
19-04-2026 19:00,19-04-2026 19:15,4,26,83.1,0.94,51.58,6.14
19-04-2026 19:15,19-04-2026 19:30,4,26,83.23,1.05,34.93,6
19-04-2026 19:30,19-04-2026 19:45,4,26,83.22,1.01,26.5,6.11
19-04-2026 19:45,19-04-2026 20:00,24.66,53.6,83.23,1.09,26.5,6.08
19-04-2026 20:00,19-04-2026 20:15,6,27,83.3,1.24,26.5,6.14
19-04-2026 20:15,19-04-2026 20:30,6,27,83.66,0.75,26.5,6.11
19-04-2026 20:30,19-04-2026 20:45,6,27,84.02,1.07,26.5,6.18
19-04-2026 20:45,19-04-2026 21:00,8,33.6,84.04,0.92,109.94,6.15
19-04-2026 21:00,19-04-2026 21:15,16,38,84.2,0.73,26.5,6.2
19-04-2026 21:15,19-04-2026 21:30,16,38,84.35,1.04,26.5,6.22
19-04-2026 21:30,19-04-2026 21:45,16,38,84.63,0.77,26.5,6.25
19-04-2026 21:45,19-04-2026 22:00,27.33,54.6,84.97,1.07,26.5,6.15
19-04-2026 22:00,19-04-2026 22:15,10,38,85.1,0.95,26.5,6.2
19-04-2026 22:15,19-04-2026 22:30,10,38,85.28,0.54,26.5,6.35
19-04-2026 22:30,19-04-2026 22:45,8,38,85.44,0.47,26.5,6.25
19-04-2026 22:45,19-04-2026 23:00,9.6,29.6,85.8,0.49,26.5,6.27
19-04-2026 23:00,19-04-2026 23:15,8,24,86.04,1,62.71,6.44
19-04-2026 23:15,19-04-2026 23:30,8,24,86.27,0.69,38.54,6.51
19-04-2026 23:30,19-04-2026 23:45,8,24,86.23,1.04,26.5,6.52
19-04-2026 23:45,20-04-2026 00:00,21.79,44.6,86.42,1.34,26.5,6.35
20-04-2026 00:00,20-04-2026 00:15,5,26,86.55,0.61,52.97,6.35
20-04-2026 00:15,20-04-2026 00:30,5,26,86.5,1.23,33.19,6.49
20-04-2026 00:30,20-04-2026 00:45,5,26,86.61,1.08,69.53,6.46
20-04-2026 00:45,20-04-2026 01:00,6,22.4,86.79,1.62,26.5,6.32
20-04-2026 01:00,20-04-2026 01:15,10,20,87,1.07,45.39,6.27
20-04-2026 01:15,20-04-2026 01:30,10,20,87.14,0.95,29.13,6.25
20-04-2026 01:30,20-04-2026 01:45,8,20,87.2,1.04,26.5,6.18
20-04-2026 01:45,20-04-2026 02:00,9.2,16.4,87.15,0.89,138.71,6.11
20-04-2026 02:00,20-04-2026 02:15,6,14,87.11,0.45,49.23,6.21
20-04-2026 02:15,20-04-2026 02:30,6,14,87.17,0.63,26.5,6.15
20-04-2026 02:30,20-04-2026 02:45,4.8,14,87.13,0.52,26.5,6.07
20-04-2026 02:45,20-04-2026 03:00,18.88,34.8,87.11,0.29,78.8,6.01
20-04-2026 03:00,20-04-2026 03:15,1,15,87.07,0.8,66.3,6.03
20-04-2026 03:15,20-04-2026 03:30,1,15,86.87,0.69,88.36,6.06
20-04-2026 03:30,20-04-2026 03:45,0.8,15,86.84,0.49,26.5,6.01
20-04-2026 03:45,20-04-2026 04:00,2,21,86.78,0.36,163.71,6.06
20-04-2026 04:00,20-04-2026 04:15,6,25,86.96,0.51,38.19,6.13
20-04-2026 04:15,20-04-2026 04:30,6,25,87.27,0.63,26.5,6.03
20-04-2026 04:30,20-04-2026 04:45,4.8,25,87.36,0.38,36.96,6.07
20-04-2026 04:45,20-04-2026 05:00,22.95,43.4,87.16,0.47,121.55,5.99
20-04-2026 05:00,20-04-2026 05:15,9,16,86.88,0.62,26.5,6.17
20-04-2026 05:15,20-04-2026 05:30,9,16,86.31,0.28,39.8,6.27
20-04-2026 05:30,20-04-2026 05:45,7.2,16,86.15,0.58,65.44,6.45
20-04-2026 05:45,20-04-2026 06:00,28.21,47.4,86.11,0.55,66.41,7.77
20-04-2026 06:00,20-04-2026 06:15,12,24,85.94,0.88,26.5,11.49
20-04-2026 06:15,20-04-2026 06:30,12,24,85.66,0.58,43.62,15.03
20-04-2026 06:30,20-04-2026 06:45,12,24,85.32,1.19,44.17,19.6
20-04-2026 06:45,20-04-2026 07:00,25.29,43.8,84.75,1.26,32.21,36.92
20-04-2026 07:00,20-04-2026 07:15,17,29,84.02,0.73,103.61,46.8
20-04-2026 07:15,20-04-2026 07:30,17,29,83.2,1.19,81.51,82.87
20-04-2026 07:30,20-04-2026 07:45,13.6,29,82.35,1.26,26.5,104.86
20-04-2026 07:45,20-04-2026 08:00,14.8,33.2,80.49,1.23,33.23,130.74
20-04-2026 08:00,20-04-2026 08:15,6,36,78.88,1.53,64.66,111.77
20-04-2026 08:15,20-04-2026 08:30,6,36,77.45,1.62,30.11,147.42
20-04-2026 08:30,20-04-2026 08:45,4.8,36,76.92,0.96,38.64,177.44
20-04-2026 08:45,20-04-2026 09:00,29.81,67,74.88,1.54,26.5,204.66
20-04-2026 09:00,20-04-2026 09:15,16,43,73.64,0.99,60.52,219.22
20-04-2026 09:15,20-04-2026 09:30,16,43,72.87,1.22,56.93,158.16
20-04-2026 09:30,20-04-2026 09:45,12.8,43,71.35,1.54,44.51,205.07
20-04-2026 09:45,20-04-2026 10:00,34.85,70.6,70.96,1.26,36.85,282.41
20-04-2026 10:00,20-04-2026 10:15,6,41,73.27,0.96,26.5,193.48
20-04-2026 10:15,20-04-2026 10:30,6,41,74.11,1.65,33.45,234.78
20-04-2026 10:30,20-04-2026 10:45,4.8,41,73.54,1.38,44.31,301.04
20-04-2026 10:45,20-04-2026 11:00,21.58,55.2,72.9,1.46,26.5,304.63
20-04-2026 11:00,20-04-2026 11:15,8,34,72.6,1.75,46.93,312.27
20-04-2026 11:15,20-04-2026 11:30,8,34,72.22,1.43,37.56,317.11
20-04-2026 11:30,20-04-2026 11:45,8,34,73.31,1.94,26.52,318.55
20-04-2026 11:45,20-04-2026 12:00,23.39,51.4,73.27,1.31,26.5,321.77
20-04-2026 12:00,20-04-2026 12:15,13,33,73.46,2.22,91.43,322.66
20-04-2026 12:15,20-04-2026 12:30,13,33,73.34,2.08,26.5,321.15
20-04-2026 12:30,20-04-2026 12:45,13,33,73.1,2.31,26.5,318.81
20-04-2026 12:45,20-04-2026 13:00,31.36,63.6,73.71,0.98,26.5,313.33
20-04-2026 13:00,20-04-2026 13:15,6,40,72.24,1.38,39.54,307.58
20-04-2026 13:15,20-04-2026 13:30,6,40,71.96,1.48,38.58,300.68
20-04-2026 13:30,20-04-2026 13:45,4.8,40,71.62,1.19,26.5,292.72
20-04-2026 13:45,20-04-2026 14:00,6.4,37,70.96,1.73,58.93,283.02
20-04-2026 14:00,20-04-2026 14:15,8,35,71.53,1.44,26.5,268.24
20-04-2026 14:15,20-04-2026 14:30,8,35,71.79,0.81,26.5,256.41
20-04-2026 14:30,20-04-2026 14:45,8,35,72.13,1.35,26.5,242.57
20-04-2026 14:45,20-04-2026 15:00,26.68,63.6,73.28,1.19,36.62,226.11
20-04-2026 15:00,20-04-2026 15:15,8,46,73.6,1.2,32.72,208.98
20-04-2026 15:15,20-04-2026 15:30,8,46,73.23,1.38,32.84,192.24
20-04-2026 15:30,20-04-2026 15:45,8,46,73.35,1.18,26.5,173.48
20-04-2026 15:45,20-04-2026 16:00,7.4,51.4,74.76,1.54,26.5,155.28
20-04-2026 16:00,20-04-2026 16:15,5,55,75.55,1.71,39.46,132.72
20-04-2026 16:15,20-04-2026 16:30,5,55,75.96,1.65,26.5,114.5
20-04-2026 16:30,20-04-2026 16:45,5,55,76.81,1.41,26.5,96.92
20-04-2026 16:45,20-04-2026 17:00,26.1,66,76.79,1.55,26.5,77.44
20-04-2026 17:00,20-04-2026 17:15,5,25,76.61,1.27,26.5,55.38
20-04-2026 17:15,20-04-2026 17:30,5,25,77.03,0.56,26.5,28.41
20-04-2026 17:30,20-04-2026 17:45,5,25,77.49,1.08,91.21,18.5
20-04-2026 17:45,20-04-2026 18:00,29.17,58.2,79.16,0.84,26.5,13.14
20-04-2026 18:00,20-04-2026 18:15,8,26,80.52,0.87,26.5,8.27
20-04-2026 18:15,20-04-2026 18:30,8,26,81.25,0.78,26.5,6.41
20-04-2026 18:30,20-04-2026 18:45,8,26,82.1,0.52,34.42,6.28
20-04-2026 18:45,20-04-2026 19:00,26.08,48.4,82.33,1.04,42.6,6.13
20-04-2026 19:00,20-04-2026 19:15,5,17,82.68,0.95,26.5,6.34
20-04-2026 19:15,20-04-2026 19:30,5,17,82.78,0.69,53.15,6.11
20-04-2026 19:30,20-04-2026 19:45,4,17,83.17,0.54,26.5,6.07
20-04-2026 19:45,20-04-2026 20:00,22.07,43.8,83.41,0.46,41.93,6.1
20-04-2026 20:00,20-04-2026 20:15,5,23,83.74,0.62,31.3,6
20-04-2026 20:15,20-04-2026 20:30,5,23,84.08,0.69,52.22,6.15
20-04-2026 20:30,20-04-2026 20:45,4,23,84.12,0.86,29.6,6.51
20-04-2026 20:45,20-04-2026 21:00,22.7,44,84.2,0.86,29.07,6.35
20-04-2026 21:00,20-04-2026 21:15,14,22,83.85,1.08,33.41,6.22
20-04-2026 21:15,20-04-2026 21:30,14,22,83.5,1.18,44.92,6.17
20-04-2026 21:30,20-04-2026 21:45,14,22,83.3,0.68,37.53,6.13
20-04-2026 21:45,20-04-2026 22:00,28.16,44,83.31,0.94,44.97,5.97
20-04-2026 22:00,20-04-2026 22:15,13,22,83.54,0.59,26.5,5.94
20-04-2026 22:15,20-04-2026 22:30,13,22,83.81,1.07,39.43,6.01
20-04-2026 22:30,20-04-2026 22:45,13,22,83.51,0.76,26.5,5.96
20-04-2026 22:45,20-04-2026 23:00,13.2,23.2,83.51,0.99,48.51,6
20-04-2026 23:00,20-04-2026 23:15,14,24,83.84,0.67,55.73,6.21
20-04-2026 23:15,20-04-2026 23:30,14,24,83.67,1.04,26.5,6.22
20-04-2026 23:30,20-04-2026 23:45,14,24,83.72,1.34,26.5,6.23
20-04-2026 23:45,21-04-2026 00:00,29.31,239.5,84.37,0.82,43.33,6.32
21-04-2026 00:00,21-04-2026 00:15,11,400,84.74,0.98,26.5,6.4
21-04-2026 00:15,21-04-2026 00:30,11,400,85.21,1.33,26.5,6.39
21-04-2026 00:30,21-04-2026 00:45,8.8,400,85.8,0.79,48.42,6.31
21-04-2026 00:45,21-04-2026 01:00,10.8,250.8,86.33,0.72,26.5,6.32
21-04-2026 01:00,21-04-2026 01:15,10,27,86.2,0.75,49.32,6.45
21-04-2026 01:15,21-04-2026 01:30,10,27,86.24,0.62,33.92,6.41
21-04-2026 01:30,21-04-2026 01:45,8,27,86.33,1.67,56.2,6.46
21-04-2026 01:45,21-04-2026 02:00,31.85,55.4,86.13,1.03,47.82,6.38
21-04-2026 02:00,21-04-2026 02:15,9,19,85.97,1.23,26.5,6.41
21-04-2026 02:15,21-04-2026 02:30,9,19,85.82,0.43,39.96,6.42
21-04-2026 02:30,21-04-2026 02:45,7.2,19,85.54,0.84,59.74,6.39
21-04-2026 02:45,21-04-2026 03:00,23.56,43.6,84.97,0.61,67.12,6.42
21-04-2026 03:00,21-04-2026 03:15,5,24,84.83,0.78,26.5,6.36
21-04-2026 03:15,21-04-2026 03:30,5,24,84.89,1.07,68.85,6.25
21-04-2026 03:30,21-04-2026 03:45,5,24,84.95,0.77,83.7,6.2
21-04-2026 03:45,21-04-2026 04:00,20.57,37.8,85.01,0.32,93.11,6.17
21-04-2026 04:00,21-04-2026 04:15,4,6,85.27,0.86,83.27,6.11
21-04-2026 04:15,21-04-2026 04:30,4,6,85.59,0.76,26.5,6.14
21-04-2026 04:30,21-04-2026 04:45,3.2,6,85.71,0.44,26.5,6.07
21-04-2026 04:45,21-04-2026 05:00,19.43,35.4,85.61,0.63,26.5,6.1
21-04-2026 05:00,21-04-2026 05:15,13,27,85.71,0.91,157.63,6.1
21-04-2026 05:15,21-04-2026 05:30,13,27,85.88,0.7,26.5,6.13
21-04-2026 05:30,21-04-2026 05:45,10.4,27,85.97,0.68,64.47,6.58
21-04-2026 05:45,21-04-2026 06:00,13.2,33,86.23,1.48,83.63,8.05
21-04-2026 06:00,21-04-2026 06:15,14,37,86.6,0.68,121.94,12.19
21-04-2026 06:15,21-04-2026 06:30,14,37,86.61,0.83,72.02,16.91
21-04-2026 06:30,21-04-2026 06:45,14,37,86.38,0.54,110.88,25.13
21-04-2026 06:45,21-04-2026 07:00,32.14,61.6,85.59,0.54,64.54,37.36
21-04-2026 07:00,21-04-2026 07:15,16,38,84.75,1.58,63,37.43
21-04-2026 07:15,21-04-2026 07:30,16,38,84.59,1.02,63.01,33.7
21-04-2026 07:30,21-04-2026 07:45,12.8,38,83.98,2.37,82.06,82.94
21-04-2026 07:45,21-04-2026 08:00,28.8,59.6,82.46,0.98,62.81,83.59
21-04-2026 08:00,21-04-2026 08:15,18,51,81.32,0.96,68.06,117.66
21-04-2026 08:15,21-04-2026 08:30,18,51,78.64,1.51,61.76,163.54
21-04-2026 08:30,21-04-2026 08:45,14.4,51,75.75,0.94,65.47,168.72
21-04-2026 08:45,21-04-2026 09:00,20.4,52.2,73.43,1.18,42.87,175.47
21-04-2026 09:00,21-04-2026 09:15,30,53,72.21,1.62,51.79,211.48
21-04-2026 09:15,21-04-2026 09:30,30,53,70.62,1.25,46.05,181.12
21-04-2026 09:30,21-04-2026 09:45,30,53,70.43,1.41,100.45,204.64
21-04-2026 09:45,21-04-2026 10:00,37.48,68,68.53,1.46,42.13,249.52
21-04-2026 10:00,21-04-2026 10:15,22,59,67.42,1.25,70.39,276.96
21-04-2026 10:15,21-04-2026 10:30,22,59,66.62,1.21,26.5,272.5
21-04-2026 10:30,21-04-2026 10:45,22,59,66.03,1.42,26.5,299.89
21-04-2026 10:45,21-04-2026 11:00,35.72,73.2,68.12,1.53,32.35,316.83
21-04-2026 11:00,21-04-2026 11:15,32,62,68.4,1.67,26.5,289.27
21-04-2026 11:15,21-04-2026 11:30,32,62,70.86,1.12,37.63,291.71
21-04-2026 11:30,21-04-2026 11:45,32,62,71.02,1.07,38.02,315.12
21-04-2026 11:45,21-04-2026 12:00,39,66,69.95,1.2,49.55,320.2
21-04-2026 12:00,21-04-2026 12:15,21,43,70.8,1.32,105.04,318.94
21-04-2026 12:15,21-04-2026 12:30,21,43,71.63,1.27,26.5,318.78
21-04-2026 12:30,21-04-2026 12:45,21,43,71.41,0.99,36.14,316.32
21-04-2026 12:45,21-04-2026 13:00,32.29,57.4,71.85,1.53,39.62,310.77
21-04-2026 13:00,21-04-2026 13:15,12,34,71.68,1.32,36.8,307.46
21-04-2026 13:15,21-04-2026 13:30,12,34,71.1,1.08,37.23,296.5
21-04-2026 13:30,21-04-2026 13:45,12,34,70.08,1.17,33.45,290.85
21-04-2026 13:45,21-04-2026 14:00,33.38,62,70.5,1.7,44.09,277
21-04-2026 14:00,21-04-2026 14:15,10,28,71.27,1.44,26.79,264.97
21-04-2026 14:15,21-04-2026 14:30,10,28,71.1,1.48,38.83,251.27
21-04-2026 14:30,21-04-2026 14:45,8,28,71.84,1.91,26.5,238.49
21-04-2026 14:45,21-04-2026 15:00,12,27.4,72.25,1.75,26.5,222.44
21-04-2026 15:00,21-04-2026 15:15,20,27,72.28,1.56,26.5,203.33
21-04-2026 15:15,21-04-2026 15:30,20,27,71.64,1.57,34.46,185.54
21-04-2026 15:30,21-04-2026 15:45,20,27,72.1,0.93,26.5,168.95
21-04-2026 15:45,21-04-2026 16:00,35.65,63.4,71.22,1.51,26.5,149.51
21-04-2026 16:00,21-04-2026 16:15,11,49,73.13,1.6,26.5,129.06
21-04-2026 16:15,21-04-2026 16:30,11,49,74.73,1.52,26.5,109.75
21-04-2026 16:30,21-04-2026 16:45,11,49,74.91,1.69,26.5,91.93
21-04-2026 16:45,21-04-2026 17:00,33.75,66.6,75.69,1.09,26.5,73.64
21-04-2026 17:00,21-04-2026 17:15,23.4,30,75.14,1.2,26.5,55.89
21-04-2026 17:15,21-04-2026 17:30,23.2,30,76.36,1.41,26.5,27.53
21-04-2026 17:30,21-04-2026 17:45,17,30,77.59,0.9,26.5,18.95
21-04-2026 17:45,21-04-2026 18:00,21,30,79.21,0.57,39.07,12.37
21-04-2026 18:00,21-04-2026 18:15,10,30,81.24,1.01,26.5,7.91
21-04-2026 18:15,21-04-2026 18:30,10,30,82.17,1.42,26.5,6.76
21-04-2026 18:30,21-04-2026 18:45,8.33,30,82.67,0.73,32.67,6.48
21-04-2026 18:45,21-04-2026 19:00,12.4,32.4,83.28,0.75,26.5,6.51
21-04-2026 19:00,21-04-2026 19:15,16,34,83.52,0.61,36.73,6.52
21-04-2026 19:15,21-04-2026 19:30,16,34,83.81,0.67,64.55,6.51
21-04-2026 19:30,21-04-2026 19:45,12.8,34,83.88,0.58,47.15,6.52
21-04-2026 19:45,21-04-2026 20:00,16,35.6,83.84,0.55,26.5,6.35
21-04-2026 20:00,21-04-2026 20:15,16,36,83.81,0.72,26.5,6.45
21-04-2026 20:15,21-04-2026 20:30,16,36,84,1.06,26.5,6.29
21-04-2026 20:30,21-04-2026 20:45,12.8,36,84.4,0.74,26.5,6.17
21-04-2026 20:45,21-04-2026 21:00,41.35,218.2,84.49,0.92,26.5,6.03
21-04-2026 21:00,21-04-2026 21:15,9,400,84.68,1.56,26.5,5.94
21-04-2026 21:15,21-04-2026 21:30,9,400,84.43,0.83,30.57,6.14
21-04-2026 21:30,21-04-2026 21:45,7.2,400,84.44,0.88,26.5,6
21-04-2026 21:45,21-04-2026 22:00,8.2,102.4,84.87,0.83,68.94,6.01
21-04-2026 22:00,21-04-2026 22:15,7,28,85.09,0.72,26.5,6.08
21-04-2026 22:15,21-04-2026 22:30,7,28,84.96,1,30.41,6.14
21-04-2026 22:30,21-04-2026 22:45,5.6,28,85.09,1.39,26.5,6.1
21-04-2026 22:45,21-04-2026 23:00,7.8,21.6,85.11,0.9,26.5,5.99
21-04-2026 23:00,21-04-2026 23:15,9,20,84.93,0.5,26.5,6.04
21-04-2026 23:15,21-04-2026 23:30,9,20,85.06,0.82,26.5,6.03
21-04-2026 23:30,21-04-2026 23:45,9,20,85.61,0.76,26.5,6.08
21-04-2026 23:45,22-04-2026 00:00,7.8,27.2,85.78,0.63,26.5,5.96
22-04-2026 00:00,22-04-2026 00:15,6,29,85.66,0.3,26.5,6
22-04-2026 00:15,22-04-2026 00:30,6,29,85.72,0.41,26.5,6.18
22-04-2026 00:30,22-04-2026 00:45,4.8,29,86,0.39,37.15,6.29
22-04-2026 00:45,22-04-2026 01:00,26.94,46.4,86.05,0.34,26.5,6.17
22-04-2026 01:00,22-04-2026 01:15,10,15,86.15,0.35,71.54,6.29
22-04-2026 01:15,22-04-2026 01:30,10,15,85.94,0.72,66.71,6.35
22-04-2026 01:30,22-04-2026 01:45,8,15,85.52,0.45,26.5,6.36
22-04-2026 01:45,22-04-2026 02:00,33.11,51.8,85.28,0.47,26.5,6.31
22-04-2026 02:00,22-04-2026 02:15,12,19,85.09,0.33,138.45,6.36
22-04-2026 02:15,22-04-2026 02:30,12,19,85.06,0.71,63.3,6.3
22-04-2026 02:30,22-04-2026 02:45,9.6,19,84.85,0.77,111.63,6.41
22-04-2026 02:45,22-04-2026 03:00,29.54,49.2,84.66,0.44,26.5,6.38
22-04-2026 03:00,22-04-2026 03:15,11,22,84.28,0.56,26.5,6.41
22-04-2026 03:15,22-04-2026 03:30,11,22,84.14,0.32,56.38,6.32
22-04-2026 03:30,22-04-2026 03:45,8.8,22,84.52,0.5,26.5,6.41
22-04-2026 03:45,22-04-2026 04:00,8,14.8,84.76,0.49,26.5,6.29
22-04-2026 04:00,22-04-2026 04:15,6,13,85.16,0.27,71.04,6.41
22-04-2026 04:15,22-04-2026 04:30,6,13,85.64,0.33,80,6.46
22-04-2026 04:30,22-04-2026 04:45,4.8,13,85.87,0.28,67.15,6.32
22-04-2026 04:45,22-04-2026 05:00,9,16,86.13,0.31,115.45,6.25
22-04-2026 05:00,22-04-2026 05:15,11,16,86.22,0.29,26.5,6.11
22-04-2026 05:15,22-04-2026 05:30,11,16,86.26,0.5,204.18,6.18
22-04-2026 05:30,22-04-2026 05:45,8.8,16,86.48,0.48,209.62,6.88
22-04-2026 05:45,22-04-2026 06:00,33.35,54.2,86.48,0.34,203.31,9.01
22-04-2026 06:00,22-04-2026 06:15,14,24,86.24,0.51,82.08,13.74
22-04-2026 06:15,22-04-2026 06:30,14,24,85.76,0.83,110.87,19.2
22-04-2026 06:30,22-04-2026 06:45,11.2,24,85.46,0.88,26.5,26.94
22-04-2026 06:45,22-04-2026 07:00,29.66,60.4,84.66,0.59,174.96,46.49
22-04-2026 07:00,22-04-2026 07:15,14,40,83.45,0.8,79.69,42.37
22-04-2026 07:15,22-04-2026 07:30,14,40,82.83,0.8,148.25,62.96
22-04-2026 07:30,22-04-2026 07:45,11.2,40,81.7,1.01,140.3,80.84
22-04-2026 07:45,22-04-2026 08:00,9.2,38,81.64,1.2,26.5,34.02
22-04-2026 08:00,22-04-2026 08:15,9,38,80.68,0.92,35.81,99.19
22-04-2026 08:15,22-04-2026 08:30,9,38,78.2,0.95,61.84,156.89
22-04-2026 08:30,22-04-2026 08:45,9,38,74.44,1.5,46.87,215.36
22-04-2026 08:45,22-04-2026 09:00,15,38,73.81,0.79,55.75,193.2
22-04-2026 09:00,22-04-2026 09:15,19,38,74.52,0.86,44.68,206.77
22-04-2026 09:15,22-04-2026 09:30,19,38,74.73,1.31,26.5,239.25
22-04-2026 09:30,22-04-2026 09:45,26.48,53.6,74.37,1.85,26.5,245.89
22-04-2026 09:45,22-04-2026 10:00,10.75,42,75.27,1.8,26.5,272.63
22-04-2026 10:00,22-04-2026 10:15,8,42,74.8,1.69,39.84,282.62
22-04-2026 10:15,22-04-2026 10:30,8,42,73.68,1.51,26.5,296.05
22-04-2026 10:30,22-04-2026 10:45,28.85,70.6,74.35,1.47,26.5,304.46
22-04-2026 10:45,22-04-2026 11:00,13.6,26,73.77,1.33,30.15,312.27
22-04-2026 11:00,22-04-2026 11:15,15,26,73.22,1.31,26.5,317.59
22-04-2026 11:15,22-04-2026 11:30,15,26,73.16,1.64,36.65,322.72
22-04-2026 11:30,22-04-2026 11:45,25.25,45.8,73.36,1.5,38.18,325.04
22-04-2026 11:45,22-04-2026 12:00,6.2,18,72.53,1.55,34.78,327.43
22-04-2026 12:00,22-04-2026 12:15,4,18,72.86,1.83,26.5,327.02
22-04-2026 12:15,22-04-2026 12:30,4,18,73.05,1.61,31.23,324.17
22-04-2026 12:30,22-04-2026 12:45,24.76,48.8,71.88,1.21,48.28,319.26
22-04-2026 12:45,22-04-2026 13:00,1.6,21,72.09,1.15,26.5,315.91
22-04-2026 13:00,22-04-2026 13:15,1,21,72.09,1.19,26.5,270.45
22-04-2026 13:15,22-04-2026 13:30,1,21,72.5,1.85,26.5,292.76
22-04-2026 13:30,22-04-2026 13:45,19.19,45.4,72.53,1.39,26.5,290.85
22-04-2026 13:45,22-04-2026 14:00,3.4,14,72.15,0.89,26.5,276.58
22-04-2026 14:00,22-04-2026 14:15,4,14,71.3,1.52,26.5,263.17
22-04-2026 14:15,22-04-2026 14:30,4,14,72.28,1.62,26.5,251.32
22-04-2026 14:30,22-04-2026 14:45,25.28,46.4,72.21,1.18,68.89,236.61
22-04-2026 14:45,22-04-2026 15:00,5.6,20,72.19,1.74,47.66,221.08
22-04-2026 15:00,22-04-2026 15:15,6,20,73.44,1.89,53.61,202.16
22-04-2026 15:15,22-04-2026 15:30,6,20,73.74,1.67,26.5,179.83
22-04-2026 15:30,22-04-2026 15:45,6,20.6,73.08,0.96,26.5,169.09
22-04-2026 15:45,22-04-2026 16:00,10.8,23,72.34,1.35,26.5,145.61
22-04-2026 16:00,22-04-2026 16:15,12,23,73.18,0.93,45.52,125.31
22-04-2026 16:15,22-04-2026 16:30,12,23,73.43,1.7,26.5,105.66
22-04-2026 16:30,22-04-2026 16:45,12,23,74.77,2.06,26.5,86.23
22-04-2026 16:45,22-04-2026 17:00,7.2,21,76.26,1.67,26.5,67.55
22-04-2026 17:00,22-04-2026 17:15,6,21,76.42,1.17,26.5,42.27
22-04-2026 17:15,22-04-2026 17:30,,,,,,
22-04-2026 17:30,22-04-2026 17:45,5.5,21,78.05,0.92,52.7,17.61
22-04-2026 17:45,22-04-2026 18:00,,,,,,
22-04-2026 18:00,22-04-2026 18:15,16,21,80.08,0.82,26.5,9.6
22-04-2026 18:15,22-04-2026 18:30,16,21,81.29,0.5,33.34,7.12
22-04-2026 18:30,22-04-2026 18:45,14.66,22.16,82.39,0.76,26.5,6.53
22-04-2026 18:45,22-04-2026 19:00,,,,,,
22-04-2026 19:00,22-04-2026 19:15,11,28,83.04,0.55,69.77,6.45
22-04-2026 19:15,22-04-2026 19:30,11,28,83.02,0.5,67.38,6.55
22-04-2026 19:30,22-04-2026 19:45,10.09,27.34,83.12,0.97,26.5,6.37
22-04-2026 19:45,22-04-2026 20:00,,,,,,
22-04-2026 20:00,22-04-2026 20:15,6,24,83.19,0.78,26.5,6.29
22-04-2026 20:15,22-04-2026 20:30,6,24,82.79,0.41,26.5,6.43
22-04-2026 20:30,22-04-2026 20:45,5.5,23.16,82.5,0.66,48.73,6.43
22-04-2026 20:45,22-04-2026 21:00,,,,,,
22-04-2026 21:00,22-04-2026 21:15,5,19,83.12,0.7,26.5,6.27
22-04-2026 21:15,22-04-2026 21:30,5,19,83.3,0.85,26.5,6.39
22-04-2026 21:30,22-04-2026 21:45,12.26,29.8,83.21,0.63,26.5,6.32
22-04-2026 21:45,22-04-2026 22:00,18.73,352.67,83.03,0.58,26.5,6.12
22-04-2026 22:00,22-04-2026 22:15,,,,,,
22-04-2026 22:15,22-04-2026 22:30,8,400,83.14,0.95,26.5,6.03
22-04-2026 22:30,22-04-2026 22:45,7.2,361,83.05,0.76,46.24,6.07
22-04-2026 22:45,22-04-2026 23:00,1.92,10,83.25,0.74,38.33,6
22-04-2026 23:00,22-04-2026 23:15,,,,,,
22-04-2026 23:15,22-04-2026 23:30,0.7,10,82.91,0.73,26.5,5.92
22-04-2026 23:30,22-04-2026 23:45,8.29,20.9,83.18,0.37,71.75,6
22-04-2026 23:45,23-04-2026 00:00,0.7,11,83.73,0.57,56.4,6.08
23-04-2026 00:00,23-04-2026 00:15,,,,,,
23-04-2026 00:15,23-04-2026 00:30,0.7,11,83.94,0.34,41.11,6.08
23-04-2026 00:30,23-04-2026 00:45,,,,,,
23-04-2026 00:45,23-04-2026 01:00,14.86,37.25,84.27,0.64,26.5,6.05
23-04-2026 01:00,23-04-2026 01:15,2,24,84.47,0.38,59.49,6.06
23-04-2026 01:15,23-04-2026 01:30,,,,,,
23-04-2026 01:30,23-04-2026 01:45,2,24,84.58,0.34,26.5,6.18
23-04-2026 01:45,23-04-2026 02:00,4.8,23.38,84.62,0.34,84.77,5.99
23-04-2026 02:00,23-04-2026 02:15,9,23,84.96,0.33,26.5,6.22
23-04-2026 02:15,23-04-2026 02:30,,,,,,
23-04-2026 02:30,23-04-2026 02:45,9,23,84.97,0.39,99.25,6.25
23-04-2026 02:45,23-04-2026 03:00,7.2,22.38,84.84,0.35,26.5,6.3
23-04-2026 03:00,23-04-2026 03:15,6,22,84.54,0.55,26.5,6.27
23-04-2026 03:15,23-04-2026 03:30,,,,,,
23-04-2026 03:30,23-04-2026 03:45,6,22,84.51,0.27,91.83,6.28
23-04-2026 03:45,23-04-2026 04:00,14.27,27.91,84.48,0.32,83.36,6.38
23-04-2026 04:00,23-04-2026 04:15,,,,,,
23-04-2026 04:15,23-04-2026 04:30,5,7,84.57,0.49,107.06,6.38
23-04-2026 04:30,23-04-2026 04:45,4.58,9.5,84.44,0.29,143.35,6.37
23-04-2026 04:45,23-04-2026 05:00,,,,,,
23-04-2026 05:00,23-04-2026 05:15,2,22,84.66,0.35,27.89,6.34
23-04-2026 05:15,23-04-2026 05:30,2,22,84.84,0.3,232.99,6.32
23-04-2026 05:30,23-04-2026 05:45,1.83,21.34,85.01,0.37,135.41,6.99
23-04-2026 05:45,23-04-2026 06:00,,,,,,
23-04-2026 06:00,23-04-2026 06:15,12,18,85.06,0.28,163.06,11.08
23-04-2026 06:15,23-04-2026 06:30,12,18,84.88,0.87,101.18,16.3
23-04-2026 06:30,23-04-2026 06:45,20.91,33.6,84.56,0.42,100.94,26.82
23-04-2026 06:45,23-04-2026 07:00,14.5,34,83.82,0.42,142.08,55.4
23-04-2026 07:00,23-04-2026 07:15,,,,,,
23-04-2026 07:15,23-04-2026 07:30,15,34,82.83,0.69,60.9,78.99
23-04-2026 07:30,23-04-2026 07:45,19.21,41.7,81.48,0.58,169.86,105.62
23-04-2026 07:45,23-04-2026 08:00,5,27,77.98,0.95,64.41,124.17
23-04-2026 08:00,23-04-2026 08:15,,,,,,
23-04-2026 08:15,23-04-2026 08:30,3,27,77.49,0.96,150.96,129.15
23-04-2026 08:30,23-04-2026 08:45,9.88,35.8,77.25,0.81,68.92,103.02
23-04-2026 08:45,23-04-2026 09:00,7.17,27,74.26,0.82,106.68,169.05
23-04-2026 09:00,23-04-2026 09:15,,,,,,
23-04-2026 09:15,23-04-2026 09:30,8,27,72.39,0.57,66.86,246.13
23-04-2026 09:30,23-04-2026 09:45,15.44,38.2,71.17,0.84,30.44,256.94
23-04-2026 09:45,23-04-2026 10:00,15.5,23,70.7,1.29,37.5,269.6
23-04-2026 10:00,23-04-2026 10:15,,,,,,
23-04-2026 10:15,23-04-2026 10:30,17,23,70.85,1.23,62.69,281.96
23-04-2026 10:30,23-04-2026 10:45,23.74,36.3,69.95,1.44,41.51,296.04
23-04-2026 10:45,23-04-2026 11:00,13.67,24,68.46,0.98,49.3,302.54
23-04-2026 11:00,23-04-2026 11:15,,,,,,
23-04-2026 11:15,23-04-2026 11:30,13,24,68.44,0.97,32.16,314.7
23-04-2026 11:30,23-04-2026 11:45,11.91,25.34,70.05,1.82,45.7,313.03
23-04-2026 11:45,23-04-2026 12:00,,,,,,
23-04-2026 12:00,23-04-2026 12:15,6,32,71.83,1.62,53.18,313.27
23-04-2026 12:15,23-04-2026 12:30,,,,,,
23-04-2026 12:30,23-04-2026 12:45,6,32,71.51,2.16,77.74,301.31
23-04-2026 12:45,23-04-2026 13:00,14.46,41.12,71.73,2.09,33.48,302.75
23-04-2026 13:00,23-04-2026 13:15,3,23,71.29,1.73,36.48,296.29
23-04-2026 13:15,23-04-2026 13:30,3,23,70.45,1.3,35.64,287.11
23-04-2026 13:30,23-04-2026 13:45,,,,,,
23-04-2026 13:45,23-04-2026 14:00,16.12,40.5,70.09,1.47,29.95,271.83
23-04-2026 14:00,23-04-2026 14:15,7,25,71.12,2.33,46.89,251.74
23-04-2026 14:15,23-04-2026 14:30,,,,,,
23-04-2026 14:30,23-04-2026 14:45,7,25,71.52,1.54,26.5,236.84
23-04-2026 14:45,23-04-2026 15:00,23.41,45.6,71.42,2,34.55,221.07
23-04-2026 15:00,23-04-2026 15:15,1.75,16,71.77,1.4,37.62,195.66
23-04-2026 15:15,23-04-2026 15:30,,,,,,
23-04-2026 15:30,23-04-2026 15:45,2,16,72.61,1.23,43.76,165.36
23-04-2026 15:45,23-04-2026 16:00,17.33,36.8,72.69,1.33,26.5,145.43
23-04-2026 16:00,23-04-2026 16:15,0.61,15,72.88,1.1,50.3,120.2
23-04-2026 16:15,23-04-2026 16:30,0.7,15,73.47,1.23,32.51,92.39
23-04-2026 16:30,23-04-2026 16:45,,,,,,
23-04-2026 16:45,23-04-2026 17:00,15.26,29.75,74.71,1.4,26.5,64.19
23-04-2026 17:00,23-04-2026 17:15,,,,,,
23-04-2026 17:15,23-04-2026 17:30,6,10,76.44,1.44,48.85,34.94
23-04-2026 17:30,23-04-2026 17:45,14.81,24.4,77.59,1.1,26.5,18.41
23-04-2026 17:45,23-04-2026 18:00,7.67,11,79.1,0.72,41.81,9.93
23-04-2026 18:00,23-04-2026 18:15,,,,,,
23-04-2026 18:15,23-04-2026 18:30,8,11,79.47,1.23,26.5,6.72
23-04-2026 18:30,23-04-2026 18:45,15.96,24.6,80.36,0.64,30.1,6.11
23-04-2026 18:45,23-04-2026 19:00,4.67,21,80.71,0.77,26.5,6.2
23-04-2026 19:00,23-04-2026 19:15,,,,,,
23-04-2026 19:15,23-04-2026 19:30,4,21,80.84,0.35,49.24,6.41
23-04-2026 19:30,23-04-2026 19:45,14.71,36.6,81.22,0.94,36.32,6.42
23-04-2026 19:45,23-04-2026 20:00,10.67,27,81.83,0.69,26.5,6.52
23-04-2026 20:00,23-04-2026 20:15,,,,,,
23-04-2026 20:15,23-04-2026 20:30,12,27,82.02,0.99,26.5,6.46
23-04-2026 20:30,23-04-2026 20:45,20.32,40.8,81.04,1.04,62.77,6.4
23-04-2026 20:45,23-04-2026 21:00,8.67,16,81.44,1.18,59.9,6.47
23-04-2026 21:00,23-04-2026 21:15,,,,,,
23-04-2026 21:15,23-04-2026 21:30,8,16,82.38,1.1,26.5,6.41
23-04-2026 21:30,23-04-2026 21:45,18.36,32.8,82.7,0.79,26.5,6.46
23-04-2026 21:45,23-04-2026 22:00,4.67,11,83.14,0.96,26.5,6.34
23-04-2026 22:00,23-04-2026 22:15,,,,,,
23-04-2026 22:15,23-04-2026 22:30,4,11,83.61,0.96,26.5,6.27
23-04-2026 22:30,23-04-2026 22:45,11.26,22.3,83.89,0.61,55.74,6.32
23-04-2026 22:45,23-04-2026 23:00,7.33,14,83.95,0.82,60.75,6.4
23-04-2026 23:00,23-04-2026 23:15,,,,,,
23-04-2026 23:15,23-04-2026 23:30,8,14,83.87,1.01,68.23,6.31
23-04-2026 23:30,23-04-2026 23:45,18.75,31.6,84.41,0.8,35.17,6.14
23-04-2026 23:45,24-04-2026 00:00,4.67,9,85.1,0.55,65.64,6.08
24-04-2026 00:00,24-04-2026 00:15,,,,,,
24-04-2026 00:15,24-04-2026 00:30,4,9,85.36,0.53,50.23,6.04
24-04-2026 00:30,24-04-2026 00:45,,,,,,
24-04-2026 00:45,24-04-2026 01:00,11.06,24.62,85.45,0.48,74.53,5.96
24-04-2026 01:00,24-04-2026 01:15,,,,,,
24-04-2026 01:15,24-04-2026 01:30,0.7,15,85.39,0.58,107.99,6.01
24-04-2026 01:30,24-04-2026 01:45,0.64,14,85.44,0.46,26.5,5.98
24-04-2026 01:45,24-04-2026 02:00,,,,,,
24-04-2026 02:00,24-04-2026 02:15,0.7,9,84.83,0.56,26.5,5.99
24-04-2026 02:15,24-04-2026 02:30,0.7,9,84.5,0.46,90.95,6.04
24-04-2026 02:30,24-04-2026 02:45,9.07,21.2,84.67,0.43,90.05,6.03
24-04-2026 02:45,24-04-2026 03:00,0.12,9,85.01,0.39,95.7,6
24-04-2026 03:00,24-04-2026 03:15,,,,,,
24-04-2026 03:15,24-04-2026 03:30,,9,85.28,0.27,63.68,6.07
24-04-2026 03:30,24-04-2026 03:45,,9.5,85.52,0.41,26.5,6.13
24-04-2026 03:45,24-04-2026 04:00,,,,,,
24-04-2026 04:00,24-04-2026 04:15,5,12,85.59,0.27,157.83,6.08
24-04-2026 04:15,24-04-2026 04:30,5,12,85.77,0.55,66.29,6.15
24-04-2026 04:30,24-04-2026 04:45,4.58,11.84,85.81,0.46,50.53,6.29
24-04-2026 04:45,24-04-2026 05:00,,,,,,
24-04-2026 05:00,24-04-2026 05:15,9,11,85.82,0.91,98.72,6.34
24-04-2026 05:15,24-04-2026 05:30,9,11,85.99,0.49,66.1,6.29
24-04-2026 05:30,24-04-2026 05:45,8.25,11.34,86.07,1,31.61,7.04
24-04-2026 05:45,24-04-2026 06:00,,,,,,
24-04-2026 06:00,24-04-2026 06:15,9,13,86.02,0.74,39.73,11.08
24-04-2026 06:15,24-04-2026 06:30,9,13,85.89,0.58,109.26,15.26
24-04-2026 06:30,24-04-2026 06:45,8.25,14.66,85.41,0.81,92.42,29.25
24-04-2026 06:45,24-04-2026 07:00,,,,,,
24-04-2026 07:00,24-04-2026 07:15,9,23,84.12,1.3,69.09,58.41
24-04-2026 07:15,24-04-2026 07:30,9,23,82.97,1.01,94.24,77.75
24-04-2026 07:30,24-04-2026 07:45,8.25,25.84,81.16,1.04,68.02,88.42
24-04-2026 07:45,24-04-2026 08:00,,,,,,
24-04-2026 08:00,24-04-2026 08:15,12,40,79.84,1.08,95.27,72.86
24-04-2026 08:15,24-04-2026 08:30,12,40,79.33,1.2,105.28,56.6
24-04-2026 08:30,24-04-2026 08:45,11,37,78.85,1,87.89,64.72
24-04-2026 08:45,24-04-2026 09:00,,,,,,
24-04-2026 09:00,24-04-2026 09:15,8,22,76.66,1.01,68.17,143.59
24-04-2026 09:15,24-04-2026 09:30,8,22,75.05,1.29,39.95,177.88
24-04-2026 09:30,24-04-2026 09:45,7.33,22.34,73.84,0.89,58.87,208.72
24-04-2026 09:45,24-04-2026 10:00,,,,,,
24-04-2026 10:00,24-04-2026 10:15,7,24,72.79,0.83,75.34,264.48
24-04-2026 10:15,24-04-2026 10:30,7,24,71.86,1.28,35.01,274.79
24-04-2026 10:30,24-04-2026 10:45,6.42,23.84,71.91,1.68,50.68,284.95
24-04-2026 10:45,24-04-2026 11:00,,,,,,
24-04-2026 11:00,24-04-2026 11:15,3,23,71,1.75,70.19,294.42
24-04-2026 11:15,24-04-2026 11:30,3,23,70.64,1.24,52.15,300.3
24-04-2026 11:30,24-04-2026 11:45,2.75,24,70.91,1.71,62.06,304.87
24-04-2026 11:45,24-04-2026 12:00,,,,,,
24-04-2026 12:00,24-04-2026 12:15,0.7,29,72,1.2,72.33,305.2
24-04-2026 12:15,24-04-2026 12:30,0.7,29,70.89,1.54,58.1,303.66
24-04-2026 12:30,24-04-2026 12:45,0.64,30.5,70.77,1.66,45.28,299.41
24-04-2026 12:45,24-04-2026 13:00,,,,,,
24-04-2026 13:00,24-04-2026 13:15,15,38,71.51,1.43,84.82,290.4
24-04-2026 13:15,24-04-2026 13:30,15,38,71.57,1.89,26.5,282.69
24-04-2026 13:30,24-04-2026 13:45,13.75,36,73.23,1.53,47.17,268.15
24-04-2026 13:45,24-04-2026 14:00,,,,,,
24-04-2026 14:00,24-04-2026 14:15,8,26,71.86,1.23,39.53,250.11
24-04-2026 14:15,24-04-2026 14:30,8,26,73.89,1.55,26.5,236.59
24-04-2026 14:30,24-04-2026 14:45,7.33,26.84,72.07,1.11,40.64,214.29
24-04-2026 14:45,24-04-2026 15:00,,,,,,
24-04-2026 15:00,24-04-2026 15:15,2,31,73.56,1.37,26.5,176.65
24-04-2026 15:15,24-04-2026 15:30,2,31,73.64,0.91,48.5,177.01
24-04-2026 15:30,24-04-2026 15:45,1.83,31.66,74.44,1.56,26.5,146.62
24-04-2026 15:45,24-04-2026 16:00,,,,,,
24-04-2026 16:00,24-04-2026 16:15,0.7,35,76.02,1.62,29.12,105.16
24-04-2026 16:15,24-04-2026 16:30,0.7,35,76.92,1.64,26.5,83.22
24-04-2026 16:30,24-04-2026 16:45,0.64,32.66,78.25,1.61,35.65,56.88
24-04-2026 16:45,24-04-2026 17:00,,,,,,
24-04-2026 17:00,24-04-2026 17:15,0.7,21,79.73,1.34,26.5,26.65
24-04-2026 17:15,24-04-2026 17:30,0.7,21,80.35,1.15,28.31,26.26
24-04-2026 17:30,24-04-2026 17:45,0.64,20.5,80.5,1.52,37.44,21.89
24-04-2026 17:45,24-04-2026 18:00,,,,,,
24-04-2026 18:00,24-04-2026 18:15,3,18,82.08,1.55,57.75,9.97
24-04-2026 18:15,24-04-2026 18:30,3,18,82.34,0.68,26.5,6.8
24-04-2026 18:30,24-04-2026 18:45,2.75,18.34,81.36,0.46,41.92,6.03
24-04-2026 18:45,24-04-2026 19:00,,,,,,
24-04-2026 19:00,24-04-2026 19:15,10,20,81.35,0.7,33.52,5.99
24-04-2026 19:15,24-04-2026 19:30,10,20,81.61,0.63,45.91,6.04
24-04-2026 19:30,24-04-2026 19:45,15.99,30.3,81.88,1.05,26.5,6.02
24-04-2026 19:45,24-04-2026 20:00,23.78,360.17,83.05,1,26.5,5.91
24-04-2026 20:00,24-04-2026 20:15,,,,,,
24-04-2026 20:15,24-04-2026 20:30,7,400,83.67,0.36,26.5,5.92
24-04-2026 20:30,24-04-2026 20:45,6.3,363.5,84.3,0.75,47.55,6
24-04-2026 20:45,24-04-2026 21:00,22.83,35,85.05,0.55,26.5,6.18
24-04-2026 21:00,24-04-2026 21:15,,,,,,
24-04-2026 21:15,24-04-2026 21:30,26,35,85.5,0.63,136.16,6.24
24-04-2026 21:30,24-04-2026 21:45,32.83,50,86.06,0.85,42.61,6.24
24-04-2026 21:45,24-04-2026 22:00,18.5,29,86.48,0.48,26.5,6.3
24-04-2026 22:00,24-04-2026 22:15,,,,,,
24-04-2026 22:15,24-04-2026 22:30,17,29,86.64,0.52,66.42,6.38
24-04-2026 22:30,24-04-2026 22:45,,,,,,
24-04-2026 22:45,24-04-2026 23:00,24.21,40.38,85.97,0.7,42.41,6.34
24-04-2026 23:00,24-04-2026 23:15,,,,,,
24-04-2026 23:15,24-04-2026 23:30,9,20,86.17,0.34,26.5,6.45
24-04-2026 23:30,24-04-2026 23:45,14.48,29.2,86.5,0.59,50.78,6.32
24-04-2026 23:45,25-04-2026 00:00,4.17,22,86.43,0.71,76.96,6.4
25-04-2026 00:00,25-04-2026 00:15,,,,,,
25-04-2026 00:15,25-04-2026 00:30,4,22,86.65,0.61,91.19,6.36
25-04-2026 00:30,25-04-2026 00:45,,,,,,
25-04-2026 00:45,25-04-2026 01:00,16.71,36,86.75,0.43,44.34,6.36
25-04-2026 01:00,25-04-2026 01:15,,,,,,
25-04-2026 01:15,25-04-2026 01:30,1,11,86.72,0.51,59.9,6.2
25-04-2026 01:30,25-04-2026 01:45,,,,,,
25-04-2026 01:45,25-04-2026 02:00,14.68,33.12,86.95,0.68,73.23,6.17
25-04-2026 02:00,25-04-2026 02:15,4,18,87.2,0.59,73.25,6.08
25-04-2026 02:15,25-04-2026 02:30,4,18,87.23,0.47,105.44,6.14
25-04-2026 02:30,25-04-2026 02:45,,,,,,
25-04-2026 02:45,25-04-2026 03:00,20.05,37.75,87.12,0.45,26.5,6.07
25-04-2026 03:00,25-04-2026 03:15,8,16,86.76,0.53,26.5,6.01
25-04-2026 03:15,25-04-2026 03:30,8,16,86.3,0.63,66.07,5.95
25-04-2026 03:30,25-04-2026 03:45,,,,,,
25-04-2026 03:45,25-04-2026 04:00,19.04,31.25,85.45,0.4,26.5,6.08
25-04-2026 04:00,25-04-2026 04:15,6,11,85.03,0.61,77.27,6.08
25-04-2026 04:15,25-04-2026 04:30,6,11,84.94,0.27,91.9,6.06
25-04-2026 04:30,25-04-2026 04:45,,,,,,
25-04-2026 04:45,25-04-2026 05:00,17.96,31,84.94,0.53,142.45,5.99
25-04-2026 05:00,25-04-2026 05:15,,,,,,
25-04-2026 05:15,25-04-2026 05:30,1,8,84.97,0.47,93.38,6.28
25-04-2026 05:30,25-04-2026 05:45,0.9,8,85.1,0.45,141.87,6.71
25-04-2026 05:45,25-04-2026 06:00,6,29,85.22,0.49,91.76,10.87
25-04-2026 06:00,25-04-2026 06:15,,,,,,
25-04-2026 06:15,25-04-2026 06:30,7,29,84.94,0.38,108.04,16.45
25-04-2026 06:30,25-04-2026 06:45,6.42,30.5,84.33,0.66,106.13,29.16
25-04-2026 06:45,25-04-2026 07:00,,,,,,
25-04-2026 07:00,25-04-2026 07:15,5,38,83.5,0.52,77.08,52.93
25-04-2026 07:15,25-04-2026 07:30,5,38,82.47,0.91,111.49,73.51
25-04-2026 07:30,25-04-2026 07:45,4.58,38.5,81.16,0.6,59.84,98.4
25-04-2026 07:45,25-04-2026 08:00,,,,,,
25-04-2026 08:00,25-04-2026 08:15,11,41,79.6,0.92,115.75,125.61
25-04-2026 08:15,25-04-2026 08:30,11,41,77.88,1.31,26.5,128.91
25-04-2026 08:30,25-04-2026 08:45,10.09,39.34,77.06,0.76,67.98,101.88
25-04-2026 08:45,25-04-2026 09:00,,,,,,
25-04-2026 09:00,25-04-2026 09:15,9,31,75.97,1.24,26.5,202.08
25-04-2026 09:15,25-04-2026 09:30,9,31,75,0.88,91.13,156.42
25-04-2026 09:30,25-04-2026 09:45,8.25,31.16,74.88,1.16,39.18,234.99
25-04-2026 09:45,25-04-2026 10:00,,,,,,
25-04-2026 10:00,25-04-2026 10:15,6,32,74.68,1.52,29.11,256.66
25-04-2026 10:15,25-04-2026 10:30,6,32,75.27,2.15,52.64,262.81
25-04-2026 10:30,25-04-2026 10:45,5.5,32.16,74.19,1.03,32.16,273.08
25-04-2026 10:45,25-04-2026 11:00,,,,,,
25-04-2026 11:00,25-04-2026 11:15,1,33,74.5,1.03,26.5,283.41
25-04-2026 11:15,25-04-2026 11:30,1,33,74.84,1.27,26.5,289.95
25-04-2026 11:30,25-04-2026 11:45,0.92,31.16,74.73,1.71,28.71,294.87
25-04-2026 11:45,25-04-2026 12:00,,,,,,
25-04-2026 12:00,25-04-2026 12:15,12,22,74.67,2.04,26.5,295.81
25-04-2026 12:15,25-04-2026 12:30,12,22,74.66,1.37,46.58,294.78
25-04-2026 12:30,25-04-2026 12:45,11,22.66,73.98,1.38,36,290.03
25-04-2026 12:45,25-04-2026 13:00,,,,,,
25-04-2026 13:00,25-04-2026 13:15,8,26,73.05,1.4,26.5,282.52
25-04-2026 13:15,25-04-2026 13:30,8,26,74.48,1.9,34.11,257.02
25-04-2026 13:30,25-04-2026 13:45,7.33,25.66,75.63,1.79,37.26,264.94
25-04-2026 13:45,25-04-2026 14:00,,,,,,
25-04-2026 14:00,25-04-2026 14:15,3,24,75.54,1.41,69.41,244.29
25-04-2026 14:15,25-04-2026 14:30,3,24,75.87,2.27,78.37,233.31
25-04-2026 14:30,25-04-2026 14:45,2.75,25.66,75.66,1.14,32.79,213.45
25-04-2026 14:45,25-04-2026 15:00,,,,,,
25-04-2026 15:00,25-04-2026 15:15,11,34,74.2,1.09,35.55,187.86
25-04-2026 15:15,25-04-2026 15:30,11,34,75.36,1.52,26.5,170.97
25-04-2026 15:30,25-04-2026 15:45,10.09,32.84,75.34,1.24,35.44,146.67
25-04-2026 15:45,25-04-2026 16:00,,,,,,
25-04-2026 16:00,25-04-2026 16:15,16,27,76.39,1.35,26.5,117.09
25-04-2026 16:15,25-04-2026 16:30,16,27,76.69,2.21,26.5,97.23
25-04-2026 16:30,25-04-2026 16:45,14.66,26.66,77.65,1.5,35.58,77.53
25-04-2026 16:45,25-04-2026 17:00,,,,,,
25-04-2026 17:00,25-04-2026 17:15,5,25,78.49,0.6,84.74,38.65
25-04-2026 17:15,25-04-2026 17:30,5,25,78.99,1.04,39.72,31.16
25-04-2026 17:30,25-04-2026 17:45,4.5,25,80.22,1.29,69.02,19.32
25-04-2026 17:45,25-04-2026 18:00,,,,,,
25-04-2026 18:00,25-04-2026 18:15,6,29,81.15,1.15,41.86,9.76
25-04-2026 18:15,25-04-2026 18:30,6,29,81.74,1.02,26.5,6.9
25-04-2026 18:30,25-04-2026 18:45,6,29,82.56,0.78,77.27,6.43
25-04-2026 18:45,25-04-2026 19:00,4.8,25,82.71,0.6,40.62,6.42
25-04-2026 19:00,25-04-2026 19:15,,19,82.81,0.6,43.49,6.24
25-04-2026 19:15,25-04-2026 19:30,,19,82.8,0.29,26.5,6.24
25-04-2026 19:30,25-04-2026 19:45,,19,83.3,0.49,69.98,6.22
25-04-2026 19:45,25-04-2026 20:00,,27.4,83.55,0.78,62.58,6.13
25-04-2026 20:00,25-04-2026 20:15,0.7,40,83.91,0.64,62.13,6.17
25-04-2026 20:15,25-04-2026 20:30,0.7,40,84.35,0.74,67.56,6.04
25-04-2026 20:30,25-04-2026 20:45,0.7,40,84.68,0.65,28.38,6.08
25-04-2026 20:45,25-04-2026 21:00,22.78,63,85.05,1.05,70.3,6.08
25-04-2026 21:00,25-04-2026 21:15,,23,85.38,0.56,50.09,6.06
25-04-2026 21:15,25-04-2026 21:30,,23,85.55,0.65,106.27,6.07
25-04-2026 21:30,25-04-2026 21:45,,23,85.68,0.74,38.07,5.99
25-04-2026 21:45,25-04-2026 22:00,14.82,40.6,85.9,0.84,26.5,5.96
25-04-2026 22:00,25-04-2026 22:15,13.4,20,86.11,0.75,26.5,6.07
25-04-2026 22:15,25-04-2026 22:30,13.6,20,86.31,0.63,84.35,6.15
25-04-2026 22:30,25-04-2026 22:45,11.4,20,86.24,0.7,69.71,6.45
25-04-2026 22:45,25-04-2026 23:00,14.2,22,86.22,0.66,34.86,6.34
25-04-2026 23:00,25-04-2026 23:15,11,25,86.14,0.45,92.43,6.28
25-04-2026 23:15,25-04-2026 23:30,11,25,86.33,0.63,26.5,6.36
25-04-2026 23:30,25-04-2026 23:45,11,25,86.69,0.99,26.5,6.41
25-04-2026 23:45,26-04-2026 00:00,8.8,30.2,87.07,0.72,26.5,6.35
26-04-2026 00:00,26-04-2026 00:15,7,38,87.3,1.38,45.79,6.35
26-04-2026 00:15,26-04-2026 00:30,7,38,87.29,0.51,82.17,6.39
26-04-2026 00:30,26-04-2026 00:45,5.83,38,87.02,0.6,54.88,6.39
26-04-2026 00:45,26-04-2026 01:00,7,31.5,86.96,0.39,26.5,6.39
26-04-2026 01:00,26-04-2026 01:15,6,25,86.83,0.77,49.65,6.39
26-04-2026 01:15,26-04-2026 01:30,6,25,86.69,0.47,26.5,6.46
26-04-2026 01:30,26-04-2026 01:45,4.8,25,86.59,0.44,26.5,6.45
26-04-2026 01:45,26-04-2026 02:00,6,20.8,86.69,0.82,66.78,6.32
26-04-2026 02:00,26-04-2026 02:15,6,18,86.73,0.62,26.5,6.48
26-04-2026 02:15,26-04-2026 02:30,6,18,86.85,0.67,26.5,6.57
26-04-2026 02:30,26-04-2026 02:45,4.8,18,86.84,1.08,62.02,6.34
26-04-2026 02:45,26-04-2026 03:00,5.6,13.2,86.79,0.57,66.42,6.07
26-04-2026 03:00,26-04-2026 03:15,4,10,86.82,0.42,138.04,6.17
26-04-2026 03:15,26-04-2026 03:30,4,10,86.84,0.64,106.16,6.13
26-04-2026 03:30,26-04-2026 03:45,3.2,10,86.95,0.56,143.43,6.1
26-04-2026 03:45,26-04-2026 04:00,4.4,16,86.93,0.62,83.5,6.07
26-04-2026 04:00,26-04-2026 04:15,6,20,87.01,0.58,195.48,6.13
26-04-2026 04:15,26-04-2026 04:30,6,20,87.22,0.77,107.17,6.2
26-04-2026 04:30,26-04-2026 04:45,4.8,20,87.29,0.59,124.05,6.14
26-04-2026 04:45,26-04-2026 05:00,5.4,20.6,87.41,0.46,109.49,6
26-04-2026 05:00,26-04-2026 05:15,3,21,87.5,0.54,110.87,6.14
26-04-2026 05:15,26-04-2026 05:30,3,21,87.53,0.39,175.72,6.04
26-04-2026 05:30,26-04-2026 05:45,2.4,21,87.41,0.64,111.03,6.4
26-04-2026 05:45,26-04-2026 06:00,2.4,16.8,87.25,0.7,150.19,8.36
26-04-2026 06:00,26-04-2026 06:15,,14,87.11,0.35,105.75,12.43
26-04-2026 06:15,26-04-2026 06:30,,14,86.65,0.53,121.09,17.75
26-04-2026 06:30,26-04-2026 06:45,,14,86.1,0.7,115.23,26.02
26-04-2026 06:45,26-04-2026 07:00,1.4,23,85.56,0.3,145.09,39.39
26-04-2026 07:00,26-04-2026 07:15,7,29,84.74,0.65,140.97,57.05
26-04-2026 07:15,26-04-2026 07:30,7,29,83.9,0.58,116.64,81.8
26-04-2026 07:30,26-04-2026 07:45,7,29,82.97,0.84,26.5,95.07
26-04-2026 07:45,26-04-2026 08:00,27.2,56.5,81.61,0.7,177.37,101.76
26-04-2026 08:00,26-04-2026 08:15,26,42,79.83,0.74,110.63,147.33
26-04-2026 08:15,26-04-2026 08:30,26,42,77.99,1.28,233.56,190.03
26-04-2026 08:30,26-04-2026 08:45,21.67,42,76.8,1.21,35.92,203.39
26-04-2026 08:45,26-04-2026 09:00,20,43.6,75.89,1.4,65.16,221.62
26-04-2026 09:00,26-04-2026 09:15,11,44,75.21,1.54,76.75,224.23
26-04-2026 09:15,26-04-2026 09:30,11,44,75.41,1.89,59.34,229.95
26-04-2026 09:30,26-04-2026 09:45,8.8,44,75.31,2.31,72.47,242.98
26-04-2026 09:45,26-04-2026 10:00,12.2,40.8,75.21,2.09,94.07,255.84
26-04-2026 10:00,26-04-2026 10:15,14,40,74.9,1.83,112.93,267.28
26-04-2026 10:15,26-04-2026 10:30,14,40,74.57,1.88,71.36,277.35
26-04-2026 10:30,26-04-2026 10:45,11.2,40,73.6,1.64,67.65,287.07
26-04-2026 10:45,26-04-2026 11:00,13.2,41.2,73.62,1.83,39.76,295.14
26-04-2026 11:00,26-04-2026 11:15,12,42,73.74,2.28,44.1,302.36
26-04-2026 11:15,26-04-2026 11:30,12,42,74.21,2.14,51.13,307.69
26-04-2026 11:30,26-04-2026 11:45,9.6,42,73.48,2.07,92.46,310.84
26-04-2026 11:45,26-04-2026 12:00,11.2,32.4,73.85,2.16,85.69,311.83
26-04-2026 12:00,26-04-2026 12:15,10,30,73.63,2.37,58.91,311.91
26-04-2026 12:15,26-04-2026 12:30,10,30,72.68,1.75,35.17,310.46
26-04-2026 12:30,26-04-2026 12:45,8,30,72.65,1.79,48.57,307.02
26-04-2026 12:45,26-04-2026 13:00,10.8,33.2,73.21,2.15,59.56,301.76
26-04-2026 13:00,26-04-2026 13:15,12,34,73.29,2.4,64.21,295.65
26-04-2026 13:15,26-04-2026 13:30,12,34,73.58,2.08,49.96,287.49
26-04-2026 13:30,26-04-2026 13:45,9.6,34,73.63,2.31,82.91,278.8
26-04-2026 13:45,26-04-2026 14:00,26.7,57.2,73.88,2.08,102.21,267.02
26-04-2026 14:00,26-04-2026 14:15,12,34,73.49,1.96,84.75,254.05
26-04-2026 14:15,26-04-2026 14:30,12,34,72.87,1.34,124,241.51
26-04-2026 14:30,26-04-2026 14:45,12,34,71.33,0.83,81.94,226.46
26-04-2026 14:45,26-04-2026 15:00,23.32,47.2,71.19,1.18,94.3,209.51
26-04-2026 15:00,26-04-2026 15:15,12,26,72.22,1.01,35.37,192.48
26-04-2026 15:15,26-04-2026 15:30,12,26,72.15,1.5,106.63,172.82
26-04-2026 15:30,26-04-2026 15:45,12,26,73.1,1.88,116.56,156.65
26-04-2026 15:45,26-04-2026 16:00,22.1,56.4,72.5,1,47.88,133.88
26-04-2026 16:00,26-04-2026 16:15,7,38,73.25,1.11,39.7,115.06
26-04-2026 16:15,26-04-2026 16:30,7,38,74.29,1.76,95.47,95.66
26-04-2026 16:30,26-04-2026 16:45,7,38,76.09,1.71,32.58,77.8
26-04-2026 16:45,26-04-2026 17:00,29.35,54.2,76.32,0.83,32.07,60.41
26-04-2026 17:00,26-04-2026 17:15,13,24,76.24,0.89,114.23,41.42
26-04-2026 17:15,26-04-2026 17:30,13,24,77.64,0.78,82.92,23.6
26-04-2026 17:30,26-04-2026 17:45,13,24,78.25,1.16,95.97,17.01
26-04-2026 17:45,26-04-2026 18:00,21.67,44.6,79.87,1.32,64.44,11.41
26-04-2026 18:00,26-04-2026 18:15,9,26,81.22,0.6,117.06,7.72
26-04-2026 18:15,26-04-2026 18:30,9,26,81.85,0.56,130.28,6.55
26-04-2026 18:30,26-04-2026 18:45,7.2,26,82.44,0.71,99.21,6.49
26-04-2026 18:45,26-04-2026 19:00,33.44,61.6,82.57,0.78,119.72,6.55
26-04-2026 19:00,26-04-2026 19:15,18,30,82.84,0.47,127.89,6.58
26-04-2026 19:15,26-04-2026 19:30,18,30,83.19,0.88,51.89,6.36
26-04-2026 19:30,26-04-2026 19:45,18,30,83.32,0.45,115.27,6.32
26-04-2026 19:45,26-04-2026 20:00,23.3,38.8,83.6,0.61,76.26,6.24
26-04-2026 20:00,26-04-2026 20:15,13,21,83.99,0.6,108.76,6.17
26-04-2026 20:15,26-04-2026 20:30,12,21,84.24,0.6,92.64,6.2
26-04-2026 20:30,26-04-2026 20:45,12.6,21,84.32,0.63,137.01,6.13
26-04-2026 20:45,26-04-2026 21:00,18.4,34.6,84.27,0.87,125.86,6.04
26-04-2026 21:00,26-04-2026 21:15,15,38,84.47,0.7,116.3,6.1
26-04-2026 21:15,26-04-2026 21:30,15,38,84.62,0.89,113.02,6.04
26-04-2026 21:30,26-04-2026 21:45,12,38,84.67,1,148.29,5.96
26-04-2026 21:45,26-04-2026 22:00,21,41,84.66,1.08,89.91,6.08
26-04-2026 22:00,26-04-2026 22:15,25,41,84.81,1.07,119.26,5.97
26-04-2026 22:15,26-04-2026 22:30,25,41,85.1,1.03,126.7,6.1
26-04-2026 22:30,26-04-2026 22:45,20,41,85.25,0.74,120.16,6.07
26-04-2026 22:45,26-04-2026 23:00,33.92,64.8,85.52,1.35,90.58,6.08
26-04-2026 23:00,26-04-2026 23:15,19,40,85.61,0.69,77.64,6.07
26-04-2026 23:15,26-04-2026 23:30,19,40,85.81,0.96,115.43,6.1
26-04-2026 23:30,26-04-2026 23:45,19,40,85.86,0.85,125.19,5.99
26-04-2026 23:45,27-04-2026 00:00,44.54,78.6,85.8,0.7,177.67,6.22
27-04-2026 00:00,27-04-2026 00:15,18,45,85.96,0.66,186,6.25
27-04-2026 00:15,27-04-2026 00:30,18,45,86.15,0.53,108.06,6.31
27-04-2026 00:30,27-04-2026 00:45,14.4,45,85.97,0.87,136.24,6.28
27-04-2026 00:45,27-04-2026 01:00,18.6,36,85.62,1,130.06,6.35
27-04-2026 01:00,27-04-2026 01:15,19,36,85.3,0.76,120.79,6.45
27-04-2026 01:15,27-04-2026 01:30,19,36,84.53,0.88,113.05,6.35
27-04-2026 01:30,27-04-2026 01:45,15.2,36,83.98,0.51,167.36,6.38
27-04-2026 01:45,27-04-2026 02:00,29.63,52.6,83.81,0.82,135.84,6.27
27-04-2026 02:00,27-04-2026 02:15,9,23,83.91,0.63,129.84,6.45
27-04-2026 02:15,27-04-2026 02:30,9,23,84.07,0.62,84.62,6.38
27-04-2026 02:30,27-04-2026 02:45,9,23,84.25,0.39,174.47,6.39
27-04-2026 02:45,27-04-2026 03:00,26.2,42.4,84.45,0.56,117.76,6.36
27-04-2026 03:00,27-04-2026 03:15,22,23,84.69,0.57,241.2,6.41
27-04-2026 03:15,27-04-2026 03:30,22,23,84.7,0.81,94.42,6.51
27-04-2026 03:30,27-04-2026 03:45,22,23,84.76,0.65,189.05,6.42
27-04-2026 03:45,27-04-2026 04:00,35.06,57.2,84.94,0.59,215.89,6.38
27-04-2026 04:00,27-04-2026 04:15,19.8,26,85.09,0.44,181.01,6.28
27-04-2026 04:15,27-04-2026 04:30,17.6,26,85.2,0.77,115.91,6.18
27-04-2026 04:30,27-04-2026 04:45,19.2,26,85.28,0.49,165.4,6.1
27-04-2026 04:45,27-04-2026 05:00,27.73,48.2,85.43,0.43,229.41,6.14
27-04-2026 05:00,27-04-2026 05:15,12,20,85.66,0.59,139.88,6.14
27-04-2026 05:15,27-04-2026 05:30,12,20,85.68,0.74,200.49,6.18
27-04-2026 05:30,27-04-2026 05:45,12,20,85.8,0.61,191.48,7.03
27-04-2026 05:45,27-04-2026 06:00,22.23,47,85.85,0.39,170.98,9.84
27-04-2026 06:00,27-04-2026 06:15,7,26,85.78,1.22,247.92,14.12
27-04-2026 06:15,27-04-2026 06:30,7,26,85.77,0.5,177.42,19.35
27-04-2026 06:30,27-04-2026 06:45,7,26,85.53,1.09,239.64,28.39
27-04-2026 06:45,27-04-2026 07:00,31.58,70,85.27,0.78,173.47,48.31
27-04-2026 07:00,27-04-2026 07:15,15,41,84.67,0.79,210.66,63.61
27-04-2026 07:15,27-04-2026 07:30,15,41,83.31,1.6,164.8,86.99
27-04-2026 07:30,27-04-2026 07:45,15,41,82.42,1.55,95.08,94.64
27-04-2026 07:45,27-04-2026 08:00,26.25,65,80.6,1.19,145.09,127.27
27-04-2026 08:00,27-04-2026 08:15,11,45,80.07,1.21,188.85,80.13
27-04-2026 08:15,27-04-2026 08:30,11,45,78.97,1.38,169.29,162.52
27-04-2026 08:30,27-04-2026 08:45,11,45,76.85,1.26,106.89,179.56
27-04-2026 08:45,27-04-2026 09:00,37.17,78.6,74.48,1.53,120.08,175.2
27-04-2026 09:00,27-04-2026 09:15,26,51,72.92,1.38,166.46,179.2
27-04-2026 09:15,27-04-2026 09:30,26,51,71.4,1.36,150.2,199.47
27-04-2026 09:30,27-04-2026 09:45,26,51,71.55,1.04,140.45,232.37
27-04-2026 09:45,27-04-2026 10:00,37.21,86.6,72.25,1.38,153.26,247.89
27-04-2026 10:00,27-04-2026 10:15,29,69,72.85,0.97,120.95,263.51
27-04-2026 10:15,27-04-2026 10:30,29,69,73.16,1,146.9,272.26
27-04-2026 10:30,27-04-2026 10:45,29,69,73.02,1.68,169.47,282.68
27-04-2026 10:45,27-04-2026 11:00,18.8,82,74.43,2.16,77.17,287.34
27-04-2026 11:00,27-04-2026 11:15,12,82,74.33,1.41,109.02,292.89
27-04-2026 11:15,27-04-2026 11:30,12,82,72.95,2.03,111.2,298.73
27-04-2026 11:30,27-04-2026 11:45,12,82,72.92,2.1,88.98,302.33
27-04-2026 11:45,27-04-2026 12:00,25.45,67.4,72.81,2.2,177.65,304.85
27-04-2026 12:00,27-04-2026 12:15,11,53,72.64,1.86,112.55,304.29
27-04-2026 12:15,27-04-2026 12:30,11,53,71.97,2.29,56.97,302.78
27-04-2026 12:30,27-04-2026 12:45,11,53,72.37,2.47,133.27,298.18
27-04-2026 12:45,27-04-2026 13:00,10.8,45,72.21,1.47,101.34,291.97
27-04-2026 13:00,27-04-2026 13:15,16,45,71.33,2.14,98.16,283.96
27-04-2026 13:15,27-04-2026 13:30,16,45,72.79,2.3,144.62,275.15
27-04-2026 13:30,27-04-2026 13:45,12.8,45,73.56,2.18,134.41,266.13
27-04-2026 13:45,27-04-2026 14:00,11.2,54,73.87,2.38,90.76,254.67
27-04-2026 14:00,27-04-2026 14:15,8,54,74.29,2.76,140.74,241.74
27-04-2026 14:15,27-04-2026 14:30,8,54,74.46,2.92,143.09,228.11
27-04-2026 14:30,27-04-2026 14:45,8,54,74.49,2.99,109.02,213.9
27-04-2026 14:45,27-04-2026 15:00,9.6,51,74.83,2.17,115.41,197.11
27-04-2026 15:00,27-04-2026 15:15,16,51,74.08,1.95,171.45,178.73
27-04-2026 15:15,27-04-2026 15:30,16,51,73.04,1.59,114.25,164.17
27-04-2026 15:30,27-04-2026 15:45,16,51,72.98,1.79,133.27,145.19
27-04-2026 15:45,27-04-2026 16:00,20.8,54,73.73,1.47,117.05,126.23
27-04-2026 16:00,27-04-2026 16:15,24,54,73.56,0.82,168.46,107.9
27-04-2026 16:15,27-04-2026 16:30,24,54,74.66,1.58,94.27,90.27
27-04-2026 16:30,27-04-2026 16:45,24,54,76.74,1.47,110.05,72.23
27-04-2026 16:45,27-04-2026 17:00,16,48,76.65,0.66,181.51,56.54
27-04-2026 17:00,27-04-2026 17:15,16,48,78.13,0.9,132.61,38.17
27-04-2026 17:15,27-04-2026 17:30,16,48,79.03,0.78,66.45,23.65
27-04-2026 17:30,27-04-2026 17:45,16,48,80.64,1.45,112.82,17.32
27-04-2026 17:45,27-04-2026 18:00,15.4,55,81.7,1.48,111.51,11.75
27-04-2026 18:00,27-04-2026 18:15,15,55,82.8,1.45,121.23,7.75
27-04-2026 18:15,27-04-2026 18:30,15,55,83.61,1.12,119.97,6.56
27-04-2026 18:30,27-04-2026 18:45,12,55,83.66,0.86,143.57,6.48
27-04-2026 18:45,27-04-2026 19:00,28.71,61.4,83.38,0.54,175.34,6.38
27-04-2026 19:00,27-04-2026 19:15,23,45,83.52,0.77,97.92,6.42
27-04-2026 19:15,27-04-2026 19:30,23,45,84.04,1.1,122.04,6.44
27-04-2026 19:30,27-04-2026 19:45,18.4,45,84.19,0.9,133.09,6.52
27-04-2026 19:45,27-04-2026 20:00,29.16,60.8,84.27,0.86,132.41,6.38
27-04-2026 20:00,27-04-2026 20:15,12,38,84.34,0.88,108.53,6.31
27-04-2026 20:15,27-04-2026 20:30,12,38,84.1,0.6,121.07,6.35
27-04-2026 20:30,27-04-2026 20:45,9.6,38,84.16,1.26,134.7,6.27
27-04-2026 20:45,27-04-2026 21:00,25.87,53.4,84.06,0.66,156.99,6.34
27-04-2026 21:00,27-04-2026 21:15,20,37,84.2,1.09,169.28,6.38
27-04-2026 21:15,27-04-2026 21:30,20,37,84.57,0.55,99.04,6.31
27-04-2026 21:30,27-04-2026 21:45,20,37,84.76,1.16,152.54,6.29
27-04-2026 21:45,27-04-2026 22:00,28.27,57.4,84.99,0.92,131.53,6.28
27-04-2026 22:00,27-04-2026 22:15,9,32,85.28,1.02,161.57,6.28
27-04-2026 22:15,27-04-2026 22:30,9,32,85.53,0.8,110.25,6.31
27-04-2026 22:30,27-04-2026 22:45,7.2,32,85.61,0.56,159.44,6.11
27-04-2026 22:45,27-04-2026 23:00,24.99,53.4,85.8,0.74,174.56,6.22
27-04-2026 23:00,27-04-2026 23:15,18,36,86.15,1.06,78.69,6.04
27-04-2026 23:15,27-04-2026 23:30,18,36,86.37,1.11,135.09,6.1
27-04-2026 23:30,27-04-2026 23:45,18,36,86.44,0.62,168.3,6.11
27-04-2026 23:45,28-04-2026 00:00,33.18,54.8,86.41,1.38,99.89,6.07
28-04-2026 00:00,28-04-2026 00:15,20.2,27,86.66,1.44,104.53,6.07
28-04-2026 00:15,28-04-2026 00:30,19,27,86.96,1.22,140.65,6.17
28-04-2026 00:30,28-04-2026 00:45,18,27,87.15,1.11,141.5,6.07
28-04-2026 00:45,28-04-2026 01:00,12.2,23,87.33,1.28,127.1,6.04
28-04-2026 01:00,28-04-2026 01:15,9,23,87.45,0.82,130.95,6.08
28-04-2026 01:15,28-04-2026 01:30,9,23,87.59,0.76,149.87,6.18
28-04-2026 01:30,28-04-2026 01:45,7.2,23,87.65,0.81,147.25,6
28-04-2026 01:45,28-04-2026 02:00,24.19,42.2,87.86,0.82,135.83,6.01
28-04-2026 02:00,28-04-2026 02:15,16,22,87.92,1.14,137.2,6.06
28-04-2026 02:15,28-04-2026 02:30,16,22,87.89,1.09,83.44,6.04
28-04-2026 02:30,28-04-2026 02:45,12.8,22,87.73,1.54,94.2,6.2
28-04-2026 02:45,28-04-2026 03:00,36.57,66.6,87.49,0.56,195.21,6.32
28-04-2026 03:00,28-04-2026 03:15,22,36,86.67,1.25,79.28,6.39
28-04-2026 03:15,28-04-2026 03:30,22,36,85.92,0.85,89.9,6.42
28-04-2026 03:30,28-04-2026 03:45,17.6,36,85.26,0.96,136.06,6.38
28-04-2026 03:45,28-04-2026 04:00,15.6,26,84.94,0.5,159.14,6.29
28-04-2026 04:00,28-04-2026 04:15,17,26,84.61,0.54,155.66,6.43
28-04-2026 04:15,28-04-2026 04:30,17,26,84.5,0.57,144.96,6.35
28-04-2026 04:30,28-04-2026 04:45,17,26,84.71,0.88,168.14,6.45
28-04-2026 04:45,28-04-2026 05:00,36.3,58,85.01,1.29,195.51,6.32
28-04-2026 05:00,28-04-2026 05:15,27,30,85.21,1.04,228.74,6.46
28-04-2026 05:15,28-04-2026 05:30,27,30,85.3,1.25,208.2,6.52
28-04-2026 05:30,28-04-2026 05:45,21.6,30,85.44,0.69,175.22,7.03
28-04-2026 05:45,28-04-2026 06:00,36.06,68.4,85.56,0.6,171.96,8.9
28-04-2026 06:00,28-04-2026 06:15,24,45,85.72,0.73,227.2,11.99
28-04-2026 06:15,28-04-2026 06:30,24,45,85.91,0.56,237.84,13.26
28-04-2026 06:30,28-04-2026 06:45,24,45,85.95,0.82,168.32,28.76
28-04-2026 06:45,28-04-2026 07:00,35.45,73.8,85.18,1.08,235.25,51.05
28-04-2026 07:00,28-04-2026 07:15,23,51,84.23,1.39,200.51,74.32
28-04-2026 07:15,28-04-2026 07:30,23,51,82.98,0.93,144.79,83.66
28-04-2026 07:30,28-04-2026 07:45,18.4,51,81.84,0.96,124.02,71.18
28-04-2026 07:45,28-04-2026 08:00,31.91,67,80.53,1.03,130.97,113.8
28-04-2026 08:00,28-04-2026 08:15,14,42,77.83,1.37,173.43,139.71
28-04-2026 08:15,28-04-2026 08:30,14,42,76.49,1.8,178.9,142.22
28-04-2026 08:30,28-04-2026 08:45,14,42,75.09,1.17,217.25,195.85
28-04-2026 08:45,28-04-2026 09:00,28.7,66.8,72.65,1.84,233.45,215.59
28-04-2026 09:00,28-04-2026 09:15,16,46,72.46,1.32,172.41,145.13
28-04-2026 09:15,28-04-2026 09:30,16,46,71.9,1.55,139.52,163.76
28-04-2026 09:30,28-04-2026 09:45,12.8,46,70.49,1.87,126.73,262.36
28-04-2026 09:45,28-04-2026 10:00,29.05,75.4,67.86,1.62,184.97,274.39
28-04-2026 10:00,28-04-2026 10:15,11,53,70.47,1.33,111.21,280.14
28-04-2026 10:15,28-04-2026 10:30,11,53,71.87,1.73,138.56,284.57
28-04-2026 10:30,28-04-2026 10:45,11,53,73.48,1.91,87.05,289.35
28-04-2026 10:45,28-04-2026 11:00,11.6,68,73.74,2.12,115.19,292.82
28-04-2026 11:00,28-04-2026 11:15,12,68,74.87,2.23,136.08,294.88
28-04-2026 11:15,28-04-2026 11:30,12,68,74.56,1.76,171.6,262.3
28-04-2026 11:30,28-04-2026 11:45,9.6,68,74.23,2.13,91.4,273.74
28-04-2026 11:45,28-04-2026 12:00,19.8,74,72.89,1.52,150.41,278.3
28-04-2026 12:00,28-04-2026 12:15,25,74,72.34,2,149.92,283.37
28-04-2026 12:15,28-04-2026 12:30,25,74,73.49,2.52,142.68,299.31
28-04-2026 12:30,28-04-2026 12:45,20,74,72.37,2.63,136.16,268.83
28-04-2026 12:45,28-04-2026 13:00,16.6,48,72.53,1.6,169.24,275.84
28-04-2026 13:00,28-04-2026 13:15,11,48,72.9,2.01,135.97,274.66
28-04-2026 13:15,28-04-2026 13:30,11,48,72.67,2.21,172.09,255.52
28-04-2026 13:30,28-04-2026 13:45,8.8,48,72.87,2.38,121.33,251.22
28-04-2026 13:45,28-04-2026 14:00,23.71,57.4,72.95,1.95,172.93,236.13
28-04-2026 14:00,28-04-2026 14:15,6,35,72.7,1.3,136.97,254.63
28-04-2026 14:15,28-04-2026 14:30,6,35,72.32,0.86,141.66,230.23
28-04-2026 14:30,28-04-2026 14:45,6,35,72.68,1.09,118.14,180.13
28-04-2026 14:45,28-04-2026 15:00,30.51,70.2,74.02,1.85,133.72,154.46
28-04-2026 15:00,28-04-2026 15:15,16,46,75.8,1.85,176.28,145.86
28-04-2026 15:15,28-04-2026 15:30,16,46,76.5,1.65,56.72,111.52
28-04-2026 15:30,28-04-2026 15:45,12.8,46,78.42,1.73,136.54,91.69
28-04-2026 15:45,28-04-2026 16:00,27.62,56.4,78.95,1.64,84,87.88
28-04-2026 16:00,28-04-2026 16:15,11,32,78.12,0.99,178.36,79.89
28-04-2026 16:15,28-04-2026 16:30,11,32,77.7,0.93,167.97,79.12
28-04-2026 16:30,28-04-2026 16:45,11,32,79.02,1.28,65.31,48.16
28-04-2026 16:45,28-04-2026 17:00,12.2,37,80.88,1.41,115.7,35.73
28-04-2026 17:00,28-04-2026 17:15,13,37,82.21,0.89,94.56,28.1
28-04-2026 17:15,28-04-2026 17:30,13,37,82.93,0.6,101.06,21.8
28-04-2026 17:30,28-04-2026 17:45,10.4,37,83.58,0.47,214.06,15.52
28-04-2026 17:45,28-04-2026 18:00,11.2,35,84.41,0.8,114.01,11.05
28-04-2026 18:00,28-04-2026 18:15,10,35,85.01,1.07,141.63,7.14
28-04-2026 18:15,28-04-2026 18:30,10,35,85.24,0.91,134.91,6.1
28-04-2026 18:30,28-04-2026 18:45,8,35,85.23,0.74,128.4,5.94
28-04-2026 18:45,28-04-2026 19:00,9.4,31,85.38,0.84,101.23,5.96
28-04-2026 19:00,28-04-2026 19:15,9,31,85.57,0.76,155.47,6.07
28-04-2026 19:15,28-04-2026 19:30,9,31,85.68,0.6,144.09,6.03
28-04-2026 19:30,28-04-2026 19:45,7.2,31,85.78,1.29,89.43,6
28-04-2026 19:45,28-04-2026 20:00,10.2,33,86.1,1.23,88.9,6.18
28-04-2026 20:00,28-04-2026 20:15,11,33,86.23,0.8,107.57,6.32
28-04-2026 20:15,28-04-2026 20:30,11,33,86.36,0.84,138.22,6.22
28-04-2026 20:30,28-04-2026 20:45,8.8,33,86.28,1.45,125,6.29
28-04-2026 20:45,28-04-2026 21:00,16.4,34,86.37,1.06,162.63,6.27
28-04-2026 21:00,28-04-2026 21:15,20,34,86.58,0.84,115.04,6.41
28-04-2026 21:15,28-04-2026 21:30,20,34,86.75,0.8,95.57,6.36
28-04-2026 21:30,28-04-2026 21:45,16,34,86.8,1.29,120.88,6.38
28-04-2026 21:45,28-04-2026 22:00,11.6,30,86.75,1.04,94.27,6.46
28-04-2026 22:00,28-04-2026 22:15,6,30,86.59,0.96,131.81,6.35
28-04-2026 22:15,28-04-2026 22:30,6,30,86.5,1.08,167.7,6.42
28-04-2026 22:30,28-04-2026 22:45,4.8,30,86.46,1.26,158.94,6.38
28-04-2026 22:45,28-04-2026 23:00,5.4,30,86.5,0.7,139.89,6.38
28-04-2026 23:00,28-04-2026 23:15,5,30,86.64,0.84,132.6,6.51
28-04-2026 23:15,28-04-2026 23:30,5,30,86.57,0.79,137.34,6.34
28-04-2026 23:30,28-04-2026 23:45,4,30,86.64,0.34,199.37,6.42
28-04-2026 23:45,29-04-2026 00:00,18.35,39.8,86.71,0.92,155.99,6.34
29-04-2026 00:00,29-04-2026 00:15,6,21,86.77,0.84,201.72,6.22
29-04-2026 00:15,29-04-2026 00:30,6,21,86.72,0.77,157,6.24
29-04-2026 00:30,29-04-2026 00:45,4.8,21,86.3,0.85,164.46,6.21
29-04-2026 00:45,29-04-2026 01:00,20.99,47,85.53,0.46,152.18,6.08
29-04-2026 01:00,29-04-2026 01:15,3,23,84.85,0.47,268.59,6.13
29-04-2026 01:15,29-04-2026 01:30,3,23,84.43,0.57,147.73,6.14
29-04-2026 01:30,29-04-2026 01:45,2.4,23,84.02,0.79,168.81,6.03
29-04-2026 01:45,29-04-2026 02:00,25.6,46.4,83.77,0.84,148.33,5.93
29-04-2026 02:00,29-04-2026 02:15,4,13,83.79,0.38,155.47,6.01
29-04-2026 02:15,29-04-2026 02:30,4,13,84.2,0.76,221.48,6.1
29-04-2026 02:30,29-04-2026 02:45,3.2,13,84.66,0.49,188.17,6.07
29-04-2026 02:45,29-04-2026 03:00,4.4,20,84.96,0.91,220.95,6.11
29-04-2026 03:00,29-04-2026 03:15,7,20,85.18,0.74,172.56,6.04
29-04-2026 03:15,29-04-2026 03:30,7,20,85.54,0.57,205.95,6.15
29-04-2026 03:30,29-04-2026 03:45,7,20,85.87,0.48,126.11,6.1
29-04-2026 03:45,29-04-2026 04:00,27.9,47.6,86.1,0.56,136.6,5.94
29-04-2026 04:00,29-04-2026 04:15,11,17,86.38,0.45,140.34,6.21
29-04-2026 04:15,29-04-2026 04:30,11,17,86.54,0.76,168.91,6.25
29-04-2026 04:30,29-04-2026 04:45,11,17,86.63,0.34,154.3,6.25
29-04-2026 04:45,29-04-2026 05:00,30.12,58.4,86.46,0.58,161.47,6.43
29-04-2026 05:00,29-04-2026 05:15,10,27,86,0.53,190.79,6.34
29-04-2026 05:15,29-04-2026 05:30,10,27,85.93,0.69,170.65,6.48
29-04-2026 05:30,29-04-2026 05:45,10,27,86.09,0.6,137.78,7.68
29-04-2026 05:45,29-04-2026 06:00,23.21,39.4,86,1.09,161.01,11.9
29-04-2026 06:00,29-04-2026 06:15,15,20,85.84,0.6,166.8,18.07
29-04-2026 06:15,29-04-2026 06:30,15,20,85.38,1.11,134.64,24.33
29-04-2026 06:30,29-04-2026 06:45,15,20,85.01,0.74,183.71,28.21
29-04-2026 06:45,29-04-2026 07:00,29.83,54.2,84.55,0.95,177.75,36.68
29-04-2026 07:00,29-04-2026 07:15,18,30,83.6,0.65,151.34,55.98
29-04-2026 07:15,29-04-2026 07:30,18,30,82.04,1.26,203.49,71.6
29-04-2026 07:30,29-04-2026 07:45,18,30,81.18,0.95,114.15,89.63
29-04-2026 07:45,29-04-2026 08:00,24.03,47.8,79.16,0.78,154.85,114.03
29-04-2026 08:00,29-04-2026 08:15,15,32,77.88,0.99,202.13,160.5
29-04-2026 08:15,29-04-2026 08:30,15,32,76.07,1.1,112.79,135.36
29-04-2026 08:30,29-04-2026 08:45,15,32,76.37,0.99,141.21,161.34
29-04-2026 08:45,29-04-2026 09:00,29.03,55,75.42,1.36,157.05,202.29
29-04-2026 09:00,29-04-2026 09:15,16,31,76.09,1.47,142.1,212.33
29-04-2026 09:15,29-04-2026 09:30,16,31,75.23,2.04,140.19,233.96
29-04-2026 09:30,29-04-2026 09:45,16,31,75.09,1.11,72.91,242.82
29-04-2026 09:45,29-04-2026 10:00,27.45,77,74.44,1.65,132.69,253.2
29-04-2026 10:00,29-04-2026 10:15,7,55,75.38,1.39,148.27,256.86
29-04-2026 10:15,29-04-2026 10:30,7,55,75.26,1.58,88.44,264.83
29-04-2026 10:30,29-04-2026 10:45,7,55,74.48,1.1,131.17,275.14
29-04-2026 10:45,29-04-2026 11:00,25.93,72.2,73.95,1.7,68.69,282.23
29-04-2026 11:00,29-04-2026 11:15,9,50,75.05,2.13,147.61,291.26
29-04-2026 11:15,29-04-2026 11:30,9,50,75.34,2.35,128,295.19
29-04-2026 11:30,29-04-2026 11:45,7.2,50,75.31,1.85,130.91,297.05
29-04-2026 11:45,29-04-2026 12:00,31.57,101.8,75.32,2.66,96.64,298.38
29-04-2026 12:00,29-04-2026 12:15,13,80,75.08,1.69,127.3,297.74
29-04-2026 12:15,29-04-2026 12:30,13,80,73.04,1.53,148.13,295.45
29-04-2026 12:30,29-04-2026 12:45,10.4,80,73.04,1.73,133.1,293.48
29-04-2026 12:45,29-04-2026 13:00,30.04,92.8,74.41,1.75,100.5,287.14
29-04-2026 13:00,29-04-2026 13:15,14,74,75.51,2.1,141.41,280.94
29-04-2026 13:15,29-04-2026 13:30,14,74,75.23,1.45,78.01,274.12
29-04-2026 13:30,29-04-2026 13:45,14,74,74.08,1.59,133.44,265.98
29-04-2026 13:45,29-04-2026 14:00,30.28,76.8,73.5,1.31,114.26,255.32
29-04-2026 14:00,29-04-2026 14:15,18,57,74.5,1.37,110.18,245.76
29-04-2026 14:15,29-04-2026 14:30,18,57,74.97,1.17,102.25,234.17
29-04-2026 14:30,29-04-2026 14:45,18,57,74.03,1.08,92.63,194.34
29-04-2026 14:45,29-04-2026 15:00,27.02,68.4,76.42,2.14,141.04,173.56
29-04-2026 15:00,29-04-2026 15:15,0.7,41,76.48,0.88,96.6,187.76
29-04-2026 15:15,29-04-2026 15:30,0.7,41,74.54,0.81,106.47,166.52
29-04-2026 15:30,29-04-2026 15:45,0.7,41,75.65,1.92,136.44,147.98
29-04-2026 15:45,29-04-2026 16:00,29.24,62,76.26,1.12,71,131.31
29-04-2026 16:00,29-04-2026 16:15,24,40,77.03,1.3,109.2,114.31
29-04-2026 16:15,29-04-2026 16:30,24,40,77.61,1.44,100.28,96.82
29-04-2026 16:30,29-04-2026 16:45,24,40,78,1.06,121.9,77.56
29-04-2026 16:45,29-04-2026 17:00,25.75,57.4,78.77,1.81,99.32,48.27
29-04-2026 17:00,29-04-2026 17:15,0.7,32,80.6,1.01,173.26,30.87
29-04-2026 17:15,29-04-2026 17:30,0.7,32,81.83,1.22,122.22,21.92
29-04-2026 17:30,29-04-2026 17:45,0.7,32,82.73,1.13,106.37,15.84
29-04-2026 17:45,29-04-2026 18:00,27.11,59.4,83.38,1.26,86.4,10.56
29-04-2026 18:00,29-04-2026 18:15,6,27,84.24,0.98,157.85,7.03
29-04-2026 18:15,29-04-2026 18:30,6,27,84.99,1.18,109.49,6.29
29-04-2026 18:30,29-04-2026 18:45,6,27,85.76,1.07,143.75,6.2
29-04-2026 18:45,29-04-2026 19:00,19.86,50.8,86.34,1.52,111.02,6.1
29-04-2026 19:00,29-04-2026 19:15,7,33,86.59,1.19,192.29,6.03
29-04-2026 19:15,29-04-2026 19:30,7,33,86.49,1.29,159.2,6.06
29-04-2026 19:30,29-04-2026 19:45,7,33,86.59,1.37,98.75,6.04
29-04-2026 19:45,29-04-2026 20:00,26.91,63,86.55,1.54,109.72,6.13
29-04-2026 20:00,29-04-2026 20:15,3,32,86.6,1.22,122.65,6.1
29-04-2026 20:15,29-04-2026 20:30,3,32,86.63,1.96,174.01,6.18
29-04-2026 20:30,29-04-2026 20:45,3,32,86.81,1.44,135.58,6.04
29-04-2026 20:45,29-04-2026 21:00,15.83,42.2,86.93,1.41,140.15,5.97
29-04-2026 21:00,29-04-2026 21:15,0.7,24,86.75,1.28,187.91,6.14
29-04-2026 21:15,29-04-2026 21:30,0.7,24,86.66,1.05,162.02,6.32
29-04-2026 21:30,29-04-2026 21:45,0.7,24,86.3,1.38,107.32,6.29
29-04-2026 21:45,29-04-2026 22:00,20.97,60.6,86,1.03,125.54,6.36
29-04-2026 22:00,29-04-2026 22:15,3,38,86.04,1.23,148.94,6.34
29-04-2026 22:15,29-04-2026 22:30,3,38,86.5,1.1,181.52,6.34
29-04-2026 22:30,29-04-2026 22:45,3,38,87.05,1.34,140.79,6.35
29-04-2026 22:45,29-04-2026 23:00,21.83,43.8,87.34,1.36,165.04,6.38
29-04-2026 23:00,29-04-2026 23:15,17,27,87.37,0.75,139.46,6.41
29-04-2026 23:15,29-04-2026 23:30,17,27,87.33,1.53,69.73,6.41
29-04-2026 23:30,29-04-2026 23:45,17,27,86.62,1.27,119.73,6.43
29-04-2026 23:45,30-04-2026 00:00,42.84,70.2,86.26,1.48,183.27,6.36
30-04-2026 00:00,30-04-2026 00:15,5,21,86.18,1.53,188.93,6.43
30-04-2026 00:15,30-04-2026 00:30,5,21,86.04,1.36,146.99,6.52
30-04-2026 00:30,30-04-2026 00:45,5,21,86.06,1.07,103.39,6.43
30-04-2026 00:45,30-04-2026 01:00,3.2,42,85.72,1.66,107.95,6.39
30-04-2026 01:00,30-04-2026 01:15,3,42,85.18,1.05,140.77,6.44
30-04-2026 01:15,30-04-2026 01:30,3,42,84.95,1.03,153.42,6.29
30-04-2026 01:30,30-04-2026 01:45,3,42,84.94,1.33,148.06,6.2
30-04-2026 01:45,30-04-2026 02:00,22.59,51.8,85.58,1.26,163.13,6.08
30-04-2026 02:00,30-04-2026 02:15,15,34,86.31,0.91,155.16,6.07
30-04-2026 02:15,30-04-2026 02:30,15,34,86.49,1.52,93.23,6.08
30-04-2026 02:30,30-04-2026 02:45,15,34,85.81,0.96,94.14,6.06
30-04-2026 02:45,30-04-2026 03:00,10,25,84.82,0.42,196.36,5.92
30-04-2026 03:00,30-04-2026 03:15,10,25,83.97,1.12,148.05,6.06
30-04-2026 03:15,30-04-2026 03:30,10,25,83.51,0.55,182.3,5.96
30-04-2026 03:30,30-04-2026 03:45,10,25,83.2,1.29,114.97,6.07
30-04-2026 03:45,30-04-2026 04:00,23.04,40.8,83.33,0.35,210.99,5.99
30-04-2026 04:00,30-04-2026 04:15,6,17,83.64,0.69,138.84,6.01
30-04-2026 04:15,30-04-2026 04:30,6,17,83.85,1.12,163.45,6
30-04-2026 04:30,30-04-2026 04:45,4.8,17,83.96,0.68,133.85,6.04
30-04-2026 04:45,30-04-2026 05:00,3,18,84.22,1.31,183.58,5.96
30-04-2026 05:00,30-04-2026 05:15,1,18,84.43,0.88,142.79,5.97
30-04-2026 05:15,30-04-2026 05:30,1,18,84.49,0.87,191.36,6.03
30-04-2026 05:30,30-04-2026 05:45,0.8,18,84.42,0.96,127.96,6.78
30-04-2026 05:45,30-04-2026 06:00,8.8,30,84.32,1.08,144.65,9.13
30-04-2026 06:00,30-04-2026 06:15,14,30,84.06,1.12,147.37,10.3
30-04-2026 06:15,30-04-2026 06:30,14,30,83.67,1.29,169.93,12.85
30-04-2026 06:30,30-04-2026 06:45,11.2,30,83.13,1.36,96.25,17.07
30-04-2026 06:45,30-04-2026 07:00,8.8,32,82.51,1.38,114.21,35.49
30-04-2026 07:00,30-04-2026 07:15,8,32,81.42,1.03,180.53,50.2
30-04-2026 07:15,30-04-2026 07:30,8,32,80.3,1.66,99.43,81.15
30-04-2026 07:30,30-04-2026 07:45,6.4,32,78.58,1.75,159.16,95.59
30-04-2026 07:45,30-04-2026 08:00,25.39,53.4,76.32,1.15,160.17,120.57
30-04-2026 08:00,30-04-2026 08:15,13,31,74.08,1.31,108.53,139.74
30-04-2026 08:15,30-04-2026 08:30,13,31,72.06,1.1,130.99,157.37
30-04-2026 08:30,30-04-2026 08:45,10.4,31,69.75,1.72,53.49,174.58
30-04-2026 08:45,30-04-2026 09:00,29.33,69,68.13,1.81,158.99,191.87
30-04-2026 09:00,30-04-2026 09:15,8,41,67.71,1.81,162.25,204.34
30-04-2026 09:15,30-04-2026 09:30,8,41,66.69,1.68,209.54,221.28
30-04-2026 09:30,30-04-2026 09:45,6.4,41,65.09,1.94,149.52,236.78
30-04-2026 09:45,30-04-2026 10:00,7.2,56,63.89,1.33,141.54,245.97
30-04-2026 10:00,30-04-2026 10:15,10,56,69.55,1.8,154.9,251.53
30-04-2026 10:15,30-04-2026 10:30,10,56,71.57,1.55,148.76,264.03
30-04-2026 10:30,30-04-2026 10:45,10,56,71.64,2.51,91.12,271.48
30-04-2026 10:45,30-04-2026 11:00,22.1,70,71.14,1.96,122.9,274.71
30-04-2026 11:00,30-04-2026 11:15,8,55,71.12,1.92,161.5,284.82
30-04-2026 11:15,30-04-2026 11:30,8,55,71.14,1.52,102.61,285.5
30-04-2026 11:30,30-04-2026 11:45,8,55,71.22,1.43,101.87,285.55
30-04-2026 11:45,30-04-2026 12:00,27.82,78.8,71.2,2.22,107.91,287.56
30-04-2026 12:00,30-04-2026 12:15,9,55,72.54,2.74,87.29,285.8
30-04-2026 12:15,30-04-2026 12:30,9,55,73.7,3.02,118.8,282.27
30-04-2026 12:30,30-04-2026 12:45,9,55,73.66,1.33,139.73,278.66
30-04-2026 12:45,30-04-2026 13:00,28.42,70.8,73.45,2.27,143.82,272.63
30-04-2026 13:00,30-04-2026 13:15,10,45,74.75,2.27,104.83,265.02
30-04-2026 13:15,30-04-2026 13:30,10,45,75.23,2.16,124.56,256.57
30-04-2026 13:30,30-04-2026 13:45,10,45,75.23,1.73,146.36,251
30-04-2026 13:45,30-04-2026 14:00,27.57,64.2,74.16,1.24,76.11,237.18
30-04-2026 14:00,30-04-2026 14:15,9,38,73.86,1.53,70.01,224.1
30-04-2026 14:15,30-04-2026 14:30,9,38,74.46,1.58,96.51,211.47
30-04-2026 14:30,30-04-2026 14:45,7.2,38,74.36,1.32,69.1,196.76
30-04-2026 14:45,30-04-2026 15:00,28.97,72.2,75.42,1.54,82.18,180.61
30-04-2026 15:00,30-04-2026 15:15,13,48,75.59,0.74,114.49,162.92
30-04-2026 15:15,30-04-2026 15:30,13,48,75.27,1.14,97.78,147.95
30-04-2026 15:30,30-04-2026 15:45,13,48,76.12,0.86,58.55,131.1
30-04-2026 15:45,30-04-2026 16:00,30.98,66.8,76.81,0.94,76.46,115.76
30-04-2026 16:00,30-04-2026 16:15,17,42,77.32,1.2,85.65,72.75
30-04-2026 16:15,30-04-2026 16:30,17,42,78.45,1.45,103.48,76.43
30-04-2026 16:30,30-04-2026 16:45,13.6,42,79.59,1.67,119.92,50.22
30-04-2026 16:45,30-04-2026 17:00,24.08,57.6,80.07,1,110.78,33.02
30-04-2026 17:00,30-04-2026 17:15,14,43,81.27,1.11,51.11,30.16
30-04-2026 17:15,30-04-2026 17:30,14,43,82.13,1.11,110.05,23.08
30-04-2026 17:30,30-04-2026 17:45,14,43,83.31,1.29,118.27,17.18
30-04-2026 17:45,30-04-2026 18:00,29.28,68.8,84.19,0.6,147.83,11.25
30-04-2026 18:00,30-04-2026 18:15,9,42,84.68,0.64,95.27,7.5
30-04-2026 18:15,30-04-2026 18:30,9,42,85.34,0.89,89.25,6.71
30-04-2026 18:30,30-04-2026 18:45,9,42,85.75,1.2,103.64,6.35
30-04-2026 18:45,30-04-2026 19:00,6,33,85.94,1.12,106.7,6.24
30-04-2026 19:00,30-04-2026 19:15,6,33,86.31,0.9,121.94,6.11
30-04-2026 19:15,30-04-2026 19:30,6,33,86.63,0.72,78.91,6.15
30-04-2026 19:30,30-04-2026 19:45,6,33,86.54,0.92,150.07,6.17
30-04-2026 19:45,30-04-2026 20:00,7.8,31.4,86.33,0.73,149.09,6.15
30-04-2026 20:00,30-04-2026 20:15,9,31,85.88,1.16,107.91,6.17
30-04-2026 20:15,30-04-2026 20:30,9,31,85.23,1.04,79.81,6.15
30-04-2026 20:30,30-04-2026 20:45,7.2,31,84.73,1,81.66,6.15
30-04-2026 20:45,30-04-2026 21:00,8.4,29,85.15,1.51,125.84,6.07
30-04-2026 21:00,30-04-2026 21:15,8,29,85.54,1.07,139.27,6.06
30-04-2026 21:15,30-04-2026 21:30,8,29,85.82,1.3,140.62,6.04
30-04-2026 21:30,30-04-2026 21:45,6.4,29,86.22,1.02,152.37,5.96
30-04-2026 21:45,30-04-2026 22:00,10.4,31,86.57,0.9,150.71,6.01
30-04-2026 22:00,30-04-2026 22:15,12,31,86.67,1.1,183.09,6
30-04-2026 22:15,30-04-2026 22:30,12,31,86.64,1,151.43,6.17
30-04-2026 22:30,30-04-2026 22:45,9.6,31,86.41,1.33,150.71,6.1
30-04-2026 22:45,30-04-2026 23:00,9,28,86.34,1.29,152.44,6.2
30-04-2026 23:00,30-04-2026 23:15,7,28,86.45,1.23,142.39,6.42
30-04-2026 23:15,30-04-2026 23:30,7,28,86.32,1.12,119.69,6.43
30-04-2026 23:30,30-04-2026 23:45,5.6,28,86.39,1.12,116.65,6.48
30-04-2026 23:45,01-05-2026 00:00,18.58,56.4,86.64,1.45,165.11,6.34
01-05-2026 00:00,01-05-2026 00:15,2,39,86.63,1.94,155.44,6.46
01-05-2026 00:15,01-05-2026 00:30,2,39,86.31,1.53,80.67,6.41
01-05-2026 00:30,01-05-2026 00:45,1.6,39,85.77,1.77,81.33,6.53
01-05-2026 00:45,01-05-2026 01:00,17.33,45,84.05,1.44,138.97,6.29
01-05-2026 01:00,01-05-2026 01:15,3,26,81.49,1.53,152.9,6.43
01-05-2026 01:15,01-05-2026 01:30,3,26,80.14,1.47,171.1,6.45
01-05-2026 01:30,01-05-2026 01:45,2.4,26,80.16,1.18,120.6,6.34
01-05-2026 01:45,01-05-2026 02:00,22.85,55.4,80.49,2.17,206.13,6.36
01-05-2026 02:00,01-05-2026 02:15,0.7,27,80.5,1.57,192.99,6.38
01-05-2026 02:15,01-05-2026 02:30,0.7,27,80.24,1.82,162.35,6.38
01-05-2026 02:30,01-05-2026 02:45,0.56,27,80.2,1.05,214.99,6.42
01-05-2026 02:45,01-05-2026 03:00,0.7,19,80.34,1.5,200.25,6.44
01-05-2026 03:00,01-05-2026 03:15,0.7,19,80.32,1.57,109.79,6.41
01-05-2026 03:15,01-05-2026 03:30,0.7,19,80.25,1.26,154.36,6.22
01-05-2026 03:30,01-05-2026 03:45,0.56,19,80.1,1.31,158.93,6.18
01-05-2026 03:45,01-05-2026 04:00,7.48,14,80.1,1.28,120.16,6.03
01-05-2026 04:00,01-05-2026 04:15,12,14,79.83,0.95,215.5,6.06
01-05-2026 04:15,01-05-2026 04:30,12,14,78.84,1.48,162.3,6.21
01-05-2026 04:30,01-05-2026 04:45,9.6,14,78.46,1.32,171.73,6
01-05-2026 04:45,01-05-2026 05:00,11.4,15,78.52,1.91,171.64,5.9
01-05-2026 05:00,01-05-2026 05:15,11,15,79.16,1.26,125.24,6.15
01-05-2026 05:15,01-05-2026 05:30,11,15,78.4,1.4,208.87,6.51
01-05-2026 05:30,01-05-2026 05:45,8.8,15,77.7,0.79,181.55,11.43
01-05-2026 05:45,01-05-2026 06:00,9.2,36,77.04,0.84,147.02,15.1
01-05-2026 06:00,01-05-2026 06:15,8,36,75.71,0.9,84.25,16.14
01-05-2026 06:15,01-05-2026 06:30,8,36,72.2,1.68,164.16,16.49
01-05-2026 06:30,01-05-2026 06:45,6.4,36,71.38,1.47,73.66,19.33
01-05-2026 06:45,01-05-2026 07:00,11,52,71.44,1.53,76.5,24.96
01-05-2026 07:00,01-05-2026 07:15,13,52,70.87,0.78,180.52,29.38
01-05-2026 07:15,01-05-2026 07:30,13,52,70.28,0.62,252.12,31.69
01-05-2026 07:30,01-05-2026 07:45,13,52,69.59,1,161.9,41.01
01-05-2026 07:45,01-05-2026 08:00,23.2,78,69.68,0.64,218.88,52.77
01-05-2026 08:00,01-05-2026 08:15,30,78,69.66,0.72,242.29,65.83
01-05-2026 08:15,01-05-2026 08:30,30,78,69.3,0.78,238.95,94.37
01-05-2026 08:30,01-05-2026 08:45,30,78,68.2,1.17,196.94,155.42
01-05-2026 08:45,01-05-2026 09:00,20,67,66.41,1.3,208.63,186.75
01-05-2026 09:00,01-05-2026 09:15,20,67,65.51,0.98,125.86,198.34
01-05-2026 09:15,01-05-2026 09:30,20,67,64.59,0.85,134.68,217.91
01-05-2026 09:30,01-05-2026 09:45,16,67,64.14,1.31,166.85,230.92
01-05-2026 09:45,01-05-2026 10:00,35.85,77,63.76,0.81,207.34,241.65
01-05-2026 10:00,01-05-2026 10:15,26,55,64.96,0.8,106,259.91
01-05-2026 10:15,01-05-2026 10:30,26,55,64.86,0.64,108.66,270.92
01-05-2026 10:30,01-05-2026 10:45,20.8,55,65.5,0.67,103.38,277.15
01-05-2026 10:45,01-05-2026 11:00,34.07,75,66.86,1,74.06,280.73
01-05-2026 11:00,01-05-2026 11:15,27,59,69.16,1.38,124.79,286.21
01-05-2026 11:15,01-05-2026 11:30,27,59,71.18,0.92,77.78,286.86
01-05-2026 11:30,01-05-2026 11:45,21.6,59,71.02,1.42,97.92,287.27
01-05-2026 11:45,01-05-2026 12:00,20.4,59,70.36,1.23,158.02,286.74
01-05-2026 12:00,01-05-2026 12:15,24,59,70.08,1.12,75.5,287.41
01-05-2026 12:15,01-05-2026 12:30,24,59,69.98,1.78,119.5,286.5
01-05-2026 12:30,01-05-2026 12:45,24,59,70.36,1.62,107.64,284.46
01-05-2026 12:45,01-05-2026 13:00,35.12,88,69.55,1.9,108.49,275.36
01-05-2026 13:00,01-05-2026 13:15,29,74,70.23,1.63,75.6,264.11
01-05-2026 13:15,01-05-2026 13:30,29,74,70.65,2.66,202.16,265.17
01-05-2026 13:30,01-05-2026 13:45,29,74,69.75,1.94,107,254.19
01-05-2026 13:45,01-05-2026 14:00,35.9,77.2,71.04,1.77,94.15,244.93
01-05-2026 14:00,01-05-2026 14:15,20,54,71.41,1.62,138.64,244.63
01-05-2026 14:15,01-05-2026 14:30,20,54,70.22,1.65,142.58,148.58
01-05-2026 14:30,01-05-2026 14:45,20,54,73.33,1.92,80.01,184.38
01-05-2026 14:45,01-05-2026 15:00,20.6,39,74.44,2.43,120.41,150
01-05-2026 15:00,01-05-2026 15:15,21,39,75.43,2.45,117.16,131.44
01-05-2026 15:15,01-05-2026 15:30,21,39,76.39,2.23,114.03,169.3
01-05-2026 15:30,01-05-2026 15:45,16.8,39,75.45,1.46,74.39,144.57
01-05-2026 15:45,01-05-2026 16:00,27.9,60.4,76.12,1.99,97.38,125.18
01-05-2026 16:00,01-05-2026 16:15,17,43,77.4,2.02,65.09,108.03
01-05-2026 16:15,01-05-2026 16:30,17,43,78.51,2.25,156.02,86.75
01-05-2026 16:30,01-05-2026 16:45,17,43,79.34,1.79,107.86,68.63
01-05-2026 16:45,01-05-2026 17:00,24.72,61.6,80.21,1.57,148.63,51.87
01-05-2026 17:00,01-05-2026 17:15,13,46,80.35,1.01,45.02,35.74
01-05-2026 17:15,01-05-2026 17:30,13,46,80.4,1.33,120.98,24.17
01-05-2026 17:30,01-05-2026 17:45,13,46,81.95,1.76,135.83,17.58
01-05-2026 17:45,01-05-2026 18:00,31.86,70,82.92,1.18,142.02,11.93
01-05-2026 18:00,01-05-2026 18:15,27,52,83.19,1.56,158.45,8.06
01-05-2026 18:15,01-05-2026 18:30,27,52,84.06,1.69,85.72,6.74
01-05-2026 18:30,01-05-2026 18:45,27,52,85.04,1.23,127.54,6.49
01-05-2026 18:45,01-05-2026 19:00,39.45,76.2,85.54,1.73,137.49,6.39
01-05-2026 19:00,01-05-2026 19:15,25,49,86.09,1.42,102.79,6.36
01-05-2026 19:15,01-05-2026 19:30,25,49,86.27,0.97,185.82,6.39
01-05-2026 19:30,01-05-2026 19:45,25,49,86.27,1.28,93.36,6.36
01-05-2026 19:45,01-05-2026 20:00,28.39,57.4,86.33,1.67,182.66,6.36
01-05-2026 20:00,01-05-2026 20:15,12,36,86.21,1.29,61.37,6.34
01-05-2026 20:15,01-05-2026 20:30,12,36,86.1,1.26,97.5,6.14
01-05-2026 20:30,01-05-2026 20:45,25.93,54.5,85.75,1.57,148.38,6.14
01-05-2026 20:45,01-05-2026 21:00,12.6,27,85.59,1.34,98.19,6.27
01-05-2026 21:00,01-05-2026 21:15,17,27,85.64,1.28,64.71,6.11
01-05-2026 21:15,01-05-2026 21:30,17,27,85.73,0.99,97.43,6.01
01-05-2026 21:30,01-05-2026 21:45,35.44,55.2,85.79,1.46,157.84,6.1
01-05-2026 21:45,01-05-2026 22:00,10.25,29,85.56,1.24,162.09,6.11
01-05-2026 22:00,01-05-2026 22:15,12,29,85.06,1.4,107.39,6.07
01-05-2026 22:15,01-05-2026 22:30,12,29,84.47,1.14,146.09,6
01-05-2026 22:30,01-05-2026 22:45,28.71,52.6,83.37,1.22,174.9,6.04
01-05-2026 22:45,01-05-2026 23:00,7.8,32,82.46,1.46,170.52,5.93
01-05-2026 23:00,01-05-2026 23:15,9,32,82.27,1.05,132.78,6.04
01-05-2026 23:15,01-05-2026 23:30,9,32,82.01,1.03,115.36,6.01
01-05-2026 23:30,01-05-2026 23:45,31.38,62.8,82.32,1.22,133.85,6
01-05-2026 23:45,02-05-2026 00:00,10.2,44,82.59,0.96,142.96,5.99
02-05-2026 00:00,02-05-2026 00:15,14,44,82.26,0.51,123.32,5.97
02-05-2026 00:15,02-05-2026 00:30,14,44,80.28,1.04,181.43,6.29
02-05-2026 00:30,02-05-2026 00:45,14,43.6,78.84,0.45,153.23,6.29
02-05-2026 00:45,02-05-2026 01:00,38.2,69.6,78.59,1.21,161.89,6.32
02-05-2026 01:00,02-05-2026 01:15,20,42,78.73,0.6,135.1,6.36
02-05-2026 01:15,02-05-2026 01:30,20,42,79.37,1.02,105.33,6.34
02-05-2026 01:30,02-05-2026 01:45,20,39,79.85,1.07,109.02,6.41
02-05-2026 01:45,02-05-2026 02:00,14.4,27,80.09,0.8,150.55,6.27
02-05-2026 02:00,02-05-2026 02:15,13,27,80.22,1.02,81.29,6.38
02-05-2026 02:15,02-05-2026 02:30,13,27,80.16,0.9,137.79,6.36
02-05-2026 02:30,02-05-2026 02:45,30.55,52.6,80.34,0.53,215.75,6.21
02-05-2026 02:45,02-05-2026 03:00,12.2,33,81.44,0.33,159.65,6.42
02-05-2026 03:00,02-05-2026 03:15,16,33,82.9,0.56,158.43,6.35
02-05-2026 03:15,02-05-2026 03:30,16,33,83.77,0.46,98.75,6.28
02-05-2026 03:30,02-05-2026 03:45,16,36.2,84.39,0.77,101.12,6.38
02-05-2026 03:45,02-05-2026 04:00,13.6,49,85.38,0.77,97.01,6.22
02-05-2026 04:00,02-05-2026 04:15,13,49,86.11,1,97.97,6.42
02-05-2026 04:15,02-05-2026 04:30,,,,,,
02-05-2026 04:30,02-05-2026 04:45,13,49,86.82,0.89,109.2,6.35
02-05-2026 04:45,02-05-2026 05:00,18.15,58.88,87.27,1.11,158.89,6.19
02-05-2026 05:00,02-05-2026 05:15,8,49,87.47,0.86,109.39,6.14
02-05-2026 05:15,02-05-2026 05:30,,,,,,
02-05-2026 05:30,02-05-2026 05:45,8,49,87.3,1.04,214.94,6.22
02-05-2026 05:45,02-05-2026 06:00,8,45,85.94,1.06,166.92,7.81
02-05-2026 06:00,02-05-2026 06:15,13,39,84.08,1.12,204.94,11.9
02-05-2026 06:15,02-05-2026 06:30,13,39,83.22,1.47,157.51,18.2
02-05-2026 06:30,02-05-2026 06:45,13,39,82.62,1.37,121.4,25.33
02-05-2026 06:45,02-05-2026 07:00,32.37,63.4,82.13,1.21,108.61,37.28
02-05-2026 07:00,02-05-2026 07:15,6.4,31,81.45,1.04,101.22,49.51
02-05-2026 07:15,02-05-2026 07:30,8,31,80.48,1.4,97.22,66.06
02-05-2026 07:30,02-05-2026 07:45,8,31,79.71,0.94,202.36,82.97
02-05-2026 07:45,02-05-2026 08:00,25.77,56,78.24,1.13,133.87,101.43
02-05-2026 08:00,02-05-2026 08:15,4,38,77.03,1.71,78.43,117.91
02-05-2026 08:15,02-05-2026 08:30,5,38,76.02,1.5,150.4,137.34
02-05-2026 08:30,02-05-2026 08:45,5,38,74.79,1.03,78.52,152.92
02-05-2026 08:45,02-05-2026 09:00,26.36,65.4,75.33,1.49,26.5,165.83
02-05-2026 09:00,02-05-2026 09:15,8,41,77.19,1.98,26.5,183.11
02-05-2026 09:15,02-05-2026 09:30,10,41,78.22,1.58,65.69,199.38
02-05-2026 09:30,02-05-2026 09:45,10,41,76.69,1.27,91.47,211.29
02-05-2026 09:45,02-05-2026 10:00,27.45,72.4,75.84,2.12,26.5,224.63
02-05-2026 10:00,02-05-2026 10:15,24.8,74,76.73,2.08,26.5,239.8
02-05-2026 10:15,02-05-2026 10:30,31,74,76.96,2.84,39.24,249.23
02-05-2026 10:30,02-05-2026 10:45,31,74,77.7,2.13,56.4,255.76
02-05-2026 10:45,02-05-2026 11:00,31,68,78.08,1.89,48.66,265.45
02-05-2026 11:00,02-05-2026 11:15,18,59,77.01,1.88,26.5,274.63
02-05-2026 11:15,02-05-2026 11:30,18,59,79.15,2.92,30.04,273.2
02-05-2026 11:30,02-05-2026 11:45,18,59,78.95,2.76,26.5,282.48
02-05-2026 11:45,02-05-2026 12:00,31.43,75.2,78.91,2.53,26.5,293.51
02-05-2026 12:00,02-05-2026 12:15,8.8,68,77.97,1.64,26.5,293.41
02-05-2026 12:15,02-05-2026 12:30,11,68,78.43,2.17,26.5,291.19
02-05-2026 12:30,02-05-2026 12:45,11,68,78.11,1.05,39.07,286.54
02-05-2026 12:45,02-05-2026 13:00,27.92,81,77.28,2.18,26.5,268.73
02-05-2026 13:00,02-05-2026 13:15,10.4,56,78.34,1.75,62.78,266.01
02-05-2026 13:15,02-05-2026 13:30,13,56,77.35,1.9,26.5,263.76
02-05-2026 13:30,02-05-2026 13:45,13,56,78.53,1.62,69.8,261.29
02-05-2026 13:45,02-05-2026 14:00,31.7,74,77.62,1.67,46.82,251.9
02-05-2026 14:00,02-05-2026 14:15,7.2,44,76.54,1.6,64.98,243.01
02-05-2026 14:15,02-05-2026 14:30,9,44,77.08,1.9,48.64,231.85
02-05-2026 14:30,02-05-2026 14:45,9,44,79.13,1.45,87.82,216.62
02-05-2026 14:45,02-05-2026 15:00,29.57,70.6,78.8,1.58,63.91,198.2
02-05-2026 15:00,02-05-2026 15:15,8.8,48,78.75,1.72,26.5,182.46
02-05-2026 15:15,02-05-2026 15:30,11,48,77.98,1.73,32.81,141.88
02-05-2026 15:30,02-05-2026 15:45,11,48,79.12,1.34,26.5,129.91
02-05-2026 15:45,02-05-2026 16:00,26.98,64.4,78.94,1.91,26.5,95.52
02-05-2026 16:00,02-05-2026 16:15,5.6,40,80.61,1.5,26.5,71.35
02-05-2026 16:15,02-05-2026 16:30,7,40,82.42,2.02,54.33,68.17
02-05-2026 16:30,02-05-2026 16:45,5.6,40,82.92,1.75,53.27,60.61
02-05-2026 16:45,02-05-2026 17:00,22.9,58,82.68,2.35,26.5,66.1
02-05-2026 17:00,02-05-2026 17:15,7.2,40,82.52,2.25,51.82,36.35
02-05-2026 17:15,02-05-2026 17:30,9,40,83.79,1.97,26.5,24.25
02-05-2026 17:30,02-05-2026 17:45,9,40,84.27,1.47,64.77,18.34
02-05-2026 17:45,02-05-2026 18:00,33.32,70.8,84.8,1.66,65.06,11.74
02-05-2026 18:00,02-05-2026 18:15,16,45,85.07,1.7,43.72,8.48
02-05-2026 18:15,02-05-2026 18:30,20,45,85.19,1.64,26.5,6.71
02-05-2026 18:30,02-05-2026 18:45,20,45,85.48,1.24,26.5,6.42
02-05-2026 18:45,02-05-2026 19:00,29.86,59.2,86.09,1.26,26.5,6.31
02-05-2026 19:00,02-05-2026 19:15,8,42,86.51,1.27,63.25,6.48
02-05-2026 19:15,02-05-2026 19:30,10,42,86.56,1.25,67.39,6.32
02-05-2026 19:30,02-05-2026 19:45,8,42,86.32,1.57,26.5,6.39
02-05-2026 19:45,02-05-2026 20:00,30.82,64,85.76,1.37,73.8,6.38
02-05-2026 20:00,02-05-2026 20:15,19.2,41,85.12,0.97,26.5,6.39
02-05-2026 20:15,02-05-2026 20:30,24,41,84.49,1.83,55.3,6.34
02-05-2026 20:30,02-05-2026 20:45,24,41,84.06,1.35,26.5,6.41
02-05-2026 20:45,02-05-2026 21:00,35.27,61.4,83.41,1.41,171.77,6.34
02-05-2026 21:00,02-05-2026 21:15,21.6,53,83,1.81,114.33,6.39
02-05-2026 21:15,02-05-2026 21:30,27,53,81.96,1.49,46.42,6.41
02-05-2026 21:30,02-05-2026 21:45,21.6,53,81.78,1.08,26.5,6.46
02-05-2026 21:45,02-05-2026 22:00,25.8,55.4,82.82,1.03,47.14,6.24
02-05-2026 22:00,02-05-2026 22:15,16.8,57,83.61,1.93,26.5,6.14
02-05-2026 22:15,02-05-2026 22:30,21,57,84.1,0.84,64.7,6.18
02-05-2026 22:30,02-05-2026 22:45,21,57,84.38,1.24,69.58,6.15
02-05-2026 22:45,02-05-2026 23:00,37.24,74.8,84.29,1.23,26.5,6.08
02-05-2026 23:00,02-05-2026 23:15,11.2,46,83.73,0.94,70,6.06
02-05-2026 23:15,02-05-2026 23:30,14,46,81.52,1.31,26.5,6.2
02-05-2026 23:30,02-05-2026 23:45,14,46,80.51,0.89,69.1,6.14
02-05-2026 23:45,03-05-2026 00:00,30.52,67.6,79.91,1.41,69.31,6.03
03-05-2026 00:00,03-05-2026 00:15,28.29,63.4,79.22,0.95,109.77,6.14
03-05-2026 00:15,03-05-2026 00:30,17,51,78.5,1.07,67.02,6.15
03-05-2026 00:30,03-05-2026 00:45,17,51,77.07,1.42,26.5,6.06
03-05-2026 00:45,03-05-2026 01:00,17,52.2,76.95,1.1,64.87,6.04
03-05-2026 01:00,03-05-2026 01:15,17,53,76.66,0.75,26.81,5.99
03-05-2026 01:15,03-05-2026 01:30,17,53,76.19,0.96,114.42,5.93
03-05-2026 01:30,03-05-2026 01:45,17,53,76.05,0.84,26.5,5.93
03-05-2026 01:45,03-05-2026 02:00,39.11,81,77.11,0.71,30.85,6
03-05-2026 02:00,03-05-2026 02:15,18.4,56,77.86,0.31,96.81,6.18
03-05-2026 02:15,03-05-2026 02:30,23,56,76.42,0.95,26.5,6.29
03-05-2026 02:30,03-05-2026 02:45,23,56,74.92,0.76,112.89,6.24
03-05-2026 02:45,03-05-2026 03:00,25,63.8,74.04,1.16,62.19,6.28
03-05-2026 03:00,03-05-2026 03:15,33,69,73.73,0.75,28.54,6.34
03-05-2026 03:15,03-05-2026 03:30,33,69,73.76,0.77,26.5,6.34
03-05-2026 03:30,03-05-2026 03:45,33,69,73.68,0.82,103.39,6.41
03-05-2026 03:45,03-05-2026 04:00,43.14,74.4,73.54,0.37,26.5,6.41
03-05-2026 04:00,03-05-2026 04:15,21.6,48,73.15,0.53,121.21,6.35
03-05-2026 04:15,03-05-2026 04:30,27,48,73,0.46,26.5,6.35
03-05-2026 04:30,03-05-2026 04:45,27,48,72.89,0.48,26.5,6.39
03-05-2026 04:45,03-05-2026 05:00,25.8,51,72.71,0.31,165.68,6.49
03-05-2026 05:00,03-05-2026 05:15,21,53,72.42,0.48,65.28,6.51
03-05-2026 05:15,03-05-2026 05:30,21,53,72.04,0.27,64.94,6.55
03-05-2026 05:30,03-05-2026 05:45,16.8,53,71.28,0.28,26.5,7.51
03-05-2026 05:45,03-05-2026 06:00,33.62,68,71,0.44,146.87,10.93
03-05-2026 06:00,03-05-2026 06:15,24.8,60,69.76,0.51,189.79,19.41
03-05-2026 06:15,03-05-2026 06:30,31,60,69.08,1.01,124.29,25.84
03-05-2026 06:30,03-05-2026 06:45,24.8,60,68.52,1.15,51.06,29.65
03-05-2026 06:45,03-05-2026 07:00,30,67.2,68.34,0.49,26.5,39.22
03-05-2026 07:00,03-05-2026 07:15,20.8,72,68.19,1.28,180.94,48.8
03-05-2026 07:15,03-05-2026 07:30,26,72,68.18,0.47,109.49,57.92
03-05-2026 07:30,03-05-2026 07:45,20.8,72,67.94,1.06,66.66,71.32
03-05-2026 07:45,03-05-2026 08:00,42.37,87.8,67.3,0.76,121.46,81.22
03-05-2026 08:00,03-05-2026 08:15,19.2,63,66.86,0.9,64.75,77.1
03-05-2026 08:15,03-05-2026 08:30,24,63,66.59,0.64,78.11,112.53
03-05-2026 08:30,03-05-2026 08:45,24,63,65.41,0.96,106.14,141.94
03-05-2026 08:45,03-05-2026 09:00,42.26,84.4,64.39,0.94,106.35,151.75
03-05-2026 09:00,03-05-2026 09:15,27.2,67,63.93,0.77,104.42,176.06
03-05-2026 09:15,03-05-2026 09:30,34,67,65.06,0.58,42.88,192.93
03-05-2026 09:30,03-05-2026 09:45,34,67,65.12,1.18,46.13,211.34
03-05-2026 09:45,03-05-2026 10:00,33.8,76,65.89,1.14,64.84,225.9
03-05-2026 10:00,03-05-2026 10:15,26.4,82,66.23,0.88,83.66,237.36
03-05-2026 10:15,03-05-2026 10:30,33,82,66.74,1.27,65.81,240.73
03-05-2026 10:30,03-05-2026 10:45,26.4,82,68.08,0.98,35.08,252.35
03-05-2026 10:45,03-05-2026 11:00,35.2,88.6,68.7,0.99,37.4,260.13
03-05-2026 11:00,03-05-2026 11:15,44,93,68.22,1.17,26.5,261.02
03-05-2026 11:15,03-05-2026 11:30,44,93,67.9,1.57,46.28,251.46
03-05-2026 11:30,03-05-2026 11:45,35.2,93,67.81,1.16,69.04,243.29
03-05-2026 11:45,03-05-2026 12:00,43.6,82.8,66.97,2.25,48.45,242.15
03-05-2026 12:00,03-05-2026 12:15,33.6,76,68.1,2.11,26.5,257.58
03-05-2026 12:15,03-05-2026 12:30,42,76,70.09,2.07,26.5,266.22
03-05-2026 12:30,03-05-2026 12:45,42,76,68.73,1.01,74.52,272.91
03-05-2026 12:45,03-05-2026 13:00,48.61,83,66.8,1.19,26.5,271.81
03-05-2026 13:00,03-05-2026 13:15,22.4,63,66.33,0.78,28.75,268.73
03-05-2026 13:15,03-05-2026 13:30,28,63,66.63,1.12,26.5,265.99
03-05-2026 13:30,03-05-2026 13:45,22.4,63,68.59,2.02,26.5,259.6
03-05-2026 13:45,03-05-2026 14:00,25.8,52.8,71.01,1.96,74.87,250.52
03-05-2026 14:00,03-05-2026 14:15,17,46,71.37,1.67,35.58,237.87
03-05-2026 14:15,03-05-2026 14:30,17,46,72.08,1.46,26.5,224.04
03-05-2026 14:30,03-05-2026 14:45,13.6,46,73.39,1.71,26.5,207.95
03-05-2026 14:45,03-05-2026 15:00,19,43,74.65,1.61,34.97,184.22
03-05-2026 15:00,03-05-2026 15:15,27,41,75.21,1.92,26.5,168.18
03-05-2026 15:15,03-05-2026 15:30,27,41,74.95,1.25,26.5,152.47
03-05-2026 15:30,03-05-2026 15:45,21.6,41,75.87,1.47,26.5,140.62
03-05-2026 15:45,03-05-2026 16:00,25.6,40.4,76.74,1.66,26.5,126.9
03-05-2026 16:00,03-05-2026 16:15,20,40,77.58,1.23,26.5,97.16
03-05-2026 16:15,03-05-2026 16:30,20,40,78.31,1.03,26.5,43.27
03-05-2026 16:30,03-05-2026 16:45,16,40,80.32,1.17,26.5,19.52
03-05-2026 16:45,03-05-2026 17:00,19,38.2,81.71,1.15,26.5,12.64
03-05-2026 17:00,03-05-2026 17:15,15,37,81.64,1.43,66.42,11.27
03-05-2026 17:15,03-05-2026 17:30,15,37,77.74,1.1,26.5,11.45
03-05-2026 17:30,03-05-2026 17:45,12,37,74.87,1.21,26.5,11.01
03-05-2026 17:45,03-05-2026 18:00,29.41,61.4,76.89,1.21,26.5,9.19
03-05-2026 18:00,03-05-2026 18:15,20.8,58,78.65,1.22,26.5,7.09
03-05-2026 18:15,03-05-2026 18:30,26,58,75.77,1.33,26.5,6.34
03-05-2026 18:30,03-05-2026 18:45,26,58,73.59,1.64,26.5,6.18
03-05-2026 18:45,03-05-2026 19:00,46.17,84.6,74.45,1.63,26.5,6.22
03-05-2026 19:00,03-05-2026 19:15,34.4,69,77.19,1.54,85.24,6.38
03-05-2026 19:15,03-05-2026 19:30,43,69,79.49,1.63,26.5,6.49
03-05-2026 19:30,03-05-2026 19:45,34.4,69,81.49,1.22,64.34,6.42
03-05-2026 19:45,03-05-2026 20:00,43.4,79.8,82.64,1.49,26.5,6.42
03-05-2026 20:00,03-05-2026 20:15,45,87,82.6,2.4,26.5,6.46
03-05-2026 20:15,03-05-2026 20:30,45,87,82.23,2.16,26.5,6.53
03-05-2026 20:30,03-05-2026 20:45,36,87,82.19,1.46,47.93,6.51
03-05-2026 20:45,03-05-2026 21:00,40.8,70.2,82.21,1.41,26.5,6.32
03-05-2026 21:00,03-05-2026 21:15,24,59,81.7,1.42,65.55,6.39
03-05-2026 21:15,03-05-2026 21:30,24,59,80.52,1.35,26.5,6.48
03-05-2026 21:30,03-05-2026 21:45,19.2,59,80.14,0.75,64.99,6.41
03-05-2026 21:45,03-05-2026 22:00,42.48,218.8,80.43,1.06,89.33,6.35
03-05-2026 22:00,03-05-2026 22:15,20.8,400,79.9,1.62,118.59,6.36
03-05-2026 22:15,03-05-2026 22:30,26,400,79.99,1.46,26.5,6.31
03-05-2026 22:30,03-05-2026 22:45,20.8,400,80.59,1.53,69.15,6.27
03-05-2026 22:45,03-05-2026 23:00,24.4,185.8,80.25,1.7,134.18,6.25
03-05-2026 23:00,03-05-2026 23:15,14.4,43,78.99,0.93,27.42,6.35
03-05-2026 23:15,03-05-2026 23:30,18,43,78.11,1.31,66.26,6.24
03-05-2026 23:30,03-05-2026 23:45,14.4,43,77.52,1.57,112.68,6.13
03-05-2026 23:45,04-05-2026 00:00,18.2,48.4,71.12,0.53,137.94,6.17
04-05-2026 00:00,04-05-2026 00:15,19,52,68.52,0.56,26.5,6.17
04-05-2026 00:15,04-05-2026 00:30,19,52,67.93,0.27,139.46,6.14
04-05-2026 00:30,04-05-2026 00:45,15.2,52,68.28,0.27,205.27,6.08
04-05-2026 00:45,04-05-2026 01:00,25.2,87.4,68.52,0.27,87.37,6.11
04-05-2026 01:00,04-05-2026 01:15,40,111,68.48,0.27,26.5,6.2
04-05-2026 01:15,04-05-2026 01:30,50,111,69.01,0.27,26.5,6.06
04-05-2026 01:30,04-05-2026 01:45,40,111,68.94,0.27,26.5,6.14
04-05-2026 01:45,04-05-2026 02:00,49,125.4,70.48,0.27,26.5,6.03
04-05-2026 02:00,04-05-2026 02:15,45,135,71.83,0.27,26.5,6.1
04-05-2026 02:15,04-05-2026 02:30,45,135,72.84,0.45,26.5,5.94
04-05-2026 02:30,04-05-2026 02:45,36,135,74.23,0.27,26.5,6.14
04-05-2026 02:45,04-05-2026 03:00,54.64,128,77.47,0.83,26.5,5.97
04-05-2026 03:00,04-05-2026 03:15,33.6,111,77.09,1.48,84.78,6.1
04-05-2026 03:15,04-05-2026 03:30,42,111,77.73,0.54,35,6.11
04-05-2026 03:30,04-05-2026 03:45,42,111,80.53,0.59,36.73,6.28
04-05-2026 03:45,04-05-2026 04:00,40.6,71.4,81.32,0.49,212.46,6.45
04-05-2026 04:00,04-05-2026 04:15,35,45,80.73,0.65,30.48,6.46
04-05-2026 04:15,04-05-2026 04:30,35,45,79.57,1.38,30.93,6.45
04-05-2026 04:30,04-05-2026 04:45,28,45,79.47,1.29,26.5,6.52
04-05-2026 04:45,04-05-2026 05:00,34.4,52.8,78.61,1.42,26.5,6.36
04-05-2026 05:00,04-05-2026 05:15,32,58,78.39,1.2,26.5,6.42
04-05-2026 05:15,04-05-2026 05:30,32,58,78.9,1.21,26.5,6.48
04-05-2026 05:30,04-05-2026 05:45,25.6,58,79.75,1.55,45.34,6.48
04-05-2026 05:45,04-05-2026 06:00,41.66,76,81.12,0.71,47.11,7.03
04-05-2026 06:00,04-05-2026 06:15,16,61,80.42,1.52,26.5,8.92
04-05-2026 06:15,04-05-2026 06:30,20,61,79.66,0.89,26.5,12.38
04-05-2026 06:30,04-05-2026 06:45,20,61,79.21,1.22,35.12,17.11
04-05-2026 06:45,04-05-2026 07:00,30.16,64.4,80.12,0.48,36.78,20.39
04-05-2026 07:00,04-05-2026 07:15,18,44,80.3,0.53,36.71,21.91
04-05-2026 07:15,04-05-2026 07:30,18,44,79.01,0.95,26.5,19.76
04-05-2026 07:30,04-05-2026 07:45,14.4,44,79.95,1.04,48.98,21.45
04-05-2026 07:45,04-05-2026 08:00,20,47.6,79.59,0.88,26.5,23.22
04-05-2026 08:00,04-05-2026 08:15,28,50,79.49,0.77,64.96,30.59
04-05-2026 08:15,04-05-2026 08:30,28,50,78.96,0.55,66.67,48.59
04-05-2026 08:30,04-05-2026 08:45,22.4,50,78.71,0.93,26.5,74.68
04-05-2026 08:45,04-05-2026 09:00,22.8,47.6,77.86,1.27,26.5,66.22
04-05-2026 09:00,04-05-2026 09:15,2,46,76.6,1.19,26.5,50.75
04-05-2026 09:15,04-05-2026 09:30,2,46,77.37,1.58,63.67,57.91
04-05-2026 09:30,04-05-2026 09:45,1.6,46,77.43,1.58,70.2,79.64
04-05-2026 09:45,04-05-2026 10:00,5.8,46.6,75.27,1.36,26.5,112.53
04-05-2026 10:00,04-05-2026 10:15,21,47,74.04,1.58,41.5,132.69
04-05-2026 10:15,04-05-2026 10:30,21,47,71.56,1.37,26.5,149.9
04-05-2026 10:30,04-05-2026 10:45,16.8,47,68.06,1.82,57.31,203.28
04-05-2026 10:45,04-05-2026 11:00,31.8,68.8,66.69,1.65,101.1,223.17
04-05-2026 11:00,04-05-2026 11:15,14.4,65,65.92,1.58,26.5,194.27
04-05-2026 11:15,04-05-2026 11:30,18,65,65.27,1.56,26.5,183.7
04-05-2026 11:30,04-05-2026 11:45,18,65,64.33,1.29,26.97,203.19
04-05-2026 11:45,04-05-2026 12:00,20,67.4,62.56,1.16,67.67,226.22
04-05-2026 12:00,04-05-2026 12:15,28,69,61.16,1.19,44.81,252.86
04-05-2026 12:15,04-05-2026 12:30,28,69,60.28,1.46,59.7,267.56
04-05-2026 12:30,04-05-2026 12:45,22.4,69,62.78,1.63,26.5,270.45
04-05-2026 12:45,04-05-2026 13:00,29,74.4,63.83,1.49,62.34,281.55
04-05-2026 13:00,04-05-2026 13:15,33,78,65.38,1.31,47.47,273.97
04-05-2026 13:15,04-05-2026 13:30,33,78,64.83,2.21,26.5,252.66
04-05-2026 13:30,04-05-2026 13:45,33,78,64.63,1.87,26.5,204.54
04-05-2026 13:45,04-05-2026 14:00,30,77.2,63.42,1.28,60.68,239.89
04-05-2026 14:00,04-05-2026 14:15,30.78,86,63.54,1.67,53.42,217.57
04-05-2026 14:15,04-05-2026 14:30,18,76,63.18,1.19,26.5,193.38
04-05-2026 14:30,04-05-2026 14:45,18,76,64.92,0.87,29.24,190.05
04-05-2026 14:45,04-05-2026 15:00,17.6,65.8,67.3,2.07,26.5,197.59
04-05-2026 15:00,04-05-2026 15:15,16,59,68.53,1.54,77.54,162.66
04-05-2026 15:15,04-05-2026 15:30,16,59,69.1,1.32,73.21,121.29
04-05-2026 15:30,04-05-2026 15:45,12.8,59,70.57,1.23,47.95,107.22
04-05-2026 15:45,04-05-2026 16:00,29.07,71.8,70.17,1.05,70.03,116.7
04-05-2026 16:00,04-05-2026 16:15,5.6,51,69.04,1.19,26.5,100.59
04-05-2026 16:15,04-05-2026 16:30,7,51,70.03,0.98,47.94,73.47
04-05-2026 16:30,04-05-2026 16:45,5.6,51,72.41,1.15,26.5,57.63
04-05-2026 16:45,04-05-2026 17:00,24.7,66,75.09,1.03,46.16,42.55
04-05-2026 17:00,04-05-2026 17:15,14.4,49,75.72,0.98,26.5,33.4
04-05-2026 17:15,04-05-2026 17:30,18,49,75.77,1.04,45.53,24.92
04-05-2026 17:30,04-05-2026 17:45,18,49,75.93,0.69,38.39,20.03
04-05-2026 17:45,04-05-2026 18:00,16.2,34,76.71,0.55,44.64,14.11
04-05-2026 18:00,04-05-2026 18:15,9,24,76.73,1.07,63.04,8.46
04-05-2026 18:15,04-05-2026 18:30,9,24,77.2,0.41,66.62,6.38
04-05-2026 18:30,04-05-2026 18:45,9,24,77.86,0.41,48.37,6.1
04-05-2026 18:45,04-05-2026 19:00,24.51,49,79.52,0.45,40.45,6.07
04-05-2026 19:00,04-05-2026 19:15,10.4,35,80.29,0.56,46.49,6.18
04-05-2026 19:15,04-05-2026 19:30,13,35,79.97,0.83,67.12,6.1
04-05-2026 19:30,04-05-2026 19:45,13,35,80.52,0.31,37.15,6.2
04-05-2026 19:45,04-05-2026 20:00,35.58,66,81.14,0.68,65.05,6.04
04-05-2026 20:00,04-05-2026 20:15,14.4,37,81.84,0.54,37.11,6.1
04-05-2026 20:15,04-05-2026 20:30,18,37,82.41,0.64,40.47,6.11
04-05-2026 20:30,04-05-2026 20:45,18,37,82.99,0.72,26.5,6.35
04-05-2026 20:45,04-05-2026 21:00,39.05,66.6,83.51,0.67,26.5,6.29
04-05-2026 21:00,04-05-2026 21:15,16.8,37,83.74,0.62,114.67,6.27
04-05-2026 21:15,04-05-2026 21:30,21,37,84,0.99,47.56,6.31
04-05-2026 21:30,04-05-2026 21:45,21,37,84.11,1.01,37.86,6.41
04-05-2026 21:45,04-05-2026 22:00,32.38,55.2,84.06,0.78,74.14,6.35
04-05-2026 22:00,04-05-2026 22:15,13.6,38,83.84,1.29,95.43,6.28
04-05-2026 22:15,04-05-2026 22:30,17,38,83.3,1.01,45.19,6.34
04-05-2026 22:30,04-05-2026 22:45,17,38,81.9,0.67,129.43,6.34
04-05-2026 22:45,04-05-2026 23:00,38.04,62.8,80.08,0.87,227.08,6.28
04-05-2026 23:00,04-05-2026 23:15,24,35,79.36,0.89,65.81,6.34
04-05-2026 23:15,04-05-2026 23:30,30,35,79.9,0.88,149.28,6.36
04-05-2026 23:30,04-05-2026 23:45,30,35,79.96,1.18,122.42,6.29
04-05-2026 23:45,05-05-2026 00:00,42.78,62.4,79.57,0.65,97.66,6.36
05-05-2026 00:00,05-05-2026 00:15,23.2,48,78.99,0.74,179.44,6.39
05-05-2026 00:15,05-05-2026 00:30,29,48,79.24,0.76,45.52,6.38
05-05-2026 00:30,05-05-2026 00:45,23.2,48,79.76,0.3,72.2,6.25
05-05-2026 00:45,05-05-2026 01:00,26,38.4,80.32,0.61,26.5,6.24
05-05-2026 01:00,05-05-2026 01:15,14,32,80.56,0.53,26.5,6.17
05-05-2026 01:15,05-05-2026 01:30,14,32,80.74,0.32,52.5,6.08
05-05-2026 01:30,05-05-2026 01:45,14,32,81.09,0.27,26.5,6.13
05-05-2026 01:45,05-05-2026 02:00,13.4,36.2,80.7,1.1,154.05,6.07
05-05-2026 02:00,05-05-2026 02:15,8.8,39,79.4,0.97,258.83,6.08
05-05-2026 02:15,05-05-2026 02:30,11,39,76.82,0.84,286.8,5.96
05-05-2026 02:30,05-05-2026 02:45,11,39,76.56,1.75,187.17,6.03
05-05-2026 02:45,05-05-2026 03:00,12.6,42.6,77.06,2.37,262.89,6.07
05-05-2026 03:00,05-05-2026 03:15,15.2,45,76.3,0.98,283.28,6.03
05-05-2026 03:15,05-05-2026 03:30,19,45,75.87,0.73,261,6.11
05-05-2026 03:30,05-05-2026 03:45,15.2,45,75.37,1,268.11,6.07
05-05-2026 03:45,05-05-2026 04:00,19.4,40.2,75.06,0.31,226.52,6.04
05-05-2026 04:00,05-05-2026 04:15,16.8,37,74.63,0.36,260.42,6.18
05-05-2026 04:15,05-05-2026 04:30,21,37,74.14,0.96,208.46,6.17
05-05-2026 04:30,05-05-2026 04:45,16.8,37,73.64,0.68,206.59,6.2
05-05-2026 04:45,05-05-2026 05:00,22.2,43.6,73.57,0.9,224.23,6.07
05-05-2026 05:00,05-05-2026 05:15,21.6,48,73.51,0.51,287.89,6.35
05-05-2026 05:15,05-05-2026 05:30,27,48,73.58,0.27,324.12,6.35
05-05-2026 05:30,05-05-2026 05:45,21.6,48,73.8,0.27,301.33,6.78
05-05-2026 05:45,05-05-2026 06:00,27,78.6,74.15,0.27,301.9,8.41
05-05-2026 06:00,05-05-2026 06:15,21.6,99,74.66,0.27,303.17,11.21
05-05-2026 06:15,05-05-2026 06:30,27,99,74.99,0.27,304.65,14.97
05-05-2026 06:30,05-05-2026 06:45,21.6,99,75.03,0.27,307.55,19.78
05-05-2026 06:45,05-05-2026 07:00,29.2,108,74.71,0.27,307.75,32.06
05-05-2026 07:00,05-05-2026 07:15,30.4,114,73.05,0.27,307.68,60.25
05-05-2026 07:15,05-05-2026 07:30,38,114,70.56,0.27,307.88,85
05-05-2026 07:30,05-05-2026 07:45,30.4,114,69.31,0.37,189.56,91.84
05-05-2026 07:45,05-05-2026 08:00,35,87,67.89,0.29,26.5,114.38
05-05-2026 08:00,05-05-2026 08:15,18.4,69,67.45,0.41,26.5,131.53
05-05-2026 08:15,05-05-2026 08:30,23,69,67.5,0.44,26.5,115.53
05-05-2026 08:30,05-05-2026 08:45,18.4,69,67.99,0.35,43.39,151.5
05-05-2026 08:45,05-05-2026 09:00,26.4,78,67.14,0.28,26.52,209.72
05-05-2026 09:00,05-05-2026 09:15,32,84,65.14,0.58,45.65,209.9
05-05-2026 09:15,05-05-2026 09:30,40,84,65.65,0.68,39.94,156.13
05-05-2026 09:30,05-05-2026 09:45,32,84,67.56,0.67,41.06,165.21
05-05-2026 09:45,05-05-2026 10:00,35.6,61.8,67.8,0.63,41.94,159.54
05-05-2026 10:00,05-05-2026 10:15,14.4,47,69.3,0.83,91.33,207.62
05-05-2026 10:15,05-05-2026 10:30,18,47,68.9,0.72,37.67,238.06
05-05-2026 10:30,05-05-2026 10:45,14.4,47,66.67,1.11,26.52,218.34
05-05-2026 10:45,05-05-2026 11:00,18,45.2,67.47,1.35,52.68,235.42
05-05-2026 11:00,05-05-2026 11:15,14.4,44,69.01,1.5,59.32,264.22
05-05-2026 11:15,05-05-2026 11:30,18,44,67.88,1.15,64.66,273.68
05-05-2026 11:30,05-05-2026 11:45,14.4,44,68.53,1.29,67.56,296.57
05-05-2026 11:45,05-05-2026 12:00,20,42.2,69.61,0.99,40.14,234.75
05-05-2026 12:00,05-05-2026 12:15,28,41,69.08,1.15,85.91,223.47
05-05-2026 12:15,05-05-2026 12:30,28,41,69.42,1.3,59.39,254.56
05-05-2026 12:30,05-05-2026 12:45,28,41,68.85,1.37,43.92,266.08
05-05-2026 12:45,05-05-2026 13:00,35.7,54.4,69,0.8,40.54,267.09
05-05-2026 13:00,05-05-2026 13:15,8,30,69.09,0.98,45.24,265.7
05-05-2026 13:15,05-05-2026 13:30,10,30,69.45,1.39,53.28,237.81
05-05-2026 13:30,05-05-2026 13:45,10,30,70.69,0.99,55.9,206.23
05-05-2026 13:45,05-05-2026 14:00,12.6,36,72.51,1.52,63.16,177.3
05-05-2026 14:00,05-05-2026 14:15,23,40,72.91,1.39,67.65,187.58
05-05-2026 14:15,05-05-2026 14:30,23,40,72.37,1.2,45.61,170.51
05-05-2026 14:30,05-05-2026 14:45,23,40,72.23,1.43,31.19,161.56
05-05-2026 14:45,05-05-2026 15:00,37.21,61,72.45,1.05,61.14,146.51
05-05-2026 15:00,05-05-2026 15:15,22.4,44,72.8,1.03,32.62,163.6
05-05-2026 15:15,05-05-2026 15:30,28,44,73.63,1.22,26.5,143.14
05-05-2026 15:30,05-05-2026 15:45,28,44,74.39,0.91,42.8,141.16
05-05-2026 15:45,05-05-2026 16:00,40.99,67.4,74.75,1.39,48.06,123.61
05-05-2026 16:00,05-05-2026 16:15,22.4,53,76.09,1.44,38.18,114.21
05-05-2026 16:15,05-05-2026 16:30,28,53,76.71,0.93,39.94,81.8
05-05-2026 16:30,05-05-2026 16:45,22.4,53,78.05,1.25,36.68,53.32
05-05-2026 16:45,05-05-2026 17:00,29.2,54.2,79.24,0.87,47.19,40.5
05-05-2026 17:00,05-05-2026 17:15,34,55,79.79,1.32,42.68,34.12
05-05-2026 17:15,05-05-2026 17:30,34,55,79.73,1.11,55.57,29.45
05-05-2026 17:30,05-05-2026 17:45,27.2,55,80.58,0.82,46.58,20.67
05-05-2026 17:45,05-05-2026 18:00,31.8,47.8,81.85,0.65,47.2,16.16
05-05-2026 18:00,05-05-2026 18:15,23,43,82.24,0.57,40.84,10.09
05-05-2026 18:15,05-05-2026 18:30,23,43,82.55,0.95,35.94,7.5
05-05-2026 18:30,05-05-2026 18:45,18.4,43,82.84,1.14,26.5,6.42
05-05-2026 18:45,05-05-2026 19:00,38.78,66,83.27,0.9,34.54,6.21
05-05-2026 19:00,05-05-2026 19:15,13.6,39,83.78,0.68,26.5,6.03
05-05-2026 19:15,05-05-2026 19:30,17,39,84.36,0.61,33.59,6.22
05-05-2026 19:30,05-05-2026 19:45,13.6,39,84.74,0.67,41.29,6.08
05-05-2026 19:45,05-05-2026 20:00,17.2,40.8,84.65,0.59,26.5,5.93
05-05-2026 20:00,05-05-2026 20:15,18,42,84.65,0.67,68.49,5.99
05-05-2026 20:15,05-05-2026 20:30,18,42,84.7,0.74,97.17,5.86
05-05-2026 20:30,05-05-2026 20:45,18,42,84.94,0.56,29.71,6
05-05-2026 20:45,05-05-2026 21:00,39.37,72.2,84.91,0.85,70.46,5.9
05-05-2026 21:00,05-05-2026 21:15,16,44,85.2,0.66,26.5,5.87
05-05-2026 21:15,05-05-2026 21:30,20,44,85.42,0.3,154.11,6.15
05-05-2026 21:30,05-05-2026 21:45,16,44,85.6,0.43,130.63,5.94
05-05-2026 21:45,05-05-2026 22:00,19.4,41,85.82,0.56,96.16,6.08
05-05-2026 22:00,05-05-2026 22:15,17,39,85.92,0.72,63.56,6.15
05-05-2026 22:15,05-05-2026 22:30,17,39,86.21,0.7,26.5,6.24
05-05-2026 22:30,05-05-2026 22:45,17,39,86.18,0.48,26.5,6.36
05-05-2026 22:45,05-05-2026 23:00,17,42,86.32,0.71,48.03,6.24
05-05-2026 23:00,05-05-2026 23:15,17,44,86.43,0.96,47.82,6.42
05-05-2026 23:15,05-05-2026 23:30,17,44,86.3,0.45,67.08,6.35
05-05-2026 23:30,05-05-2026 23:45,17,44,86.21,0.81,76.34,6.36
05-05-2026 23:45,06-05-2026 00:00,16.8,44.6,86.39,0.85,42.12,6.42
06-05-2026 00:00,06-05-2026 00:15,12.8,45,86.61,0.8,164.7,6.45
06-05-2026 00:15,06-05-2026 00:30,16,45,86.41,0.61,64.19,6.39
06-05-2026 00:30,06-05-2026 00:45,12.8,45,85.98,0.82,52.05,6.35
06-05-2026 00:45,06-05-2026 01:00,15.2,37.2,85.78,0.64,183.26,6.36
06-05-2026 01:00,06-05-2026 01:15,12,32,85.57,0.68,156.45,6.34
06-05-2026 01:15,06-05-2026 01:30,12,32,85.39,0.57,65.93,6.54
06-05-2026 01:30,06-05-2026 01:45,12,32,85.1,0.41,78.17,6.36
06-05-2026 01:45,06-05-2026 02:00,11.4,35,85.07,0.53,26.5,6.41
06-05-2026 02:00,06-05-2026 02:15,9,37,85.06,0.37,26.5,6.43
06-05-2026 02:15,06-05-2026 02:30,9,37,85.08,0.42,40.85,6.59
06-05-2026 02:30,06-05-2026 02:45,9,37,85.06,0.69,67.07,6.29
06-05-2026 02:45,06-05-2026 03:00,11,26.8,84.91,0.41,176.12,6.08
06-05-2026 03:00,06-05-2026 03:15,15.2,20,84.71,0.46,45.8,5.94
06-05-2026 03:15,06-05-2026 03:30,19,20,84.71,0.56,110.31,6.06
06-05-2026 03:30,06-05-2026 03:45,15.2,20,85.02,0.7,149.82,6.04
06-05-2026 03:45,06-05-2026 04:00,17.4,27.2,85.43,0.51,26.5,6.11
06-05-2026 04:00,06-05-2026 04:15,8.8,32,85.65,0.48,80.42,6.13
06-05-2026 04:15,06-05-2026 04:30,11,32,85.75,0.33,64.94,6.06
06-05-2026 04:30,06-05-2026 04:45,8.8,32,85.93,0.69,26.5,6.14
06-05-2026 04:45,06-05-2026 05:00,11.6,32,86.07,0.33,116.76,6.06
06-05-2026 05:00,06-05-2026 05:15,14,32,86.32,0.53,72.25,6.01
06-05-2026 05:15,06-05-2026 05:30,14,32,86.44,0.49,93.22,5.99
06-05-2026 05:30,06-05-2026 05:45,11.2,32,86.58,0.27,143.39,6.89
06-05-2026 05:45,06-05-2026 06:00,13.6,32,86.56,0.31,79.41,9.28
06-05-2026 06:00,06-05-2026 06:15,9.6,32,86.15,0.41,79.46,12.62
06-05-2026 06:15,06-05-2026 06:30,12,32,85.5,0.59,122.47,19.33
06-05-2026 06:30,06-05-2026 06:45,9.6,32,84.97,0.4,209.77,30.14
06-05-2026 06:45,06-05-2026 07:00,13.8,37.4,84.12,0.46,81.88,39.01
06-05-2026 07:00,06-05-2026 07:15,16.8,41,82.96,0.34,170.67,48.34
06-05-2026 07:15,06-05-2026 07:30,21,41,82,0.6,132.35,63.63
06-05-2026 07:30,06-05-2026 07:45,16.8,41,80.94,0.47,85.67,38.36
06-05-2026 07:45,06-05-2026 08:00,20.6,50,80.42,0.62,147.68,59.86
06-05-2026 08:00,06-05-2026 08:15,19,56,79.62,0.51,83.94,70.49
06-05-2026 08:15,06-05-2026 08:30,19,56,78.78,0.78,79.59,135.88
06-05-2026 08:30,06-05-2026 08:45,19,56,76.92,0.41,153.4,104.75
06-05-2026 08:45,06-05-2026 09:00,18.8,58.4,75.93,0.61,161.37,113.68
06-05-2026 09:00,06-05-2026 09:15,18,60,75.01,0.63,69.87,193.04
06-05-2026 09:15,06-05-2026 09:30,18,60,74.02,0.65,26.5,206.62
06-05-2026 09:30,06-05-2026 09:45,18,60,73.98,0.64,37.66,251.25
06-05-2026 09:45,06-05-2026 10:00,20.4,60,72.95,1.21,68.1,260.14
06-05-2026 10:00,06-05-2026 10:15,30,60,72.9,1.09,58.6,272.18
06-05-2026 10:15,06-05-2026 10:30,30,60,72.92,0.92,73.75,279.47
06-05-2026 10:30,06-05-2026 10:45,24,60,73.01,0.66,37.38,286.36
06-05-2026 10:45,06-05-2026 11:00,25,53.2,72.61,1.06,43.03,296.39
06-05-2026 11:00,06-05-2026 11:15,5,43,73.05,1.23,68.07,303.35
06-05-2026 11:15,06-05-2026 11:30,5,43,72.3,0.88,32.02,310.46
06-05-2026 11:30,06-05-2026 11:45,4,43,72.56,0.73,46.16,315.57
06-05-2026 11:45,06-05-2026 12:00,7,30.4,72.47,1.17,41.16,323.68
06-05-2026 12:00,06-05-2026 12:15,12,22,72.39,1.52,61.92,338.13
06-05-2026 12:15,06-05-2026 12:30,15,22,72.1,1.65,50.69,315.25
06-05-2026 12:30,06-05-2026 12:45,12,22,72.19,1.08,26.5,310.66
06-05-2026 12:45,06-05-2026 13:00,30.61,53,71.64,1.07,34.85,197.86
06-05-2026 13:00,06-05-2026 13:15,4.8,32,73.04,1,50.89,108.48
06-05-2026 13:15,06-05-2026 13:30,6,32,74.59,0.7,104.19,105.87
06-05-2026 13:30,06-05-2026 13:45,4.8,32,74.71,1.3,94.13,129.63
06-05-2026 13:45,06-05-2026 14:00,7.4,29,74.79,1.12,43.68,166.56
06-05-2026 14:00,06-05-2026 14:15,13,27,73.3,0.62,26.5,195.42
06-05-2026 14:15,06-05-2026 14:30,13,27,71.14,1.07,33.13,234.86
06-05-2026 14:30,06-05-2026 14:45,10.4,27,70.72,0.68,49.03,231.74
06-05-2026 14:45,06-05-2026 15:00,12,35.4,70.49,0.87,32.86,224.75
06-05-2026 15:00,06-05-2026 15:15,8,41,70.07,1.34,55.02,209.6
06-05-2026 15:15,06-05-2026 15:30,8,41,69.75,0.81,39.87,186.92
06-05-2026 15:30,06-05-2026 15:45,6.4,41,70.43,1.32,79.98,167.66
06-05-2026 15:45,06-05-2026 16:00,9.2,32.6,71.49,1.12,45.95,142.73
06-05-2026 16:00,06-05-2026 16:15,14,27,72.83,1.67,64.06,79.28
06-05-2026 16:15,06-05-2026 16:30,14,27,74.71,1.64,55.02,70.94
06-05-2026 16:30,06-05-2026 16:45,11.2,27,74.45,1.23,59.55,63.59
06-05-2026 16:45,06-05-2026 17:00,32.43,51.8,75.56,1.33,43.47,34.31
06-05-2026 17:00,06-05-2026 17:15,7.2,17,76.31,1.01,26.5,30.18
06-05-2026 17:15,06-05-2026 17:30,9,17,76.46,0.93,45.93,26.74
06-05-2026 17:30,06-05-2026 17:45,7.2,17,76.45,0.87,44.82,22.98
06-05-2026 17:45,06-05-2026 18:00,9.8,24.2,76.78,0.69,62.77,15.35
06-05-2026 18:00,06-05-2026 18:15,13,29,77.58,0.71,78.36,9.43
06-05-2026 18:15,06-05-2026 18:30,13,29,78.38,1.01,64.63,6.92
06-05-2026 18:30,06-05-2026 18:45,10.4,29,78.78,0.55,62.86,6.56
06-05-2026 18:45,06-05-2026 19:00,12,20,79.11,0.59,45.69,6.39
06-05-2026 19:00,06-05-2026 19:15,8,14,78.9,0.49,64.73,6.44
06-05-2026 19:15,06-05-2026 19:30,8,14,78.63,0.56,26.5,6.57
06-05-2026 19:30,06-05-2026 19:45,6.4,14,79.1,0.56,66.36,6.35
06-05-2026 19:45,06-05-2026 20:00,7.2,18.2,78.92,0.64,63.24,6.39
06-05-2026 20:00,06-05-2026 20:15,4,21,79.72,0.68,26.5,6.22
06-05-2026 20:15,06-05-2026 20:30,4,21,80.18,0.41,85.31,6.28
06-05-2026 20:30,06-05-2026 20:45,3.2,21,78.93,0.59,26.5,6.35
06-05-2026 20:45,06-05-2026 21:00,23.66,45.2,78.73,0.78,58.57,6.15
06-05-2026 21:00,06-05-2026 21:15,0.8,11,78.58,0.63,37.72,6.21
06-05-2026 21:15,06-05-2026 21:30,1,11,79.13,0.53,35.9,6.2
06-05-2026 21:30,06-05-2026 21:45,1,11,79.34,0.7,38.71,6.17
06-05-2026 21:45,06-05-2026 22:00,18.3,34.4,79.28,0.29,26.5,6.07
06-05-2026 22:00,06-05-2026 22:15,2.2,10,78.62,0.33,59.74,6.08
06-05-2026 22:15,06-05-2026 22:30,2.8,10,78.72,0.27,133.22,5.99
06-05-2026 22:30,06-05-2026 22:45,1.8,10,79.24,0.36,44.93,6.03
06-05-2026 22:45,06-05-2026 23:00,3.34,12.4,79.58,0.27,43.57,6.04
06-05-2026 23:00,06-05-2026 23:15,0.7,14,79.79,0.27,47.56,6.2
06-05-2026 23:15,06-05-2026 23:30,0.7,14,79.85,0.28,38.57,6.18
06-05-2026 23:30,06-05-2026 23:45,0.56,14,80.16,0.27,26.5,6.17
06-05-2026 23:45,07-05-2026 00:00,20.96,44.8,80.64,0.37,26.5,6.25
07-05-2026 00:00,07-05-2026 00:15,,19,80.83,0.27,26.5,6.38
07-05-2026 00:15,07-05-2026 00:30,,19,80.83,0.42,32.01,6.44
07-05-2026 00:30,07-05-2026 00:45,,19,81.05,0.27,34.61,6.34
07-05-2026 00:45,07-05-2026 01:00,0.2,18.4,81.52,0.54,26.5,6.49
07-05-2026 01:00,07-05-2026 01:15,0.8,18,81.85,0.27,97.57,6.39
07-05-2026 01:15,07-05-2026 01:30,1,18,81.9,0.27,33.29,6.28
07-05-2026 01:30,07-05-2026 01:45,1,18,81.65,0.32,56.02,6.34
07-05-2026 01:45,07-05-2026 02:00,1.4,19.2,81.4,0.35,99.4,6.27
07-05-2026 02:00,07-05-2026 02:15,3,20,81.2,0.27,65.41,6.52
07-05-2026 02:15,07-05-2026 02:30,3,20,81.15,0.27,26.5,6.36
07-05-2026 02:30,07-05-2026 02:45,2.4,20,81.44,0.27,48.81,6.46
07-05-2026 02:45,07-05-2026 03:00,17.43,38.6,81.64,0.27,54.76,6.49
07-05-2026 03:00,07-05-2026 03:15,4.8,21,81.85,0.27,47.07,6.62
07-05-2026 03:15,07-05-2026 03:30,6,21,81.72,0.27,47.25,6.32
07-05-2026 03:30,07-05-2026 03:45,6,21,81.79,0.27,34.84,6.43
07-05-2026 03:45,07-05-2026 04:00,6,15,81.91,0.27,26.5,6.27
07-05-2026 04:00,07-05-2026 04:15,6,11,82.07,0.27,57.79,6.2
07-05-2026 04:15,07-05-2026 04:30,6,11,82.85,0.27,26.5,6.11
07-05-2026 04:30,07-05-2026 04:45,4.8,11,83.29,0.27,183.21,6.01
07-05-2026 04:45,07-05-2026 05:00,19.14,36,83.46,0.27,205.34,5.94
07-05-2026 05:00,07-05-2026 05:15,0.8,20,83.25,0.27,26.5,6.11
07-05-2026 05:15,07-05-2026 05:30,1,20,83.16,0.27,26.5,6.15
07-05-2026 05:30,07-05-2026 05:45,1,20,83.09,0.27,26.5,7.06
07-05-2026 05:45,07-05-2026 06:00,1.6,16.4,83.21,0.27,178.71,9.74
07-05-2026 06:00,07-05-2026 06:15,4,14,82.83,0.27,165.16,11.62
07-05-2026 06:15,07-05-2026 06:30,4,14,82.33,0.27,26.5,15.94
07-05-2026 06:30,07-05-2026 06:45,4,14,81.63,0.27,130.62,21.97
07-05-2026 06:45,07-05-2026 07:00,5.2,12.8,80.66,0.27,62.17,33.84
07-05-2026 07:00,07-05-2026 07:15,10,12,79.65,0.27,234.12,20.81
07-05-2026 07:15,07-05-2026 07:30,10,12,79.81,0.27,48.77,30.08
07-05-2026 07:30,07-05-2026 07:45,8,12,79.42,0.35,26.5,132.07
07-05-2026 07:45,07-05-2026 08:00,21.89,31.8,76.07,0.52,35.74,181.46
07-05-2026 08:00,07-05-2026 08:15,4.8,11,75.11,0.72,81.47,159.85
07-05-2026 08:15,07-05-2026 08:30,6,11,74.91,0.7,26.5,168.44
07-05-2026 08:30,07-05-2026 08:45,6,11,74.61,1,26.5,197.91
07-05-2026 08:45,07-05-2026 09:00,6,20,74.21,1.02,39.13,216.81
07-05-2026 09:00,07-05-2026 09:15,6,26,73.03,0.78,33.81,228.66
07-05-2026 09:15,07-05-2026 09:30,6,26,72.33,0.89,61.9,215.89
07-05-2026 09:30,07-05-2026 09:45,4.8,26,72.66,0.65,33.82,207.16
07-05-2026 09:45,07-05-2026 10:00,28.71,57.8,72.71,0.52,48.62,257.55
07-05-2026 10:00,07-05-2026 10:15,3.2,25,72.57,0.69,54.08,280.83
07-05-2026 10:15,07-05-2026 10:30,4,25,72.69,0.92,91.75,289.95
07-05-2026 10:30,07-05-2026 10:45,4,25,72.71,1.26,39.06,304.36
07-05-2026 10:45,07-05-2026 11:00,4,22,71.96,0.9,26.5,311.83
07-05-2026 11:00,07-05-2026 11:15,4,20,71.64,0.82,29.48,317.94
07-05-2026 11:15,07-05-2026 11:30,4,20,71.14,0.57,33.81,321.52
07-05-2026 11:30,07-05-2026 11:45,3.2,20,71.26,1.14,58.68,323.19
07-05-2026 11:45,07-05-2026 12:00,3.8,13.4,70.96,1.18,26.5,324.35
07-05-2026 12:00,07-05-2026 12:15,1.6,9,70.98,0.92,26.5,324.24
07-05-2026 12:15,07-05-2026 12:30,1.8,9,69.97,1.09,73.95,323.28
07-05-2026 12:30,07-05-2026 12:45,1.8,9,71.17,1.26,26.5,318.73
07-05-2026 12:45,07-05-2026 13:00,25.97,43.8,70.94,1.03,33.64,313.61
07-05-2026 13:00,07-05-2026 13:15,2.4,6,71.74,1.84,56.6,306.17
07-05-2026 13:15,07-05-2026 13:30,3,6,72.34,1.11,36.48,298.8
07-05-2026 13:30,07-05-2026 13:45,2.4,6,71.39,1.36,36.11,291.2
07-05-2026 13:45,07-05-2026 14:00,2.4,4.8,71.65,1.39,43.46,277.88
07-05-2026 14:00,07-05-2026 14:15,,4,71.57,2.38,26.5,266.85
07-05-2026 14:15,07-05-2026 14:30,,4,72.44,1.97,33.86,253.75
07-05-2026 14:30,07-05-2026 14:45,,4,72.05,1.8,26.5,240.69
07-05-2026 14:45,07-05-2026 15:00,,4,70.77,1.45,57.63,225.62
07-05-2026 15:00,07-05-2026 15:15,,4,71.25,1.5,48.83,208.63
07-05-2026 15:15,07-05-2026 15:30,,4,72.07,1.99,48.64,191.8
07-05-2026 15:30,07-05-2026 15:45,,4,73.12,1.87,34.07,166.18
07-05-2026 15:45,07-05-2026 16:00,,5.2,71.75,1.32,47.17,154.96
07-05-2026 16:00,07-05-2026 16:15,0.2,6,71.46,1.02,35.6,136.64
07-05-2026 16:15,07-05-2026 16:30,,6,71.51,1.84,56.55,108.76
07-05-2026 16:30,07-05-2026 16:45,0.2,6,72.15,0.94,36.31,93.42
07-05-2026 16:45,07-05-2026 17:00,19.21,35.83,74.09,0.88,31.91,50.85
07-05-2026 17:00,07-05-2026 17:15,0.7,12,74.18,0.95,86.54,36.99
07-05-2026 17:15,07-05-2026 17:30,0.7,12,74.18,0.82,48.18,19.23
07-05-2026 17:30,07-05-2026 17:45,0.7,12,75.3,0.58,30.97,12.96
07-05-2026 17:45,07-05-2026 18:00,0.76,9.6,76.48,0.47,26.5,10.72
07-05-2026 18:00,07-05-2026 18:15,0.8,8,76.85,0.45,26.5,9.02
07-05-2026 18:15,07-05-2026 18:30,1,8,78.1,0.53,92.16,7.07
07-05-2026 18:30,07-05-2026 18:45,0.8,8,78.87,0.41,33.85,6.46
07-05-2026 18:45,07-05-2026 19:00,17.11,30.6,78.78,0.51,85.72,6.28
07-05-2026 19:00,07-05-2026 19:15,,5,78.43,0.64,87.73,6.38
07-05-2026 19:15,07-05-2026 19:30,,5,78.37,0.66,63.01,6.41
07-05-2026 19:30,07-05-2026 19:45,,5,78.05,0.7,43.99,6.46
07-05-2026 19:45,07-05-2026 20:00,,5,78.61,0.9,46.94,6.48
07-05-2026 20:00,07-05-2026 20:15,,5,78.5,0.28,42.24,6.58
07-05-2026 20:15,07-05-2026 20:30,,5,78.96,0.41,50.13,6.53
07-05-2026 20:30,07-05-2026 20:45,,5,78.79,0.42,85.41,6.45
07-05-2026 20:45,07-05-2026 21:00,2.6,8,79.44,0.35,111.3,6.48
07-05-2026 21:00,07-05-2026 21:15,7,10,79.27,0.34,68.6,6.37
07-05-2026 21:15,07-05-2026 21:30,7,10,79.87,0.69,40.93,6.36
07-05-2026 21:30,07-05-2026 21:45,7,10,79.72,0.63,36.59,6.35
07-05-2026 21:45,07-05-2026 22:00,27.64,44.4,79.82,0.4,26.5,6.22
07-05-2026 22:00,07-05-2026 22:15,0.56,6,79.62,0.35,59.21,6.13
07-05-2026 22:15,07-05-2026 22:30,0.7,6,79.14,0.58,26.5,6.15
07-05-2026 22:30,07-05-2026 22:45,0.7,6,79.16,0.54,26.5,6.2
07-05-2026 22:45,07-05-2026 23:00,19.38,33.83,79.08,0.63,74.02,6.16
07-05-2026 23:00,07-05-2026 23:15,,6,79.72,0.66,57.34,6.21
07-05-2026 23:15,07-05-2026 23:30,0.2,6,80.08,0.81,58.84,6.04
07-05-2026 23:30,07-05-2026 23:45,0.4,6,80.37,0.58,77.3,6.08
07-05-2026 23:45,08-05-2026 00:00,1.34,7.8,80.64,0.71,47.51,5.89
08-05-2026 00:00,08-05-2026 00:15,0.7,9,80.74,0.84,63.5,6
08-05-2026 00:15,08-05-2026 00:30,0.7,9,80.53,0.46,84.11,6.11
08-05-2026 00:30,08-05-2026 00:45,0.7,9,80.44,0.52,70.83,5.92
08-05-2026 00:45,08-05-2026 01:00,0.7,8.4,80.97,0.56,26.5,6.01
08-05-2026 01:00,08-05-2026 01:15,0.7,8,80.69,0.5,26.5,6.07
08-05-2026 01:15,08-05-2026 01:30,0.7,8,80.85,0.65,26.5,6.18
08-05-2026 01:30,08-05-2026 01:45,0.7,8,80.93,0.72,52.61,6.29
08-05-2026 01:45,08-05-2026 02:00,0.7,9.8,81.19,0.41,64.64,6.15
08-05-2026 02:00,08-05-2026 02:15,0.56,11,81.28,0.52,50.95,6.28
08-05-2026 02:15,08-05-2026 02:30,0.7,11,81.3,0.43,26.5,6.17
08-05-2026 02:30,08-05-2026 02:45,0.56,11,81.56,0.27,26.5,6.17
08-05-2026 02:45,08-05-2026 03:00,1.16,9.2,81.84,0.27,26.5,6.1
08-05-2026 03:00,08-05-2026 03:15,3,8,82.13,0.51,26.5,6.13
08-05-2026 03:15,08-05-2026 03:30,3,8,82.07,0.6,26.5,6.29
08-05-2026 03:30,08-05-2026 03:45,2.4,8,81.7,0.28,134.39,6.21
08-05-2026 03:45,08-05-2026 04:00,3,6.8,81.82,0.32,233.17,6.2
08-05-2026 04:00,08-05-2026 04:15,3,6,82,0.35,190.16,6.14
08-05-2026 04:15,08-05-2026 04:30,3,6,81.99,0.27,26.5,6.28
08-05-2026 04:30,08-05-2026 04:45,3,6,81.67,0.27,315.17,6.29
08-05-2026 04:45,08-05-2026 05:00,3.4,6.6,81.36,0.27,317.12,6.18
08-05-2026 05:00,08-05-2026 05:15,5,7,81.71,0.27,321.77,6.32
08-05-2026 05:15,08-05-2026 05:30,5,7,82.37,0.27,291.12,6.2
08-05-2026 05:30,08-05-2026 05:45,4,7,82.82,0.27,88.23,6.65
08-05-2026 05:45,08-05-2026 06:00,4.4,7,83.16,0.27,26.5,8.1
08-05-2026 06:00,08-05-2026 06:15,0.2,7,82.87,0.27,26.5,10.15
08-05-2026 06:15,08-05-2026 06:30,0.4,7,82.41,0.27,26.5,13.72
08-05-2026 06:30,08-05-2026 06:45,,7,81.9,0.27,26.5,22.39
08-05-2026 06:45,08-05-2026 07:00,18.82,33.67,80.54,0.27,26.5,31.45
08-05-2026 07:00,08-05-2026 07:15,5,14,80.24,0.27,26.5,22.18
08-05-2026 07:15,08-05-2026 07:30,5,14,80.17,0.27,91.55,28.7
08-05-2026 07:30,08-05-2026 07:45,5,14,80.93,0.27,26.5,108.58
08-05-2026 07:45,08-05-2026 08:00,4.4,23.6,78.17,0.27,44.07,95.92
08-05-2026 08:00,08-05-2026 08:15,1.6,30,78.08,1.31,53.85,126.24
08-05-2026 08:15,08-05-2026 08:30,2,30,76.77,0.51,47.14,141.37
08-05-2026 08:30,08-05-2026 08:45,1.6,30,75.77,0.63,26.5,90.77
08-05-2026 08:45,08-05-2026 09:00,2.2,26.4,76.59,1,86.01,112.93
08-05-2026 09:00,08-05-2026 09:15,3,24,76.77,0.55,28.01,154.08
08-05-2026 09:15,08-05-2026 09:30,3,24,75.83,0.31,33.84,142.67
08-05-2026 09:30,08-05-2026 09:45,2.4,24,74.61,1.62,28.49,108.86
08-05-2026 09:45,08-05-2026 10:00,18.36,39.67,77.16,0.79,26.5,133.45
08-05-2026 10:00,08-05-2026 10:15,3,13,80.88,1.44,26.5,44.98
08-05-2026 10:15,08-05-2026 10:30,3,13,84.7,1.8,54.7,95
08-05-2026 10:30,08-05-2026 10:45,2.4,13,84.34,1.05,27.03,226.35
08-05-2026 10:45,08-05-2026 11:00,18.73,42.5,80.82,1.36,64.87,227.59
08-05-2026 11:00,08-05-2026 11:15,15,31,77.89,1.3,111.11,141.11
08-05-2026 11:15,08-05-2026 11:30,15,31,77.4,1.75,111.14,160.37
08-05-2026 11:30,08-05-2026 11:45,15,31,77.41,1.71,53.13,178.25
08-05-2026 11:45,08-05-2026 12:00,13.4,26.2,77.21,2.24,28.8,157.93
08-05-2026 12:00,08-05-2026 12:15,5.6,23,77.73,1.63,97.92,148.94
08-05-2026 12:15,08-05-2026 12:30,7,23,77.24,1.39,37.74,183.61
08-05-2026 12:30,08-05-2026 12:45,5.6,23,75.46,0.88,66.76,238.66
08-05-2026 12:45,08-05-2026 13:00,25.26,48.33,74.07,1.29,32.41,157.66
08-05-2026 13:00,08-05-2026 13:15,9,19,74.24,0.59,33.83,150.53
08-05-2026 13:15,08-05-2026 13:30,9,19,73.75,0.65,41.98,123.97
08-05-2026 13:30,08-05-2026 13:45,7.5,19,74.5,1.1,184.26,115.85
08-05-2026 13:45,08-05-2026 14:00,8.25,16,75.29,0.7,35.14,119.91
08-05-2026 14:00,08-05-2026 14:15,4.8,15,75,0.9,109.54,113.15
08-05-2026 14:15,08-05-2026 14:30,6,15,74.02,0.76,64.86,137.11
08-05-2026 14:30,08-05-2026 14:45,4.8,15,72.67,0.52,52.27,149.53
08-05-2026 14:45,08-05-2026 15:00,24.31,44.5,70.23,0.83,66.53,167.59
08-05-2026 15:00,08-05-2026 15:15,5,16,69.04,1.67,26.5,202.63
08-05-2026 15:15,08-05-2026 15:30,5,16,67.81,1.32,26.5,180.42
08-05-2026 15:30,08-05-2026 15:45,4,16,68.25,1.13,86.85,122.9
08-05-2026 15:45,08-05-2026 16:00,17.63,33.33,68.71,0.65,73.27,89.76
08-05-2026 16:00,08-05-2026 16:15,5,12,70.12,0.75,26.5,77.05
08-05-2026 16:15,08-05-2026 16:30,5,12,71.47,0.41,32.51,52.07
08-05-2026 16:30,08-05-2026 16:45,5,12,73.15,1.14,75.45,44.75
08-05-2026 16:45,08-05-2026 17:00,4.4,13.8,74.61,0.47,33.23,38.16
08-05-2026 17:00,08-05-2026 17:15,2,15,76.42,1.15,69.43,32.85
08-05-2026 17:15,08-05-2026 17:30,2,15,77.76,0.55,173.75,26.72
08-05-2026 17:30,08-05-2026 17:45,2,15,78.64,0.47,99.93,20.58
08-05-2026 17:45,08-05-2026 18:00,2.17,15,78.47,0.65,32.75,14.44
08-05-2026 18:00,08-05-2026 18:15,5,15,78.31,0.37,42.88,8.83
08-05-2026 18:15,08-05-2026 18:30,5,15,78.13,0.28,36.7,7.71
08-05-2026 18:30,08-05-2026 18:45,4,15,79.27,0.57,26.81,6.34
08-05-2026 18:45,08-05-2026 19:00,4,15,80.04,0.41,40.09,6.35
08-05-2026 19:00,08-05-2026 19:15,4,15,80.42,0.61,26.5,6.37
08-05-2026 19:15,08-05-2026 19:30,4,15,81.33,0.99,26.5,6.43
08-05-2026 19:30,08-05-2026 19:45,3.2,15,81.9,0.9,26.5,6.45
08-05-2026 19:45,08-05-2026 20:00,4.17,15.67,82,0.67,33.27,6.46
08-05-2026 20:00,08-05-2026 20:15,9,16,83.04,0.73,26.5,6.47
08-05-2026 20:15,08-05-2026 20:30,9,16,82.9,0.36,26.5,6.45
08-05-2026 20:30,08-05-2026 20:45,7.2,16,82.31,0.27,26.5,6.45
08-05-2026 20:45,08-05-2026 21:00,3.33,10.67,82.63,0.27,26.5,6.32
08-05-2026 21:00,08-05-2026 21:15,2,8,82.27,0.34,26.5,6.39
08-05-2026 21:15,08-05-2026 21:30,0.6,8,80.94,0.35,26.5,6.38
08-05-2026 21:30,08-05-2026 21:45,0.4,8,81.02,0.42,26.5,6.31
08-05-2026 21:45,08-05-2026 22:00,0.67,7.33,80.65,0.27,76.89,6.32
08-05-2026 22:00,08-05-2026 22:15,1.25,7,80.59,0.27,76.27,6.37
08-05-2026 22:15,08-05-2026 22:30,0.4,7,80.93,0.27,26.5,6.51
08-05-2026 22:30,08-05-2026 22:45,0.4,7,81.37,0.27,26.5,6.41
08-05-2026 22:45,08-05-2026 23:00,0.67,5.67,81.8,0.27,26.5,6.19
08-05-2026 23:00,08-05-2026 23:15,,5,82.52,0.27,26.5,6.12
08-05-2026 23:15,08-05-2026 23:30,,5,82.92,0.27,26.5,6.15
08-05-2026 23:30,08-05-2026 23:45,,5,83.32,0.27,26.5,6.14
08-05-2026 23:45,09-05-2026 00:00,,5,83.54,0.27,85.79,6
09-05-2026 00:00,09-05-2026 00:15,,5,83.55,0.27,26.5,6.03
09-05-2026 00:15,09-05-2026 00:30,,5,83.51,0.27,26.5,6.05
09-05-2026 00:30,09-05-2026 00:45,,5,83.67,0.27,26.5,5.99
09-05-2026 00:45,09-05-2026 01:00,,4.25,84.13,0.27,26.5,5.76
09-05-2026 01:00,09-05-2026 01:15,,4,84.36,0.27,26.5,5.87
09-05-2026 01:15,09-05-2026 01:30,,4,84.7,0.39,26.5,5.93
09-05-2026 01:30,09-05-2026 01:45,,4,84.97,0.27,26.5,6.07
09-05-2026 01:45,09-05-2026 02:00,1.33,4.67,84.88,0.27,26.5,6.02
09-05-2026 02:00,09-05-2026 02:15,,5,84.55,0.27,26.5,6.04
09-05-2026 02:15,09-05-2026 02:30,,5,84.41,0.27,26.5,5.97
09-05-2026 02:30,09-05-2026 02:45,,5,84.37,0.27,26.5,6.07
09-05-2026 02:45,09-05-2026 03:00,16.5,28.4,84.68,0.27,26.5,6.01
09-05-2026 03:00,09-05-2026 03:15,7,9,85,0.27,26.5,6.18
09-05-2026 03:15,09-05-2026 03:30,7,9,85.35,0.27,26.5,6.27
09-05-2026 03:30,09-05-2026 03:45,7,9,85.48,0.27,99.71,6.32
09-05-2026 03:45,09-05-2026 04:00,8.5,46.33,85.74,1.1,125.1,6.16
09-05-2026 04:00,09-05-2026 04:15,23,65,86.53,0.78,26.5,6.26
09-05-2026 04:15,09-05-2026 04:30,23,65,88.56,0.48,46.82,6.28
09-05-2026 04:30,09-05-2026 04:45,19.17,65,89.74,0.35,26.5,6.15
09-05-2026 04:45,09-05-2026 05:00,31.19,57,90.21,1.42,26.5,6.18
09-05-2026 05:00,09-05-2026 05:15,13,19,90.44,0.31,26.5,6.28
09-05-2026 05:15,09-05-2026 05:30,13,19,90.53,0.84,26.5,6.31
09-05-2026 05:30,09-05-2026 05:45,13,19,90.48,0.75,26.5,6.62
09-05-2026 05:45,09-05-2026 06:00,10,17.67,90.56,0.45,118.88,8.62
09-05-2026 06:00,09-05-2026 06:15,8,17,90.65,0.51,26.5,12.5
09-05-2026 06:15,09-05-2026 06:30,8,17,90.47,0.53,26.5,18.19
09-05-2026 06:30,09-05-2026 06:45,8,17,89.84,1.12,26.5,25.53
09-05-2026 06:45,09-05-2026 07:00,28.24,62.2,89.37,0.54,26.5,23.12
09-05-2026 07:00,09-05-2026 07:15,16,42,88.54,0.51,26.5,11.1
09-05-2026 07:15,09-05-2026 07:30,16,42,90.47,0.44,45.72,13.06
09-05-2026 07:30,09-05-2026 07:45,16,42,91.15,0.28,26.5,15.3
09-05-2026 07:45,09-05-2026 08:00,12.33,25.33,91.21,0.42,26.5,17.52
09-05-2026 08:00,09-05-2026 08:15,10,17,91.48,0.42,26.5,20.45
09-05-2026 08:15,09-05-2026 08:30,10,17,91.33,0.29,26.5,26.57
09-05-2026 08:30,09-05-2026 08:45,8.33,17,91.25,0.27,26.5,37.36
09-05-2026 08:45,09-05-2026 09:00,9,14.75,90.85,0.48,26.5,48.6
09-05-2026 09:00,09-05-2026 09:15,6,14,90.35,0.27,26.5,55.44
09-05-2026 09:15,09-05-2026 09:30,6,14,89.97,0.6,26.5,63.87
09-05-2026 09:30,09-05-2026 09:45,6,14,89.13,0.64,26.5,115.63
09-05-2026 09:45,09-05-2026 10:00,25.54,43.4,86.81,0.71,148.94,152.2
09-05-2026 10:00,09-05-2026 10:15,13,15,84.33,0.95,87.3,142.83
09-05-2026 10:15,09-05-2026 10:30,13,15,83.03,0.86,26.5,137.93
09-05-2026 10:30,09-05-2026 10:45,13,15,82.51,0.38,26.5,102.67
09-05-2026 10:45,09-05-2026 11:00,7.67,13.67,81.73,0.8,68.15,134.5
09-05-2026 11:00,09-05-2026 11:15,7,13,79.25,0.43,26.5,131.21
09-05-2026 11:15,09-05-2026 11:30,7,13,80.19,0.67,37.1,142.95
09-05-2026 11:30,09-05-2026 11:45,5.6,13,79.14,0.27,37.43,341.39
09-05-2026 11:45,09-05-2026 12:00,5.67,13.67,75.88,1.33,37.68,342.36
09-05-2026 12:00,09-05-2026 12:15,6,14,75.92,1.01,26.5,225.49
09-05-2026 12:15,09-05-2026 12:30,6,14,75.13,0.55,31.98,178.94
09-05-2026 12:30,09-05-2026 12:45,6,14,74.94,0.63,40.5,232.24
09-05-2026 12:45,09-05-2026 13:00,5,9.33,75.41,0.68,132.76,138.28
09-05-2026 13:00,09-05-2026 13:15,6,7,76.92,1.03,44.35,61.17
09-05-2026 13:15,09-05-2026 13:30,6,7,83.94,1.14,30.29,26.44
09-05-2026 13:30,09-05-2026 13:45,6,7,89.63,0.33,98.33,30.31
09-05-2026 13:45,09-05-2026 14:00,4.6,14.2,90.27,0.27,31.86,31.74
09-05-2026 14:00,09-05-2026 14:15,5,16,90.63,0.27,26.5,32.82
09-05-2026 14:15,09-05-2026 14:30,5,16,90.57,0.42,26.5,32.99
09-05-2026 14:30,09-05-2026 14:45,5,16,90.92,0.27,26.5,33.38
09-05-2026 14:45,09-05-2026 15:00,18.2,36.2,90.76,0.27,26.5,31.07
09-05-2026 15:00,09-05-2026 15:15,3,15,90.65,0.27,26.5,29.45
09-05-2026 15:15,09-05-2026 15:30,3,15,90.44,0.27,26.5,28.83
09-05-2026 15:30,09-05-2026 15:45,2.5,15,90.51,0.27,26.5,34.27
09-05-2026 15:45,09-05-2026 16:00,4.25,15.75,90.22,0.27,26.5,36.55
09-05-2026 16:00,09-05-2026 16:15,8.8,16,89.72,0.27,26.5,33.05
09-05-2026 16:15,09-05-2026 16:30,9,16,89.26,0.27,26.5,35.28
09-05-2026 16:30,09-05-2026 16:45,7.83,16,88.96,0.27,26.5,34.67
09-05-2026 16:45,09-05-2026 17:00,10.18,20.5,88.39,0.3,73.3,30.83
09-05-2026 17:00,09-05-2026 17:15,0.7,22,88.06,0.27,26.5,30.11
09-05-2026 17:15,09-05-2026 17:30,0.7,22,87.54,0.27,26.5,23.76
09-05-2026 17:30,09-05-2026 17:45,0.58,22,86.09,0.28,26.5,18.79
09-05-2026 17:45,09-05-2026 18:00,0.53,10.75,84.47,0.39,26.5,12.55
09-05-2026 18:00,09-05-2026 18:15,,7,84.9,0.27,298.63,8.42
09-05-2026 18:15,09-05-2026 18:30,,7,84.29,0.29,35.73,6.51
09-05-2026 18:30,09-05-2026 18:45,,7,84.02,0.27,26.5,6.22
09-05-2026 18:45,09-05-2026 19:00,25.17,49.4,84.59,0.27,26.5,6.17
09-05-2026 19:00,09-05-2026 19:15,3,17,85.08,0.27,218.92,6.11
09-05-2026 19:15,09-05-2026 19:30,3,17,86.16,0.27,58.85,5.99
09-05-2026 19:30,09-05-2026 19:45,2.5,17,87.03,0.27,53.13,6.16
09-05-2026 19:45,09-05-2026 20:00,3,29,87.65,0.27,26.5,5.98
09-05-2026 20:00,09-05-2026 20:15,3,33,88.03,0.29,26.5,6.15
09-05-2026 20:15,09-05-2026 20:30,3,33,88.3,0.27,26.5,5.99
09-05-2026 20:30,09-05-2026 20:45,2.5,33,88.77,0.27,26.5,6.22
09-05-2026 20:45,09-05-2026 21:00,2.6,65.8,88.69,0.27,26.5,6.28
09-05-2026 21:00,09-05-2026 21:15,4,74,88.37,0.27,26.5,6.39
09-05-2026 21:15,09-05-2026 21:30,4,74,88.16,0.27,26.5,6.46
09-05-2026 21:30,09-05-2026 21:45,4,74,88.2,0.27,26.5,6.41
09-05-2026 21:45,09-05-2026 22:00,4.25,32,88.28,0.27,26.5,6.41
09-05-2026 22:00,09-05-2026 22:15,5,18,88.66,0.27,26.5,6.35
09-05-2026 22:15,09-05-2026 22:30,5,18,88.23,0.27,26.5,6.56
09-05-2026 22:30,09-05-2026 22:45,4.17,18,88.2,0.27,26.5,6.49
09-05-2026 22:45,09-05-2026 23:00,5.5,17.25,88.12,0.27,26.5,6.57
09-05-2026 23:00,09-05-2026 23:15,7,17,88.26,0.27,26.5,6.41
09-05-2026 23:15,09-05-2026 23:30,7,17,88.17,0.27,26.5,6.38
09-05-2026 23:30,09-05-2026 23:45,5.83,17,88.12,0.27,26.5,6.41
09-05-2026 23:45,10-05-2026 00:00,5.6,37,85.38,0.31,39.48,6.27
10-05-2026 00:00,10-05-2026 00:15,7,42,86.31,0.32,26.5,6.42
10-05-2026 00:15,10-05-2026 00:30,7,42,88.79,0.27,26.5,6.35
10-05-2026 00:30,10-05-2026 00:45,7,42,89.92,0.27,26.5,6.29
10-05-2026 00:45,10-05-2026 01:00,6.33,25.33,90.6,0.27,26.5,6.14
10-05-2026 01:00,10-05-2026 01:15,9,17,90.74,0.27,26.5,6.14
10-05-2026 01:15,10-05-2026 01:30,9.6,17,91.11,0.27,26.5,6.07
10-05-2026 01:30,10-05-2026 01:45,9,17,91.06,0.27,26.5,6.12
10-05-2026 01:45,10-05-2026 02:00,12.4,18.2,90.93,0.27,140.17,6.01
10-05-2026 02:00,10-05-2026 02:15,7,19,91.02,0.34,255.51,6.04
10-05-2026 02:15,10-05-2026 02:30,7,19,90.97,0.43,71.23,6.01
10-05-2026 02:30,10-05-2026 02:45,5.83,19,90.92,0.27,26.5,6.02
10-05-2026 02:45,10-05-2026 03:00,21.51,40.6,90.98,0.3,186.97,6.03
10-05-2026 03:00,10-05-2026 03:15,11,19,91.04,0.27,318.05,5.93
10-05-2026 03:15,10-05-2026 03:30,11,19,91.38,0.33,145.8,6.14
10-05-2026 03:30,10-05-2026 03:45,11,19,91.61,0.27,222.69,6.08
10-05-2026 03:45,10-05-2026 04:00,12,18.4,91.84,0.27,206.9,6.13
10-05-2026 04:00,10-05-2026 04:15,16,18,92.08,0.27,221.22,6.13
10-05-2026 04:15,10-05-2026 04:30,16,18,92.24,0.27,254.82,6.05
10-05-2026 04:30,10-05-2026 04:45,16,18,92.3,0.27,256.06,6.1
10-05-2026 04:45,10-05-2026 05:00,14,22.2,92.43,0.27,256.06,5.94
10-05-2026 05:00,10-05-2026 05:15,6,25,92.48,0.27,253.47,6.09
10-05-2026 05:15,10-05-2026 05:30,6,25,92.52,0.27,255.01,6.26
10-05-2026 05:30,10-05-2026 05:45,6,25,92.47,0.27,285.39,6.96
10-05-2026 05:45,10-05-2026 06:00,8.33,31.67,92.52,0.27,291.98,9.98
10-05-2026 06:00,10-05-2026 06:15,26,35,92.63,0.34,302.13,13.16
10-05-2026 06:15,10-05-2026 06:30,26,35,92.62,0.27,306.44,15.48
10-05-2026 06:30,10-05-2026 06:45,26,35,92.63,0.29,179.49,22.47
10-05-2026 06:45,10-05-2026 07:00,27.6,48.2,92.5,0.27,331.75,31.74
10-05-2026 07:00,10-05-2026 07:15,34,57,92.06,0.42,26.5,44.34
10-05-2026 07:15,10-05-2026 07:30,34,57,91.74,0.46,105.05,55.47
10-05-2026 07:30,10-05-2026 07:45,34,57,90.73,0.9,26.5,54.69
10-05-2026 07:45,10-05-2026 08:00,34.4,62.4,89.03,0.99,88.25,79.99
10-05-2026 08:00,10-05-2026 08:15,36,66,87.2,0.84,88.04,117.74
10-05-2026 08:15,10-05-2026 08:30,36,66,85.11,1.67,37.4,83.38
10-05-2026 08:30,10-05-2026 08:45,30,66,83.83,1.1,128.93,85.56
10-05-2026 08:45,10-05-2026 09:00,25.6,54.8,82.77,0.81,143.22,109.89
10-05-2026 09:00,10-05-2026 09:15,20,52,81.4,0.93,93.1,193.75
10-05-2026 09:15,10-05-2026 09:30,20,52,79.93,0.77,119.84,179.25
10-05-2026 09:30,10-05-2026 09:45,20,52,79.15,0.65,88.3,193.06
10-05-2026 09:45,10-05-2026 10:00,7.95,26,79.14,1.14,80.61,216.3
10-05-2026 10:00,10-05-2026 10:15,0.7,13,79,0.45,179.32,178.08
10-05-2026 10:15,10-05-2026 10:30,0.7,13,79.03,0.51,88.22,188.44
10-05-2026 10:30,10-05-2026 10:45,0.58,13,78.98,0.63,126.86,185
10-05-2026 10:45,10-05-2026 11:00,0.56,11.4,77.62,0.46,146.76,220.69
10-05-2026 11:00,10-05-2026 11:15,0.7,11,77.09,0.85,96.03,299.25
10-05-2026 11:15,10-05-2026 11:30,0.7,11,77.54,1.66,95.15,306.89
10-05-2026 11:30,10-05-2026 11:45,0.7,11,76.25,0.57,216.64,350.19
10-05-2026 11:45,10-05-2026 12:00,18.75,36.4,75.87,1.05,146.16,368.4
10-05-2026 12:00,10-05-2026 12:15,0.7,10,75.38,1.19,26.5,359.49
10-05-2026 12:15,10-05-2026 12:30,0.7,10,75.13,0.79,93.14,344.91
10-05-2026 12:30,10-05-2026 12:45,0.7,10,74.31,0.93,140.25,336.9
10-05-2026 12:45,10-05-2026 13:00,1.76,8.2,74.39,0.45,26.5,330.62
10-05-2026 13:00,10-05-2026 13:15,6,7,73.84,1.17,56.48,328.25
10-05-2026 13:15,10-05-2026 13:30,6,7,73.95,1.6,149.41,333.7
10-05-2026 13:30,10-05-2026 13:45,6,7,75.13,0.93,144.07,137.11
10-05-2026 13:45,10-05-2026 14:00,2,5.4,75.58,0.92,34.66,291.33
10-05-2026 14:00,10-05-2026 14:15,4,5,74.1,1.28,79.64,219.25
10-05-2026 14:15,10-05-2026 14:30,4,5,75.28,1.04,31.67,198.62
10-05-2026 14:30,10-05-2026 14:45,4,5,74.43,1.46,26.5,176.07
10-05-2026 14:45,10-05-2026 15:00,2.4,6.6,74.41,1.29,34.98,176.98
10-05-2026 15:00,10-05-2026 15:15,1.25,7,74.5,0.63,26.5,194.37
10-05-2026 15:15,10-05-2026 15:30,0.8,7,73.86,0.85,154.09,202.53
10-05-2026 15:30,10-05-2026 15:45,0.17,7,73.24,0.66,65.65,180.56
10-05-2026 15:45,10-05-2026 16:00,3.8,11,73.41,1,87.81,158.29
10-05-2026 16:00,10-05-2026 16:15,5,12,73.6,0.85,50.66,139.07
10-05-2026 16:15,10-05-2026 16:30,5,12,73.93,0.99,61.49,122.01
10-05-2026 16:30,10-05-2026 16:45,4.17,12,73.84,0.4,57.83,101.78
10-05-2026 16:45,10-05-2026 17:00,19.3,33.6,72.93,1.02,47.61,73.69
10-05-2026 17:00,10-05-2026 17:15,0.7,8,73.4,0.6,26.5,30.78
10-05-2026 17:15,10-05-2026 17:30,0.7,8,74.13,0.73,131.26,23.1
10-05-2026 17:30,10-05-2026 17:45,0.7,8,75.62,0.53,74.04,18.11
10-05-2026 17:45,10-05-2026 18:00,0.56,9.6,77.57,0.36,39.89,14.1
10-05-2026 18:00,10-05-2026 18:15,0.7,10,78.67,0.36,47.86,9.15
10-05-2026 18:15,10-05-2026 18:30,0.7,10,79.51,0.27,43.37,6.65
10-05-2026 18:30,10-05-2026 18:45,0.58,10,80.02,0.29,26.5,6.09
10-05-2026 18:45,10-05-2026 19:00,19.03,33.2,80.37,0.28,26.5,5.99
10-05-2026 19:00,10-05-2026 19:15,6,7,80.3,0.34,89.78,6.09
10-05-2026 19:15,10-05-2026 19:30,6,7,80.28,0.27,47.34,6.13
10-05-2026 19:30,10-05-2026 19:45,6,7,80.41,0.27,31.78,6.14
10-05-2026 19:45,10-05-2026 20:00,3.8,10.2,80.39,0.27,53.46,6.11
10-05-2026 20:00,10-05-2026 20:15,1,11,80.72,0.27,26.5,6.19
10-05-2026 20:15,10-05-2026 20:30,1,11,80.46,0.28,26.5,6.25
10-05-2026 20:30,10-05-2026 20:45,0.83,11,80.5,0.27,60.21,6.2
10-05-2026 20:45,10-05-2026 21:00,0.93,12.5,80.45,0.27,90.42,6.12
10-05-2026 21:00,10-05-2026 21:15,0.7,13,80.19,0.28,32.37,6.13
10-05-2026 21:15,10-05-2026 21:30,0.7,13,80.57,0.41,26.5,6.25
10-05-2026 21:30,10-05-2026 21:45,0.58,13,81.11,0.33,26.5,6.2
10-05-2026 21:45,10-05-2026 22:00,20.83,43,80.95,0.32,26.5,5.96
10-05-2026 22:00,10-05-2026 22:15,0.7,15,81.07,0.27,26.5,6.23
10-05-2026 22:15,10-05-2026 22:30,0.7,15,81.6,0.27,26.5,6.32
10-05-2026 22:30,10-05-2026 22:45,0.58,15,82.09,0.27,26.5,6.34
10-05-2026 22:45,10-05-2026 23:00,24.41,49.4,82.43,0.27,26.5,6.27
10-05-2026 23:00,10-05-2026 23:15,3,17,82.61,0.27,26.5,6.46
10-05-2026 23:15,10-05-2026 23:30,3,17,82.88,0.27,26.5,6.35
10-05-2026 23:30,10-05-2026 23:45,2.5,17,83.26,0.27,26.5,6.35
10-05-2026 23:45,11-05-2026 00:00,9.4,19.4,83.53,0.27,26.5,6.31
